date,Open,High,Low,Close,Volume
2016-01-04,23.092469461544965,23.713610331495133,22.95518829613928,23.709108352661133,270597600
2016-01-05,23.79912394460722,23.821628682951236,23.047455038507994,23.11496925354004,223164000
2016-01-06,22.6311135619092,23.038456779406197,22.475829638610904,22.662620544433594,273829600
2016-01-07,22.20801411942277,22.534337108884632,21.70164979418796,21.70615005493164,324377600
2016-01-08,22.178760291115495,22.30478820822411,21.77591909378435,21.8209285736084,283192000
2016-01-11,22.273276358105072,22.293530104496217,21.906442481454086,22.174253463745117,198957600
2016-01-12,22.628859360355968,22.660366336017216,22.244020968919553,22.496078491210938,196616800
2016-01-13,22.577094873452022,22.77288967617828,21.89744225248481,21.917695999145508,249758400
2016-01-14,22.04597785408347,22.613106875133813,21.546364765015802,22.397056579589844,252680400
2016-01-15,21.649888835039064,21.989716064011326,21.460846964830314,21.85918617248535,319335600
2016-01-19,22.147247282759277,22.201258987245012,21.49234871249039,21.753408432006836,212350800
2016-01-20,21.402327010119002,22.09773475387831,21.02424166326954,21.782663345336914,289337600
2016-01-21,21.843429256646218,22.02797083685336,21.36632267791624,21.672391891479492,208646000
2016-01-22,22.196761635137154,22.833655864278438,22.13824965850337,22.82465362548828,263202000
2016-01-25,22.847153601652497,22.849404590131204,22.327286868143908,22.37904930114746,207178000
2016-01-26,22.489331818323304,22.703129441961522,22.070737094209072,22.50283432006836,300308000
2016-01-27,21.61387407243146,21.746653189765915,21.00623602183047,21.024240493774414,533478800
2016-01-28,21.107517443534352,21.271803587071275,20.792445939749225,21.175031661987305,222715200
2016-01-29,21.33256788400009,21.90644645690918,21.233544971670028,21.90644645690918,257666000
2016-02-01,21.71065476647782,21.764666487210278,21.46985043683529,21.70165252685547,163774000
2016-02-02,21.474350652542302,21.613882790889953,21.217792833355904,21.26280403137207,149428800
2016-02-03,21.37982887826044,21.793921581847044,21.172782526467135,21.68364715576172,183857200
2016-02-04,21.690431234443935,22.023051307354372,21.53882942849587,21.857872009277344,185886800
2016-02-05,21.839771695058854,21.930280836238957,21.19942327595188,21.274091720581055,185672400
2016-02-08,21.072715352177223,21.654234450442047,21.052351696351625,21.49810791015625,216085600
2016-02-09,21.335188239128584,21.70853740455084,21.253730176624874,21.49357795715332,177324800
2016-02-10,21.70401287881343,21.801309921553056,21.292197849935643,21.330663681030273,169374400
2016-02-11,21.222052237920717,21.43248527838415,20.950524787406167,21.20168685913086,200298800
2016-02-12,21.312556988350742,21.382700745252002,21.045555999939317,21.267301559448242,161405600
2016-02-16,21.50036492754937,21.91444310662527,21.40759430416859,21.866926193237305,196231600
2016-02-17,21.873711619396975,22.22217067140794,21.756050950844866,22.201807022094727,179452800
2016-02-18,22.36472139871926,22.37603568810699,21.74247346139411,21.780941009521484,156084000
2016-02-19,21.722110031215855,21.894077218998742,21.676856325844767,21.73116111755371,141496800
2016-02-22,21.792259139953092,21.92576053829812,21.70401318440241,21.921234130859375,137123200
2016-02-23,21.81261837567614,21.835245227539495,21.394015574090567,21.42569351196289,127770400
2016-02-24,21.265042117091483,21.808093505328504,21.11570177690352,21.74473762512207,145022800
2016-02-25,21.733428188848517,21.894081115722656,21.552409882510005,21.894081115722656,110330800
2016-02-26,21.993637838519774,22.179180810555707,21.853350302540388,21.928020477294922,115964400
2016-02-29,21.916708322333303,22.2267016158335,21.869191404582505,21.87824249267578,140865200
2016-03-01,22.09546098447838,22.80142851449741,22.043417665277012,22.74712371826172,201628400
2016-03-02,22.74259881452711,22.82858155158241,22.54574155641827,22.796903610229492,132678400
2016-03-03,22.758440111431735,23.014126871720247,22.72902364408416,22.966609954833984,147822800
2016-03-04,23.163459410116825,23.475714069763075,22.937187467275734,23.308273315429688,184220400
2016-03-07,23.167993722692326,23.267553971361494,22.844424640836174,23.05033302307129,143315600
2016-03-08,22.803692009453894,23.02543933025596,22.717709270454677,22.860260009765625,126247600
2016-03-09,22.923617187232708,22.98471159775455,22.688294085500996,22.880626678466797,108806800
2016-03-10,22.946241865583367,23.134046293258795,22.661138693065695,22.891935348510742,134054400
2016-03-11,23.134052007550462,23.14310309596492,22.966611187679444,23.138578414916992,109632800
2016-03-14,23.059382424585884,23.28565444495634,23.029965957093875,23.197406768798828,100304400
2016-03-15,23.523237271421053,23.799289391840023,23.49834721293617,23.66352653503418,160270800
2016-03-16,23.670308798119695,24.054970422113335,23.665782392387264,23.978038787841797,153214000
2016-03-17,23.876219495697473,24.091178920822344,23.749507734406702,23.939577102661133,137682800
2016-03-18,24.061760114816295,24.097964458127866,23.80154873411635,23.966726303100586,176820800
2016-03-21,23.968986959547607,24.358174977207085,23.79023191765434,23.964462280273438,142010800
2016-03-22,23.81513446271534,24.27672967513668,23.80608337310094,24.147754669189453,129777600
2016-03-23,24.09344065187563,24.2269402884613,23.962202492090338,24.014244079589844,102814000
2016-03-24,23.86490635855755,24.041398229347966,23.73366819390685,23.910160064697266,104532000
2016-03-28,23.98483542731281,24.02782766587806,23.772139164497705,23.801555633544922,77645600
2016-03-29,23.73367201849436,24.38986122117192,23.731408814927196,24.364971160888672,124760400
2016-03-30,24.584456660015388,24.984957397693467,24.57314236787048,24.790363311767578,182404400
2016-03-31,24.826567740913212,24.867296775912425,24.636498335477356,24.661388397216797,103553600
2016-04-01,24.613866362261415,24.88991846140795,24.48262819605761,24.88765525817871,103496000
2016-04-04,24.984951550434623,25.385453920701245,24.951010408261794,25.143342971801758,149424800
2016-04-05,24.779052785367664,25.055104963765114,24.758687403094388,24.846933364868164,106314800
2016-04-06,24.94197147686237,25.111675532364153,24.708909790532026,25.107149124145508,105616400
2016-04-07,24.878599503792536,24.984947593476168,24.464523159081065,24.55955696105957,127207600
2016-04-08,24.643281785008824,24.83787409655263,24.475839279478535,24.586713790893555,94326800
2016-04-11,24.65684883317958,25.027934605264402,24.625170905780944,24.668161392211914,117630000
2016-04-12,24.740580383866106,25.003056740270104,24.58671707657627,24.98948097229004,108929200
2016-04-13,25.070936136412072,25.419393467312176,25.070936136412072,25.351512908935547,133029200
2016-04-14,25.256485526945426,25.430714236790166,25.190866428705064,25.365095138549805,101895600
2016-04-15,25.367351251528262,25.41034347919359,24.82882457258405,24.855976104736328,187756000
2016-04-18,24.63876198929872,24.652337759106935,24.197532207345343,24.319719314575195,243286000
2016-04-19,24.410222977367255,24.437376239107543,24.036875554768923,24.19074058532715,129539600
2016-04-20,24.12964767271117,24.45774140571795,23.998409488981064,24.240520477294922,122444000
2016-04-21,24.19525965241305,24.19525965241305,23.87621537467785,23.978038787841797,126210000
2016-04-22,23.760818477297438,24.09343852734962,23.672572552955188,23.91242027282715,134732400
2016-04-25,23.758564463518095,23.905641636413133,23.647691646057574,23.77666664123535,112126400
2016-04-26,23.511920316512022,23.826438204469056,23.511920316512022,23.611478805541992,224064800
2016-04-27,21.722109559572104,22.335306403522676,21.64970259675959,22.13392448425293,458408400
2016-04-28,22.086406541695986,22.147499212389253,21.326132604634854,21.45737075805664,328970800
2016-04-29,21.267301404674168,21.43248069790953,20.932419864823252,21.21073341369629,274126000
2016-05-02,21.26278052732264,21.287670585909353,20.907533549506745,21.1881103515625,192640400
2016-05-03,21.31481849450626,21.663277529105528,21.197157831833383,21.53656578063965,227325200
2016-05-04,21.541090665212643,21.699482078619248,21.228835970816146,21.312557220458984,164102000
2016-05-05,21.399065538251588,21.41500094311543,21.09856809165568,21.226051330566406,143562000
2016-05-06,21.25565009103631,21.273860744455853,20.90962162362799,21.107677459716797,174799600
2016-05-09,21.17141575710455,21.34670520938341,21.078078574390002,21.12360954284668,131745600
2016-05-10,21.24653545827619,21.301170870495728,20.968802696181843,21.26702308654785,134747200
2016-05-11,21.280690206289115,21.301177841265318,21.048486588918124,21.05986976623535,114876400
2016-05-12,21.107669778993984,21.121328198295856,20.367808628448472,20.56586265563965,305258800
2016-05-13,20.488468800183266,20.86864330441437,20.488468800183266,20.60684585571289,177571200
2016-05-16,21.032548609984925,21.487847857715877,20.864088374636538,21.371746063232422,245039200
2016-05-17,21.52426872289968,21.558414770816327,21.173688157384767,21.282958984375,187667600
2016-05-18,21.43549182266564,21.67452291245479,21.37402544469915,21.52655029296875,168249600
2016-05-19,21.544765566551572,21.544765566551572,21.301180478534434,21.444599151611328,121768400
2016-05-20,21.544764457138047,21.724607903415812,21.517445871698555,21.676801681518555,128104000
2016-05-23,21.82477579666277,22.12527330960593,21.779244817835473,21.952259063720703,152074400
2016-05-24,22.13209963980563,22.33015372721535,22.045591659714926,22.286901473999023,140560800
2016-05-25,22.462189064821,22.705774104756745,22.33470582502775,22.678457260131836,152675200
2016-05-26,22.692116161484822,22.93114897797213,22.455360327707282,22.858301162719727,225324800
2016-05-27,22.637480465236077,22.871959313517372,22.59422647840904,22.844640731811523,145364800
2016-05-31,22.673907673583287,22.856028111455124,22.496341201914312,22.733097076416016,169228800
2016-06-01,22.54186425664834,22.660243029826294,22.38478720234156,22.41438102722168,116693200
2016-06-02,22.218603507805028,22.273238932612223,21.997783089138686,22.245922088623047,160766400
2016-06-03,22.261858579794595,22.371129434742336,22.184456798780094,22.291452407836914,114019600
2016-06-06,22.307387409815206,23.195221340147576,22.20722275072929,22.453083038330078,93170000
2016-06-07,22.594223052512856,22.735366431348574,22.5282044593556,22.544139862060547,89638000
2016-06-08,22.541859861473696,22.664790838807125,22.46445984064991,22.523649215698242,83392400
2016-06-09,22.423488151087273,22.76268560736526,22.414381957631843,22.685285568237305,106405600
2016-06-10,22.43031397067114,22.616986566211928,22.41893253319425,22.49860954284668,126851600
2016-06-13,22.466744617100094,22.564634036521227,22.10478076879256,22.15941619873047,152082000
2016-06-14,22.15486053124813,22.418934919147425,22.02510031976761,22.186731338500977,127727600
2016-06-15,22.268687704111798,22.403001894795192,22.0888442801829,22.1138858795166,117780800
2016-06-16,21.956806003712416,22.252751215893166,21.8702997700241,22.20722198486328,125307200
2016-06-17,21.99550960862422,22.0023388201696,21.695012142824737,21.701841354370117,244032800
2016-06-20,21.854365846882462,21.98412607462517,21.633545414078622,21.64948081970215,137647600
2016-06-21,21.613055249179165,21.934040306821196,21.55386586229536,21.83387565612793,142185600
2016-06-22,21.91127473065563,22.056970340567723,21.706389736457794,21.751920700073242,116876400
2016-06-23,21.840707468421712,21.920384496701352,21.683628657792593,21.87713050842285,128960800
2016-06-24,21.150931928769744,21.549318856080156,21.091742527542884,21.262479782104492,301245600
2016-06-27,21.171420532073174,21.182803710961903,20.829946007362317,20.952877044677734,181958400
2016-06-28,21.148649948964444,21.32166414568785,20.975635752241036,21.305727005004883,161779600
2016-06-29,21.392238143336794,21.52427535874932,21.314836358263275,21.490127563476562,146124000
2016-06-30,21.499231095422036,21.802003776043296,21.467360286935588,21.763303756713867,143345600
2016-07-01,21.738260716462143,21.961358097890752,21.7018376821071,21.829320907592773,104106000
2016-07-05,21.715499444645676,21.71777642740223,21.503785205838827,21.624439239501953,110820800
2016-07-06,21.535657420975962,21.776967240861612,21.483298971964736,21.747371673583984,123796400
2016-07-07,21.786070612908745,21.968191025990517,21.767859961063753,21.840707778930664,100558400
2016-07-08,21.96591653841968,22.05697675530456,21.86575186299257,22.009170532226562,115648400
2016-07-11,22.025102967911465,22.229987994048525,22.020550739254617,22.077463150024414,95179600
2016-07-12,22.120715153344364,22.241369184931997,22.109333713415275,22.177627563476562,96670000
2016-07-13,22.1753545035962,22.234542165451483,22.04559252834731,22.05242347717285,103568800
2016-07-14,22.17080347940538,22.535042641120146,22.154868070356276,22.489513397216797,155676000
2016-07-15,22.51909729023379,22.605605247019266,22.423484878150582,22.487226486206055,120548000
2016-07-18,22.469015966282367,22.79455498028692,22.446251352492066,22.726261138916016,145975600
2016-07-19,22.664796163674534,22.764962554700436,22.614712968161584,22.735368728637695,95119600
2016-07-20,22.764961753423556,22.869680369069854,22.705772366552605,22.755855560302734,105104000
2016-07-21,22.726266435747576,22.992616126512747,22.566910628416856,22.63520622253418,130808000
2016-07-22,22.596496927113698,22.60560311838251,22.38022879234326,22.45990753173828,113254800
2016-07-25,22.366578214856425,22.50089067529316,22.063803762131876,22.15941619873047,161531600
2016-07-26,22.04103140424622,22.302828758374726,21.949971228441292,22.00688362121582,224959200
2016-07-27,23.737032402800967,23.755244794832866,23.391005638341344,23.436534881591797,369379200
2016-07-28,23.40921617314791,23.77800752997383,23.40693919011725,23.752965927124023,159479200
2016-07-29,23.718821183600856,23.80077520896637,23.602719358194836,23.723373413085938,110934800
2016-08-01,23.768900956669082,24.165010864131546,23.768900956669082,24.14224624633789,152671600
2016-08-02,24.142241818714755,24.14679404670702,23.675559423802557,23.784832000732422,135266400
2016-08-03,23.859956196315437,24.09443502780804,23.85085000306549,24.083053588867188,120810400
2016-08-04,24.16545435364713,24.261584742018446,24.09678879267462,24.231830596923828,109634800
2016-08-05,24.323386215467078,24.63924575065291,24.302787591644368,24.6003360748291,162213600
2016-08-08,24.60948336646476,24.804035186767578,24.5270871466591,24.804035186767578,112148800
2016-08-09,24.771988669853517,24.93449526442655,24.721634169460142,24.904739379882812,105260800
2016-08-10,24.88185552870278,24.925343830947153,24.6644175099562,24.719348907470703,96034000
2016-08-11,24.83837106387141,24.932213889268045,24.68501994290599,24.703330993652344,109938000
2016-08-12,24.668994145530196,24.82005766994111,24.668994145530196,24.760547637939453,74641600
2016-08-15,24.75139387983984,25.07183025301336,24.73766146618195,25.05809783935547,103472800
2016-08-16,25.092430377750215,25.22976150751289,24.996299983906624,25.03520965576172,135177600
2016-08-17,24.971123892877344,25.03292325340463,24.797172400960832,24.99859046936035,101424000
2016-08-18,25.000875976442813,25.085561518440528,24.952809038364844,24.966543197631836,87938800
2016-08-19,24.895590211138185,25.106163788909825,24.801749137922414,25.03063201904297,101472400
2016-08-22,24.916189205879,24.971120605375244,24.68501701973566,24.83608055114746,103280800
2016-08-23,24.854390339443075,25.021475605068048,24.840657925859944,24.91390037536621,85030800
2016-08-24,24.84981423476044,24.891013223048102,24.64610861107084,24.72621726989746,94700400
2016-08-25,24.579732636625383,24.691884760216265,24.417225999435953,24.62093162536621,100344800
2016-08-26,24.584313218873458,24.70790844864497,24.332540630944195,24.47673797607422,111065200
2016-08-29,24.403490561337307,24.591174432069376,24.32795880029892,24.44926643371582,99881200
2016-08-30,24.215805550674766,24.37602284269513,24.147139999101746,24.261581420898438,99455600
2016-08-31,24.183766138599943,24.392048653075395,24.179187503068988,24.284473419189453,118649600
2016-09-01,24.293627177292564,24.444690706547647,24.174608855710293,24.428668975830078,106806000
2016-09-02,24.650682859257305,24.71934841445918,24.44926657489614,24.657550811767578,107210000
2016-09-06,24.696461978350715,24.788015475435525,24.607197798908395,24.650684356689453,107521600
2016-09-07,24.68044442841715,24.893305603048898,24.506492929110838,24.8017520904541,169457200
2016-09-08,24.54768237069705,24.552259258738772,24.087627414943128,24.151714324951172,212008000
2016-09-09,23.95030225080275,24.197496157875143,23.60468864440918,23.60468864440918,186228000
2016-09-12,23.494831676970623,24.19750215925076,23.46736509840454,24.13341522216797,181171200
2016-09-13,24.60719754154775,24.900167332164877,24.54539818951082,24.707904815673828,248704800
2016-09-14,24.886434865548,25.87063014465147,24.85667897528379,25.582237243652344,443554800
2016-09-15,26.060606312491185,26.488617950649573,25.975919013514144,26.451995849609375,359934400
2016-09-16,26.348994552349193,26.580164975590975,26.101800653078442,26.3032169342041,319547600
2016-09-19,26.365020681676523,26.591614254034297,25.9209873158799,25.996519088745117,188092000
2016-09-20,25.875206237689383,26.12011081115645,25.75160929226149,25.994224548339844,138057200
2016-09-21,26.058310715168247,26.090354172737744,25.735586822150456,25.989646911621094,144012800
2016-09-22,26.172754940092023,26.307796736816936,26.09264628757944,26.234554290771484,124296000
2016-09-23,26.188775638778342,26.273462923090836,25.531882967818554,25.797386169433594,209924800
2016-09-26,25.552485602666827,25.953030658642643,25.53188698083939,25.836299896240234,119477600
2016-09-27,25.86376074247659,25.90495972324331,25.712697230919463,25.88435935974121,98429600
2016-09-28,26.021691363229483,26.239129368791218,25.96218133422534,26.081199645996094,118564400
2016-09-29,25.90038283907989,26.046867715999547,25.58910203906625,25.676076889038086,143548000
2016-09-30,25.740169900974752,25.94845417150556,25.589108099851238,25.875211715698242,145516400
2016-10-03,25.797388833340097,25.875209919491997,25.698969126471315,25.7539005279541,86807200
2016-10-04,25.87750003906482,26.16360366322302,25.779080322504882,25.863767623901367,118947200
2016-10-05,25.955320378887826,26.01483041993061,25.792813734635274,25.875211715698242,85812400
2016-10-06,26.023982245396795,26.170467146015195,25.8935190762136,26.06747055053711,115117200
2016-10-07,26.163603093580928,26.220823817166742,25.98049782584907,26.106382369995117,97433600
2016-10-10,26.326104514930513,26.722072611914108,26.25744070799575,26.56185531616211,144944000
2016-10-11,26.939516154528587,27.166111478807935,26.596191810607298,26.619081497192383,256164000
2016-10-12,26.85940029446563,27.003597597873863,26.722070942935716,26.85711097717285,150347200
2016-10-13,26.73122712513595,26.880001320561476,26.48632255589239,26.774715423583984,140769600
2016-10-14,26.980715062800435,27.047091311969947,26.809052891366903,26.923494338989258,142608800
2016-10-17,26.854827374308645,26.971556379926877,26.72894109816619,26.905181884765625,94499600
2016-10-18,27.04938180572738,27.056248013485135,26.88229651659073,26.88687515258789,98214000
2016-10-19,26.836518749601414,26.95324951200044,26.046873480624278,26.806764602661133,80138400
2016-10-20,26.747253906948913,26.866272238030678,26.625946258085435,26.79302978515625,96503200
2016-10-21,26.735807426320722,26.758697110259885,26.6144997848891,26.687742233276367,92770800
2016-10-24,26.80218379106691,26.94866868851393,26.779295853260383,26.928070068359375,94154800
2016-10-25,26.996735513463065,27.090578334250715,26.850250607162486,27.065401077270508,192516000
2016-10-26,26.16360365468382,26.481750744944865,25.93472075543196,26.456573486328125,264536800
2016-10-27,26.410791407794477,26.51836662459886,26.115532327492296,26.2025089263916,138248000
2016-10-28,26.06288959895097,26.3695917661158,25.966757479086073,26.02855682373047,151446800
2016-10-31,26.012539163976705,26.145291650936002,25.909540822203006,25.987361907958984,105677600
2016-11-01,25.96904791551526,26.040001040121055,25.29842109609378,25.51814842224121,175303200
2016-11-02,25.49755005141465,25.714988062228944,25.458640385687897,25.54103660583496,113326800
2016-11-03,25.531838097943226,25.642264957129893,25.20285508147735,25.267271041870117,107730400
2016-11-04,24.96819331187081,25.36389333452078,24.87156937755949,25.03951072692871,123348000
2016-11-07,25.32478577413851,25.423710787131366,25.182149178250135,25.400705337524414,130240000
2016-11-08,25.377696072141084,25.70207867743133,25.237360559169108,25.55023956298828,97016800
2016-11-09,25.27877301861398,25.61005710827959,24.8577682024011,25.508831024169922,236705600
2016-11-10,25.557141052136153,25.557141052136153,24.34703729863719,24.797950744628906,228538000
2016-11-11,24.6438131098981,25.04641460202416,24.512680122670883,24.945188522338867,136575600
2016-11-14,24.779545367845188,24.80255081531767,23.94443551369246,24.319429397583008,204702000
2016-11-15,24.517278491798816,24.772642986196743,24.422955634114782,24.641510009765625,129058000
2016-11-16,24.547188021355673,25.359294239810122,24.524182572280637,25.304079055786133,235362000
2016-11-17,25.262664309590146,25.3868958200094,25.037208489172322,25.294872283935547,110528000
2016-11-18,25.24196582461165,25.43061332773471,25.22816290530128,25.3201847076416,113715600
2016-11-21,25.333988410366057,25.764195760935156,25.308681889132192,25.704381942749023,117058400
2016-11-22,25.754989164063183,25.86311669131896,25.62845833307263,25.720481872558594,103862000
2016-11-23,25.619258561644013,25.653767612066698,25.38229910671984,25.589351654052734,109705600
2016-11-25,25.566342501900497,25.73658666962397,25.524931995589796,25.718181610107422,45903600
2016-11-28,25.635364040606053,25.874624580847378,25.626161509611773,25.667572021484375,108776000
2016-11-29,25.48582390871544,25.773396396862534,25.322482946072274,25.642263412475586,114115200
2016-11-30,25.67447127436906,25.812505717013426,25.368493727118555,25.426008224487305,144649200
2016-12-01,25.391500921084965,25.522633904830364,25.083222302593835,25.189048767089844,148347600
2016-12-02,25.11543167252432,25.327084613245596,25.041813182047214,25.283374786376953,106112000
2016-12-05,25.306382665702465,25.313284125596923,24.903781123293562,25.10163116455078,137298000
2016-12-06,25.191346902854317,25.38919689109206,25.12002949611849,25.294872283935547,104782000
2016-12-07,25.136140652705663,25.580152717341864,25.11313520092625,25.54334259033203,119994800
2016-12-08,25.504228164722253,25.86541912823378,25.44441259761754,25.79410171508789,108273200
2016-12-09,25.837812005163336,26.387650454674247,25.837812005163336,26.215106964111328,137610400
2016-12-12,26.063273574314607,26.456672582084675,25.879226454270913,26.065574645996094,105497600
2016-12-13,26.189801766875863,26.668322826103353,26.169097389460877,26.500381469726562,174935200
2016-12-14,26.46587241883168,26.732738784998737,26.452069500555023,26.500381469726562,136127200
2016-12-15,26.544100498050355,26.854680308569794,26.50959319039606,26.645326614379883,186098000
2016-12-16,26.794861484009864,26.80176294470811,26.606213952375427,26.679832458496094,177404400
2016-12-19,26.640711740854886,27.00420197375097,26.629208141088593,26.833959579467773,111117600
2016-12-20,26.856976715603903,27.031821327990908,26.843173794037757,26.905288696289062,85700000
2016-12-21,26.870775857967068,27.008810310809384,26.866173714923793,26.93058967590332,95132800
2016-12-22,26.767249498113298,26.804059622741242,26.60390851928433,26.753446578979492,104343600
2016-12-23,26.592398643238692,26.806352615356445,26.592398643238692,26.806352615356445,56998000
2016-12-27,26.80635457374884,27.10083025720737,26.79945311530583,26.976598739624023,73187600
2016-12-28,27.036411240360742,27.151440222715447,26.73273479715244,26.861568450927734,83623600
2016-12-29,26.790251860249484,26.942090974031995,26.778750014031598,26.85466957092285,60158000
2016-12-30,26.83627524101827,26.962806131226333,26.55560410407102,26.645326614379883,122345200
2017-01-03,26.640715331660193,26.76264578272473,26.401454816935974,26.721235275268555,115127600
2017-01-04,26.652224324113234,26.804063477233335,26.629218870514205,26.691333770751953,84472400
2017-01-05,26.668323926614956,26.884579016290644,26.64301740526128,26.827064514160156,88774400
2017-01-06,26.866164476490585,27.183645539579736,26.794847080673257,27.126131057739258,127007600
2017-01-09,27.135338939026216,27.475825533009875,27.133039622896174,27.37459945678711,134247600
2017-01-10,27.323991499898003,27.464327038866397,27.215865699974678,27.402212142944336,97848400
2017-01-11,27.317088920650892,27.59085852729163,27.284880938128854,27.549448013305664,110354400
2017-01-12,27.3538977720558,27.445921327204168,27.195157183304946,27.434417724609375,108344800
2017-01-13,27.40221048203356,27.51954056188967,27.33319237501152,27.386106491088867,104447600
2017-01-17,27.22506128906631,27.66217181460391,27.19745545400704,27.606958389282227,137759200
2017-01-18,27.606959198221134,27.72198819488039,27.540242169534384,27.604658126831055,94852000
2017-01-19,27.46893118928558,27.62767004832995,27.462029728701513,27.556352615356445,102389200
2017-01-20,27.710483781160775,27.710483781160775,27.544843505195725,27.606958389282227,130391600
2017-01-23,27.606961148922757,27.79330757501292,27.554047034431193,27.6253662109375,88200800
2017-01-24,27.503433666464463,27.629964509038164,27.491930064774497,27.60005760192871,92844000
2017-01-25,27.7035842916051,28.090081806735956,27.671376311611134,28.03946876525879,129510400
2017-01-26,27.991157509373394,28.168303159062784,27.97505351896557,28.053274154663086,105350400
2017-01-27,28.099286001925275,28.14759797477796,27.975054462359783,28.055574417114258,82251600
2017-01-30,27.82091656920229,27.981956481933594,27.758801675778333,27.981956481933594,121510000
2017-01-31,27.871524887513246,27.926738311770396,27.749594437810618,27.91753578186035,196804000
2017-02-01,29.224266479391765,30.020268677283774,29.21966609183543,29.619966506958008,447940000
2017-02-02,29.442824161746977,29.767205035094836,29.396811507766348,29.569355010986328,134841600
2017-02-03,29.51873717976359,29.72118931402373,29.48422988888106,29.69588279724121,98029200
2017-02-06,29.70739378273852,30.022572152503574,29.654477909689444,29.974258422851562,107383600
2017-02-07,30.03177042509611,30.388361034891503,30.01106604714577,30.25952911376953,152735200
2017-02-08,30.218118783795905,30.41826811436979,30.18821012137677,30.376855850219727,92016400
2017-02-09,30.4184436905168,30.603288725916276,30.29598460376013,30.596357345581055,113399600
2017-02-10,30.605602002606165,30.71650761528476,30.51086843574748,30.527040481567383,80262000
2017-02-13,30.748856966868217,30.919839253845378,30.672608252092974,30.79737663269043,92141600
2017-02-14,30.83896689762997,31.213275546287704,30.78813442366091,31.19710350036621,132904800
2017-02-15,31.31263652618138,31.485928118966612,31.104684499463215,31.31032371520996,142492400
2017-02-16,31.347295215836816,31.400436986802053,31.155518752514713,31.273359298706055,90338400
2017-02-17,31.215589613122148,31.38425908773884,31.215589613122148,31.358842849731445,88792800
2017-02-21,31.476690723802363,31.59684057458886,31.41892684706637,31.58528709411621,98028800
2017-02-22,31.522892215602024,31.682321034458894,31.448956307591242,31.680011749267578,83347600
2017-02-23,31.742403822545377,31.76550725578936,31.492863474372662,31.546005249023438,83152800
2017-02-24,31.40273918712252,31.57603073120117,31.257173161896297,31.576030731201172,87106400
2017-02-27,31.68693756844485,31.756254893905698,31.48822978245742,31.63841438293457,81029600
2017-02-28,31.67308258194368,31.75626268778631,31.5852803797691,31.65228843688965,93931600
2017-03-01,31.86022863767035,32.382412567080664,31.793224123633966,32.299232482910156,145658400
2017-03-02,32.347752244099325,32.41244746653751,32.0612423121408,32.10745620727539,104844000
2017-03-03,32.06587675828622,32.308485698692934,32.021975656373144,32.296932220458984,84432400
2017-03-06,32.20219428981536,32.29461857758971,32.02428414639865,32.19526290893555,87000000
2017-03-07,32.130571306357986,32.343141903855376,32.06818534575366,32.23685836791992,69785200
2017-03-08,32.10515337077174,32.301551909230334,32.075118560354035,32.11670684814453,74828800
2017-03-09,32.0566404915996,32.068190445792496,31.66615614282426,32.04277420043945,88623600
2017-03-10,32.174471721726356,32.19988796249569,32.0335277548467,32.14905548095703,78451200
2017-03-13,32.08205460341001,32.21606367840276,32.07512322110441,32.16292190551758,69686800
2017-03-14,32.18602176003566,32.26688904429549,32.07973471209646,32.11439514160156,61236400
2017-03-15,32.21144302950852,32.521056504609845,32.12364082513216,32.45405197143555,102767200
2017-03-16,32.51410682351409,32.5834241287132,32.407819818792184,32.50717544555664,76928000
2017-03-17,32.57881991544937,32.57881991544937,32.3223482133878,32.345455169677734,175540000
2017-03-20,32.44017885400737,32.69434122074406,32.40089985653458,32.68510055541992,86168000
2017-03-21,32.8352917141338,32.99472054637454,32.28537858857916,32.310794830322266,158119600
2017-03-22,32.31310613499406,32.71745317302266,32.292308464990825,32.67586135864258,103440800
2017-03-23,32.63889508188591,32.712834526079405,32.488710433604666,32.56033706665039,81385200
2017-03-24,32.69433996189426,32.74979452858138,32.42862765513974,32.49563217163086,89582400
2017-03-27,32.2068088304343,32.629640593044236,32.02889520312705,32.551082611083984,94300400
2017-03-28,32.55803025555578,33.28123154879322,32.49102218845944,33.22578048706055,133499200
2017-03-29,33.19804055798778,33.38519840692117,33.084825660277524,33.299705505371094,116760000
2017-03-30,33.315882636755454,33.387509255140365,33.15645382776915,33.25580596923828,84829200
2017-03-31,33.2072908029711,33.33437201036823,33.04323987603545,33.19342803955078,78646800
2017-04-03,33.20496860232447,33.29969862405966,33.05247121276276,33.20265579223633,79942800
2017-04-04,33.09871137569726,33.477642380613794,33.08022650647837,33.44991683959961,79565600
2017-04-05,33.322814079164985,33.609324078860624,33.22808050761731,33.27660369873047,110871600
2017-04-06,33.33899058109066,33.39213587503724,33.14490484195315,33.19342803955078,84596000
2017-04-07,33.20959159787709,33.31356582257368,33.10330808840969,33.11948013305664,66688800
2017-04-10,33.179555847635505,33.2442510756305,33.0178142520225,33.0802001953125,75733600
2017-04-11,33.02706253139465,33.12179610041175,32.36162178890998,32.72438049316406,121517600
2017-04-12,32.71744624106655,32.84452389130721,32.581120874796,32.76365661621094,81400000
2017-04-13,32.78907799558137,32.89767433330219,32.590370178222656,32.590370178222656,71291600
2017-04-17,32.689717120605906,32.782141396308624,32.548773185081686,32.77058792114258,66328400
2017-04-18,32.67356135659814,32.81912393421984,32.60424399668776,32.625038146972656,58790000
2017-04-19,32.78214066369432,32.80986618297272,32.45172961458277,32.5048713684082,69313600
2017-04-20,32.629653035873716,33.02244662108617,32.6157902720797,32.91154098510742,93278400
2017-04-21,32.91152859444215,32.9669796287418,32.77520676762184,32.872249603271484,69283600
2017-04-24,33.15644557162086,33.26041978292252,33.082506160972926,33.18879318237305,68537200
2017-04-25,33.25119026285557,33.47993289925257,33.241946070614006,33.39444351196289,75486000
2017-04-26,33.38057959462292,33.41061792992952,33.12873001195959,33.19804382324219,80164800
2017-04-27,33.25349566926757,33.30895023936952,33.11255172184781,33.22345733642578,56985200
2017-04-28,33.29277364954495,33.34129683760354,33.103310044002505,33.19110870361328,83441600
2017-05-01,33.526149553957254,34.01136391757358,33.49380192971616,33.86811065673828,134411600
2017-05-02,34.08992393605431,34.217005155060875,33.928185805330884,34.08299255371094,181408800
2017-05-03,33.63935221272565,34.078359553815964,33.33436094186979,33.97900390625,182788000
2017-05-04,33.85425046780604,33.99750373953712,33.69019952306005,33.85655975341797,93487600
2017-05-05,33.90968230042189,34.422625465577745,33.90968230042189,34.418006896972656,109310800
2017-05-08,34.43419436903658,35.51322292684159,34.43419436903658,35.35379409790039,195009600
2017-05-09,35.55250547264491,35.78587376314534,35.45546259441152,35.58023452758789,156521600
2017-05-10,35.49705297990931,35.56867961150019,35.145847678377294,35.41156005859375,103222800
2017-05-11,35.36979404638002,35.74565127496851,35.33731290713693,35.71780776977539,109020400
2017-05-12,35.891814100515845,36.29087011398681,35.88485410936519,36.21662902832031,130108000
2017-05-15,36.19573205638681,36.34421771268847,35.973005342022965,36.123809814453125,104038800
2017-05-16,36.179509678419514,36.20734964530216,35.896458214516294,36.070465087890625,80194000
2017-05-17,35.63661487281056,35.86166408215146,34.73409921788966,34.85938262939453,203070800
2017-05-18,35.09602929903596,35.57628645594224,35.063548155767805,35.39067840576172,134272800
2017-05-19,35.58557047581027,35.72477386484505,35.41156358438235,35.51132583618164,107843200
2017-05-22,35.72940393022555,35.86396964257635,35.476514842959574,35.72708511352539,91865600
2017-05-23,35.938206531456125,35.938206531456125,35.569312928958254,35.68299865722656,79675600
2017-05-24,35.69228707716587,35.76885052211112,35.42083679427562,35.5762825012207,76712000
2017-05-25,35.666760503466904,35.81060856307925,35.504354829883454,35.699241638183594,76942400
2017-05-26,35.72940706676329,35.78509053405886,35.569320195944684,35.63892364501953,87710400
2017-05-30,35.59482976591507,35.82915764340433,35.57394980003706,35.65283203125,80507600
2017-05-31,35.7224401700159,35.76884128036938,35.353546563465706,35.441707611083984,97804800
2017-06-01,35.53684667942517,35.57396899891659,35.316438660236145,35.53916549682617,65616400
2017-06-02,35.631962843537316,36.065818786621094,35.471875976360536,36.065818786621094,111082800
2017-06-05,35.80829370526987,35.83381485504756,35.60412804722725,35.71316909790039,101326800
2017-06-06,35.706195569021396,36.14933375616581,35.67835561261109,35.83380126953125,106499600
2017-06-07,35.96606301262677,36.18878983634843,35.84077607662668,36.047264099121094,84278400
2017-06-08,36.01941609832216,36.086697185851556,35.82220692905555,35.9590950012207,85003200
2017-06-09,36.00550242241281,36.00550242241281,33.87797883138676,34.56472396850586,259530800
2017-06-12,33.813006510950586,33.894207569448334,33.06361459113021,33.73876190185547,289229200
2017-06-13,34.14247414441947,34.209755253603035,33.676133394588724,34.01022720336914,136661600
2017-06-14,34.221352139331366,34.221352139331366,33.37219773829891,33.67845153808594,126124800
2017-06-15,33.25155501532048,33.52068295447054,32.994024702203426,33.476600646972656,128661600
2017-06-16,33.358274735777414,33.525321604147315,32.99169986019783,33.00794219970703,201444400
2017-06-19,33.330430553899184,34.04501905813801,33.330430553899184,33.952213287353516,130165600
2017-06-20,34.075183409476445,34.075183409476445,33.627407440302356,33.643646240234375,99600400
2017-06-21,33.76197670689753,33.88958246333637,33.55084750444229,33.843177795410156,85063200
2017-06-22,33.81997198142515,34.03573877374179,33.66916392232728,33.78749084472656,76425200
2017-06-23,33.67148438772323,34.142462613482856,33.66684321411892,33.93829345703125,141757600
2017-06-26,34.14477984187781,34.40231009217581,33.729485098153745,33.83156967163086,102769600
2017-06-27,33.643639619696934,33.91045221913847,33.32114709981254,33.3466682434082,99047600
2017-06-28,33.52300142879953,33.89885509731291,33.21442885223566,33.833892822265625,88329600
2017-06-29,33.57405191917247,33.6714953555342,33.010267738576154,33.335079193115234,125997600
2017-06-30,33.51372174056437,33.63204867536002,33.35827603149477,33.41395950317383,92096400
2017-07-03,33.61348197207128,33.710925376297865,33.20050602741556,33.29330825805664,57111200
2017-07-05,33.33740022657141,33.5926082049495,33.112351034801584,33.43020248413086,86278400
2017-07-06,33.18195062313297,33.29331402723533,33.04042489576544,33.11466598510742,96515200
2017-07-07,33.15410508801684,33.58332341824197,33.15410508801684,33.45107650756836,76806800
2017-07-10,33.43482738099695,33.861723222218814,33.26313939390278,33.655235290527344,84362400
2017-07-11,33.578670454767284,33.83852301077535,33.49746940740884,33.764278411865234,79127200
2017-07-12,33.843169948377934,33.91509221073657,33.59956319914471,33.813011169433594,99538000
2017-07-13,33.75732725439386,34.451035803707775,33.74340727350098,34.28398895263672,100797600
2017-07-14,34.33039583744347,34.645928438020356,34.18191011600604,34.578643798828125,80528400
2017-07-17,34.527606707527475,35.01018267036603,34.46960441447506,34.69929122924805,95174000
2017-07-18,34.61577703013527,34.831547458806995,34.49281241923954,34.8199462890625,71475200
2017-07-19,34.912730369299176,35.13081950217448,34.78976582249554,35.03801727294922,83692000
2017-07-20,35.149384286938314,35.205067754332376,34.845452883625036,34.880252838134766,68974800
2017-07-21,34.799051397356024,34.90345479996306,34.541521116163516,34.864013671875,105010400
2017-07-24,34.93593005219546,35.36746711176589,34.77816202624112,35.28626251220703,85972800
2017-07-25,35.218979832746115,35.69227680875969,35.218979832746115,35.437068939208984,75415600
2017-07-26,35.57860101630619,35.71316319451389,35.51131638702401,35.604122161865234,63124000
2017-07-27,35.67141095788023,35.72709443481554,34.174952474512295,34.93130111694336,129905200
2017-07-28,34.775847185583764,34.85472943749042,34.61344150807646,34.68536376953125,68854800
2017-07-31,34.77816025579489,34.87792600275066,34.36750672627583,34.506710052490234,79383600
2017-08-01,34.59256883261376,34.85241797143003,34.432481938100516,34.8129768371582,141474400
2017-08-02,36.954415679689205,37.063460259127524,36.23054829293145,36.457916259765625,279747200
2017-08-03,36.437042487073036,36.474164805577196,35.96606413411134,36.09366989135742,108389200
2017-08-04,36.20966776094429,36.5182367982239,36.12150315590527,36.28390884399414,82239600
2017-08-07,36.43933638484237,36.87087330684778,36.34885300797882,36.84535217285156,87481200
2017-08-08,36.79664597427028,37.546034402459156,36.72008254374774,37.140018463134766,144823600
2017-08-09,36.949772539516886,37.41611315363051,36.91497258630468,37.36738967895508,104526000
2017-08-10,37.24394126576149,37.26723470908686,36.016454281468874,36.17716979980469,163217200
2017-08-11,36.47530758815783,36.93416070229305,36.351860156850435,36.680274963378906,105028400
2017-08-14,37.108863774529745,37.31616269865462,36.97609749802643,37.2323112487793,88490800
2017-08-15,37.42096985308881,37.77966548996639,37.299850322653825,37.639915466308594,117862000
2017-08-16,37.71910627608485,37.851868971949614,37.302177033630144,37.4885139465332,110686400
2017-08-17,37.38835604433153,37.43261145636436,36.76412798432432,36.7687873840332,111762400
2017-08-18,36.768791772499455,37.150780850365045,36.50326282269144,36.684940338134766,109712400
2017-08-21,36.6849464447683,36.77578521761113,36.128267082150636,36.617401123046875,105474000
2017-08-22,36.85496870453865,37.26723852587376,36.806057444258705,37.21599578857422,86418400
2017-08-23,37.05061476464174,37.376701595239346,37.0063593617578,37.262569427490234,77596400
2017-08-24,37.36739088206577,37.43959913896575,36.92950326539622,37.097206115722656,79275600
2017-08-25,37.18571195968431,37.39767021433604,37.097204692244226,37.23462677001953,101920400
2017-08-28,37.29985002932449,37.73308185201082,37.25093521127621,37.60963439941406,103864000
2017-08-29,37.290540021937794,37.99395674203041,37.26724657119816,37.945045471191406,118067600
2017-08-30,38.15232924771166,38.17329121260983,37.87515364267968,38.047515869140625,109078400
2017-08-31,38.11507738365014,38.32004838298705,38.07780928302857,38.19892883300781,107140400
2017-09-01,38.385257660727085,38.41786635335139,38.11274139649231,38.210567474365234,66364400
2017-09-05,38.14068917207796,38.257149291687355,37.39767304031707,37.751712799072266,117874000
2017-09-06,37.8984684751444,37.963685883247166,37.38837238356179,37.71213150024414,86606800
2017-09-07,37.75403510325225,37.78897526638358,37.35108414451552,37.56071090698242,87714000
2017-09-08,37.46755033610366,37.53509564260675,36.92484574480057,36.94813919067383,114446000
2017-09-11,37.38369507686272,37.74472212642734,37.24161360138557,37.616615295410156,126323200
2017-09-12,37.875162629389486,38.189606393791436,36.980749707380006,37.467552185058594,286856000
2017-09-13,37.23696891843019,37.25793444748649,36.78044709993865,37.185726165771484,179629600
2017-09-14,37.03199406138133,37.12748866854169,36.82236369128421,36.86661911010742,95042800
2017-09-15,36.910858602399,37.493159011278806,36.801385841203235,37.23927688598633,196458400
2017-09-18,37.29285270270575,37.38369143693135,36.80139094725952,36.95744705200195,113077600
2017-09-19,37.153105416508424,37.213666952238235,36.903882613105765,36.97142791748047,83242400
2017-09-20,36.778097057338464,36.86194846899141,35.830113719840035,36.35185623168945,211805600
2017-09-21,36.28897304494731,36.28897304494731,35.578565622840415,35.72763442993164,150046800
2017-09-22,35.296726627935186,35.466760938093564,35.06846582006925,35.37825012207031,186581600
2017-09-25,34.935715870439076,35.36428835466453,34.74239160162309,35.0661506652832,177549200
2017-09-26,35.352627647527754,35.85107673302411,35.33166568252132,35.66939926147461,146640000
2017-09-27,35.82313244404268,36.03741863130181,35.76257090902376,35.92328643798828,102016800
2017-09-28,35.84408875516629,35.934927489278074,35.56691315377695,35.70200729370117,88022000
2017-09-29,35.68571220984077,35.899998408208205,35.40387715030918,35.897666931152344,105199200
2017-10-02,35.93027574081998,35.97453115605567,35.571580127050126,35.825462341308594,74795200
2017-10-03,35.87204879737292,36.12360311051281,35.84875890327996,35.98152160644531,64921200
2017-10-04,35.78355163233711,35.837122313389216,35.51103527122568,35.74861145019531,80655200
2017-10-05,35.91163120836631,36.20511290619734,35.88135400210998,36.19346618652344,85135200
2017-10-06,36.09564795285132,36.21676746633701,36.00014980656297,36.17251205444336,69630400
2017-10-09,36.291310557563875,36.505596802251276,36.21677791136383,36.29829788208008,65051600
2017-10-10,36.34953921685477,36.801405139755445,36.125937732873545,36.31227111816406,62468000
2017-10-11,36.328563239038075,36.563811357429444,36.2773205116134,36.46365737915039,67622400
2017-10-12,36.41707953274286,36.65465560938733,36.27266657277076,36.33555603027344,64500400
2017-10-13,36.50558912676728,36.63369597276531,36.43105649623809,36.5661506652832,65576800
2017-10-16,36.778092403216185,37.26722616830707,36.7198623623282,37.23927688598633,96486000
2017-10-17,37.21598586304763,37.46986800481522,37.08787905396494,37.37670135498047,75989200
2017-10-18,37.36506626194702,37.43261512506398,37.17407350413148,37.21133804321289,65496800
2017-10-19,36.51024786606347,36.5871119722712,36.107296843290385,36.33089828491211,170336800
2017-10-20,36.477650282788275,36.743179296875,36.326253501296044,36.393798828125,95896400
2017-10-23,36.54286310559142,36.72920004305189,36.21910405396044,36.375160217285156,87937200
2017-10-24,36.40310938726473,36.66631044378954,36.38214741481978,36.59177780151367,71028800
2017-10-25,36.54752092763744,36.696589760350115,36.16553182168114,36.431060791015625,84828400
2017-10-26,36.62205108219874,36.76180465829536,36.51723767716681,36.663978576660156,68002000
2017-10-27,37.10185604283496,38.10574506181474,36.96443398170839,37.977638244628906,177816800
2017-10-30,38.17329011177043,39.146898362121874,38.13369410563347,38.832454681396484,178803200
2017-10-31,39.10730812671052,39.51491855976353,38.883706679435335,39.37283706665039,144187200
2017-11-01,39.566160191268466,39.582466314093104,38.57392124433074,38.8720588684082,134551200
2017-11-02,38.80451499973989,39.2470620522876,38.497058564350645,39.15622329711914,165573600
2017-11-03,40.528114119819975,40.58867209133476,39.85730281777248,40.178733825683594,237594400
2017-11-06,40.14845077688652,40.75870407267221,39.997054079679806,40.586341857910156,140105200
2017-11-07,40.50715484742848,40.81926707795538,40.43495015049409,40.71678161621094,97446000
2017-11-08,40.681847524405,41.049861907958984,40.6049834233386,41.049861907958984,97638000
2017-11-09,40.78666147574387,41.01725378211168,40.327808339911776,40.96601104736328,117930400
2017-11-10,40.933290614042214,40.996406160345416,40.73693509982965,40.83043670654297,100582000
2017-11-13,40.55694272704739,40.790700322015965,40.5335655408074,40.66680908203125,67928400
2017-11-14,40.449412033186846,40.5522659440664,40.01462277065098,40.052024841308594,99130000
2017-11-15,39.731763826553525,39.813580380903474,39.36009024575425,39.523719787597656,116632400
2017-11-16,40.014615739111214,40.17590901947847,39.80891152035712,39.99591827392578,94550000
2017-11-17,39.98188591460903,40.0637024759367,39.65462680301197,39.773841857910156,87598000
2017-11-20,39.806568420472395,39.86968395261924,39.63592642140843,39.73410415649414,65049600
2017-11-21,39.92110664797064,40.60367813847048,39.92110664797064,40.472774505615234,100525200
2017-11-22,40.52420657796541,40.9075687942775,40.45174231251265,40.89822006225586,102355600
2017-11-24,40.93095191185509,41.024453513062106,40.82575815192538,40.90056228637695,56106800
2017-11-27,40.91925973848651,40.92627217962039,40.51953275956953,40.69485092163086,82867200
2017-11-28,40.74393784446522,40.87717778066195,40.17356890543842,40.456417083740234,105715200
2017-11-29,40.353575671955824,40.42136380660984,39.074921313258585,39.61723709106445,166665600
2017-11-30,39.839295289727644,40.23902224712282,39.37412007422577,40.171234130859375,166108800
2017-12-01,39.72709530718462,40.12915858256177,39.38814756965987,39.984230041503906,159037200
2017-12-04,40.318508118765585,40.351234038686634,39.65230112747466,39.692039489746094,130169600
2017-12-05,39.519056556395874,40.094101782104794,39.36477569500352,39.65463638305664,109400800
2017-12-06,39.15438974818077,39.785534421794935,38.9112834648331,39.507362365722656,114240000
2017-12-07,39.51204229074438,39.84164132481947,39.48399252337033,39.579833984375,102693200
2017-12-08,39.85332162553846,39.97253667893352,39.46294698774947,39.59151077270508,93420800
2017-12-11,39.5517760691087,40.41434198453013,39.45593461920474,40.3629150390625,141095200
2017-12-12,40.241371088693526,40.29747419909821,40.080081334138924,40.13618087768555,77636800
2017-12-13,40.3231800504292,40.566286349142075,40.206301267674334,40.26941680908203,95273600
2017-12-14,40.29980704541993,40.47045265407189,40.124488853110634,40.25773239135742,81906000
2017-12-15,40.587332355787815,40.713559887653396,40.31383639769752,40.66680908203125,160677200
2017-12-18,40.87952071700584,41.421836368046534,40.874844567373735,41.239505767822266,117684400
2017-12-19,40.91458368227419,40.99873654293022,40.69485101462472,40.80004119873047,109745600
2017-12-20,40.87718950384352,41.00575689448895,40.49850334126773,40.755638122558594,93902400
2017-12-21,40.71354900872024,41.146001870600934,40.69718783621033,40.90990447998047,83799600
2017-12-22,40.83276406623033,41.00574592435399,40.79068942247038,40.90990447998047,65397600
2017-12-26,39.925791590410505,40.082408726132456,39.66398070018009,39.87202835083008,132742000
2017-12-27,39.76216859553665,39.92112204908144,39.67100327556646,39.87904739379883,85992800
2017-12-28,39.97255567500207,40.17125109194283,39.85100070580801,39.99125671386719,65920800
2017-12-29,39.86033752972982,39.87669870309674,39.55645200818158,39.55878829956055,103999600
2018-01-02,39.77619340273042,40.27643451563853,39.56580942615581,40.26708221435547,102223600
2018-01-03,40.33019497342311,40.80238628352514,40.19695500765061,40.260066986083984,118071600
2018-01-04,40.33252478094121,40.5499211500562,40.224998308918046,40.44706726074219,89738400
2018-01-05,40.54291247080879,40.99406285723671,40.45174716352319,40.90757369995117,94640000
2018-01-08,40.755638122558594,41.050171408244445,40.65745679380547,40.755638122558594,82271200
2018-01-09,40.802380620103136,40.921595685232134,40.53589715868877,40.750953674316406,86336000
2018-01-10,40.477452652181725,40.743936079890894,40.440050593275295,40.74159622192383,95839600
2018-01-11,40.81173298285246,41.02211693438228,40.78835936614299,40.973026275634766,74670800
2018-01-12,41.18340555601736,41.45924133390934,41.05951433352114,41.39612579345703,101672400
2018-01-16,41.585468671088606,41.933768721013166,41.17405664783749,41.18574523925781,118263600
2018-01-17,41.176398125146065,41.901048082180715,40.923943066330935,41.86598587036133,137547200
2018-01-18,41.92909864045741,42.09974425280953,41.66729127565983,41.903385162353516,124773600
2018-01-19,41.75143946684489,41.97818459371661,41.470931097919724,41.71637725830078,129700400
2018-01-22,41.44520425527241,41.55740685328199,41.28157472341337,41.37507629394531,108434400
2018-01-23,41.44522063076343,41.9454617211586,41.33301798842127,41.38444137573242,130756400
2018-01-24,41.43352385908979,41.44521244943131,40.486805111138345,40.72523880004883,204420400
2018-01-25,40.79303486002607,40.89588876808735,39.86268067077133,39.998260498046875,166116000
2018-01-26,40.206305044653156,40.206305044653156,39.75281475426623,40.09176254272461,156572000
2018-01-29,39.7761868421077,39.7761868421077,39.05387684544463,39.26192092895508,202561600
2018-01-30,38.693887061115404,39.124000098125286,38.499867866116375,39.03049850463867,184192800
2018-01-31,39.007123526143936,39.374124613366014,38.92063436894064,39.13802719116211,129915600
2018-02-01,39.07725255770871,39.41620032091382,38.98141109794126,39.219844818115234,188923200
2018-02-02,38.803763796607285,38.990770600564964,37.42459530527834,37.518096923828125,346375200
2018-02-05,37.19083407744985,38.30819507475602,36.46618412011472,36.580726623535156,290954000
2018-02-06,36.19268205071455,38.27078653650845,35.99866285535439,38.109493255615234,272975200
2018-02-07,38.12352220639921,38.195986484247946,37.18381931919892,37.29368209838867,206434400
2018-02-08,37.46900037296808,37.634969821723445,36.23943680447615,36.267486572265625,217562000
2018-02-09,36.865999961496776,37.058460813619604,35.26292594672998,36.711090087890625,282690400
2018-02-12,37.20162894435836,38.466718895803275,36.96926416827277,38.189762115478516,243278000
2018-02-13,38.01139496551214,38.66858560404621,37.94098104327619,38.57235336303711,130196800
2018-02-14,38.26721478410091,39.32341248785229,38.22966380983118,39.283512115478516,162579600
2018-02-15,39.85151185604618,40.626057565112156,39.6660920548011,40.60258865356445,204588800
2018-02-16,40.45472919022899,41.03211898521176,40.316250761428385,40.47115707397461,160704400
2018-02-20,40.381967200086905,40.900675720101226,40.234098347646515,40.335025787353516,135722000
2018-02-21,40.565021002863894,40.86779600830932,40.13784612263408,40.15193176269531,149886400
2018-02-22,40.3232788393338,40.827905159769244,40.30215574641867,40.48757553100586,123967600
2018-02-23,40.76219436119442,41.22692040214116,40.73168083348682,41.191715240478516,135249600
2018-02-26,41.39122380504643,42.10474259221506,41.35836445790183,42.00616455078125,152648800
2018-02-27,42.03667557380085,42.36057381022389,41.81604700695905,41.87002944946289,155712400
2018-02-28,42.07421817804011,42.39342471689793,41.79022037577208,41.80664825439453,151128400
2018-03-01,41.9052339409774,42.19627640895745,40.52513788389774,41.07435989379883,195208000
2018-03-02,40.55798498711084,41.379471937040876,40.47583485955829,41.35834884643555,153816000
2018-03-05,41.12364926720145,41.71746684872899,40.961698366530335,41.50153350830078,113605600
2018-03-06,41.757370145425206,41.83717090219632,41.339585499505745,41.46632766723633,95154000
2018-03-07,41.06027491477236,41.273862430596104,40.903019234965775,41.081398010253906,126814000
2018-03-08,41.18701077288144,41.571935973323356,41.09078215882034,41.52968978881836,95096400
2018-03-09,41.76910458230956,42.2479126835741,41.63531780640628,42.24321746826172,128740800
2018-03-12,42.31597708610445,42.80887083210406,42.29720338770059,42.651615142822266,128828400
2018-03-13,42.85580825010609,43.06939575890961,42.069529876916704,42.240867614746094,126774000
2018-03-14,42.3230244232332,42.369965835063375,41.73389842335402,41.88176727294922,117473600
2018-03-15,41.8958365647404,42.30423424408691,41.79491273914619,41.9310417175293,90975200
2018-03-16,41.931045473172695,42.04135973699052,41.689293851971776,41.783180236816406,157618800
2018-03-19,41.618895738906545,41.654100905167574,40.75985386813316,41.144779205322266,133787200
2018-03-20,41.13068771362305,41.49683568443578,41.06027381583607,41.13068771362305,78597600
2018-03-21,41.08374718435731,41.09548343216158,40.196541287634304,40.198890686035156,148219600
2018-03-22,39.90079799352127,40.529820619288714,39.57220461907548,39.630882263183594,165963200
2018-03-23,39.52293168028302,39.88203873797201,38.71318054199219,38.71318054199219,164115200
2018-03-26,39.44781747650699,40.628411664082556,39.06523800187792,40.55095672607422,150164800
2018-03-27,40.76453853670361,41.10956343270425,39.17789604359712,39.51118469238281,163690400
2018-03-28,39.2553474561917,39.905496814461294,38.77184419806612,39.07461929321289,166674000
2018-03-29,39.38679033049858,40.31155078767656,39.17320279721128,39.3797492980957,153594000
2018-04-02,39.11217610913106,39.65201123119887,38.60285451256873,39.12156295776367,150347200
2018-04-03,39.34688194941007,39.60741083952156,38.6990820303163,39.52291488647461,121112000
2018-04-04,38.69908517590817,40.37256933160999,38.6732668664508,40.2786865234375,138422000
2018-04-05,40.50635822090288,40.89362930170126,40.38900291382461,40.5579948425293,107732800
2018-04-06,40.12846839403067,40.482880082690045,39.47831908067078,39.52056884765625,140021200
2018-04-09,39.872632439602654,40.6260513573316,39.86559140907428,39.912532806396484,116070800
2018-04-10,40.60493852359392,40.839649150897934,40.25991361494503,40.66361618041992,113634400
2018-04-11,40.424216112898584,40.820877702734585,40.29981974916783,40.473506927490234,89726400
2018-04-12,40.70117124541933,41.07436028792793,40.61432587688714,40.87250900268555,91557200
2018-04-13,41.02271875981588,41.271511425086416,40.8044396188746,41.010982513427734,100497200
2018-04-16,41.08139562250636,41.35366077533175,41.03445421925359,41.26681900024414,86313600
2018-04-17,41.42407245506441,41.99911267229984,41.40529517848783,41.834815979003906,106421600
2018-04-18,41.733895247128224,41.97095526813903,41.515616087100334,41.740936279296875,83018000
2018-04-19,40.78331502653571,41.16589447365878,40.525135499803376,40.5579948425293,139235200
2018-04-20,40.041636942336396,40.187156394272286,38.82817977203165,38.89624786376953,261964400
2018-04-23,39.15677747678798,39.177900575378345,38.51366901785712,38.78358840942383,146062000
2018-04-24,38.88450667946601,39.03941654299841,37.84004517183039,38.24374771118164,134768000
2018-04-25,38.16864110139597,38.825831574734394,38.11935387520056,38.41039276123047,113528400
2018-04-26,38.52069788990382,38.898582053680634,38.34466496108976,38.54417037963867,111852000
2018-04-27,38.49254056570322,38.56999549782901,37.70156694524858,38.098228454589844,142623200
2018-04-30,38.05364607740361,39.25770950585069,37.985577970356694,38.78828811645508,169709600
2018-05-01,39.05819166644517,39.71303266229741,38.790621726653995,39.6895637512207,214277600
2018-05-02,41.12832952549235,41.71980112653362,40.79269515111264,41.44284439086914,266157600
2018-05-03,41.28089937538475,41.661129382006536,40.94291555554344,41.5179557800293,136272800
2018-05-04,41.83717238903761,43.245436256270295,41.818395107706486,43.14685821533203,224805200
2018-05-07,43.46371415611706,44.04814493310454,43.36279030101084,43.459022521972656,169805600
2018-05-08,43.41912263854349,43.707815723321396,43.1093028742744,43.66791534423828,113611200
2018-05-09,43.78527631777293,43.984778238947406,43.47311069609928,43.97539138793945,92844800
2018-05-10,44.064580428056125,44.68186702612727,44.04345374687312,44.60441207885742,111957200
2018-05-11,44.646817320397844,44.78111639096404,44.16615931102086,44.43476104736328,104848800
2018-05-14,44.53372631386614,44.656247495945635,44.26276967169345,44.33109664916992,83115200
2018-05-15,44.008296792998124,44.076627354090526,43.612464172969005,43.92818832397461,94780800
2018-05-16,43.84100824044488,44.40412953249525,43.82451341829647,44.33815383911133,76732400
2018-05-17,44.295744112587485,44.510155226195536,43.9093345737116,44.05777359008789,69176000
2018-05-18,44.10490308433846,44.25098366663279,43.85515101968935,43.897560119628906,73190800
2018-05-21,44.2957413967529,44.594974273485356,44.038921205760296,44.20856475830078,73603200
2018-05-22,44.385283144558365,44.503090985077776,44.00829661681228,44.09783172607422,60962800
2018-05-23,43.90697946331335,44.41355169174006,43.76796349223717,44.38056564331055,80233600
2018-05-24,44.477180841529915,44.49367207255778,43.874005168539476,44.33109664916992,92936000
2018-05-25,44.34994044932966,44.6845142986647,44.21328291731223,44.43240737915039,69844000
2018-05-29,44.201500640550265,44.472457219965484,44.02949861480413,44.27218246459961,90056400
2018-05-30,44.22977610630169,44.29574820963541,44.00829679001992,44.177940368652344,74762000
2018-05-31,44.11196979829037,44.349940351070494,43.8575044214986,44.029502868652344,109931200
2018-06-01,44.293396778992886,44.828241829945235,44.23684771666393,44.82353210449219,93770000
2018-06-04,45.15339070780669,45.57278634857579,45.08506373956886,45.198158264160156,105064800
2018-06-05,45.49032190729074,45.69530640222667,45.32303318949462,45.54686737060547,86264000
2018-06-06,45.62225622892292,45.728282544872066,45.21935191406509,45.70471954345703,83734400
2018-06-07,45.742419819523526,45.756556182570655,45.31831095206301,45.58220291137695,85388800
2018-06-08,45.04264641511956,45.238207849226285,44.71278592096952,45.16752243041992,106627200
2018-06-11,45.085073361177756,45.231153969750345,44.81647156094477,45.05679702758789,73234000
2018-06-12,45.09448614256514,45.381937568012425,45.0379370834704,45.30418395996094,67644400
2018-06-13,45.337174592969205,45.44555940171566,44.870656492735385,44.931915283203125,86553600
2018-06-14,45.13217130414356,45.136884623053184,44.818802108019014,44.95545959472656,86440400
2018-06-15,44.77405085873973,44.80468204998491,44.35701006610469,44.49366760253906,246876800
2018-06-18,44.26746699665913,44.58319108715091,44.10724649411106,44.470096588134766,73939600
2018-06-19,43.62188314112478,43.90226635171033,43.2236921005594,43.75147247314453,134314000
2018-06-20,43.90697705384341,44.10724819574322,43.76089290863536,43.942317962646484,82514800
2018-06-21,44.119035175144084,44.37821385591246,43.57476354074038,43.69728469848633,102847600
2018-06-22,43.852795049886204,43.8598632336105,43.51822117116477,43.5700569152832,108801600
2018-06-25,43.21191397426476,43.570050812040066,42.58282054445238,42.9221076965332,126652400
2018-06-26,43.115310134188796,43.94938797353978,43.009280212947836,43.454593658447266,98276800
2018-06-27,43.64309432120707,44.126107216581914,43.360356205322596,43.390987396240234,101141200
2018-06-28,43.37685407100263,43.874003367746724,43.306168638273,43.70671463012695,69460800
2018-06-29,43.89284334908779,44.10489961774891,43.09646479717635,43.61481857299805,90950800
2018-07-02,43.31087761470998,44.13081920457902,43.216629182120954,44.102542877197266,70925200
2018-07-03,44.24626602094871,44.283965391794474,43.244899402321124,43.334434509277344,55819200
2018-07-05,43.65016518948845,43.92112541341989,43.419262800087296,43.68315124511719,66416800
2018-07-06,43.68784901976342,44.3970507610187,43.63601329433382,44.28866958618164,69940800
2018-07-09,44.649171565377365,44.92719634335544,44.6020491482026,44.90363693237305,79026400
2018-07-10,44.934270952056835,45.0685700292257,44.80939132562234,44.849449157714844,63756400
2018-07-11,44.41356335394152,44.7151511888342,44.20386550631754,44.26748275756836,75326000
2018-07-12,44.65622775735561,45.09918626931961,44.60439203381901,45.00965118408203,72164400
2018-07-13,45.02145266730081,45.20051932204773,44.97903996775959,45.08035659790039,50055600
2018-07-16,45.1251291010377,45.391372451755,44.86595033993839,44.98140335083008,60172400
2018-07-17,44.708077547367004,45.20758166383214,44.5784881977529,45.10862350463867,62138000
2018-07-18,45.18637592497211,45.19108924534587,44.75048546825586,44.86122512817383,65573600
2018-07-19,44.693935361208126,45.36779629624371,44.693935361208126,45.20993423461914,81147200
2018-07-20,45.18636684654295,45.33951557342535,44.8070255248954,45.106258392333984,82704800
2018-07-23,44.927203484664524,45.22879491198378,44.66331503037205,45.14632797241211,63957600
2018-07-24,45.34423040816834,45.62932692206322,45.24998558773883,45.473819732666016,74791600
2018-07-25,45.487959243995,45.90971329334485,45.33952022609749,45.902645111083984,66839600
2018-07-26,45.85316741037176,46.17125001494184,45.617551731493165,45.7589225769043,76304000
2018-07-27,45.942707942491445,45.98983036478812,44.79054728056739,44.997886657714844,96096000
2018-07-30,45.2146462036936,45.285331624624746,44.547857012990356,44.74577331542969,84118000
2018-07-31,44.837677977479785,45.271210094952444,44.61148527541825,44.83531951904297,157492000
2018-08-01,46.91815445381714,47.5378212863695,46.48933216360012,47.4765625,271742800
2018-08-02,47.25979933310733,49.097602581978514,47.20560872670718,48.864341735839844,249616000
2018-08-03,48.7795141514494,49.182418547865296,48.41430912684515,49.005706787109375,133789600
2018-08-06,49.008059489642534,49.302579077921635,48.78893864166359,49.260169982910156,101701600
2018-08-07,49.31907881246056,49.36148791169574,48.715899615615555,48.79836654663086,102349600
2018-08-08,48.548610329531655,48.9632926213491,48.18811863605624,48.83134841918945,90102000
2018-08-09,49.368557091360415,49.427461016071646,48.81957208162651,49.21540832519531,93970400
2018-08-10,49.02861861252826,49.44002903622106,48.86547303748079,49.06881332397461,98444800
2018-08-13,49.489685715714145,49.87745053972807,49.10901386469039,49.385650634765625,103563600
2018-08-14,49.690653943503335,49.78522930486312,49.2414119574974,49.593711853027344,82992000
2018-08-15,49.468407558933215,49.827800496523814,49.25797427207032,49.70957946777344,115230400
2018-08-16,50.066608466546114,50.553678554896315,50.000404975381215,50.43782424926758,114001600
2018-08-17,50.46619080521633,51.532543132376475,50.39998732105406,51.44506072998047,141708000
2018-08-20,51.56800870100237,51.823362921071144,50.861045725428916,50.94380187988281,121150800
2018-08-21,51.26062262083593,51.352834849865985,50.60567731793008,50.844482421875,104639200
2018-08-22,50.62223217694636,51.15658978265497,50.560754949723034,50.84685134887695,76072400
2018-08-23,50.7522793586269,51.31974238483337,50.74046014360053,50.95089340209961,75532800
2018-08-24,51.213349043221534,51.28427877137062,50.861049092863915,51.10931396484375,73905600
2018-08-27,51.343386840644364,51.719332421045124,51.149506246562076,51.53017807006836,82100400
2018-08-28,51.7831663768743,52.14492238496493,51.761887460591076,51.946311950683594,91107200
2018-08-29,52.052704797907644,52.84242381895519,51.877740027109745,52.72183609008789,109019200
2018-08-30,52.78567649739625,53.97024961852312,52.58469935427872,53.20654296875,195175200
2018-08-31,53.55647918343615,54.11448247965439,53.43589505535609,53.82129669189453,173360400
2018-09-04,54.005719306205876,54.18777705269031,53.584852825321335,53.993896484375,109560400
2018-09-05,54.14285341285009,54.30363223674393,53.22309420206611,53.64159393310547,133332000
2018-09-06,53.49027465750758,53.75509216076385,52.32461728550888,52.750213623046875,137160000
2018-09-07,52.45465930046942,53.2869325453365,52.18511556397365,52.324615478515625,150479200
2018-09-10,52.24185615259656,52.45465610496239,51.18259706413789,51.622379302978516,158066000
2018-09-11,51.54671960522813,53.033941819572114,51.20387942357245,52.92754364013672,142996000
2018-09-12,53.185258631754344,53.19944457305624,51.97940311163777,52.27022933959961,197114800
2018-09-13,52.849519642275006,53.99153499554689,52.6249004519719,53.5328369140625,166825600
2018-09-14,53.376775937249185,53.6344968245139,52.61306936702936,52.9251708984375,127997200
2018-09-17,52.5255883134687,52.714742633075524,51.371753818722354,51.51598358154297,148780400
2018-09-18,51.49470675410538,52.45466440089387,51.33629103116489,51.60110855102539,126286800
2018-09-19,51.662586001449505,51.9273999330875,50.90597219118434,51.6318473815918,108495200
2018-09-20,52.073992180573526,52.55633231761007,51.81626763486653,52.02433776855469,106435200
2018-09-21,52.20167199078347,52.338808803475615,51.37648799310484,51.46397399902344,384986800
2018-09-24,51.265365127852924,52.31516476068613,51.220440562753595,52.204036712646484,110773600
2018-09-25,51.95813791715987,52.684016706504345,51.94631509368086,52.535057067871094,98217600
2018-09-26,52.25367960280906,52.90389507297976,51.960490237444716,52.11654281616211,95938800
2018-09-27,52.92045647589352,53.53993343518666,52.8542493888135,53.1876335144043,120724800
2018-09-28,53.149793573596064,53.39805838572912,52.96773583814115,53.37441635131836,91717600
2018-10-01,53.89696364312672,54.24453373923677,53.51865853436576,53.73381805419922,94403200
2018-10-02,53.731452552639425,54.38166815008611,53.584859645171754,54.211429595947266,99152800
2018-10-03,54.39349126972169,55.20212260237653,54.32965090961708,54.8711051940918,114619200
2018-10-04,54.566089500033,54.93730520599613,53.60849859022037,53.90641784667969,128168000
2018-10-05,53.89933506699638,54.00573327535788,52.15439146171712,53.03158950805664,134322000
2018-10-08,52.53977761918133,53.15216152411722,52.06452689730765,52.908626556396484,118655600
2018-10-09,52.87788730397269,53.736172895235825,52.549233077184034,53.64159393310547,107564000
2018-10-10,53.30821307731672,53.5186463057796,51.08329306782395,51.15658950805664,167962400
2018-10-11,50.72154687603227,51.89902721215979,50.20137511528744,50.704994201660156,212497600
2018-10-12,52.11653722925817,52.69818604766174,51.27007456589326,52.5161247253418,161351600
2018-10-15,52.291520137503866,52.44993586441361,51.371760786579564,51.39303970336914,123164000
2018-10-16,51.764252977522055,52.72421066994395,51.251174194641926,52.525596618652344,116736000
2018-10-17,52.561061472294256,52.64145089276612,51.86119150958556,52.29861068725586,91541600
2018-10-18,51.5112625057011,51.95577469132143,50.36215405754023,51.076210021972656,130325200
2018-10-19,51.558542953192145,52.31515664645652,51.40958333577089,51.854095458984375,132314800
2018-10-22,51.96758107903151,52.811680677472054,51.76660756117778,52.170921325683594,115168400
2018-10-23,51.03127894622945,52.785678210129554,50.76409832307149,52.66272735595703,155071200
2018-10-24,52.63200152357531,53.01739960993079,50.72627557904296,50.856319427490234,163702000
2018-10-25,51.475803835793315,52.34354578607785,51.24881786473035,51.969966888427734,119423200
2018-10-26,51.0478236891772,52.062161836547574,50.28411707927676,51.14240264892578,189033600
2018-10-29,51.825716512907476,51.94393749911957,48.72832523102341,50.18244552612305,183742000
2018-10-30,49.924733859271434,50.8775949642934,49.480225290241705,50.43308639526367,146640000
2018-10-31,51.27953421575745,52.12363014967308,51.21805699622307,51.74768829345703,153435600
2018-11-01,51.79262026173322,52.57524269602282,51.26298888864335,52.54214096069336,233292800
2018-11-02,49.54642060751403,50.51583061906915,48.572277138067086,49.056983947753906,365314800
2018-11-05,48.30510423366641,48.32638314907276,46.85571353178706,47.664344787597656,264654800
2018-11-06,47.74237132513075,48.4044096899324,47.68799067176834,48.17979049682617,127531600
2018-11-07,48.699960659016895,49.66700760551551,48.264908230328544,49.64099884033203,133697600
2018-11-08,49.82132950962304,49.854546748716004,49.05495802314485,49.467803955078125,101450400
2018-11-09,48.7702373142276,48.87937811740739,47.98725541404549,48.51398849487305,137463200
2018-11-12,47.21612544081099,47.41780380668561,45.97996297573852,46.070125579833984,204542000
2018-11-13,45.46747093822109,46.784299734622806,45.42476100071037,45.60982894897461,187531600
2018-11-14,46.00606553775681,46.14368081930121,44.11504743544878,44.32147216796875,243204000
2018-11-15,44.69872449335649,45.548140683443364,44.345195403445636,45.4152717590332,185915200
2018-11-16,45.19936284522291,46.259946609491415,44.95260676177665,45.91828155517578,147713200
2018-11-19,45.080727252963975,45.24681341876194,43.892020958745455,44.09844207763672,167701200
2018-11-20,42.32131328103685,43.056842423109295,41.642729521839435,41.991512298583984,271300800
2018-11-21,42.643994348703465,42.77212054847709,41.889487071573676,41.94405746459961,124496800
2018-11-23,41.50748276383768,41.901346788253655,40.833645463053145,40.87872314453125,94496000
2018-11-26,41.34139771589679,41.50985523537514,40.397072578660236,41.431556701660156,179994000
2018-11-27,40.69365492557858,41.46714753070529,40.544179202951334,41.34139633178711,165549600
2018-11-28,41.93220682926442,43.01414405209263,41.50512539383012,42.93110275268555,184250000
2018-11-29,43.33919219005899,43.37240942608668,42.16234624717858,42.60129165649414,167080000
2018-11-30,42.77686790323383,42.78636061112032,42.00337874921922,42.37114334106445,158126000
2018-12-03,43.76627212076378,43.8801592662894,42.99515437591232,43.851688385009766,163210000
2018-12-04,42.933450995699744,43.275115960024046,41.82304348205187,41.92269515991211,165377200
2018-12-06,40.75297606435523,41.46952337319293,40.435039173164846,41.45528793334961,172393600
2018-12-07,41.163438773149345,41.40070569037687,39.93202289347355,39.97710418701172,169126400
2018-12-10,39.1490601674904,40.35674848800182,38.75282465963804,40.2404899597168,248104000
2018-12-11,40.72925271093741,40.76009495801711,39.623587659446784,40.01033401489258,189126800
2018-12-12,40.43028171560984,40.79092844768577,40.102855827920074,40.1218376159668,142510800
2018-12-13,40.45165403262589,40.94516985024621,40.22862246288901,40.560794830322266,127594400
2018-12-14,40.09812024955147,40.117102042698306,39.21548678046134,39.262939453125,162814800
2018-12-17,39.25582050641888,39.94389690996211,38.610454041222965,38.89754867553711,177151600
2018-12-18,39.239224006854776,39.74934669174223,39.00432833526614,39.40293884277344,135366000
2018-12-19,39.386319792315824,39.73035619895045,37.746804045316345,38.173885345458984,196189200
2018-12-20,38.05762791222595,38.4633561025011,36.84756830306149,37.21058654785156,259092000
2018-12-21,37.217700060216195,37.52614787017046,35.50226074249866,35.76325225830078,382978400
2018-12-24,35.15111176377815,35.95782190038735,34.7809757476291,34.837921142578125,148676800
2018-12-26,35.18669150802309,37.305483760117355,34.81180927021201,37.2912483215332,234330000
2018-12-27,36.97569172966579,37.196351942081705,35.60666362348881,37.04924392700195,212468400
2018-12-28,37.3695636838857,37.61157711002897,36.66962654849139,37.068233489990234,169165600
2018-12-31,37.61393008515579,37.81086209224743,37.12753210334212,37.426490783691406,140014000
2019-01-02,36.750281492025124,37.68986030291286,36.593684420142715,37.469200134277344,148158800
2019-01-03,34.16170976436273,34.57455574581666,33.6919220064379,33.737003326416016,365248800
2019-01-04,34.29220295413125,35.24601741169735,34.11899903898665,35.177207946777344,234428400
2019-01-07,35.28160791885267,35.31245379240385,34.61725948663249,35.09891128540039,219111200
2019-01-08,35.485649452234306,36.02187515169098,35.23889338251769,35.76799774169922,164101200
2019-01-09,35.89612022438251,36.664866551777166,35.502259784558376,36.37540054321289,180396400
2019-01-10,36.183217066092084,36.53199984154206,35.79409933557466,36.49166488647461,143122800
2019-01-11,36.273378795691265,36.46793584598435,35.94832055566885,36.13338851928711,108092800
2019-01-14,35.79173197667657,35.891383692191056,35.40498556947879,35.59005355834961,129756800
2019-01-15,35.654106540640925,36.394378285844226,35.601907520616955,36.31845474243164,114843600
2019-01-16,36.320829274052095,36.98517753374155,36.30184748144305,36.76214599609375,122278800
2019-01-17,36.58657033252364,37.40751573779752,36.363538775351834,36.98043441772461,119284800
2019-01-18,37.36954213953472,37.459704733067994,37.008895385807726,37.20820236206055,135004000
2019-01-22,37.11093212681015,37.186855683764556,36.21168817452131,36.37303161621094,121576000
2019-01-23,36.574696724321946,36.80959229423162,35.99339345539255,36.52012634277344,92522400
2019-01-24,36.56521442488471,36.65300204893597,36.00289284093378,36.23066711425781,101766000
2019-01-25,36.8902641000177,37.51902368512095,36.61503719155783,37.43123245239258,134142000
2019-01-28,36.96382275590851,37.09194895785594,36.4584465294026,37.08483123779297,104768400
2019-01-29,37.07297331497307,37.519036488429236,36.565222017267494,36.700462341308594,166348800
2019-01-30,38.7338475329793,39.42192055860255,38.01729999828743,39.20838165283203,244439200
2019-01-31,39.41241268525057,40.098114016816574,39.04464819355946,39.4907112121582,162958400
2019-02-01,39.61409500678469,40.09337168073329,39.369706696277575,39.50969696044922,130672400
2019-02-04,39.72088378297478,40.7292688996633,39.690037903227726,40.631988525390625,125982000
2019-02-05,41.013973143644144,41.54070616529914,40.89296827882337,41.32716369628906,144406400
2019-02-06,41.43867303368532,41.65696182241028,41.011595402857196,41.34139633178711,112958400
2019-02-07,40.90481449660255,41.270207571332215,40.416045233372024,40.558406829833984,126966800
2019-02-08,40.26771540968325,40.665650250891964,40.131891443963546,40.6060791015625,95280000
2019-02-11,40.75857827237781,40.796704677929405,40.329665299757814,40.372554779052734,83973600
2019-02-12,40.53221193539128,40.7466666211287,40.436895913781186,40.720455169677734,89134000
2019-02-13,40.83959548318567,41.099324812062115,40.48931684716783,40.55126953125,89960800
2019-02-14,40.439287190333225,40.80862546752188,40.36065282411193,40.69901657104492,87342800
2019-02-15,40.80623995233979,40.91346730094003,40.44881303304922,40.608463287353516,98507200
2019-02-19,40.4392766336708,40.851507928428646,40.38685373654159,40.72998046875,75891200
2019-02-20,40.791941569049854,41.29948893444707,40.74428537587072,40.99209976196289,104457600
2019-02-21,40.93729535437326,41.07311568683924,40.57986845134195,40.760963439941406,68998800
2019-02-22,40.88486432636196,41.22322795767942,40.83720814261498,41.21607971191406,75652800
2019-02-25,41.499648872153486,41.90711352229098,41.449607503854075,41.516326904296875,87493600
2019-02-26,41.39241821936573,41.77128984933254,41.263742503117236,41.54015350341797,68280800
2019-02-27,41.27328116060738,41.6998090360794,41.15890192366394,41.66883087158203,111341600
2019-02-28,41.53778367859534,41.67837075537811,41.204182973016884,41.25898742675781,112861600
2019-03-01,41.528236712468996,41.735543135571554,41.197021288508566,41.69265365600586,103544800
2019-03-04,41.86422877925325,42.35509455351058,41.45437890957655,41.9023551940918,109744800
2019-03-05,41.92378549254291,41.938081984197204,41.59018493156289,41.826087951660156,78949600
2019-03-06,41.621163745570044,41.81655883042522,41.44721703446925,41.58542251586914,83241600
2019-03-07,41.43054036805001,41.56636432916655,40.98971605951243,41.10409164428711,99185600
2019-03-08,40.584633632595896,41.2399162634684,40.38923852105088,41.20178985595703,95997600
2019-03-11,41.81656454463562,42.68153514499979,41.783204847044914,42.629112243652344,128044000
2019-03-12,42.89123050226052,43.527449985065225,42.74111003200352,43.108070373535156,129870400
2019-03-13,43.42735903779865,43.67755854133484,43.11044015144397,43.29868698120117,124130000
2019-03-14,43.82053342503637,43.86819325045519,43.501232955961775,43.780025482177734,94318000
2019-03-15,44.04691043760487,44.63785523657547,43.78241438212483,44.34952926635742,156171600
2019-03-18,44.27328067856524,44.89043693766361,44.2708955054987,44.80227279663086,104879200
2019-03-19,44.88090335634377,45.03340534638429,44.30186992001534,44.44722366333008,126585600
2019-03-20,44.375737368520994,45.152547444755115,44.018310490038075,44.835628509521484,124140800
2019-03-21,45.27884124565531,46.782416507691266,45.22879987925223,46.486942291259766,204136800
2019-03-22,46.54651613890854,47.106486442351226,45.45993886884796,45.52427673339844,169630800
2019-03-25,45.63389617304779,45.74589025963321,44.463921198190846,44.97385025024414,175381200
2019-03-26,45.66962270436676,45.96033017793337,43.98256747013785,44.50917434692383,199202000
2019-03-27,44.97621952108113,45.21688566494624,44.45199411345279,44.90950012207031,119393600
2019-03-28,45.023874875034785,45.16922862786753,44.68551117609868,44.96907043457031,83121600
2019-03-29,45.23356445269698,45.2931356005877,44.926175293457625,45.26215744018555,94256000
2019-04-01,45.66486194899173,45.67439173346239,44.88805543895594,45.569549560546875,111448000
2019-04-02,45.5337998404147,46.33682135310815,45.52427005695858,46.23197555541992,91062800
2019-04-03,46.04849391519191,46.822918780518556,46.024664003423624,46.548892974853516,93087200
2019-04-04,46.41545501139502,46.791945110655476,46.02228688104425,46.629913330078125,76457200
2019-04-05,46.81100893546065,46.96589610699699,46.687099925418465,46.94206619262695,74106400
2019-04-08,46.8038588026213,47.7117225101516,46.78479559908021,47.680747985839844,103526800
2019-04-09,47.73317206117505,48.33603179875124,47.473439087978925,47.537776947021484,143072800
2019-04-10,47.34238803810109,47.833257424849805,47.223245724372106,47.80466079711914,86781200
2019-04-11,47.85945826640106,47.89519949822014,47.28519156894748,47.406715393066406,83603200
2019-04-12,47.4662953407457,47.690283464181285,46.753826657487316,47.38766098022461,111042800
2019-04-15,47.31855853470994,47.621181009035936,47.182734561059235,47.47344207763672,70146400
2019-04-16,47.528255637857534,47.983376534492095,47.313797281453226,47.478214263916016,102785600
2019-04-17,47.54730369870625,48.462319253167394,47.325700783597725,48.402748107910156,115627200
2019-04-18,48.40037779428186,48.64581069721619,48.25740918333284,48.57670974731445,96783200
2019-04-22,48.331256554226314,48.834037108916725,48.21449581375746,48.7363395690918,77758000
2019-04-23,48.71251655805477,49.50362313511346,48.58622601734535,49.43928527832031,93292000
2019-04-24,49.4106933007407,49.6775708811361,49.33682565873371,49.363037109375,70162400
2019-04-25,49.28439996099873,49.5060028744457,48.87693173068337,48.91505813598633,74172800
2019-04-26,48.82450618641079,48.848336097417246,48.16207538289125,48.68153762817383,74596400
2019-04-29,48.70537168868094,49.079480262865886,48.576699602106366,48.75541305541992,88818800
2019-04-30,48.38607033097731,48.46708622241454,47.44484688744978,47.81657028198242,186139600
2019-05-01,50.01117521030859,51.30505889994742,49.8562880319381,50.16367721557617,259309200
2019-05-02,50.00164383738716,50.6712230384966,49.59417917290959,49.83722686767578,127985200
2019-05-03,50.25183931905875,50.4782089626399,50.0945706099009,50.456764221191406,83569600
2019-05-06,48.679157328406795,49.763352940920356,48.490914101974354,49.67757034301758,129772400
2019-05-07,49.05803373574075,49.42499041337888,47.854695800035216,48.33841323852539,155054800
2019-05-08,48.109665351644786,48.92936506074803,48.07392411151205,48.34794998168945,105358000
2019-05-09,47.752234575494825,48.05723858660724,46.86105245762417,47.828487396240234,139634400
2019-05-10,47.22330722271242,47.56536833430933,46.11101823277178,47.165897369384766,164834800
2019-05-13,44.900658286424814,45.324043662968705,43.73813514502486,44.424644470214844,229722400
2019-05-14,44.5896940858481,45.37666791392155,44.350491826259756,45.127899169921875,146118800
2019-05-15,44.55619123871001,45.86701816748591,44.4963906935112,45.668479919433594,106178800
2019-05-16,45.42689206250881,46.03924912918253,45.17094394873877,45.46755599975586,132125600
2019-05-17,44.7140705245547,45.66370365738736,44.673406583972145,45.20922088623047,131516400
2019-05-20,43.89839872325471,44.09693703228056,43.12338210548431,43.79553985595703,154449200
2019-05-21,44.30503920599439,44.970021141517655,44.18065301915265,44.63513946533203,113459200
2019-05-22,44.17108734343066,44.422250430132046,43.666370461560184,43.72138595581055,118994400
2019-05-23,43.00855911757338,43.185566421251686,42.53254539430105,42.97507095336914,146118800
2019-05-24,43.10423430651815,43.568287143398116,42.72629440483175,42.81001663208008,94858800
2019-05-28,42.79806863981353,43.19753598272842,42.55647566713429,42.633018493652344,111792800
2019-05-29,42.200059369611644,42.900923841188686,42.099594865311815,42.42969512939453,113924800
2019-05-30,42.56603514665155,42.87221370220988,42.259856591093225,42.649757385253906,84873600
2019-05-31,42.15460804379681,42.575606305283934,41.8579996140433,41.87713623046875,108174400
2019-06-03,42.0039165147465,42.558863836181885,40.72896808562691,41.45375061035156,161584400
2019-06-04,41.96564243887218,43.01574014822659,41.74557681150609,42.97029113769531,123872000
2019-06-05,44.0801764153884,44.25001156521852,43.3290817336173,43.663963317871094,119093600
2019-06-06,43.79314204238784,44.36483519131341,43.570682084053516,44.30503463745117,90105200
2019-06-07,44.613599067232066,45.90768378892111,44.43659178289126,45.48429489135742,122737600
2019-06-10,45.88136887468619,46.73292803874346,45.83591987717714,46.065555572509766,104883600
2019-06-11,46.61093697424961,46.8836273136479,46.309543541210125,46.598976135253906,107731600
2019-06-12,46.393273742142995,46.87646328917654,46.259321071663166,46.45068359375,73012800
2019-06-13,46.57267065219424,47.072602406865755,46.30955040496847,46.44110870361328,86698400
2019-06-14,45.81918484080178,46.307155751593456,45.52018207317705,46.10383605957031,75046000
2019-06-17,46.142109980575825,46.63486965392285,45.967493369838486,46.37892150878906,58676400
2019-06-18,46.89560067509566,47.90981585388891,46.69467166608227,47.46968460083008,106204000
2019-06-19,47.76390721258255,47.81175058622258,47.196999004330465,47.33095169067383,84496800
2019-06-20,47.9289444249456,47.98635426785553,47.369212143833636,47.711273193359375,86056000
2019-06-21,47.553407198246234,48.04377253215675,47.39792354850374,47.548622131347656,191202400
2019-06-24,47.491215693151446,47.87872584119384,47.40271202381546,47.50078582763672,72881600
2019-06-25,47.464891779808674,47.66343004792434,46.713797002206945,46.78077697753906,84281200
2019-06-26,47.30701479032771,48.077246079612706,47.206550315629954,47.79259490966797,104270000
2019-06-27,47.90980994600214,48.21599213856582,47.737587709468265,47.77825164794922,83598800
2019-06-28,47.524699340515674,47.720846929488616,47.13480217086817,47.3429069519043,124442400
2019-07-01,48.59871861867151,48.91446732715429,47.99592795243673,48.211212158203125,109012000
2019-07-02,48.17772417850372,48.58915232452939,48.16576333648064,48.49346923828125,67740800
2019-07-03,48.62501745406386,48.902492850834626,48.483889047924336,48.89531707763672,45448000
2019-07-05,48.641772747995475,49.05559156534589,48.534128829376186,48.85226821899414,69062000
2019-07-08,48.0341982544595,48.17532669133114,47.46011437400138,47.84523010253906,101354400
2019-07-09,47.64907988705199,48.20163641262728,47.555791170395594,48.137054443359375,82312000
2019-07-10,48.28297103527144,48.73266874059022,48.21360034539757,48.613067626953125,71588400
2019-07-11,48.6321995013914,48.89053831965134,48.24947816503057,48.2590446472168,80767200
2019-07-12,48.426486993480296,48.797251151333036,48.36668644059876,48.62981033325195,70380800
2019-07-15,48.81878761572397,49.244567339973045,48.797260288640274,49.08669662475586,67789600
2019-07-16,48.93837836621987,49.30196674070282,48.6776488381085,48.91685104370117,67467200
2019-07-17,48.80921022118632,49.05797890617675,48.62263279495951,48.64176940917969,56430000
2019-07-18,48.797255539973115,49.246956906066245,48.725494140074105,49.194332122802734,74162400
2019-07-19,49.225418684647934,49.395253851076205,48.404956898073856,48.4599723815918,83717200
2019-07-22,48.71352460835078,49.56986888785843,48.70395812670782,49.56747817993164,89111600
2019-07-23,49.86409221822159,49.97173247823495,49.58422243227659,49.954986572265625,73420800
2019-07-24,49.67511970294401,50.02913793173765,49.55551860470898,49.91432189941406,59966400
2019-07-25,49.96695653329002,50.050678778547585,49.450278810987754,49.519649505615234,55638400
2019-07-26,49.62968434831801,50.16788943836609,49.54835645514004,49.69187927246094,70475600
2019-07-29,49.864094780283324,50.385553851109734,49.859309714055385,50.15591812133789,86693600
2019-07-30,49.93585061510733,50.27073588947548,49.58900815053056,49.940635681152344,135742800
2019-07-31,51.768149068134655,52.95219944273716,50.54343475015479,50.95964431762695,277125600
2019-08-01,51.16534697675198,52.1532531893489,49.45266207044621,49.856910705566406,216071600
2019-08-02,49.163237997191345,49.378518561545334,48.23035068507519,48.80204391479492,163448400
2019-08-05,47.359645023139706,47.51751570162563,46.065560241571106,46.247352600097656,209572000
2019-08-06,46.957783150481916,47.37878135711824,46.41479313620579,47.122833251953125,143299200
2019-08-07,46.742507730135785,47.735195505332065,46.36217706782614,47.610809326171875,133457600
2019-08-08,47.888281812721345,48.684825611688794,47.694528606203654,48.66090393066406,108038000
2019-08-09,48.33435586806552,48.68491595492223,47.851730305039446,48.25992202758789,98478800
2019-08-12,47.93097076329877,48.51444257030938,47.81811826695935,48.13746643066406,89927600
2019-08-13,48.26712420599327,50.9371579045492,48.13746218750722,50.17600631713867,188874000
2019-08-14,48.780960598066514,49.56852452960049,48.644095544305394,48.68251419067383,146189600
2019-08-15,48.85298987534668,49.2563746314281,47.942967055319286,48.439998626708984,108909600
2019-08-16,49.04988469774485,49.74140568988817,48.944235250189195,49.58293151855469,110481600
2019-08-19,50.57219353284465,51.07882804853604,50.43052887765902,50.50736618041992,97654400
2019-08-20,50.634620585098965,51.2276951856261,50.50015898015101,50.509761810302734,107537200
2019-08-21,51.14126462439481,51.29973516626406,50.80751034118719,51.05722427368164,86141600
2019-08-22,51.18927233994728,51.48941113488219,50.603400826025755,51.01399230957031,89014800
2019-08-23,50.28646541152127,50.91555897861763,48.26233061738834,48.65611267089844,187272000
2019-08-26,49.42926093993379,49.748609076351144,49.23717136701609,49.58053207397461,104174400
2019-08-27,49.90947864777375,50.07515584403641,48.86979745227065,49.02106857299805,103493200
2019-08-28,49.00667570095276,49.39565450041869,48.81938934092808,49.350032806396484,63755200
2019-08-29,50.0631602076527,50.260053051987526,49.621356699521705,50.18561553955078,83962000
2019-08-30,50.46173818969739,50.5313687808023,49.751007883111264,50.12078094482422,84573600
2019-09-03,49.56612630727239,49.69818812822895,49.03548289552534,49.390846252441406,80092000
2019-09-04,50.03674646797927,50.2984666588224,49.77982952447207,50.22883605957031,76752400
2019-09-05,50.90354603728645,51.3765651308316,50.7858902958723,51.21088790893555,95654800
2019-09-06,51.39577117230135,51.48461108870742,51.0259981022255,51.20608139038086,77449200
2019-09-09,51.585461226459756,51.96964040269282,50.680245133535024,51.42458724975586,109237600
2019-09-10,51.350144279794115,52.05126803759896,50.83390703828068,52.03205871582031,127111600
2019-09-11,52.36103261186556,53.71525915404758,52.279392048265784,53.68644332885742,177158400
2019-09-12,53.97696341496987,54.365942133767874,53.511147403478866,53.56637191772461,128906800
2019-09-13,52.8244384765625,53.01412462083623,52.10890847215429,52.52429962158203,159053200
2019-09-16,52.279370756622576,52.85563939626761,52.2385523233491,52.800411224365234,84632400
2019-09-17,52.81482810263167,53.02132375192014,52.61313203639829,52.99250793457031,73274800
2019-09-18,53.07894480353371,53.508745607854166,52.68996609930479,53.48953628540039,101360000
2019-09-19,53.307056774538246,53.72725114264616,52.91327477040642,53.0549430847168,88242400
2019-09-20,53.155788377866706,53.43911767399923,52.2169532408371,52.279380798339844,221652400
2019-09-23,52.57231436011538,52.78601305088982,52.26016925822585,52.51708984375,76662000
2019-09-24,53.07174174905982,53.42230547207564,52.14971625438767,52.26736831665039,124763200
2019-09-25,52.47627997233017,53.18460696208919,52.1377224527618,53.071754455566406,87613600
2019-09-26,52.82444322143439,53.050148246862,52.54351366759515,52.798030853271484,75334000
2019-09-27,52.95409101125522,53.054940879557066,52.17133028274097,52.54110336303711,101408000
2019-09-30,53.04053289901251,53.92414352515708,53.01412053525755,53.77767562866211,103909600
2019-10-01,54.04179249498683,54.79814079095974,53.832893402806675,53.926536560058594,139223200
2019-10-02,53.559175493563515,53.68403427770665,52.32740451351937,52.57472229003906,138449200
2019-10-03,52.44746277412271,53.05494719260859,51.6550991210978,53.021331787109375,114426000
2019-10-04,54.178666925160364,54.6228739131191,53.75847251204435,54.50761795043945,138478800
2019-10-07,54.32992905331613,55.20873272385884,54.2266793952243,54.519615173339844,122306000
2019-10-08,54.22187750074084,54.75972389234403,53.86411072762326,53.880916595458984,111820000
2019-10-09,54.51241683959961,54.6948999368784,54.17866259327657,54.51241683959961,74770400
2019-10-10,54.728513454537506,55.33119457436902,54.57724597451074,55.247154235839844,113013600
2019-10-11,55.933860949560014,57.05998221097819,55.7801900444844,56.71662521362305,166795600
2019-10-14,56.40208648570823,57.17764784685901,56.34686196781524,56.63499450683594,96427600
2019-10-15,56.75985808213798,57.062396724114954,56.39729167013194,56.5029411315918,87360000
2019-10-16,56.03471119953323,56.483721327443455,55.99389276314205,56.27482223510742,73903200
2019-10-17,56.447706408334824,56.70222353757521,56.07073396138555,56.49332809448242,67585200
2019-10-18,56.327655968301634,57.045589398505086,56.255621913343404,56.7646598815918,97433600
2019-10-21,57.03118520017032,57.864370947488375,56.983163716549996,57.749114990234375,87247200
2019-10-22,57.905186536916496,58.1549004377134,57.535413437281406,57.6170539855957,82293600
2019-10-23,58.130888664552984,58.40461512439032,57.91958976088768,58.39020538330078,75828800
2019-10-24,58.70955335592496,58.7791876143368,58.06125423337426,58.48625183105469,69275200
2019-10-25,58.38540555436381,59.24260012348222,58.31817475144487,59.20658493041992,73477200
2019-10-28,59.408277532037836,59.84768120784419,59.24020052419486,59.799659729003906,96572800
2019-10-29,59.78045888467337,59.967745243380165,58.24374936097542,58.4166259765625,142839600
2019-10-30,58.76957895706002,58.89924097507983,57.917187665272955,58.4094123840332,124522000
2019-10-31,59.365063861542914,59.82847648047376,56.96875268058943,59.73003005981445,139162000
2019-11-01,59.91730831812791,61.45161774300314,59.82606861277858,61.425209045410156,151125200
2019-11-04,61.78778354242281,61.9126459988458,61.319571313663445,61.82860565185547,103272000
2019-11-05,61.72054454973453,61.99427467320338,61.545268167001495,61.7397575378418,79897600
2019-11-06,61.65331038805769,61.826190633565766,61.31715639057186,61.76616287231445,75864400
2019-11-07,62.31285217221587,62.700595407259684,62.16112687805122,62.479026794433594,94940400
2019-11-08,62.30081516113781,62.72227105623637,61.85768527338709,62.6500244140625,69986400
2019-11-11,62.20687552350094,63.21114775923297,62.20206153146034,63.14612579345703,81821200
2019-11-12,62.989598769693245,63.288235410018565,62.83788080237024,63.088340759277344,87388800
2019-11-13,62.88844749635185,63.76748263298455,62.8739981675004,63.69282531738281,102734400
2019-11-14,63.519410321387355,63.79155153017044,63.12203917697569,63.25209045410156,89182800
2019-11-15,63.5025824556953,64.00833114520599,63.34122912522696,64.0035171508789,100206400
2019-11-18,64.01313928749168,64.40569660274649,63.635038653115814,64.32622528076172,86703200
2019-11-19,64.51887757210454,64.54296223689062,63.91439437873861,64.13114166259766,76167200
2019-11-20,63.95053541080076,64.08057940736431,62.71265532414961,63.384578704833984,106234400
2019-11-21,63.504983523819924,63.58205151905622,62.900492919948576,63.10038757324219,121395200
2019-11-22,63.24004853424612,63.38213847508004,62.81859270394661,63.04497528076172,65325200
2019-11-25,63.26894500831201,64.16725062153702,63.2231863603436,64.150390625,84020400
2019-11-26,64.28766670605624,64.34065001699554,63.21837250317687,63.64946365356445,105207600
2019-11-27,63.96011982491394,64.53812214763184,63.89509787093036,64.50440216064453,65235600
2019-11-29,64.20580352668654,64.54296680875088,64.0372182108502,64.36234283447266,46617600
2019-12-02,64.36714012426806,64.6031580352692,63.44716783971832,63.61815643310547,94487200
2019-12-03,62.20928904177194,62.50310426103313,61.722811237581595,62.48384094238281,114430400
2019-12-04,62.87400512239632,63.41346639147771,62.780077124864164,63.03535842895508,67181600
2019-12-05,63.52905636870785,64.03480488761794,63.2737751129012,63.960140228271484,74424400
2019-12-06,64.4177276122505,65.26545336433453,64.3743722789269,65.19561004638672,106075600
2019-12-09,65.02461117015103,65.21727374488681,63.79877771559981,64.28285217285156,128042400
2019-12-10,64.68746036332061,65.04148360806178,64.02757585193183,64.65856170654297,90420400
2019-12-11,64.73803916107421,65.28954641231785,64.66338184077233,65.21006774902344,78756800
2019-12-12,64.48996866624496,65.64114490385342,64.37918804536231,65.37622833251953,137310400
2019-12-13,65.37623737672222,66.30103115854632,65.2485967405498,66.26490783691406,133587600
2019-12-16,66.7104248514686,67.62317965371567,66.70561086015303,67.39920043945312,128186000
2019-12-17,67.32939453528536,67.85922045100963,67.14394921761478,67.53169250488281,114158400
2019-12-18,67.38478014032236,67.89052873128885,67.22101616979477,67.37033081054688,116028400
2019-12-19,67.31254466282935,67.71714066290718,67.18009000136882,67.43777465820312,98369200
2019-12-20,67.96999593464518,68.07114122602003,67.08613954782287,67.2980728149414,275978000
2019-12-23,67.56056855635842,68.45646346454889,67.52203457271943,68.39625549316406,98572000
2019-12-24,68.56242581281376,68.6105951267645,68.13615604781086,68.46127319335938,48478800
2019-12-26,68.59376152611499,69.83645533824492,68.5648628664668,69.81959533691406,93121200
2019-12-27,70.11099073385043,70.79736320865955,69.38849493923185,69.7930908203125,146266000
2019-12-30,69.71120798213394,70.4890977572307,68.69008295692782,70.20732116699219,144114400
2019-12-31,69.82440364292783,70.72752343141342,69.72566166410049,70.72029876708984,100805600
2020-01-02,71.34403937841115,72.39407027941263,71.09116882440814,72.3338623046875,135480400
2020-01-03,71.56319785492231,72.3892495107853,71.40665858931894,71.63063049316406,146322800
2020-01-06,70.75401351048198,72.23994237629597,70.50354624985978,72.20140838623047,118387200
2020-01-07,72.211041164577,72.4663224088167,71.64268136784916,71.8618392944336,108872000
2020-01-08,71.56561372170107,73.31886979288494,71.56561372170107,73.01782989501953,132079200
2020-01-09,73.99320238999518,74.76145686133366,73.74274246581768,74.56879425048828,170108400
2020-01-10,74.80239504412852,75.30091887725054,74.23643856809193,74.73736572265625,140644800
2020-01-13,75.05289332956306,76.36060941838261,74.9348806434608,76.33411407470703,121532000
2020-01-14,76.27148630079421,76.48100893453174,75.18051779267843,75.30333709716797,161954400
2020-01-15,75.10342506334987,75.98245997667709,74.54950731619692,74.98059844970703,121923600
2020-01-16,75.52247441714353,76.03063354644571,75.16122656820497,75.91984558105469,108829200
2020-01-17,76.16790890123319,76.7627640392473,75.86205500785368,76.76036071777344,137816400
2020-01-21,76.38946504217743,76.83018415127219,76.10287451536945,76.24015045166016,110843200
2020-01-22,76.72423978617735,77.06381371935198,76.41838585398544,76.51231384277344,101832400
2020-01-23,76.5652710324243,76.96023147582108,76.0185779860032,76.8807601928711,104472000
2020-01-24,77.12642473209515,77.86818383448923,76.46895092458591,76.65921020507812,146537600
2020-01-27,74.67234156024762,75.08416206919466,73.42483402812097,74.40502166748047,161940000
2020-01-28,75.28406920782065,76.68089158109271,75.18532722614749,76.50990295410156,162234000
2020-01-29,78.13793790519387,78.95676515736241,77.39858197163568,78.11144256591797,216229200
2020-01-30,77.19627050016777,78.05122092954578,76.76517927864235,77.99823760986328,126743200
2020-01-31,77.29019066933044,77.71164655303768,74.24607885109228,74.5398941040039,199588400
2020-02-03,73.285136141255,75.49838164593486,72.78420907837199,74.33516693115234,173788400
2020-02-04,75.93672133535755,76.97952779146334,75.53212542449515,76.78926849365234,136616400
2020-02-05,77.91396771511286,78.21260439944355,76.81337103650588,77.41545104980469,118826800
2020-02-06,77.68518356993593,78.32338692930988,77.12886221236752,78.32097625732422,105425600
2020-02-07,77.82123085871221,78.06987612347613,76.76629893571341,77.25634765625,117684000
2020-02-10,75.84414097834794,77.62328338623047,75.76448107418051,77.62328338623047,109348800
2020-02-11,78.11816550122239,78.19058359645562,76.93769897957516,77.15496063232422,94323200
2020-02-12,77.60398368209574,78.9920538114317,77.60398368209574,78.98722839355469,113730400
2020-02-13,78.26061390209061,78.75066279160559,78.0578358133656,78.42476654052734,94747600
2020-02-14,78.3933688702963,78.69271421468866,77.93712009409066,78.4440689086914,80113600
2020-02-18,76.12899353565957,77.18875828805763,75.94794093607852,77.00770568847656,152531200
2020-02-19,77.24911404532844,78.3523297233802,77.24911404532844,78.12299346923828,93984000
2020-02-20,77.88401513292217,78.37164756799683,76.81700838375629,77.32154083251953,100566000
2020-02-21,76.91598466630131,77.35775721221363,74.95578935685651,75.57136535644531,129554000
2020-02-24,71.75960237227564,73.43011036441114,69.82113268068633,71.981689453125,222195200
2020-02-25,72.65040328612861,73.0318176639516,69.07280081018256,69.54353332519531,230673600
2020-02-26,69.16936277352076,71.9092946933909,69.16212096129591,70.6467514038086,198054800
2020-02-27,67.85851360418104,69.0413890764873,65.89348591735909,66.02867126464844,320605600
2020-02-28,62.10346116385855,67.20914325476264,61.88860853206062,65.99005126953125,426510000
2020-03-02,68.14338895911868,72.7686815326321,67.0425894386722,72.1337890625,341397200
2020-03-03,73.3069988099028,73.38665871766685,68.99311238709194,69.84285736083984,319475600
2020-03-04,71.5616425276586,73.24180855249296,70.76259766156525,73.08248138427734,219178400
2020-03-05,71.3395341562257,72.31238961864213,70.34736966221641,70.7118911743164,187572800
2020-03-06,68.0757689182747,70.20494899083147,67.88989092478414,69.77283477783203,226176800
2020-03-09,63.67018706247143,67.13191312620091,63.48913439783881,64.25438690185547,286744800
2020-03-10,66.9025682079639,69.14761776690831,65.02685833500999,68.88207244873047,285290000
2020-03-11,66.96290981260235,67.88748182990133,65.62794159632746,66.48975372314453,255598800
2020-03-12,61.78481820985721,65.17895115078981,59.86807364961435,59.9235954284668,418474000
2020-03-13,63.94537376560975,67.57366791219874,61.06301183278901,67.1029281616211,370732000
2020-03-16,58.40757727472599,62.5428168089279,57.93684117686896,58.47034454345703,322423600
2020-03-17,59.74978006097213,62.1879532458274,57.55059398806874,61.041290283203125,324056000
2020-03-18,57.881318208922394,60.35087498179023,57.24159672400037,59.547000885009766,300233600
2020-03-19,59.72081881991735,61.03646731467495,58.56691024737155,59.090755462646484,271857200
2020-03-20,59.67010772190427,60.79263606329375,55.03999095282429,55.339332580566406,401693200
2020-03-23,55.05931255400759,55.16070158535809,51.32479999006741,54.16370391845703,336752800
2020-03-24,57.05812501538411,59.79322680600636,56.56083445045727,59.59769058227539,287531200
2020-03-25,60.53193331315153,62.34245973328567,58.97488132854125,59.26939392089844,303602000
2020-03-26,59.51080620940923,62.44627067816228,59.472180756044146,62.388336181640625,252087200
2020-03-27,61.01474738694628,61.7679252857542,59.63874788584496,59.80531692504883,204216800
2020-03-30,60.529517371062305,61.68342585318123,60.206033868463194,61.512027740478516,167976400
2020-03-31,61.702735358357586,63.366001623216455,60.83368129501873,61.38649368286133,197002000
2020-04-01,59.50595387920076,60.04186986399155,57.726811528152915,58.15650939941406,176218400
2020-04-02,58.018923255417455,59.18007364013517,57.1884945265853,59.1269645690918,165934000
2020-04-03,58.6127685713981,59.31283722451452,57.68819275537644,58.277217864990234,129880000
2020-04-06,60.568131689303875,63.51566611882468,60.20120105165565,63.36117172241211,201820400
2020-04-07,65.3720644929947,65.58933353543772,62.52350615550967,62.6273078918457,202887200
2020-04-08,63.426377044606376,64.54407684795063,63.061862632351435,64.23025512695312,168895200
2020-04-09,64.86511208653789,65.19583364514321,63.899498254908295,64.69371032714844,161834800
2020-04-13,64.77097468626023,66.07214313145124,64.17229133387406,65.96350860595703,131022800
2020-04-14,67.59300658916055,69.58458624759118,67.12226663216481,69.2948989868164,194994800
2020-04-15,68.17235803124424,69.12107217268907,67.74507641878203,68.66240692138672,131154400
2020-04-16,69.3745539645896,69.57250664535655,68.16029439249986,69.2079849243164,157125200
2020-04-17,68.72515410233876,69.27072829912615,66.83496081662895,68.2688980102539,215250000
2020-04-20,67.09811926901436,67.99854979022932,66.83257389218826,66.85188293457031,130015200
2020-04-21,66.69497985985144,66.92914162387588,64.0757495798799,64.78547668457031,180991600
2020-04-22,66.05041994300701,67.08604320648949,65.7100474299754,66.65151977539062,116862400
2020-04-23,66.59597413685326,68.01542772017612,66.35457066668404,66.39319610595703,124814400
2020-04-24,66.91704122865521,68.31959472449138,66.86875759043463,68.3099365234375,126161200
2020-04-27,68.02750920842628,68.68895986495261,67.58091858862758,68.35823822021484,117087600
2020-04-28,68.81931364694016,69.00036629064134,67.1584635837108,67.25019073486328,112004800
2020-04-29,68.73483476728254,69.92736888191205,68.53205667132409,69.45904541015625,137280800
2020-04-30,69.99735834734561,71.10057413486881,69.60870223992275,70.92434692382812,183064000
2020-05-01,69.10174923798432,72.17964374552773,69.0051893150792,69.78250885009766,240616800
2020-05-04,69.80665406694762,70.89779524622708,69.11865261133845,70.76985168457031,133568000
2020-05-05,71.2285073158129,72.66244451792257,71.08366376030753,71.83201599121094,147751200
2020-05-06,72.5321011645588,73.20320267035598,72.14827044329485,72.5731430053711,142333600
2020-05-07,73.19836352852457,73.66910326152602,72.89660917840814,73.32389068603516,115215200
2020-05-08,73.98229650289032,75.1223827731926,73.65551811313698,75.06912994384766,133838400
2020-05-11,74.57773678757478,76.74414173878206,74.36956400000152,76.25035095214844,145946400
2020-05-12,76.93296121988755,77.38319101183461,75.25793117438776,75.37895965576172,162301200
2020-05-13,75.55809815483286,76.47791927324582,73.39410778103768,74.46884155273438,200622400
2020-05-14,73.70877656980059,74.98683718466037,72.98744407851115,74.92632293701172,158929200
2020-05-15,72.70180935336562,74.52933644505968,72.66791783323735,74.48334503173828,166348400
2020-05-18,75.80498930633232,76.61103581678174,75.11512542110488,76.23826599121094,135178400
2020-05-19,76.25521336264156,77.0999898949941,75.76626090152799,75.7977294921875,101729600
2020-05-20,76.65460086911052,77.34204178986873,76.61587086677298,77.2718505859375,111504800
2020-05-21,77.13387754437865,77.67366726497515,76.4585365069764,76.69575500488281,102688800
2020-05-22,76.43432834001963,77.27185079219365,76.33266854723075,77.1895523071289,81803200
2020-05-26,78.30541740950063,78.48453717513182,76.61101888750217,76.66669464111328,125522000
2020-05-27,76.52389490649263,77.1459757123096,75.7856167074525,77.00074005126953,112945200
2020-05-28,76.67639044487011,78.29091382648822,76.4004493161322,77.03463745117188,133560800
2020-05-29,77.2767040924692,77.736610955793,76.60378586836536,76.95960998535156,153532400
2020-06-01,76.91359380175058,78.02705721931588,76.78288098389504,77.9060287475586,80791200
2020-06-02,77.6397816394303,78.29091555107586,77.1992361328535,78.26670837402344,87642800
2020-06-03,78.58619617453675,78.95896587901703,78.0149380337886,78.69754028320312,104491200
2020-06-04,78.52084258385524,78.81856784791002,77.64701331974175,78.01978302001953,87560400
2020-06-05,78.26914190101967,80.30241946972693,78.24009623942295,80.24190521240234,137250400
2020-06-08,79.9393002955481,80.75019247995644,79.23007527095147,80.71630096435547,95654400
2020-06-09,80.39681304328083,83.6573136410901,80.36534445233356,83.26518249511719,147712400
2020-06-10,84.21161714524366,85.87454732273147,83.77349462695621,85.40737915039062,166651600
2020-06-11,84.55292316229209,84.97652287764004,81.20527837641917,81.30693817138672,201662400
2020-06-12,83.44188410385023,84.18741636682982,80.90028576320306,82.00890350341797,200146000
2020-06-15,80.66549938713932,83.67426627857331,80.50331793854433,83.02313232421875,138808800
2020-06-16,85.07332981023045,85.49451390772815,83.44186840333514,85.22340393066406,165428800
2020-06-17,85.96651946571197,86.02703369979835,84.9837688951085,85.10479736328125,114406400
2020-06-18,85.06125001022909,85.55504835135272,84.53114459703605,85.13871002197266,96820400
2020-06-19,85.84307640546994,86.30782159170373,83.5459510308644,84.65215301513672,264476000
2020-06-22,85.04429286253834,87.00979422869749,84.99830144840965,86.86698150634766,135445200
2020-06-23,88.1087417587427,90.13718045697547,87.68998051908838,88.72114562988281,212155600
2020-06-24,88.35080675031271,89.26820486684538,86.78227469992099,87.15504455566406,192623200
2020-06-25,87.3099530977363,88.35079512662277,86.55231359048508,88.31206512451172,137522400
2020-06-26,88.20798383985682,88.42825657527817,85.45095132716905,85.5986099243164,205256800
2020-06-29,85.50661981464565,87.66577111516035,85.02976731524565,87.57136535644531,130646000
2020-06-30,87.15988924218063,88.58803158175118,87.14052793069565,88.30239868164062,140223200
2020-07-01,88.37984062385425,88.92204587845694,88.08695375546539,88.13536071777344,110737200
2020-07-02,89.04065881814572,89.67484690422407,88.02160103220285,88.13536071777344,114041600
2020-07-06,89.56109054157537,90.96017971455592,89.52962194946613,90.49301147460938,118655600
2020-07-07,90.87062222466152,91.64762315168353,90.10088271239697,90.21222686767578,112424400
2020-07-08,91.18772214628044,92.34475442259624,91.10057777662374,92.31328582763672,117092000
2020-07-09,93.20403412942578,93.2572869587544,91.66455533300416,92.71024322509766,125642800
2020-07-10,92.30602397781523,92.93053523193312,91.6960429410668,92.8724365234375,90257200
2020-07-13,94.1746987408597,96.7792345052281,92.23098126624099,92.4439926147461,191649200
2020-07-14,91.82674120591236,94.16501274371473,90.89482765300735,93.97379302978516,170989200
2020-07-15,95.84488685944433,96.09420527190387,93.42431687945134,94.62007904052734,153198000
2020-07-16,93.49449476804814,94.31022548870118,92.8578838224014,93.45576477050781,110577600
2020-07-17,93.90601706451432,94.06092970486094,92.79496892260524,93.26698303222656,92186800
2020-07-20,93.35410319288373,95.37043425049221,93.0103790882021,95.23246002197266,90318000
2020-07-21,96.02158177786353,96.09661884897764,93.66878769091768,93.91810607910156,103433200
2020-07-22,93.62037185613211,94.86212529718233,93.53323489247579,94.18194580078125,89001600
2020-07-23,93.91568941051719,93.99314942038049,89.08665688068213,89.89512634277344,197004400
2020-07-24,88.09663844239333,90.01614846898383,86.31267234298356,89.67242431640625,185438800
2020-07-27,90.73262697532834,91.88965891007823,90.50993871626743,91.79767608642578,121214000
2020-07-28,91.36923715007886,91.54594138277622,90.28481935549645,90.28966522216797,103625600
2020-07-29,90.77137079362801,92.20435141750036,90.73506372270917,92.0203857421875,90329200
2020-07-30,91.19497870904048,93.2379404686909,90.78832470426487,93.13385772705078,158130000
2020-07-31,99.61614157613516,103.03398529349649,97.6215868383854,102.8839111328125,374336800
2020-08-03,104.76226254133908,108.09054616095987,104.4645371706777,105.47633361816406,308151200
2020-08-04,105.6651349105181,107.26997389606046,104.94380243901392,106.18071746826172,173071600
2020-08-05,105.9023409518437,106.88509160009556,105.43758834706337,106.5655746459961,121776800
2020-08-06,106.89719478834881,110.77736760867772,106.30899814130089,110.2835693359375,202428800
2020-08-07,109.80587577731004,110.26176460572711,106.98082882286342,107.77620697021484,198045600
2020-08-10,109.21903076531765,110.35875275642206,106.69710077257369,109.34270477294922,212403600
2020-08-11,108.60794885006547,109.10505737675727,105.83139636601508,106.09086608886719,187902400
2020-08-12,107.17966637873178,109.87377217439806,106.98567459916234,109.61672973632812,165598000
2020-08-13,110.99406946976315,112.55815472074357,110.50665541102485,111.55665588378906,210082000
2020-08-14,111.38208013380518,111.54697388434195,109.65067355223327,111.4572525024414,165565200
2020-08-17,112.57755010556633,112.60180092329254,110.54060722184437,111.1662368774414,119561600
2020-08-18,110.91891544512356,112.51694618501556,110.58427334354063,112.09258270263672,105633600
2020-08-19,112.49999013808184,113.64455957563473,112.13867724751783,112.23324584960938,145538000
2020-08-20,112.27444044495672,114.8375973733061,112.2574641314498,114.72362518310547,126907200
2020-08-21,115.68148161330981,121.1181872782855,115.66935990258521,120.63562774658203,338054800
2020-08-24,124.83315898862654,124.91804055011356,120.21609046422509,122.07843780517578,345937600
2020-08-25,120.95330633788029,121.42131690614454,119.35769534098384,121.07697296142578,211495600
2020-08-26,122.39128067814039,123.17938430241111,121.32673099966804,122.72349548339844,163022400
2020-08-27,123.32486945527224,123.65708422717836,120.11425182681509,121.25640106201172,155552400
2020-08-28,122.22881796842402,122.64590698975564,120.83690796249397,121.06000518798828,187630000
2020-08-31,123.74923681098468,127.06654483126823,122.21667670793738,125.16539001464844,225702700
2020-09-01,128.7737011544299,130.75245576113278,126.61066398001222,130.15106201171875,151948100
2020-09-02,133.45869190086984,133.83698109172641,123.18667288708147,127.45455169677734,200119000
2020-09-03,123.09935930505591,124.97140134269283,116.8818246649217,117.25041198730469,257599600
2020-09-04,116.46473461185484,119.98573625952378,107.56037630423063,117.32801055908203,332607200
2020-09-08,110.5284785969539,115.4171459794859,109.29661549435876,109.43241119384766,231366600
2020-09-09,113.7391061983007,115.56265389882519,111.79915900187885,113.79730224609375,176940500
2020-09-10,116.74601936225844,116.88181506989982,109.12202651754133,110.0822982788086,182274400
2020-09-11,111.12987875287997,111.77006490232608,106.69709954942977,108.63704681396484,180860300
2020-09-14,111.27537379227499,112.44904097306566,109.41302623599448,111.89615631103516,140150100
2020-09-15,114.77699796976391,115.26198485471991,110.19872059172918,112.07077026367188,184642000
2020-09-16,111.77005407703663,112.51693044540818,108.67583612168845,108.76313018798828,154679000
2020-09-17,106.42550707639862,108.83103751673956,105.44583164529507,107.02688598632812,178011000
2020-09-18,107.08510787884254,107.55069115379253,102.90451581240214,103.63199615478516,287104900
2020-09-21,101.4010416835348,106.88139403880808,100.00427732246104,106.77469635009766,195713800
2020-09-22,109.29663089711133,109.47122644967507,105.8823269140235,108.45275115966797,183055400
2020-09-23,108.26845317272523,108.74373815268274,103.56407541081022,103.90357208251953,150718700
2020-09-24,102.01210567459113,106.93957256285897,101.84721196462759,104.97052764892578,167743300
2020-09-25,105.17424100477153,109.0638373334494,104.43705897382922,108.90863800048828,149981400
2020-09-28,111.55667272467461,111.85736219121794,109.39362820642745,111.50817108154297,137672400
2020-09-29,111.11048577797068,111.84766043177646,110.15990833447874,110.66429138183594,99382200
2020-09-30,110.37329816208843,113.73910777869786,110.2084044241761,112.3326416015625,142675200
2020-10-01,114.10770215411938,114.18530182393523,112.35205217632898,113.2832260131836,116120400
2020-10-02,109.50030229467706,111.90583970936628,108.85042185856183,109.62639617919922,144712000
2020-10-05,110.48967219608369,113.1473972075224,110.14048118432564,113.00189971923828,106243800
2020-10-06,112.22594105943094,112.63333559022071,108.87953514429641,109.76221466064453,161498200
2020-10-07,111.17839334850785,112.08046922763401,110.70310088509402,111.62458038330078,96849000
2020-10-08,112.75944080327828,112.90493833599005,111.14928093514196,111.51787567138672,83477200
2020-10-09,111.8185743074938,113.48693036528995,111.46938316049868,113.45783233642578,100506900
2020-10-12,116.45500722046732,121.42127382838584,115.69842913182757,120.6646957397461,240226800
2020-10-13,121.50860234126793,121.62500184957032,116.05735487456657,117.46381378173828,262330500
2020-10-14,117.36680433445795,119.33584953717633,116.02824344500344,117.55110168457031,150712000
2020-10-15,115.15527990408137,117.56081055796655,114.60239518602361,117.08552551269531,112559200
2020-10-16,117.63842435040979,117.90032142742069,115.24258781782645,115.44628143310547,115393800
2020-10-19,116.35803418573154,116.80422116143153,112.18715207359088,112.49754333496094,120639300
2020-10-20,112.71094256212962,115.4074757022461,112.15805784138063,113.98161315917969,124423700
2020-10-21,113.16684064497652,115.14558807058964,112.95344522648205,113.36083984375,89946000
2020-10-22,113.92340448698165,114.49569279996962,111.14927920105526,112.27445220947266,101988000
2020-10-23,112.89523260157101,113.05043193781697,110.84858760677534,111.58576965332031,82572600
2020-10-26,110.58671585421544,113.05045021305911,109.49064071564872,111.59548950195312,111850700
2020-10-27,112.02225141814819,113.75850508779021,111.10077943831497,113.09892272949219,92276800
2020-10-28,111.5954574737689,111.9640447506843,107.76405759395712,107.86105346679688,143937800
2020-10-29,108.99592666867332,113.41900353400632,108.83102554669962,111.85734558105469,146129200
2020-10-30,107.72524718795079,108.62732277738229,104.48553947126106,105.59130859375,190272600
2020-11-02,105.8338155489353,107.35667373960923,104.09756199136386,105.50402069091797,122866900
2020-11-03,106.36731546450528,108.14236164402186,105.46523966166725,107.12389373779297,107624400
2020-11-04,110.71279021468385,112.11924902667879,108.97653651830575,111.49846649169922,138235500
2020-11-05,114.40839736997158,116.0282591074031,113.3608313760952,115.45597076416016,126387100
2020-11-06,114.96527887670223,115.8203256136095,112.83736946099638,115.32479095458984,114457900
2020-11-09,117.08347300114552,118.53122507296646,112.7596464655049,113.02198791503906,154515300
2020-11-10,112.27383288243148,114.25598657554706,110.8940882741732,112.68192291259766,138023400
2020-11-11,113.86734286251138,116.23815709626824,113.13860742972919,116.10212707519531,112295000
2020-11-12,116.22843412444456,117.11262917137141,115.2082016572188,115.8300552368164,103162300
2020-11-13,116.05355128357041,116.27702600238625,114.52806537956721,115.87865447998047,81581900
2020-11-16,115.54827474511946,117.55958400464418,114.80010971790968,116.88915252685547,91183000
2020-11-17,116.16041093814378,117.24865091924097,115.5871353083196,116.00494384765625,74271000
2020-11-18,115.24706694247119,116.42275908285534,114.65436159878705,114.68350982666016,76322100
2020-11-19,114.25595946501045,115.6842816447608,113.49807604222319,115.27619171142578,74113000
2020-11-20,115.27620565626937,115.40251710432108,113.96448361868471,114.0130615234375,73604300
2020-11-23,113.85758770837712,114.28511473034199,110.52483843743296,110.62200164794922,127959300
2020-11-24,110.68030932430327,112.56529939521855,109.39772821414678,111.90457916259766,113874200
2020-11-25,112.27384022721371,113.43981393627315,111.90460953598352,112.74022674560547,76499200
2020-11-27,113.26491785124114,114.15883152801634,112.92484280171581,113.28434753417969,46691300
2020-11-30,113.65356330256418,117.54015173092947,113.49809620715159,115.67459106445312,169410200
2020-12-01,117.57903133531022,119.96928259001577,116.60738412219025,119.24054718017578,127728200
2020-12-02,118.56037345602128,119.87210294466338,117.4624149241799,119.59032440185547,89004200
2020-12-03,120.01785729073868,120.270487635051,118.74500184780301,119.45430755615234,78967600
2020-12-04,119.12393425897255,119.3765645833526,118.07455360054387,118.78385925292969,78260400
2020-12-07,118.84217384185906,121.03809872222877,118.78387737852155,120.24134826660156,86712000
2020-12-08,120.84375871454999,121.43646406909802,119.60004413555974,120.85346984863281,82225500
2020-12-09,120.99921619827668,122.37895334699282,117.56930300737729,118.32718658447266,115089200
2020-12-10,117.08347755039478,120.35793100204793,116.74340254220034,119.74578857421875,81312200
2020-12-11,118.95875310526962,119.27939842297663,117.13205925122674,118.93932342529297,86939800
2020-12-14,119.12393693642923,119.85267228564851,118.09399334838469,118.32718658447266,79184500
2020-12-15,120.81460994707473,124.27367903878984,120.6105649235341,124.25424194335938,157243700
2020-12-16,123.79756533721344,124.73033828648967,122.97165933994127,124.18621826171875,98208600
2020-12-17,125.24531371153455,125.90604149372504,124.40969655609783,125.05098724365234,94359800
2020-12-18,125.30360828671483,125.43963827870924,122.54412684965975,123.06881713867188,192541500
2020-12-21,121.4752982424318,124.67201759263763,119.94981282977581,124.59428405761719,121251600
2020-12-22,127.87844404273568,130.59905822032985,125.97400967057341,128.1407928466797,168904800
2020-12-23,128.41291444129263,128.67524854504595,127.07203638412913,127.24694061279297,88223700
2020-12-24,127.59672197110412,129.67604646021374,127.38295839338778,128.22828674316406,54930100
2020-12-28,130.19097883452193,133.44598718799116,129.7245776284665,132.81442260742188,124486200
2020-12-29,134.135849925918,134.8548591025245,130.53103360723338,131.04600524902344,121047300
2020-12-30,131.7359140805847,132.13429294527648,129.61771571736733,129.92864990234375,96452100
2020-12-31,130.27841448791915,130.91970498226274,127.98532727499882,128.92782592773438,99116600
2021-01-04,129.73433819675842,129.82178288641367,123.1660010540864,125.7408676147461,143301900
2021-01-05,125.23557674034254,128.00477652137644,124.78861261288198,127.29546356201172,97664900
2021-01-06,124.09877604874403,127.33436285992687,122.79676500387103,123.01052856445312,155088000
2021-01-07,124.72064653214206,127.89793731653697,124.23482288794177,127.20806121826172,109578200
2021-01-08,128.67520026141898,128.86954151504634,126.53757990692247,128.3059844970703,105158200
2021-01-11,125.5271038877366,126.47931399049689,124.85666494889938,125.32305145263672,100384500
2021-01-12,124.85665810373773,126.01292057820679,123.26315737935117,125.14815521240234,91951100
2021-01-13,125.10925836684517,127.72299108513502,124.84692436009828,127.17887115478516,88636800
2021-01-14,127.09145562889725,127.28578210198899,125.1092870553467,125.25504302978516,90221800
2021-01-15,125.12871800814145,126.52789226757409,123.39918727805356,123.53521728515625,111598500
2021-01-19,124.15705738304294,125.06069683837403,123.340877429049,124.20564270019531,90757300
2021-01-20,125.01209934367105,128.7335089174472,124.90521758681017,128.2865447998047,104319500
2021-01-21,130.00638521290585,135.7099489572785,129.80233279797613,132.9893341064453,120150900
2021-01-22,132.41607964346215,135.88486727485233,131.19180950505606,135.12698364257812,114459400
2021-01-25,139.01355380816258,140.97627022018892,132.6686847833474,138.8677978515625,157611700
2021-01-26,139.52852500725305,140.20867499016745,137.36174136904043,139.1009979248047,98390600
2021-01-27,139.36334793740457,140.20869106595407,136.42898412808006,138.03219604492188,140843800
2021-01-28,135.564189064389,137.96415826033868,132.8241374993332,133.2030792236328,142621100
2021-01-29,131.97883669271752,132.86303917443942,126.51818434944722,128.21856689453125,177523800
2021-02-01,129.95777399701672,131.54156320206033,127.2177225988055,130.3367156982422,106239800
2021-02-02,131.8816527763116,132.4452098565485,130.79341280132044,131.1626434326172,83305400
2021-02-03,131.9108002272906,131.92052618668296,129.82176496768204,130.1424102783203,89880900
2021-02-04,132.43547630144383,133.50427900274144,130.77395356806818,133.49456787109375,84183100
2021-02-05,133.6551792335879,133.7232884555335,132.20525610000038,133.08103942871094,75693800
2021-02-08,132.37068818260687,133.27567819524438,131.29054743428753,133.22702026367188,71297200
2021-02-09,132.94478730279516,134.17090160726997,132.19551172596402,132.3511962890625,76774200
2021-02-10,132.80855342312873,133.3048434386966,130.78450562896475,131.7478790283203,73046600
2021-02-11,132.24416393424985,132.72098784651604,130.17147291387968,131.49488830566406,64280000
2021-02-12,130.73587365349886,131.88412349618312,130.09362466607496,131.72842407226562,60145100
2021-02-16,131.8452173347529,132.35121823326722,129.21783758857316,129.60708618164062,80576300
2021-02-17,127.7192714814344,128.66317890424816,125.98715607320858,127.32029724121094,97918500
2021-02-18,125.7243978338029,126.50288006540657,123.98255701846796,126.22068786621094,96856700
2021-02-19,126.73639944443335,127.19375709134722,125.33513472608534,126.3763427734375,87668800
2021-02-22,124.56640502266376,126.23041094448011,122.22124015432108,122.61048126220703,103916400
2021-02-23,120.43073670834654,123.30137584564321,115.20519230196524,122.4742431640625,158273000
2021-02-24,121.5790071569596,122.18232386351377,118.94190941685854,121.97797393798828,111039900
2021-02-25,121.32598240071049,123.05809741548158,117.29735317502876,117.73524475097656,148199500
2021-02-26,119.29220956982277,121.49141551253575,117.93960247752109,117.99799346923828,164560400
2021-03-01,120.42100448300808,124.48855870917815,119.48683030882653,124.35232543945312,116307900
2021-03-02,124.95564701355688,125.25730532990295,121.64710890595583,121.754150390625,102260900
2021-03-03,121.4525043304613,122.32829506323422,118.5623986243893,118.77648162841797,112966300
2021-03-04,118.47480719948628,120.27503892466773,115.42900990064756,116.89838409423828,178155000
2021-03-05,117.72552038212189,118.65969453198089,114.40724922583529,118.15367889404297,153766600
2021-03-08,117.67688317068041,117.74499981575629,113.08385389082869,113.22982025146484,154376600
2021-03-09,115.82799855607841,118.77648799430868,115.59445682287465,117.83258056640625,129525800
2021-03-10,118.41643235397203,118.88351576641335,116.23668501538924,116.75243377685547,111943300
2021-03-11,119.2435449798976,119.89551948779854,117.99797952475683,118.67914581298828,103026500
2021-03-12,117.16111263936789,117.9103955487277,115.95447204511132,117.77416229248047,88105100
2021-03-15,118.14395874848536,120.6642817142442,117.18058534747087,120.65454864501953,92403800
2021-03-16,122.31854732264155,123.79766203262986,121.36491441345117,122.19204711914062,115227900
2021-03-17,120.71293209328559,122.47423888090718,119.04892629520441,121.4038314819336,111932600
2021-03-18,119.57441725151209,119.86634995731801,117.08328587882134,117.28763580322266,121229700
2021-03-19,116.67457827406234,118.16341864155612,116.46049529392347,116.76215362548828,185549500
2021-03-22,117.0930131834112,120.5377847911862,117.024896545298,120.07069396972656,111912300
2021-03-23,120.01230226774646,120.89781850320577,118.85431207414345,119.2435531616211,95467100
2021-03-24,119.51603814694975,119.59388786129526,116.84001546562122,116.8594741821289,88530500
2021-03-25,116.32426633816141,118.38723908571315,115.79879193762964,117.34601593017578,98844700
2021-03-26,117.11243712548251,118.21204350244749,115.72090556792017,117.94930267333984,94071200
2021-03-29,118.37751194468804,119.28249444245718,117.48226251708941,118.12450408935547,80819200
2021-03-30,116.87891042664381,117.16111000084517,115.66253679171842,116.674560546875,85671900
2021-03-31,118.3774946900482,120.19718506636265,117.89094519064328,118.86404418945312,118323800
2021-04-01,120.33341860340158,120.83942678607517,119.19488720011346,119.69116973876953,75089100
2021-04-05,120.53777850848313,122.7661761594041,119.75929632134557,122.51316833496094,88651200
2021-04-06,123.09703422020135,123.71008397089403,122.26990148299974,122.81483459472656,80171300
2021-04-07,122.4450511751175,124.47882455845117,121.7736104771957,124.45936584472656,83466700
2021-04-08,125.48111439308595,126.88237934347556,125.06268894589843,126.85318756103516,88844600
2021-04-09,126.3082809200934,129.46111286986317,125.98715639774359,129.4221954345703,106686700
2021-04-12,128.95503774511434,129.27616208263035,127.1158818835641,127.70947265625,91420000
2021-04-13,128.87723269707828,131.0375136441806,128.38094270892825,130.81369018554688,91266500
2021-04-14,131.3099933958929,131.36837696548068,128.1182295730411,128.478271484375,87222800
2021-04-15,130.22013564136392,131.36838551347583,130.04497007288896,130.8818359375,89347100
2021-04-16,130.6871976204425,131.04723949609195,129.69463249088383,130.55096435546875,84922400
2021-04-19,129.91843832937323,131.82571884662076,129.75301328602865,131.21266174316406,94264200
2021-04-20,131.38782793049364,131.88410306298763,128.26417368348118,129.52920532226562,94812300
2021-04-21,128.7993896114448,130.15199668398512,127.76790700410929,129.90872192382812,68847100
2021-04-22,129.46110142550572,130.54124205126504,127.87495994409139,128.3907012939453,84566500
2021-04-23,128.60475261832673,131.4851170121257,128.60475261832673,130.70664978027344,78657500
2021-04-26,131.20294297565732,131.426751593288,129.9671030596472,131.0959014892578,66905100
2021-04-27,131.37809693084532,131.76734545845767,130.5023137282654,130.7747802734375,66015800
2021-04-28,130.69691506905932,131.38782184344353,129.50000754125335,129.98655700683594,107760100
2021-04-29,132.7988386951313,133.38270410909877,128.88697605750357,129.88926696777344,151101000
2021-04-30,128.23498319758693,129.96709820494203,127.54409123252586,127.92359924316406,109839500
2021-05-03,128.48799878924353,130.46340362512916,128.28365629304724,128.97454833984375,75135100
2021-05-04,127.66086791309522,127.95280060042849,123.29164779323206,124.41071319580078,137564700
2021-05-05,125.72440711319194,126.94078104975206,124.52749931714487,124.65400695800781,84000900
2021-05-06,124.44963872166365,126.2596035749363,123.71008135413715,126.2498779296875,78128300
2021-05-07,127.54628780481441,127.94592476658238,126.21086763240989,126.92244720458984,78973300
2021-05-10,126.1426633359984,126.26937098545628,123.60830211734293,123.64729309082031,88071200
2021-05-11,120.38186236478138,123.08192191649415,119.67029018955704,122.73101806640625,126142800
2021-05-12,120.284401882613,121.49309231644543,119.16343556175418,119.67030334472656,112172300
2021-05-13,121.43459040557941,122.96495055227784,121.12267010296466,121.81474304199219,105861300
2021-05-14,123.062455275704,124.66104815919542,122.67255293995203,124.2321548461914,81918000
2021-05-17,123.61804098125864,123.72526428981506,122.00969878967952,123.08192443847656,74244600
2021-05-18,123.3646094337638,123.78375308679564,121.62955208202142,121.69778442382812,63342900
2021-05-19,120.05045503106065,121.76601312715728,119.75802646818856,121.54182434082031,92612000
2021-05-20,122.06818662946591,124.49531683623646,121.94146411990351,124.09566497802734,76857100
2021-05-21,124.59280216593018,124.76825782596866,122.04869881375613,122.26314544677734,79295400
2021-05-24,122.82849985689472,124.70977148763245,122.76026751533502,123.89097595214844,63092900
2021-05-25,124.59279202902988,125.08017543327662,123.1306641265909,123.6960220336914,72009500
2021-05-26,123.75451640869117,124.17366007761332,123.22814942189817,123.64729309082031,56575900
2021-05-27,123.24763627844212,124.41733561849655,121.92197306010468,122.1169204711914,94625600
2021-05-28,122.39960530367183,122.62380153028337,121.405361560534,121.4638442993164,71311100
2021-06-01,121.92199367561527,122.18517346875952,120.81077688364034,121.1421890258789,67637100
2021-06-02,121.14216055572481,122.07792145343016,120.9179717914318,121.9024658203125,59278900
2021-06-03,121.5320769508381,121.69778300232346,120.02120840977952,120.42086029052734,76229200
2021-06-04,120.93746163646239,122.97469686847107,120.72301503974921,122.71150970458984,75169300
2021-06-07,122.98444744531308,123.1306617200527,121.67828344764422,122.72126770019531,71057600
2021-06-08,123.4035896495703,125.21663622404847,123.02343700167279,123.54005432128906,74403800
2021-06-09,123.99818609803275,124.52455300706954,123.32560491924683,123.92020416259766,56877900
2021-06-10,123.81298472926724,124.95345011953233,122.76025831506651,122.92596435546875,71186400
2021-06-11,123.33537009563992,124.22239799050632,122.91622643570359,124.1346664428711,53522400
2021-06-14,124.5927795199969,127.24409827001125,123.86171564217574,127.18561553955078,96906500
2021-06-15,126.65928038857137,127.30262029411195,126.1231638006209,126.36685180664062,62746300
2021-06-16,127.07839160028391,127.58526671760069,125.21662690472674,126.86394500732422,91815000
2021-06-17,126.52282306860805,129.20339129093645,126.37660133235921,128.4625701904297,96721700
2021-06-18,127.40982566701065,128.18961527761795,126.95169109033546,127.1661376953125,108953300
2021-06-21,127.01018237446559,129.06690958900398,125.9477063159808,128.95968627929688,79663300
2021-06-22,128.79399242175575,130.69475593415476,128.2968593599112,130.59727478027344,74783600
2021-06-23,130.3925806003398,130.92869718078555,129.86620618552573,130.3243408203125,60214200
2021-06-24,131.0554073186903,131.240612583958,129.57378007008424,130.0416717529297,68711000
2021-06-25,130.09039090512184,130.50952706925113,129.45679326652197,129.7492218017578,70783700
2021-06-28,130.04163948891443,131.83517920756188,129.9831567614525,131.37704467773438,62111300
2021-06-29,131.39657011097157,133.04390333984907,130.95793469390316,132.887939453125,64556100
2021-06-30,132.73196707347742,133.9406648079474,132.43953852296474,133.5020294189453,63261400
2021-07-01,133.15111722207564,133.86268195374564,132.3323143115352,133.80419921875,52485800
2021-07-02,134.41828334809892,136.46526832234767,134.27207651002422,136.42628479003906,78852600
2021-07-06,136.53348691022637,139.53570925876045,136.53348691022637,138.4342498779297,108181800
2021-07-07,139.91589835234652,141.2318195282519,139.0581266890823,140.91990661621094,104911600
2021-07-08,138.00539740279086,140.422778328839,137.11836946520646,139.6234893798828,105575500
2021-07-09,139.1458433075578,141.97261806281588,139.04836216143113,141.44625854492188,99890800
2021-07-12,142.51851727809614,142.6257406086967,140.36430849913495,140.8516845703125,76299700
2021-07-13,140.3934939298509,143.7369001800956,140.00359917768813,141.9628448486328,100827100
2021-07-14,144.3607994842305,145.79368633580276,143.95139049217775,145.38427734375,127050800
2021-07-15,145.4720070192926,146.21281325196273,143.37628110522587,144.73118591308594,106820300
2021-07-16,144.71163648718607,145.97880173322068,142.19677544564345,142.6938934326172,93251400
2021-07-19,140.1205738932986,140.43250161447835,138.09308832622733,138.8533935546875,121434600
2021-07-20,139.83792120496685,143.38601770583355,139.35054523026795,142.45999145507812,96350000
2021-07-21,141.8556653977963,142.4405225803077,140.97839449756518,141.72894287109375,74993500
2021-07-22,142.25527975346566,144.45821346206498,142.1285572602189,143.09356689453125,77338200
2021-07-23,143.82464898024415,144.9651069434816,143.2105505102186,144.80914306640625,71447400
2021-07-26,144.5264945756414,146.04710543551434,143.9708787526298,145.2283172607422,72434100
2021-07-27,145.35498894389306,145.44272791296905,141.87513262554674,143.0643310546875,104818600
2021-07-28,141.1537977724019,143.25926511063363,138.9411071473103,141.3195037841797,118931200
2021-07-29,141.0368336570977,142.8498725143642,140.92961036922324,141.9628448486328,56699500
2021-07-30,140.73464833039165,142.63541107782987,140.47146121966023,142.17727661132812,70440600
2021-08-02,142.6646588267022,143.23975875771586,141.58268384916155,141.8458709716797,62880000
2021-08-03,142.12859665195967,144.30228959895823,141.51449808960257,143.63946533203125,64786600
2021-08-04,143.55170433223327,144.05856456840556,142.5866946784069,143.23977661132812,56368300
2021-08-05,143.2690181917266,144.10730535100612,142.47947159810346,143.3470001220703,46397700
2021-08-06,142.86866162914254,143.6105775396916,142.16578765248929,142.6636505126953,54126800
2021-08-09,142.72225212556916,143.21035833317768,142.05843483321482,142.6148681640625,48908700
2021-08-10,142.95653516321173,144.19632898598317,141.84365370926938,142.1365203857422,69023100
2021-08-11,142.57578725696132,143.22984760890972,142.06815276895088,142.3903045654297,48493500
2021-08-12,142.71252601119096,145.50449471411517,142.37084563416195,145.34829711914062,72282600
2021-08-13,145.42634081402107,145.88516176552068,144.74299521470792,145.55325317382812,59375000
2021-08-16,145.00659283395282,147.59356480078714,142.9858407795006,147.5252227783203,103296000
2021-08-17,146.65636676617194,148.07187159409528,145.5434853619502,146.61732482910156,92229700
2021-08-18,146.23660593235846,147.134719463398,142.67342208980006,142.87843322753906,86326000
2021-08-19,141.58005455752308,144.4794059910355,141.06266328178802,143.2103271484375,86960300
2021-08-20,143.9327728785443,144.96755574158394,143.288469055807,144.66493225097656,60549600
2021-08-23,144.78200635446908,146.61728977008812,144.37199908209297,146.14871215820312,60131800
2021-08-24,145.89492826143862,147.27139120779157,145.60206158624175,146.06088256835938,48606400
2021-08-25,146.24636116832204,146.74423897086186,144.28417982272728,144.8308563232422,58991300
2021-08-26,144.82110951404735,145.57278230599707,144.00107981111,144.03036499023438,48597200
2021-08-27,143.97180225819312,145.2115961914639,143.33727014912955,145.06517028808594,55802400
2021-08-30,145.45562564226032,149.83882401907485,145.07490345956626,149.4776153564453,90956700
2021-08-31,149.02861147557854,149.1652806367618,147.6911901527622,148.21835327148438,86453100
2021-09-01,149.1945515081308,151.2934023311897,148.71620204197066,148.8821563720703,80313700
2021-09-02,150.20977826854366,151.03956466217258,148.77474502994417,149.99501037597656,71115500
2021-09-03,150.10238418360416,150.9516989362315,149.44832378980732,150.62954711914062,57808700
2021-09-07,151.2836211735212,153.51914078415754,150.71741625258127,152.96270751953125,82278300
2021-09-08,153.24583117728486,153.30440154284446,150.31719373274197,151.42031860351562,74420200
2021-09-09,151.79127971049815,152.3965266648195,150.28790419091163,150.40505981445312,57305700
2021-09-10,151.31292061025323,151.7814983871202,145.1627795675759,145.42636108398438,140893200
2021-09-13,147.04689552955006,147.81809686029018,145.21161123932484,145.99258422851562,102404300
2021-09-14,146.77353720711707,147.4764113119793,143.41536423851278,144.59657287597656,109296300
2021-09-15,145.02608811276684,145.88515965134906,142.88818092204215,145.4849090576172,83281300
2021-09-16,144.90896023332135,145.42635157507343,143.71798000246844,145.25062561035156,68034100
2021-09-17,145.27994241453277,145.27994241453277,142.29271983680104,142.58558654785156,129868800
2021-09-20,140.37933813407227,141.3945924183066,137.90952209387459,139.539794921875,123478900
2021-09-21,140.50624891873463,141.16032435989862,139.38361057442205,140.0181427001953,75834000
2021-09-22,141.0138481925674,142.94674416241062,140.28168904837355,142.38055419921875,76404300
2021-09-23,143.16156952123504,143.58134867828787,142.17560017364323,143.33729553222656,64838200
2021-09-24,142.19507259526048,143.96201429353556,142.09744541695585,143.4250946044922,53477900
2021-09-27,142.00959923062172,142.48794860245857,140.39885495340664,141.91197204589844,74150700
2021-09-28,139.8424227657557,141.30674132874793,138.31953384357482,138.5343017578125,108972300
2021-09-29,139.08098176355122,141.013878143942,138.65144592439347,139.4324188232422,74602000
2021-09-30,140.24265523549735,140.94552924628812,137.91926531672686,138.134033203125,89056700
2021-10-01,138.52450892126643,139.5202495626883,135.80088336468526,139.2566680908203,94639600
2021-10-04,138.38782541869764,138.82713279141288,134.980854637217,135.8301544189453,98322000
2021-10-05,136.17185207930245,138.8564357660988,136.04493972017434,137.75331115722656,80861100
2021-10-06,136.15234566592073,138.76858776803195,135.07850605934124,138.62216186523438,83221100
2021-10-07,139.65696027730579,140.7893703718494,139.32505159657362,139.88148498535156,61732700
2021-10-08,140.60385709315267,140.7502829805711,139.16882381318146,139.500732421875,58773200
2021-10-11,138.88572424122802,141.36529686032225,138.43666004151856,139.41287231445312,64452200
2021-10-12,139.82291608395988,139.8424445053315,137.68500826630617,138.14382934570312,73035900
2021-10-13,137.88022678873125,138.0364094315763,135.88874541033104,137.55807495117188,78762700
2021-10-14,138.72957195503378,140.457472412584,138.1438384418846,140.34031677246094,69907100
2021-10-15,140.35005282323274,141.45316264244676,140.0962280805495,141.39459228515625,67940300
2021-10-18,140.03765490452832,143.34701408719482,139.7545598847163,143.0639190673828,85589200
2021-10-19,143.51295730034732,145.62157933226285,143.06390800766076,145.22132873535156,76378900
2021-10-20,145.1627504339508,146.1877762179813,144.5965455732881,145.7094268798828,58418800
2021-10-21,145.2701339545865,146.08039186170322,144.35249211048287,145.9241943359375,61421000
2021-10-22,146.12922747617256,146.6075619891813,145.1042015405824,145.15301513671875,58883400
2021-10-25,145.14324421012236,145.8168331110648,144.10846150842693,145.1042022705078,50720600
2021-10-26,145.77776213009912,147.25183711393476,145.465367092144,145.76800537109375,60893400
2021-10-27,145.80706700277705,146.16826078037482,144.95776708428832,145.3092041015625,56094900
2021-10-28,146.256135746264,149.52643805425132,146.1585085567286,148.9407196044922,100077900
2021-10-29,143.7179883048137,146.373287179863,142.92725865743117,146.2366180419922,124953200
2021-11-01,145.44585011354084,146.13895238181297,144.28415529948526,145.41656494140625,74588300
2021-11-02,145.12375118515345,147.96453308347574,145.113979527006,146.45140075683594,69122000
2021-11-03,146.81254373991754,148.35496071493105,146.256110563663,147.88638305664062,54511500
2021-11-04,147.97426542713765,148.80403696262286,147.0566234619275,147.3690185546875,60394600
2021-11-05,148.49328605752575,148.79635114627666,146.7042085245969,147.8969268798828,65463900
2021-11-08,148.02405391839477,148.18047945260236,146.80200740282297,147.07574462890625,55020900
2021-11-09,146.8410949734435,148.0435844748696,146.70422637098488,147.4374542236328,56787900
2021-11-10,146.6651351263565,146.77267581374304,144.54366421842147,144.61209106445312,65187100
2021-11-11,145.62883774477925,146.0883134852804,144.37744845730748,144.56320190429688,41000000
2021-11-12,145.11066161989166,147.03660782102534,144.18190939663026,146.6357879638672,63804000
2021-11-15,147.00730510695527,148.48354686753203,146.08832372641191,146.6455841064453,59222800
2021-11-16,146.58689139053743,148.1022316953491,146.00030323462437,147.62318420410156,59256200
2021-11-17,147.6232038564801,151.53375230300938,147.61343285568483,150.05752563476562,88807000
2021-11-18,150.2726099643279,155.12168178008048,149.627365877677,154.33956909179688,137827700
2021-11-19,154.12443899275476,157.41908522622177,153.0294905259347,156.9595947265625,117305600
2021-11-22,158.06431159606723,161.99441573216774,157.39952572857115,157.41908264160156,117467900
2021-11-23,157.5168614506406,158.18166233731603,155.50293170970644,157.80038452148438,96041900
2021-11-24,157.1551520319611,158.5140669022848,156.0699743356913,158.31854248046875,69463600
2021-11-26,156.00155632601601,156.8618668141861,152.8633347292546,153.3032684326172,76959800
2021-11-29,155.80603121042097,157.5853380225465,155.23899986098183,156.65658569335938,88748200
2021-11-30,156.41214364910118,161.81847488073362,156.3437019010155,161.6033935546875,174048100
2021-12-01,163.7346232310991,166.4915664393558,160.85059737024878,161.08523559570312,152052500
2021-12-02,155.19011206164845,160.52800204808736,154.27113083970096,160.09783935546875,136739200
2021-12-03,160.3520514474846,161.271032766341,156.14820866843903,158.22079467773438,118023100
2021-12-06,160.61597549233863,164.12570364495514,160.60620449270007,161.62295532226562,107497000
2021-12-07,165.2988844701773,167.7429772469704,164.57542763792551,167.35191345214844,120405400
2021-12-08,168.2806769394803,172.02502878126478,166.88264814477856,171.16470336914062,116998900
2021-12-09,170.9985052389604,172.79735388590385,170.03063915946248,170.6563262939453,108923700
2021-12-10,171.29183908522813,175.61299419110293,170.78346350878363,175.43701171875,115402700
2021-12-13,177.06962931153166,178.05705234389498,171.60464142456377,171.80995178222656,153237000
2021-12-14,171.33091243496327,173.76523433574428,168.3589020297747,170.43148803710938,139380400
2021-12-15,171.19402728468987,175.48585340924998,168.4566405154073,175.2903289794922,131063300
2021-12-16,175.27077720416733,177.08918279763162,166.93153397693786,168.4077606201172,150185800
2021-12-17,166.12984262332955,169.59068583995455,165.89521929851176,167.3127899169922,195432700
2021-12-20,164.51676029378936,166.76532847471316,163.71510567618958,165.95388793945312,107499100
2021-12-21,167.72343104614094,169.3267554134747,165.33799395674112,169.1214599609375,91185900
2021-12-22,169.1703261593658,171.92727008747283,168.30022969109157,171.71218872070312,92135300
2021-12-23,171.91743766645487,172.89507446884005,171.35040653096502,172.3378143310547,68356600
2021-12-27,173.1297226627458,176.38525547317582,173.11018066452525,176.29727172851562,74919600
2021-12-28,176.1310871789595,177.27492068975482,174.5375340801528,175.28053283691406,79144300
2021-12-29,175.31966069433915,176.59059189162147,174.15627017338588,175.36854553222656,62348900
2021-12-30,175.4565540145469,176.53196092937984,174.10740987004013,174.21495056152344,59773000
2021-12-31,174.1073747963206,175.22188041192248,173.29593427269404,173.59901428222656,64062300
2022-01-03,173.85319685203027,178.79026689432098,173.73588518068755,177.93971252441406,104487900
2022-01-04,178.54586564233023,178.84893075193062,175.1143499260673,175.68138122558594,99310400
2022-01-05,175.5933747274367,176.1408490374331,170.7345178498846,171.0082550048828,94537600
2022-01-06,168.83789205056922,171.37975399378487,167.80159930862231,168.15354919433594,96904000
2022-01-07,169.0236323830211,170.24567843093976,167.205227267016,168.31973266601562,86709100
2022-01-10,165.29888813158135,168.64240533418686,164.40923476090865,168.33934020996094,106765600
2022-01-11,168.46643037323963,171.26245812752686,166.99997473942338,171.16470336914062,76138300
2022-01-12,172.18141648353657,173.21770927349675,170.91050037060046,171.6046142578125,74805200
2022-01-13,171.84905393496265,172.6702655459411,167.94827640647682,168.33934020996094,84505800
2022-01-14,167.50832321300913,169.89375992557677,167.26391395832079,169.19964599609375,80440800
2022-01-18,167.67452813175186,168.6814931182034,165.6214992398613,166.00277709960938,90956700
2022-01-19,166.19829964047344,167.25414945182573,162.22909557704548,162.51260375976562,94815000
2022-01-20,163.24583471657064,165.8854518373375,160.50844792121475,160.83106994628906,91420500
2022-01-21,160.74310631081485,162.61039693927614,158.6705202245997,158.77806091308594,122848900
2022-01-24,156.44149634340394,158.67050778679211,151.24045969712583,158.00570678710938,162294600
2022-01-25,155.42475069595457,159.1202179477596,153.50859022634555,156.2068634033203,115798400
2022-01-26,159.84367643647036,160.71377291639465,154.29070450112417,156.11888122558594,108275300
2022-01-27,158.81715723147198,160.17607231774176,154.74041197266266,155.65939331054688,121954600
2022-01-28,162.00425626677838,166.54049197821774,159.15932862262193,166.52093505859375,179935700
2022-01-31,166.3547206203823,171.0864802658057,165.71924760028926,170.87139892578125,115541600
2022-02-01,170.1186272242385,170.93006781127377,168.45664712970438,170.70521545410156,86213900
2022-02-02,170.8420635898593,171.94679815950911,169.45382085751916,171.90768432617188,84914300
2022-02-03,170.57813105955574,172.29878204430065,168.27090671710556,169.03346252441406,89418100
2022-02-04,168.05457472378333,170.4234840013588,167.07569202403184,168.7495880126953,82465400
2022-02-07,169.20967525085985,170.27665387927516,167.3400055860888,168.03501892089844,77251200
2022-02-08,168.10351922686326,171.64708470161528,167.8098514342005,171.1380615234375,74829200
2022-02-09,172.3322647747442,172.91958530484067,171.20654095307694,172.55740356445312,71285000
2022-02-10,170.46260694632986,171.77430598076174,167.92730472233933,168.48526000976562,90865900
2022-02-11,168.690860750742,169.4250227899619,164.4914455219278,165.0787811279297,98670700
2022-02-14,163.83559821712237,165.9989356288058,163.04270559336564,165.313720703125,86185500
2022-02-15,167.3595849608588,169.29776862360237,166.65478818594016,169.14114379882812,62527400
2022-02-16,168.2209893560315,169.67951494494773,166.45899759893967,168.9062042236328,61177400
2022-02-17,167.41831260412283,168.2797341887302,164.91237519788157,165.313720703125,69589300
2022-02-18,166.23383213199764,166.93861378532614,162.68048390268257,163.7670440673828,82772700
2022-02-22,161.49605730830203,163.16995323151656,158.72581758393332,160.85000610351562,91162800
2022-02-23,162.04423283731927,162.6413518716535,156.37650867254357,156.68975830078125,90009200
2022-02-24,149.35793777917277,159.411068207212,148.79018396900835,159.3033905029297,141147500
2022-02-25,160.38010876655954,161.6330771993794,157.472826482258,161.36878967285156,91974200
2022-02-28,159.61659142915732,161.92675492011216,158.99989062280463,161.63308715820312,95056600
2022-03-01,161.2219862371019,163.08187242749526,158.54964050687724,159.753662109375,83474400
2022-03-02,160.9185355637426,163.82581854222389,159.5089420061074,163.04270935058594,79724800
2022-03-03,164.91236813214016,165.34307890598984,162.0540324670775,162.71966552734375,76678400
2022-03-04,161.01642127862274,162.0540345545001,158.67689221468046,159.7242889404297,83737200
2022-03-07,159.91028134097652,161.5352302369313,155.68150083148916,155.93601989746094,96418800
2022-03-08,155.4661583222758,159.44041971330986,152.50992837199067,154.11529541015625,131148300
2022-03-09,158.06996768709067,159.95921898709753,156.04368834876885,159.50892639160156,91454900
2022-03-10,156.81698565051138,157.00297572975708,152.68609998585092,155.17247009277344,105342000
2022-03-11,155.57382899544626,155.9164439341305,151.23738556277695,151.4625244140625,96970100
2022-03-14,148.2517595892854,150.86537421208124,146.9302771053436,147.4392852783203,108732100
2022-03-15,147.713390079557,152.28478532825997,147.20438184151632,151.81491088867188,92964300
2022-03-16,153.73350876565036,156.62120932527256,151.19820652447248,156.21986389160156,102300200
2022-03-17,155.26058530967927,157.60011436017203,154.30128444798586,157.22813415527344,75615400
2022-03-18,157.12042735161046,161.00659213717293,156.38626546421042,160.51715087890625,123511700
2022-03-21,160.0570681157996,162.83710569668534,159.56762687828217,161.88758850097656,95811400
2022-03-22,162.01483036264074,165.842264360941,161.42750984935597,165.25494384765625,81532000
2022-03-23,164.44251031244588,168.99430889731204,164.1096788423283,166.61563110351562,98062700
2022-03-24,167.44765777264146,170.46261801995993,166.61561651162776,170.39410400390625,90131400
2022-03-25,170.20810721060892,171.578536843318,169.10196511927478,171.03036499023438,80546200
2022-03-28,168.53420969754978,172.019029244763,168.36780145361686,171.89178466796875,90371900
2022-03-29,172.95877935054617,175.22977935165113,172.6161644453855,175.18084716796875,100589400
2022-03-30,174.77951856347462,175.81713189197046,172.9685794955082,174.0159912109375,92633200
2022-03-31,174.0845012718467,174.27049138056105,170.7171422878286,170.92271423339844,103049300
2022-04-01,170.35494237968112,171.18699858724577,168.30908127405286,170.6290283203125,78751300
2022-04-04,170.88357292891146,174.720791608407,170.75631338866327,174.67184448242188,76468400
2022-04-05,173.7516656886956,174.53477477488693,170.73670541562527,171.36318969726562,73401800
2022-04-06,168.72023795719042,169.96342328033663,166.53733352192953,168.20143127441406,89058800
2022-04-07,167.5455515170426,169.69909027693134,166.26321768469555,168.50485229492188,77594700
2022-04-08,168.15248323813117,168.15248323813117,165.6269638660641,166.4981689453125,76575500
2022-04-11,165.1472853633742,165.46052001953282,162.0050657338506,162.24978637695312,72246700
2022-04-12,164.47182881155646,166.2827523312548,163.1209662888,164.1194305419922,79265200
2022-04-13,163.85517369033073,167.42808955183875,163.24827119923606,166.80160522460938,70618900
2022-04-14,167.0169140968793,167.65319663324865,161.55474838858942,161.79946899414062,75329400
2022-04-18,160.45845861462905,163.08187215208477,160.1158586140106,161.5841827392578,69023900
2022-04-19,161.53521398147984,164.2760883021938,160.44865367684753,163.8649444580078,67723800
2022-04-20,165.19622127922986,165.31369734743882,162.59240492951264,163.6985321044922,67929800
2022-04-21,165.34307817395856,167.90774603308134,162.4064301142371,162.90565490722656,87227800
2022-04-22,162.94483948037262,164.32505289369502,158.08957416008516,158.37344360351562,84882400
2022-04-25,157.71755627231695,159.72426854560663,155.113739965227,159.44039916992188,96046400
2022-04-26,158.82372320771267,158.91181906878418,153.4105028966986,153.4888153076172,95623200
2022-04-27,152.61760570667977,156.41566043489684,152.09879906936447,153.263671875,88063200
2022-04-28,155.88707729102597,161.04579354437072,155.57382764277364,160.1843719482422,130216800
2022-04-29,158.42238298865084,162.6903124384376,153.9293146853147,154.32086181640625,131747600
2022-05-02,153.40074029125887,154.88863149119723,150.03338084701502,154.6243438720703,123055300
2022-05-03,154.81029731534235,157.31624964341847,153.01895506893698,156.11221313476562,88966500
2022-05-04,156.29818841895514,162.964376768375,155.8968429541357,162.51409912109375,108256500
2022-05-05,160.38991736716943,160.61505617925764,151.6778534074066,153.4594268798828,130525300
2022-05-06,152.93986371222095,156.3023722983105,151.14587460582203,154.18487548828125,116124600
2022-05-09,151.88108159062776,152.763379211531,148.50879088738637,149.06756591796875,131577900
2022-05-10,152.45952464307157,153.6555174482576,149.92048190900607,151.46939086914062,115366700
2022-05-11,150.4792343504193,152.39085681137783,142.94056542836282,143.6169891357422,142689800
2022-05-12,139.9604210928437,143.32291464808353,136.06854586723028,139.75454711914062,182602000
2022-05-13,141.74459868206603,145.18553469561974,140.2937279042498,144.2150115966797,113990900
2022-05-16,142.68568558350242,144.61691862288893,141.34263600841436,142.67587280273438,86643800
2022-05-17,145.93055862687706,146.82265416778552,143.79345144967377,146.30308532714844,78336300
2022-05-18,143.96011558077154,144.46007380411618,137.14687404841018,138.0487823486328,109742900
2022-05-19,137.12725902913175,138.87222861134381,133.91180845347094,134.6470489501953,136095600
2022-05-20,136.3528052981394,137.9311222550243,130.00033122355916,134.88232421875,137426100
2022-05-23,135.0784317492794,140.4407891232643,134.9411873997547,140.2937469482422,117726300
2022-05-24,138.03898075989613,139.17615657107172,134.62746828487894,137.59783935546875,104132700
2022-05-25,135.70580258630076,138.99968110716551,135.61757730341805,137.7546844482422,92482700
2022-05-26,134.68626677474316,141.49949297179577,134.4411865880973,140.9505157470703,90601500
2022-05-27,142.5288422380691,146.73441193920726,142.4013957458045,146.69520568847656,90978500
2022-05-31,146.13644955191023,147.69515625482543,143.95032308788612,145.9109649658203,103718400
2022-06-01,146.95010821381516,148.75391017683245,144.773794451972,145.78353881835938,74286600
2022-06-02,144.920824891666,148.29313081917098,143.96991252402043,148.23431396484375,72348100
2022-06-03,144.00916607250292,145.05811684755056,141.61719511269536,142.5190887451172,88570300
2022-06-06,144.13658414441952,145.64628674294468,142.04849579123675,143.26409912109375,71598400
2022-06-07,141.50933876771822,146.06782531945106,141.26425852389363,145.78353881835938,67808200
2022-06-08,145.65610359122917,146.92071116560922,144.5581488005419,145.04830932617188,53950200
2022-06-09,144.18562036487367,145.0384948829892,139.72515664096548,139.83299255371094,69473000
2022-06-10,137.5194322486073,137.98998215242344,134.36279735008839,134.43142700195312,91437900
2022-06-13,130.25523715092532,132.53938671229503,128.85338540144875,129.28472900390625,122207100
2022-06-14,130.51011351307002,131.25515193955982,128.8925752102517,130.1473846435547,84784300
2022-06-15,131.64729675078482,134.63727870714717,129.55922325217023,132.76486206054688,91533000
2022-06-16,129.48080196283757,129.78469908531477,126.50061768881059,127.50054931640625,108123900
2022-06-17,127.5103548974603,130.4611156124141,127.25546187351353,128.9710235595703,134520300
2022-06-21,130.7943992837295,134.36276639582726,130.6963761788774,133.19618225097656,81000500
2022-06-22,132.13745484401576,135.04900927487205,131.2747825760473,132.6864471435547,73409200
2022-06-23,134.12750324123766,135.8626603415122,132.9609190593017,135.54896545410156,72433800
2022-06-24,137.14690930909833,139.1173641987572,137.01947774401722,138.87228393554688,89116800
2022-06-27,139.8918112487565,140.666273257268,138.1958600157244,138.87228393554688,70207900
2022-06-28,139.33302894232776,140.59763645444562,134.61768731128618,134.73532104492188,67083400
2022-06-29,134.75492447437682,137.90174634957765,133.98046254650382,136.49008178710938,66242400
2022-06-30,134.54901824559195,135.64697266058235,131.13750634293814,134.02944946289062,98964500
2022-07-01,133.36284196732555,136.3038045198631,132.9903302157903,136.1959686279297,71051600
2022-07-05,135.05879144662464,138.82321946775843,134.23531066321448,138.77420043945312,73353800
2022-07-06,138.5683715462856,141.28384979355582,138.30368070277723,140.1074676513672,74064300
2022-07-07,140.47017616296918,143.66603189279604,140.4603783389641,143.469970703125,66253700
2022-07-08,142.40142264422443,144.64636610420064,142.1465445700594,144.14639282226562,64547800
2022-07-11,142.80336382609462,143.75427642973983,140.95055766241197,142.01910400390625,63141600
2022-07-12,142.89155544175705,145.5286208059207,142.19553604555907,142.98959350585938,77588800
2022-07-13,140.17608985764943,143.56799177024092,139.3232005090592,142.62689208984375,71185600
2022-07-14,141.244640047542,146.01879814456234,140.4309718883509,145.54824829101562,78140700
2022-07-15,146.83247339444262,147.89122183493336,145.28356446993823,147.2147979736328,76259900
2022-07-18,147.77357228115997,148.58724039251226,143.81306761767442,144.17579650878906,81420900
2022-07-19,145.0090375439563,148.25389669881054,144.01891901249385,148.02842712402344,82982400
2022-07-20,148.14612084165154,150.69496170219924,147.41088001170658,150.02833557128906,64823400
2022-07-21,151.4595528168205,152.50850317822432,148.9499341408544,152.29283142089844,65086600
2022-07-22,152.33206789895848,153.20455292364784,150.3910366563313,151.05764770507812,66675400
2022-07-25,150.97921649648936,151.9889458272938,149.28326552705713,149.94007873535156,53623900
2022-07-26,149.26362321320852,150.07729118277658,147.83236337932289,148.6166229248047,55138700
2022-07-27,149.5773707705413,154.2338952339947,149.1656377708993,153.7045135498047,78620700
2022-07-28,153.89075014754778,154.53776544520662,151.37133354934207,154.25347900390625,81378700
2022-07-29,158.0669235799792,160.40988958103017,156.36116008489938,159.31192016601562,101786900
2022-08-01,157.84145882480365,160.3706884793457,157.72382510643268,158.3316192626953,67829400
2022-08-02,156.94937000342367,159.2139087149108,156.48861801917639,156.8611297607422,59907000
2022-08-03,157.67481177613547,163.311657015849,157.58658648416494,162.8607177734375,82507500
2022-08-04,162.74307352499065,163.89986001020398,161.19416464799912,162.54701232910156,55474100
2022-08-05,160.22044287042655,162.81208464474912,160.0142829089203,162.3212432861328,56697000
2022-08-08,163.32253000929188,164.73615535552312,161.1922805564501,161.85000610351562,60276900
2022-08-09,161.0156004495246,162.78263230320212,160.25970057725633,161.89910888671875,63135500
2022-08-10,164.60851631297595,166.23811287684435,163.8428051524665,166.13995361328125,70170500
2022-08-11,166.94496643142614,167.8579391801427,165.10922447830612,165.4037322998047,57149200
2022-08-12,166.70933581222894,169.01628078921996,166.29701596444957,168.94757080078125,68039400
2022-08-15,168.3782005294128,170.21394216296972,168.21131628811554,170.01760864257812,54091700
2022-08-16,169.61511402434292,170.52808660786044,168.51563433427114,169.86053466796875,56377100
2022-08-17,169.60531301748716,172.92339013736907,169.4089794863745,171.3527069091797,79542000
2022-08-18,170.5673396933382,171.69626861182405,169.94887490568271,170.9600067138672,62290100
2022-08-19,169.8605242913159,170.5575254675204,168.1720291679761,168.37818908691406,70346300
2022-08-22,166.58172694573366,166.74861119438174,164.07843325743647,164.5005645751953,69026800
2022-08-23,164.01951691966545,165.61966421752064,163.59738564765863,164.16676330566406,54147100
2022-08-24,164.25511301062056,165.03063554714507,163.20470561002094,164.4612579345703,53841500
2022-08-25,165.68839353539587,167.0234825149317,165.26627719342727,166.91549682617188,51218200
2022-08-26,167.44561591056575,167.91681938586046,160.56401098389765,160.62290954589844,78961000
2022-08-29,158.19816763869952,159.9161124345619,156.89254277561915,158.42396545410156,73314000
2022-08-30,159.1602105704912,159.58232691391927,154.83098655063566,155.9991912841797,77906200
2022-08-31,157.37354474862363,157.6386032608909,154.2616125155062,154.34014892578125,87991100
2022-09-01,153.77077627080038,155.51817026416148,151.836860169279,155.0666046142578,74229900
2022-09-02,156.82379496598037,157.42262194968552,152.13135334781393,152.95596313476562,76957800
2022-09-06,153.60386838160778,154.21250676362826,150.8747921160952,151.69940185546875,73714800
2022-09-07,151.98409298992328,153.80019664109167,150.7962505650505,153.10321044921875,87449600
2022-09-08,151.80738719524012,153.49588236025656,149.88328282837716,151.6306915283203,84923800
2022-09-09,152.62220516793604,154.92916542303703,151.91539245059826,154.48739624023438,68028800
2022-09-12,156.66672837890903,161.25118449428555,156.38204700518378,160.43638610839844,104956000
2022-09-13,156.97105902298662,157.59933535695706,150.56067213786505,151.02206420898438,122656600
2022-09-14,151.95465448242936,154.22235404144755,150.79627611743592,152.4651336669922,87965400
2022-09-15,151.81719923234522,152.39640331677907,148.6071081028978,149.57896423339844,90481100
2022-09-16,148.4402429431555,148.57767791761873,145.6522527794473,147.9395751953125,162278800
2022-09-19,146.57504690151106,151.7288812650201,146.368901915373,151.6503448486328,81474200
2022-09-20,150.5900968013731,155.1843789131033,150.2759661753886,154.02598571777344,107689800
2022-09-21,154.45795295017905,155.8323177224437,150.78646922639234,150.90426635742188,101696800
2022-09-22,149.588778163199,151.64049091114813,148.1457037475465,149.9421844482422,86652500
2022-09-23,148.42058784002563,148.6954577569954,145.83875792782328,147.67449951171875,96029900
2022-09-26,146.91864756165486,150.95336436223522,146.89900971197227,148.00831604003906,93339400
2022-09-27,149.9422080635759,151.88593544780034,147.20330517830297,148.9801483154297,84442700
2022-09-28,144.93562286555536,147.8806707549768,142.1869085062377,147.09532165527344,146691400
2022-09-29,143.42383363893248,144.03247205665744,138.1031007730531,139.87013244628906,128138200
2022-09-30,138.69213315187477,140.4788028880648,135.47221503631138,135.66854858398438,124925300
2022-10-03,135.67835835777296,140.44933637961338,135.1678792129988,139.84068298339844,114311700
2022-10-04,142.3734205948832,143.54162523892447,141.61752082886468,143.423828125,87830100
2022-10-05,141.43103055560152,144.68039782185656,140.39043433471556,143.7183380126953,79471000
2022-10-06,143.13912691743977,144.8374334955695,142.5599378213271,142.76608276367188,68402200
2022-10-07,139.9289988222873,140.47875353363153,136.89560388548796,137.5238800048828,85925600
2022-10-10,137.84783935546875,139.2909136665795,136.03173592220895,137.84783935546875,74899000
2022-10-11,137.33739611427865,138.76084793369003,135.68817645989057,136.4342498779297,77033700
2022-10-12,136.58152223774053,137.78898779453903,135.62928879673916,135.8059844970703,70433700
2022-10-13,132.51735724415704,140.95981974279604,131.90870376504793,140.37081909179688,113224000
2022-10-14,141.66663200393148,141.8727919675868,135.65873850521228,135.8452606201172,88598000
2022-10-17,138.48598615048115,140.282452315822,137.7006369919499,139.8014373779297,85250900
2022-10-18,142.82500010106065,144.0128276023933,138.03438444661543,141.1168670654297,99136600
2022-10-19,139.09461918905455,142.29489928414645,138.90809708603376,141.22486877441406,61758300
2022-10-20,140.40024050696854,143.21766459219867,140.0370077826972,140.76345825195312,64522000
2022-10-21,140.25299045906925,145.1417806685085,140.03701908535325,144.57240295410156,86548600
2022-10-24,144.49386606815804,147.47817461798252,143.3256613631015,146.71246337890625,75981900
2022-10-25,147.34071401880695,149.69676086548404,146.62409003086213,149.54949951171875,74732300
2022-10-26,148.19481318791426,149.20594507644813,145.32828678897533,146.6143035888672,88194300
2022-10-27,145.35776595535313,146.3198108162611,141.48993368404496,142.1476593017578,109180200
2022-10-28,145.48537216958695,154.6150242142885,145.11234293200243,152.88726806640625,164762400
2022-10-31,150.35450854811523,151.4147275390832,149.13721674827332,150.5312042236328,97943200
2022-11-01,152.2393339638939,152.60255171953904,146.3983256985316,147.89047241210938,80379300
2022-11-02,146.22163806624556,149.3826576212183,142.34399432027527,142.37344360351562,93604600
2022-11-03,139.45783369878677,140.1842842462697,136.2084665510831,136.33609008789062,97918500
2022-11-04,139.71867839937045,140.28900066971147,132.13735779737468,136.0706024169922,140814800
2022-11-07,134.82178704829124,136.8277351131925,133.40581664759068,136.60157775878906,83374600
2022-11-08,138.06670690734794,139.06967336647747,135.19544046730184,137.17189025878906,89908500
2022-11-09,136.18857977969958,136.23774833279379,132.3438299914245,132.61915588378906,74917800
2022-11-10,138.88285345399055,144.41888427734375,137.17188688278108,144.41888427734375,118854000
2022-11-11,143.3864383750097,147.5064994693465,141.9606252113591,147.20167541503906,93979700
2022-11-14,146.48389189006184,147.77202734805246,144.96958402031902,145.80540466308594,73374100
2022-11-15,149.67963703147598,151.02676861885655,146.08071431905194,147.5360107421875,89868300
2022-11-16,146.6411761367448,147.36881668355312,144.83187247009243,146.3068389892578,64218300
2022-11-17,143.98623783804743,148.95196191687904,143.71091192910288,148.20465087890625,80389400
2022-11-18,149.76810292744864,150.15159363499748,147.4671586821555,148.76512145996094,74829600
2022-11-21,147.65398361312236,147.86047052115927,145.25470236836378,145.53985595703125,58724100
2022-11-22,145.65789948864827,147.9096756373434,144.47791399161687,147.67367553710938,51804100
2022-11-23,146.95583870512687,149.29612388958984,146.84767388557262,148.54881286621094,58301400
2022-11-25,145.83488861865806,146.39538323134536,144.6647458342524,145.6382293701172,35195900
2022-11-28,142.7177853624681,144.19275214587688,140.98716307142482,141.81314086914062,69246000
2022-11-29,141.8819517027843,142.39327767480953,138.007718580844,138.81402587890625,83763800
2022-11-30,139.04018245155586,146.23802684928043,138.2043770255708,145.55953979492188,111380900
2022-12-01,145.73654727553216,146.64119170281938,144.16324348642758,145.83486938476562,71250400
2022-12-02,143.5240993516398,145.53004745802465,143.2192602974079,145.3432159423828,65447400
2022-12-05,145.30386574755366,148.40128929094377,143.3372438141924,144.18289184570312,68826400
2022-12-06,144.61558740538712,144.84174478338647,139.55152565219004,140.52500915527344,64727200
2022-12-07,139.81699890501977,140.97729872796708,137.6635453309665,138.58786010742188,69721100
2022-12-08,139.9841640195035,141.12480845757423,138.7451974772698,140.26931762695312,62128300
2022-12-09,139.96447961702353,143.14058484738695,138.5485094221092,139.78749084472656,76097000
2022-12-12,140.31847817047847,142.0884409898644,138.7058487137347,142.07861328125,70462700
2022-12-13,147.00504073940357,147.46719825510277,141.8328286540092,143.04229736328125,93886200
2022-12-14,142.9242927483946,144.2124280542218,138.80421630941913,140.82000732421875,82291200
2022-12-15,138.75501875197617,139.43350575702271,133.7597969655739,134.22195434570312,98931900
2022-12-16,134.40879318099954,135.35276341025192,131.49818579850947,132.26516723632812,160156900
2022-12-19,132.85513540362356,132.94362978303496,129.12839371956332,130.16085815429688,79592600
2022-12-20,129.19726991624464,131.02622951755586,127.72230297983688,130.0920867919922,77432800
2022-12-21,130.7607190395491,134.52680273214906,130.53456166494178,133.1894989013672,85928000
2022-12-22,132.10785363301125,132.31434056379908,128.12544063659777,130.02322387695312,77852100
2022-12-23,128.73507853958517,130.21004508793624,127.47644161865645,129.65939331054688,63814900
2022-12-27,129.18740783707491,129.2169059676245,126.57179689801647,127.85993194580078,69007800
2022-12-28,127.50593193563417,128.84323545768694,123.76935474336571,123.93651580810547,85438400
2022-12-29,125.85396352811901,128.3024056373649,125.59830808842075,127.44692993164062,75703700
2022-12-30,126.26698223669045,127.78127473228464,125.30333405560762,127.76160430908203,77034200
2023-01-03,128.10576142344397,128.71540946850325,122.09773035328112,122.98271179199219,112117500
2023-01-04,124.77234386397704,126.51280869797894,122.99255318811515,124.25119018554688,89113600
2023-01-05,125.0083349534918,125.63765344479737,122.67789249421179,122.93354797363281,80962700
2023-01-06,123.90701849100518,128.11558077623516,122.80570749443298,127.4567642211914,87754700
2023-01-09,128.2925949020793,131.18353181246084,127.72227268810083,127.9779281616211,70790800
2023-01-10,128.08609090104719,129.06940194282927,125.98180587179891,128.54824829101562,63896200
2023-01-11,129.05961472273617,131.28189297285235,128.28280535784592,131.26223754882812,69458900
2023-01-12,131.64575136566788,132.0193995412077,129.24646885134354,131.18359375,71379600
2023-01-13,129.82655147153693,132.6683196907436,129.46273119909978,132.510986328125,57809700
2023-01-17,132.5798345273993,134.99877137842552,131.89151977321038,133.6713104248047,63646600
2023-01-18,134.53663801277594,136.2967583598761,132.77650266153844,132.95350646972656,69672800
2023-01-19,131.8423392118264,133.97612225756075,131.53751520588366,133.01248168945312,58280400
2023-01-20,133.02234968254703,135.7166280099619,131.98004211916552,135.56912231445312,80223600
2023-01-23,135.81491475833332,140.92814412125819,135.59858513124948,138.75502014160156,81760300
2023-01-24,137.96838472187488,140.77082749424633,137.95855701188813,140.15133666992188,66435100
2023-01-25,138.53869500355867,140.0529874380773,136.49340619294276,139.4925079345703,65799300
2023-01-26,140.78062529691158,141.8426029112318,139.53181620357194,141.5574493408203,54105100
2023-01-27,140.7708371263728,144.77290596887224,140.69217042868402,143.49459838867188,70555800
2023-01-30,142.54076039880331,143.12091025214485,140.46597371619012,140.61346435546875,64015300
2023-01-31,140.31852707508304,141.93115709386973,139.90553810731163,141.88198852539062,65874500
2023-02-01,141.56727363630213,144.1632138517995,138.96150571314269,143.00289916992188,77663600
2023-02-02,146.41500811186492,148.65695608667727,145.69719525256042,148.302978515625,118339000
2023-02-03,145.55954560277002,154.75351068440185,145.36288637728777,151.92156982421875,154357300
2023-02-06,150.02379246889225,150.5449461888697,148.2636570715711,149.1977996826172,69858300
2023-02-07,148.12597415973434,152.63936822302708,148.12597415973434,152.0690460205078,83322600
2023-02-08,151.31190929849808,152.0002240332312,148.64712974900903,149.38461303710938,64120100
2023-02-09,151.213581264491,151.75440537570756,147.9096553354024,148.35214233398438,56007100
2023-02-10,147.19007494553122,149.04151212756338,146.95371454850684,148.71652221679688,57450700
2023-02-13,148.65740223290342,151.91712829057613,148.62785906834173,151.51336669921875,62199000
2023-02-14,149.80964612462722,151.4345954776921,148.56878800441328,150.8732452392578,61707600
2023-02-15,150.78461690781828,153.1383177826238,150.55811427879883,152.9709014892578,65573800
2023-02-16,151.17855953849067,153.95573796607766,151.02100096105386,151.3755340576172,68167900
2023-02-17,150.03619479649413,150.6763169294936,148.55897600306773,150.233154296875,59144100
2023-02-21,147.91882364629484,149.00212332766463,146.15601601247863,146.22494506835938,58867200
2023-02-22,146.60903658364012,147.67263591965713,144.9250155718982,146.6484375,51011300
2023-02-23,147.810473815914,148.0566768897737,145.0037677901394,147.13095092773438,48394200
2023-02-24,144.8757304118409,144.95451719493005,143.50684198813192,144.4818115234375,55469600
2023-02-27,145.46664446890208,146.90446214048941,145.21058363066865,145.67344665527344,44998500
2023-02-28,144.81668575965537,146.81585399639758,144.60002580056587,145.1712188720703,50547000
2023-03-01,144.60000744430354,144.9939263960711,142.80764165155819,143.10308837890625,55479000
2023-03-02,142.1872382713636,144.48185327566276,141.7145174362223,143.69400024414062,52238100
2023-03-03,145.79161175732688,148.8149928448926,145.0924034132026,148.7362060546875,70732300
2023-03-06,151.4542972077173,153.92618602775224,151.1293223291666,151.4936981201172,87558000
2023-03-07,151.36570502149803,151.69069500723498,148.83474426282984,149.297607421875,56182000
2023-03-08,150.4892077170001,151.1391876253047,149.52409559763862,150.5482940673828,47204800
2023-03-09,151.22781194000862,152.19292402611515,147.94838436334126,148.30291748046875,53833600
2023-03-10,147.92869544727571,148.64760438030467,145.3681768808884,146.24465942382812,68572400
2023-03-13,145.56513330123872,150.81418573238946,145.45680332509693,148.1847381591797,84457100
2023-03-14,148.98242012042218,151.07021762009597,147.82034869008896,150.27252197265625,73695900
2023-03-15,148.8937927615987,150.92250395033966,147.64307677577528,150.6664581298828,77167900
2023-03-16,149.84905684492745,154.08375312665916,149.33695019463687,153.48301696777344,76161100
2023-03-17,153.70954970993674,154.35952962100535,151.9368840556802,152.6459503173828,98944600
2023-03-20,152.71486085947325,155.4230948668754,151.80882025865256,155.00946044921875,73641400
2023-03-21,154.93070734117964,156.9791040860205,154.16253977805687,156.86093139648438,73938300
2023-03-22,156.88061300312046,159.6774765177441,155.41323716716616,155.4329376220703,75701800
2023-03-23,156.41773262448348,159.09642316640492,155.2851895124044,156.51620483398438,67622100
2023-03-24,156.44731907052963,157.9048374069247,155.4526638252611,157.8162078857422,59196500
2023-03-27,157.5109061704178,158.32830230982592,155.47233717929535,155.87611389160156,52390300
2023-03-28,155.57080817581272,156.08291480553032,153.61102618902072,155.2556610107422,45992200
2023-03-29,156.94954647836764,158.60403911493316,156.92986104995282,158.3282928466797,51305700
2023-03-30,159.07675364456477,160.00247975071784,158.82070781762587,159.89414978027344,49501700
2023-03-31,159.97293860815142,162.49405610459849,159.45098920585787,162.39556884765625,68749800
2023-04-03,161.77514833228696,163.76445869825218,161.7259047034759,163.6462860107422,56976200
2023-04-04,164.0697406002056,164.3060859426903,162.6023648150906,163.11447143554688,46278300
2023-04-05,162.23798454444034,162.54327395468036,159.3426339632527,161.27285766601562,51511700
2023-04-06,159.96306777674639,162.45465692468338,159.5396056660462,162.15921020507812,45390100
2023-04-10,158.96843186504725,159.5691680908203,157.6487867222166,159.5691680908203,47716900
2023-04-11,159.88431146406083,159.89415417908276,158.07224508795338,158.35784912109375,47644200
2023-04-12,158.77145737665472,159.59869619161648,157.35332510698044,157.66847229003906,50133100
2023-04-13,159.1752417539843,163.28190788405584,158.96842452673738,163.04554748535156,68445600
2023-04-14,162.09027277975596,163.794009087704,161.33197803499354,162.70086669921875,49386500
2023-04-17,162.5826774005875,162.8781241294329,161.53877864877254,162.72055053710938,41516200
2023-04-18,163.5773508935462,164.8674527745674,163.13417327770642,163.9417266845703,49923000
2023-04-19,163.2819281451353,165.60608642613127,163.02586725800396,165.08413696289062,47720200
2023-04-20,163.56749547193866,165.32046042282218,163.04554607797024,164.11898803710938,52456400
2023-04-21,162.54327607753027,163.92200731179602,161.99178358382397,162.51373291015625,58337300
2023-04-24,162.49405610505224,163.0849495926161,161.40091367199096,162.8190460205078,41949600
2023-04-25,162.68116189989732,163.78414697340926,161.24332919160244,161.28273010253906,48714100
2023-04-26,160.58349205788602,162.76977657727082,160.32744626830737,161.27285766601562,45498800
2023-04-27,162.6811372537476,165.9999497127407,162.6811372537476,165.85223388671875,64902300
2023-04-28,165.93103698503495,167.2703823718156,165.33030085507355,167.1029510498047,55275900
2023-05-01,166.70903856930101,167.86126725124362,166.07875924686118,167.0143280029297,52472900
2023-05-02,167.50674796522142,167.76280882251325,164.9954731830596,165.98028564453125,48425700
2023-05-03,166.92572910723644,168.32416114075937,164.6212713207429,164.9068603515625,65136000
2023-05-04,162.38570858289833,164.50304913491388,161.8145156138655,163.27203369140625,81235400
2023-05-05,168.38322333782398,171.65280778469676,168.1665634032941,170.93389892578125,113453200
2023-05-08,169.86041647416434,171.2096195052504,169.49604074216262,170.86492919921875,55962800
2023-05-09,170.42181373691182,170.90436226614003,168.9938385535857,169.1612548828125,45326900
2023-05-10,170.39224965147537,171.38690478906514,169.28924951921832,170.92404174804688,53724500
2023-05-11,171.2096322648924,171.9383837832071,169.55513971049686,171.11114501953125,49514700
2023-05-12,171.21962961924467,171.653548851867,168.6358569767775,170.1841583251953,45533100
2023-05-15,170.7659972586019,170.81530899814229,169.09935977781652,169.69107055664062,37266700
2023-05-16,169.61217478294208,170.74626955321972,169.42479920138675,169.69107055664062,42110300
2023-05-17,169.3360433616003,170.53916250241704,168.06386972955488,170.302490234375,57951600
2023-05-18,170.60820660461047,172.81724313624747,170.19401507639674,172.62986755371094,65496700
2023-05-19,173.95134816577144,173.95134816577144,172.5213979143073,172.7383575439453,55809500
2023-05-22,171.57465110395842,172.2945693897219,171.05197977463047,171.79161071777344,43570900
2023-05-23,170.73639628329747,170.98293990870613,168.91196743614205,169.18809509277344,50747300
2023-05-24,168.72461766792532,170.03623176135926,168.16250594092847,169.46424865722656,45143500
2023-05-25,170.02639025907388,171.49578098867764,169.3163432435991,170.59837341308594,56058300
2023-05-26,170.92379413047703,173.33991896491864,170.71669083708804,173.00460815429688,54835000
2023-05-30,174.5134895983742,176.51542312806916,174.1288820495124,174.84878540039062,55964400
2023-05-31,174.87836477742368,176.8704419237823,174.31623796446905,174.79946899414062,99625300
2023-06-01,175.24324745233199,177.6297885060057,174.4838886927619,177.60020446777344,68901800
2023-06-02,178.52719900186148,179.26683000310032,176.7816656255451,178.44830322265625,61996900
2023-06-05,180.1050333807125,182.39295013708187,175.57848150130854,177.09719848632812,121946500
2023-06-06,177.48186345973468,177.62978364684957,174.97697127382227,176.7323760986328,64848400
2023-06-07,175.97298038220674,178.7046879636189,174.86846975629078,175.36155700683594,61944600
2023-06-08,175.44046308150416,178.33981894141047,175.0065588784877,178.0735626220703,50214900
2023-06-09,178.99070336218668,179.71060666093933,178.13273621096323,178.4581756591797,48900000
2023-06-12,178.7638742754878,181.34764691680866,178.468018885392,181.2490234375,54274900
2023-06-13,180.2727216495119,181.60404834381112,179.91769818813273,180.77566528320312,54929100
2023-06-14,180.8348467124019,181.84074910193183,179.50351991974284,181.40682983398438,57462900
2023-06-15,181.4166932611595,183.94129793003785,181.23917400121888,183.43833923339844,65433200
2023-06-16,184.14837692000424,184.40479194393566,181.72239585614398,182.3634033203125,101256200
2023-06-20,181.86046794433722,183.52710548415504,181.86046794433722,182.45216369628906,49799100
2023-06-21,182.34366316376426,182.8466218007744,180.06560242478363,181.4166717529297,49515700
2023-06-22,181.19973368511316,184.46396933431626,181.13069423738702,184.41465759277344,51245300
2023-06-23,182.98469303577104,184.96689848868263,182.45215034536935,184.09906005859375,53117000
2023-06-26,184.2470177435845,185.45015206010262,182.66913223239737,182.70858764648438,48088700
2023-06-27,183.31997931240525,185.78541559077308,183.10301971608257,185.45997619628906,50730800
2023-06-28,185.33178721386028,187.27455239917202,185.00636283468697,186.633544921875,51216800
2023-06-29,186.4658826988121,187.4422009047134,186.32781886596203,186.9688262939453,46347300
2023-06-30,188.98065447297634,191.79124321876165,188.61575961709715,191.28829956054688,85213200
2023-07-03,191.10089105870892,191.19951452662892,189.1088143797874,189.7991485595703,31458200
2023-07-05,188.92145597370774,190.311950580781,187.98457816150727,188.6847686767578,46920300
2023-07-06,187.21539208287066,189.36526064633148,186.5842409083175,189.1581573486328,45094300
2023-07-07,188.7636804868427,190.0062550438309,187.60985803081866,188.04376220703125,46815000
2023-07-10,186.6434184249519,187.36333679085425,184.45410938571575,186.00241088867188,59922200
2023-07-11,186.544822138739,186.68288600391077,184.0202171482648,185.47975158691406,46638100
2023-07-12,187.05759515232103,189.04967210294507,185.86433228601203,187.1463623046875,60750200
2023-07-13,187.86624506525828,188.5467078881079,187.15619821079162,187.9056854248047,41342300
2023-07-14,187.59997248992855,188.53683526319492,187.00827681367923,188.05361938476562,41616200
2023-07-17,189.2469126832782,191.6334686208352,189.1581605746784,191.3080291748047,50520200
2023-07-18,190.6768538720752,191.64330071063998,189.75970372238763,191.0515899658203,48288200
2023-07-19,190.4303301514657,195.48939585264796,189.9865395225249,192.40267944335938,80507300
2023-07-20,192.39279363664537,193.75371936128715,189.83860510668907,190.45989990234375,59581200
2023-07-21,191.4164716546598,192.27443863277517,188.58614067832426,189.2863311767578,71951700
2023-07-24,190.73605347791477,192.2153155367517,189.59208720760122,190.08517456054688,45377800
2023-07-25,190.65714646634552,191.75180092732498,190.25281124926505,190.94313049316406,37283200
2023-07-26,190.9924625294884,192.93522799592873,190.6473103947794,191.8109893798828,47471900
2023-07-27,193.30993672945922,194.47361545879667,189.88790988625553,190.54864501953125,47460200
2023-07-28,191.97863804110338,193.91154718487954,191.45596662398776,193.1226043701172,48291400
2023-07-31,193.34938604539337,193.77344894031904,192.56044337061044,193.73399353027344,38824100
2023-08-01,193.52691923606866,194.01013518521242,192.5801849485631,192.90562438964844,35175100
2023-08-02,192.3434921357412,192.48155598125388,189.19760772385698,189.91751098632812,50389300
2023-08-03,188.92147165885288,189.7103992851957,188.05363321247987,188.52699279785156,61235200
2023-08-04,182.95514900922737,184.78943469803295,179.40491378965757,179.4739532470703,115956800
2023-08-07,179.61200164257014,180.59817633552169,174.8980878140883,176.37734985351562,97576100
2023-08-08,177.20572916857282,177.77771228390873,175.12490000933562,177.314208984375,67823000
2023-08-09,178.3693964131728,178.42856448196,174.56276182695083,175.72645568847656,60378500
2023-08-10,176.99860916334498,178.25105509162734,175.14461118800062,175.50949096679688,54686900
2023-08-11,175.10462674008653,176.3883728930982,174.34424265962002,175.56874084472656,52036700
2023-08-14,175.74650562753334,177.44501774834183,175.09474782272636,177.2178955078125,43675600
2023-08-15,176.64514364841483,177.23763842738072,174.8380051896738,175.23300170898438,43622600
2023-08-16,174.91699954220002,176.30937200366554,174.29486573787133,174.36399841308594,46964900
2023-08-17,174.9268647491592,175.29223725703497,171.31258808782235,171.8260955810547,66062900
2023-08-18,170.14735612669347,172.9123770667114,169.8116075662743,172.30999755859375,61172200
2023-08-21,172.88274314562352,173.92949746098708,171.56935789788312,173.6431121826172,46311900
2023-08-22,174.84785755399471,175.46010661888187,174.04797988711957,175.01573181152344,42038900
2023-08-23,176.289654759779,179.2817980823254,176.10202612434662,178.85716247558594,52722800
2023-08-24,178.41280325080464,178.8374388948203,173.81101919732555,174.17640686035156,54945800
2023-08-25,175.16388093182096,176.91175631972774,173.62337343895007,176.37850952148438,51449600
2023-08-28,177.83999456976295,178.33374768816518,176.31924159506977,177.93875122070312,43820700
2023-08-29,177.45491008950265,182.589940732724,177.25741180863895,181.81968688964844,53003900
2023-08-30,182.62942352828824,185.50307057198083,182.43192527543482,185.30555725097656,60813900
2023-08-31,185.49317264844964,186.75717945843076,185.1376697913831,185.52279663085938,60794500
2023-09-01,187.1225652663115,187.54718572230075,185.92767607044595,187.0929412841797,45766500
2023-09-05,185.92766852324166,187.60642607121574,185.26604116890505,187.32992553710938,45280000
2023-09-06,186.0461707664675,186.49056063180015,179.2027597126584,180.62477111816406,81755800
2023-09-07,172.99135904079122,175.98351721110967,171.3718491931888,175.3416290283203,112488800
2023-09-08,176.12173147198052,177.98811753082185,175.56871535945672,175.95384216308594,65551300
2023-09-11,177.82027676778657,178.0473990105972,175.12437356668377,177.119140625,58953100
2023-09-12,177.24751388848827,177.87951732730735,172.6358612060169,174.0973663330078,90370200
2023-09-13,174.30473020059844,175.08486860955094,171.8063404869434,172.03347778320312,84267900
2023-09-14,171.82609096561458,173.89986015970092,171.4113401404273,173.5443572998047,60895800
2023-09-15,174.27512191376346,174.29487626046748,171.64836639188815,172.823486328125,109259500
2023-09-18,174.27511585610648,177.13889330258442,173.96899129951683,175.7465057373047,67257600
2023-09-19,175.30212586469654,177.38576479928514,174.91699900323943,176.832763671875,51826900
2023-09-20,177.0203732393163,177.45487842056565,173.20859833310675,173.2974853515625,58436200
2023-09-21,172.36920682730067,174.09734264324985,171.6878251518227,171.75694274902344,63149100
2023-09-22,172.48773574692532,174.8676297137013,171.87548661966315,172.60623168945312,56725400
2023-09-25,172.02361011818323,174.7590070374673,171.97423178505466,173.880126953125,46172700
2023-09-26,172.63588402695854,173.01112622988728,169.5153600429677,169.81161499023438,64588900
2023-09-27,170.46333088230946,170.87808171574733,166.93794126401278,168.30068969726562,66921800
2023-09-28,167.22430983558627,169.88070413963854,165.52579782856736,168.5574493408203,56294400
2023-09-29,169.87081569769032,170.9077001905232,168.211797495528,169.07093811035156,51861100
2023-10-02,169.08081880430257,172.12233981703872,168.79443355791753,171.57920837402344,52164500
2023-10-03,170.1078282132375,171.46072207785286,168.6858318118607,170.24607849121094,49594600
2023-10-04,168.9524578917983,172.03348795172127,168.8339619515459,171.4903564453125,53020300
2023-10-05,171.61871413723316,173.2579782200924,170.52258153582127,172.7247314453125,48527900
2023-10-06,171.6286058875163,175.76625988669193,171.0163417068709,175.2725067138672,57266700
2023-10-09,174.60098214625398,176.81300162773064,173.60360623261292,176.75375366210938,42390800
2023-10-10,175.87489990900735,177.47465549196244,175.72676490471198,176.16127014160156,43698000
2023-10-11,175.9736336691769,177.60302823490863,175.38113888285298,177.55364990234375,47551100
2023-10-12,177.82026707710477,180.06189553412176,176.80312172309905,178.4522705078125,56743100
2023-10-13,179.15340788479125,179.65703072033497,175.91438812346496,176.6155242919922,51427100
2023-10-16,174.54174811745375,176.84263973108403,174.3047411678942,176.4871368408203,52517000
2023-10-17,174.44295347333787,176.19084355891263,172.61607615659224,174.93670654296875,57549400
2023-10-18,173.3863659573123,175.36137864838344,172.9222367694585,173.6431121826172,54764400
2023-10-19,173.84059314667203,175.61810740546204,173.00122187734726,173.26785278320312,59302900
2023-10-20,173.11975677949712,173.22838309388226,170.48311631376995,170.72012329101562,64244000
2023-10-23,168.77472302133776,171.8359838309846,167.80695589693704,170.83860778808594,55980100
2023-10-24,170.88797493724758,171.50022404547477,169.30795876796012,171.27310180664062,43816600
2023-10-25,169.7325797223047,170.8978298690587,168.51793618108192,168.9623260498047,57157000
2023-10-26,168.2414494672427,169.2388405091802,163.600172706508,164.804931640625,70625300
2023-10-27,164.82468576422622,166.8490767618186,164.7456834493569,166.11831665039062,58499100
2023-10-30,166.90833803254793,169.03147079181505,166.76020302980592,168.16246032714844,51131000
2023-10-31,167.23420217717043,168.76482492650203,165.80230595130433,168.63645935058594,44846000
2023-11-01,168.86358325166134,172.05322449399938,167.99457285522465,171.79647827148438,56934900
2023-11-02,173.32711052996643,175.5588693503195,173.26786256268767,175.35150146484375,77334800
2023-11-03,172.06309922812656,174.61086723243213,171.1842192438163,174.44297790527344,79829200
2023-11-06,174.17636920813592,177.18825142381783,174.00849494223715,176.99075317382812,63841300
2023-11-07,176.94135477067297,180.1606346460721,176.73398690556192,179.5483856201172,70530000
2023-11-08,180.07177947416378,181.15802736111343,179.32126504404005,180.6050262451172,49340300
2023-11-09,180.67415869856794,181.81965455110011,179.53851741631973,180.1310272216797,53763500
2023-11-10,181.9108804268445,184.48178544542026,181.475802800193,184.3136749267578,66133400
2023-11-13,183.74015491726047,183.94779597294095,182.1481747757102,182.7315673828125,43627500
2023-11-14,185.5991101996175,186.0045247766197,184.214786141562,185.34202575683594,60108400
2023-11-15,185.7474876978312,187.3790139742788,185.67826393327664,185.9056854248047,53790500
2023-11-16,187.4482222334322,188.82266388785246,186.5385061665612,187.58665466308594,54412900
2023-11-17,188.1206090057824,188.24915879673333,186.45941980581802,187.56687927246094,50922700
2023-11-20,187.76462241033667,189.7620174322178,187.75473976876387,189.30715942382812,46505100
2023-11-21,189.26758080090607,189.3763501912699,187.61627466574618,188.50619506835938,38134500
2023-11-22,189.3467095850447,190.77057938008178,188.6940931656517,189.16871643066406,39617700
2023-11-24,188.7336553269539,188.76331834061182,187.13179223741543,187.84373474121094,24048300
2023-11-27,187.79430602014355,188.53591159550703,186.78571821300812,187.66575622558594,40552600
2023-11-28,187.65584993609482,188.9413024556769,187.2800983304318,188.26890563964844,38415400
2023-11-29,188.7633319210795,189.9400151741752,186.85494082777598,187.25045776367188,43014200
2023-11-30,187.71517468500207,188.18981305356235,186.08364867108205,187.82394409179688,48794400
2023-12-01,188.19966916513812,189.4158977511225,187.11197525051801,189.0994873046875,45704800
2023-12-04,187.85358512953687,187.92280887485518,185.35190415389414,187.3097381591797,43389500
2023-12-05,188.081033613139,192.2241233156588,188.05135551468544,191.25509643554688,66628400
2023-12-06,192.27355320919483,192.58008102103562,189.95974802820277,190.1674041748047,41089700
2023-12-07,191.4627754603769,192.817436726138,191.42321471638212,192.09561157226562,47477700
2023-12-08,192.0263616366492,193.79633503305183,191.50229501018384,193.51947021484375,53406400
2023-12-11,190.948598334338,191.32434997590968,189.27751140798418,191.01780700683594,60943700
2023-12-12,190.91889435682484,192.54053754746204,189.5741159727842,192.53065490722656,52696900
2023-12-13,192.90640609677627,195.7838388648497,192.66910200901862,195.74429321289062,70404200
2023-12-14,195.80361960949875,197.38570218691584,193.96443748585023,195.89260864257812,66831600
2023-12-15,195.3191123528845,196.1793699091571,194.79504567055722,195.35867309570312,128538400
2023-12-18,193.8952224343076,194.4291868327445,192.21425301938103,193.6974639892578,55751900
2023-12-19,193.96444926391277,194.7456004150459,193.69746706046115,194.7357177734375,40714100
2023-12-20,194.69614571593394,195.46741418063525,192.64932250976562,192.64932250976562,52242800
2023-12-21,193.9051267903215,194.8741537657828,191.33422165280876,192.50100708007812,46482500
2023-12-22,192.9953923922105,193.22282892375426,190.81013681243016,191.43309020996094,37149600
2023-12-26,191.44298138124012,191.719846217368,190.6717128965979,190.88925170898438,28919300
2023-12-27,190.33551208827305,191.3342019743918,188.9511728919884,190.9881134033203,48087700
2023-12-28,191.96704448132198,192.48122849088116,191.00790021395272,191.41331481933594,34049900
2023-12-29,191.72972215657148,192.2241257878035,189.58401220758475,190.37506103515625,42672100
2024-01-02,185.05528848269014,186.33085840634024,181.83178197139316,183.56219482421875,82488700
2024-01-03,182.15806587250447,183.79948946618282,181.37689972544035,182.18772888183594,58414500
2024-01-04,180.11123597031312,181.04071720671112,178.85546161628733,179.87393188476562,71983600
2024-01-05,179.95303087035154,180.71440156415224,178.15339449300276,179.15208435058594,62379700
2024-01-08,180.0519005320401,183.52262348166371,179.46850790157933,183.48306274414062,59144500
2024-01-09,181.86141829199212,183.0776469225398,180.68473531069785,183.06776428222656,42841800
2024-01-10,182.28664662503843,184.31368968460146,181.86145160567418,184.10604858398438,46792900
2024-01-11,184.4521049955326,184.9564063690912,181.5647895230864,183.5127410888672,49128400
2024-01-12,183.9774674403319,184.64986419021457,183.1172099941003,183.8390350341797,40477800
2024-01-16,180.12115895148446,182.19764543114704,178.9049149905355,181.57470703125,65603000
2024-01-17,179.24110807963172,180.8825167727283,178.281963767062,180.63531494140625,47317400
2024-01-18,184.0071435872404,187.02300881659582,183.75005912545993,186.5187225341797,78005800
2024-01-19,187.21087293560348,189.80154302609114,186.7065866846462,189.41590881347656,68903000
2024-01-22,190.14766376550878,193.143748944668,190.1081030206995,191.71986389160156,60133900
2024-01-23,192.83719415255706,193.55901922053994,191.660511110776,192.99539184570312,42355600
2024-01-24,193.232744842077,194.18200660712424,192.16483101440033,192.3230438232422,53631300
2024-01-25,193.03497008475262,194.07322080915367,190.94858599423335,191.99671936035156,54822100
2024-01-26,192.09559590318426,192.58010181757646,189.7916731135176,190.26629638671875,44594000
2024-01-29,189.86091028509443,190.04878611194624,187.45811545873704,189.58404541015625,47145600
2024-01-30,188.80286821503816,189.65324309628332,185.37170567810733,185.93531799316406,55859400
2024-01-31,184.94651023142666,185.00585134318092,182.28663127585358,182.3360595703125,55467800
2024-02-01,181.93065217781273,184.857513201702,181.7625567551165,184.76852416992188,64885400
2024-02-02,177.84687547061628,185.2332669548565,177.24370243482153,183.76983642578125,102551700
2024-02-05,186.04407104136263,187.13176501057416,183.75992879401906,185.57933044433594,69668800
2024-02-06,184.76855142564483,187.1911265388062,184.67956238073768,187.18124389648438,43490800
2024-02-07,188.50623739169367,188.91165203661865,186.49895962721544,187.29000854492188,53439000
2024-02-08,187.27020463334281,187.41851968576853,185.25304448034683,186.21218872070312,40962000
2024-02-09,186.77650719907678,188.10321111496148,186.13296840440984,186.9745330810547,45155200
2024-02-12,186.54880424779185,186.796321504533,184.9349868995182,185.29141235351562,41781900
2024-02-13,183.92512331150874,184.360756090923,181.68755769129083,183.20236206054688,56529500
2024-02-14,183.47962222785034,183.68752828939827,180.62821823999963,182.32122802734375,54630500
2024-02-15,181.7271539268571,182.65782113209212,179.54900531664387,182.03407287597656,65434500
2024-02-16,181.59845842120637,183.0142649801448,179.86583763061847,180.49948120117188,49752500
2024-02-20,179.98465441119404,180.6182980286837,178.2124373755958,179.75694274902344,53665600
2024-02-21,180.13318356154335,181.07374623255754,178.8658962581704,180.50941467285156,41371400
2024-02-22,181.65787110291916,183.1231842228548,180.64801151557128,182.53903198242188,52292200
2024-02-23,183.17267506039363,183.20237592421455,180.42028422645075,180.70741271972656,45119700
2024-02-26,180.4302078946742,180.94503297704767,178.85598645977296,179.36093139648438,40867400
2024-02-27,179.3014951345761,182.09348175278842,177.77678047240937,180.81629943847656,54318900
2024-02-28,180.69750358801915,181.30144633523983,178.34114943443706,179.6183319091797,48953900
2024-02-29,179.46981142225187,180.75690414056305,177.74708592784262,178.95497131347656,136682600
2024-03-01,177.76690051629518,178.73716395290236,175.61845249589473,177.8758087158203,73563100
2024-03-04,174.4006596751229,175.14321147352493,172.06409607852763,173.36109924316406,81510100
2024-03-05,169.064154947663,170.33144189377032,167.93547703918458,168.43051147460938,95132400
2024-03-06,169.36119643359416,169.53941670485264,167.00482743895031,167.44046020507812,68587700
2024-03-07,167.47015957545335,169.0344703547855,166.81672553933012,167.3216552734375,71765100
2024-03-08,167.32166963491963,171.9749911536114,167.26226790901475,169.03448486328125,76267000
2024-03-11,171.2225546353428,172.6482565736913,170.34139373001014,171.03443908691406,60139500
2024-03-12,171.43045147590772,172.3017170819102,169.31170429451927,171.50965881347656,59825400
2024-03-13,171.05423942259554,171.4700666239107,169.06419090034882,169.43052673339844,52488700
2024-03-14,171.1928340614332,172.57892461566286,170.34137411890524,171.2819366455078,72913500
2024-03-15,169.47010369924573,170.90570068359375,168.5988381717502,170.90570068359375,121752700
2024-03-18,173.82643054023092,175.94517770513775,171.7967859641753,171.9947967529297,75604200
2024-03-19,172.6086342803731,174.85609525037736,171.31164624406932,174.33135986328125,55215200
2024-03-20,173.97492929704185,176.8956298828125,173.3511809805003,176.8956298828125,53423100
2024-03-21,175.29170540355622,175.7273381457555,169.1433707597941,169.66810607910156,106181300
2024-03-22,170.05426688241553,171.33146450930536,168.37115239719608,170.56910705566406,71160100
2024-03-25,168.8760716915293,170.23246134793257,167.76718417070535,169.15328979492188,54288300
2024-03-26,168.31174106723407,169.71763732680742,167.8959138727621,168.02462768554688,57388400
2024-03-27,168.71767294274684,171.87599567632833,168.42064920188324,171.5888671875,60273300
2024-03-28,170.04434616825796,170.51957504542207,168.8166552027259,169.7770233154297,65672700
2024-04-01,169.48992969134684,169.54933141950085,167.79690490268092,168.34144592285156,46240500
2024-04-02,167.4008605129018,167.6582730022656,166.55929585931307,167.16323852539062,49329500
2024-04-03,167.11373478373662,168.98496453257434,166.90582876011774,167.96519470214844,47691700
2024-04-04,168.59885072968464,170.21266810452119,167.14346313476562,167.14346313476562,53704400
2024-04-05,167.90578453281648,168.6978426903414,167.27214102824712,167.89588928222656,42104800
2024-04-08,167.35138730592178,167.51969724864153,166.56923932419392,166.7771453857422,37425500
2024-04-09,167.02466284236104,168.3909631058002,166.6781477036779,167.9850311279297,42373800
2024-04-10,167.1236748074244,167.41078821247058,165.45045553411236,166.11380004882812,49709300
2024-04-11,166.6682071669761,173.71750852250418,166.49000200344838,173.30166625976562,91070300
2024-04-12,172.52942533467058,176.5887144383463,172.47993396851362,174.79669189453125,101670900
2024-04-15,173.6185038309996,174.8758957155582,170.78690583147454,170.9750213623047,73531800
2024-04-16,170.04436539186383,172.0343988146065,166.59892920522176,167.69790649414062,73711200
2024-04-17,167.92563121825307,168.95529649982927,166.3316192626953,166.3316192626953,50901200
2024-04-18,166.36132321946832,166.96526602396756,164.896025062108,165.3811492919922,43122900
2024-04-19,164.55939469854349,164.7474951408098,162.4505426435407,163.3614044189453,68149400
2024-04-22,163.87623994630854,165.59895049362888,163.1336881290828,164.19305419921875,48116400
2024-04-23,163.7079130900853,165.391027347015,163.28217556978177,165.2425079345703,49537800
2024-04-24,164.88609429896647,167.6186945681344,164.55938480415762,167.3414764404297,48251800
2024-04-25,167.84640961058278,168.9156860278579,166.4801094484109,168.2028350830078,50558300
2024-04-26,168.19290937676217,169.63840150907166,167.49984906174126,167.61866760253906,44838400
2024-04-29,171.64824848286057,174.2818355072499,171.38094074443057,171.77696228027344,68169400
2024-04-30,171.6086653165762,173.25218351807536,168.31173366197407,168.63845825195312,65934800
2024-05-01,167.89588568564642,170.99480617347464,167.43055209459067,167.61866760253906,50383100
2024-05-02,170.79683580066592,171.6978024171198,169.19292849767666,171.31167602539062,94214900
2024-05-03,184.7963833456082,185.14291355827163,180.84601747897057,181.55886840820312,163224100
2024-05-06,180.53910014061182,182.3707188474722,178.62825898838415,179.90545654296875,78569700
2024-05-07,181.6281680754234,183.06376520709566,179.51933122687228,180.58859252929688,77305800
2024-05-08,181.0341248704048,181.25194126160505,179.64801918938014,180.9252166748047,45057100
2024-05-09,180.74699689996783,182.82614787366472,180.3014688648197,182.73704528808594,48983000
2024-05-10,183.3120539854214,183.50042466657956,180.56585391849484,181.4779510498047,50759500
2024-05-13,183.84743912898392,185.49318663872077,183.0344740478803,184.6802215576172,72044800
2024-05-14,185.89964252722956,186.68286641073877,184.69011878206607,185.82032775878906,52393600
2024-05-15,186.29621459797372,189.0126735344407,185.76084369802737,188.09066772460938,70400000
2024-05-16,188.83423487080034,189.458829238671,188.03119361367854,188.2096405029297,52845200
2024-05-17,187.88248620977504,189.17132485957902,187.55531842828847,188.23939514160156,41282900
2024-05-20,187.7040166341828,190.27176982167657,187.38675756521698,189.39932250976562,44361300
2024-05-21,189.44888573499304,191.07480055486454,189.28034753675723,190.6980743408203,42309400
2024-05-22,190.6187885434668,191.16406816634918,188.63596455316463,189.2605438232422,34648500
2024-05-23,189.3398501117122,189.35968258649532,185.02721720275102,185.2750701904297,51005900
2024-05-24,187.1984232707908,188.94330296502375,186.4251079843019,188.34844970703125,36327000
2024-05-28,189.86530324069457,191.3425125399711,187.4760118609873,188.35836791992188,52280100
2024-05-29,187.98163930401122,190.59896650948673,187.88249204796585,188.65579223632812,53068000
2024-05-30,189.12175436970267,190.52955764421512,188.99288109200768,189.64720153808594,49889100
2024-05-31,189.7959119633218,190.9162123421418,188.27905284340878,190.5989532470703,75158300
2024-06-03,191.24336235629542,193.31542486412093,190.86663609575578,192.36366271972656,50080500
2024-06-04,192.96842627855952,193.64259428823095,191.3722523931234,192.68092346191406,47471400
2024-06-05,193.7218709101011,195.20898869639487,193.19642383583022,194.18783569335938,54156800
2024-06-06,194.0094143560484,194.8124556459051,192.5024638984892,192.80979919433594,41181800
2024-06-07,192.978343568532,195.2486855650071,192.47272888451312,195.19911193847656,53103900
2024-06-10,195.20899197297106,195.60556579928584,190.49978557066368,191.46145629882812,97010200
2024-06-11,191.98691085726122,205.38089548057218,191.96709351098235,205.3709716796875,172373300
2024-06-12,205.58909768640683,218.3089152196564,205.1231328450552,211.2401580810547,198134300
2024-06-13,212.8958066808934,214.888539245905,209.7827737762817,212.4001007080078,97862700
2024-06-14,212.01345147179217,213.32210737882852,209.4853479747781,210.66513061523438,70122700
2024-06-17,211.5375569916551,217.06963733267014,210.8931452933454,214.80921936035156,93728300
2024-06-18,215.7213082393038,216.7523850703462,211.17073132176122,212.44964599609375,79943300
2024-06-20,212.0927425591543,212.4000929584359,207.05638337080816,207.87924194335938,86172500
2024-06-21,208.58315742215362,210.07027533194446,205.33132746963062,205.70806884765625,241805100
2024-06-24,205.93610206103614,210.87332959032133,204.8158016590104,206.3524932861328,80727000
2024-06-25,207.35380525957078,209.5646648210329,206.81844945769743,207.27450561523438,55549700
2024-06-26,209.68362348048936,213.01476817493463,208.8310086144187,211.41859436035156,66213200
2024-06-27,212.8462361886446,213.88722177256454,210.5263358320774,212.2613067626953,49772700
2024-06-28,213.91695291908772,214.21437951883613,208.4939285392998,208.81117248535156,82542700
2024-07-01,210.26856627972688,215.64201747450758,210.10002805599396,214.8885498046875,60402900
2024-07-02,214.29369867156123,218.48738234159504,213.2527281692765,218.37832641601562,58046200
2024-07-03,218.11063203893852,219.64732360839844,217.1489612238199,219.64732360839844,37369800
2024-07-05,219.7464397478406,224.5052198536283,219.7464397478406,224.3961639404297,60412400
2024-07-08,225.13973799267995,225.89322076278884,221.3327197032473,225.8634796142578,59085900
2024-07-09,225.9725055332989,227.42988222637766,224.4259054004998,226.716064453125,48076100
2024-07-10,227.3307526887298,231.07828847688273,227.28117906796422,230.97914123535156,62627700
2024-07-11,229.40281699319425,230.39422897123262,223.83108651749725,225.61563110351562,64710600
2024-07-12,226.9540218514806,230.64207551688347,226.71607753741577,228.5601043701172,53046500
2024-07-15,234.44910163171727,235.1926606193721,231.0882156126273,232.386962890625,62631300
2024-07-16,232.98177633300938,234.24087357279006,230.33470860446997,232.80332946777344,43234300
2024-07-17,227.47946461019197,229.47221227385296,224.69359950369105,226.91436767578125,57345900
2024-07-18,228.3023336745397,228.46096321097224,220.36112971273346,222.2547149658203,66034600
2024-07-19,222.88925101284036,224.85224251867803,221.36246807560826,222.3836212158203,49151500
2024-07-22,225.06041535891617,225.82380677595344,221.174082433242,222.03662109375,48201800
2024-07-23,222.44308791792702,224.9910238167192,220.76759935066607,223.0775909423828,39960300
2024-07-24,222.07627816799848,222.86941075843336,215.26528287042115,216.6631622314453,61777600
2024-07-25,217.04978217666016,218.9533061807155,212.77679965909306,215.62216186523438,51391200
2024-07-26,216.82176985722595,217.60499369491455,214.15486954444728,216.088134765625,41601300
2024-07-29,215.09674706599597,217.41664743865044,213.8971319294418,216.36575317382812,36311800
2024-07-30,217.3075789949067,218.43778796730905,214.2639371695869,216.92092895507812,41643800
2024-07-31,219.53825698895486,221.89782218872546,218.7352157578384,220.17276000976562,50036300
2024-08-01,222.44309097566543,222.55214689360594,215.15622233135366,216.48471069335938,62501000
2024-08-02,217.2679231335739,223.66254232334134,215.84030263063204,217.97183227539062,105568600
2024-08-05,197.38019703112641,211.66644653820467,194.31673780556494,207.4727783203125,119548600
2024-08-06,203.53686913101606,208.18659343179937,199.34320096724198,205.45028686523438,69660500
2024-08-07,205.12313014700663,211.80525225793107,204.61751548926864,208.01806640625,63516400
2024-08-08,211.27982425167653,212.36045976406422,207.03658185433542,211.4781036376953,47161100
2024-08-09,210.2784745623819,214.91827509282652,210.1495861717322,214.38291931152344,42201600
2024-08-12,214.4623401059105,217.8767320905019,213.9958359256548,215.91146850585938,38028100
2024-08-13,217.380462936734,220.2390393048837,217.380462936734,219.6236572265625,44155300
2024-08-14,218.92885985517657,221.37054778476931,218.06532277692483,220.07029724121094,41960600
2024-08-15,222.9288560878089,223.67327566716008,221.1025352094067,223.04795837402344,46414000
2024-08-16,222.25393109506462,225.1422830006272,221.98593577772976,224.3680877685547,44340200
2024-08-19,224.04051049270504,224.30850577318623,221.3804434072076,224.20924377441406,40687800
2024-08-20,224.09017687092657,225.4797542015927,223.7725505409132,224.8246612548828,30299000
2024-08-21,224.83461733532874,226.283745950568,223.37555343057218,224.7154998779297,34765500
2024-08-22,226.09512887719345,226.64103964823346,222.23407290784718,222.85939025878906,43695300
2024-08-23,223.98097823318813,226.52192810531062,222.66087229355688,225.15219116210938,38677300
2024-08-26,225.0727813784282,225.58891654674125,222.22414052811973,225.48965454101562,30602200
2024-08-27,224.31843379232603,227.14723425887112,223.21669220638537,226.3333282470703,35934600
2024-08-28,226.22414704916858,228.14971479709,224.0008084384826,224.80479431152344,38052200
2024-08-29,228.38793686624163,231.18694665641485,227.17701311839377,228.08023071289062,51906300
2024-08-30,228.47729089511273,228.6857199244299,225.787447784096,227.296142578125,52990800
2024-09-03,226.84948058831634,227.2961293418145,219.52438650802387,221.11248779296875,50190600
2024-09-04,220.01074262314262,220.12984491677884,215.86183603349318,219.20677185058594,43840200
2024-09-05,219.9809527371486,223.80229748015876,219.87177059333374,220.72537231445312,36615400
2024-09-06,222.28368749781316,223.56409767944487,218.13479623481732,219.17698669433594,48423000
2024-09-09,219.17698492990527,219.62363365317324,215.0975649862482,219.2663116455078,67180000
2024-09-10,217.29111136152258,219.83206111139577,215.1174037589381,218.47225952148438,51591000
2024-09-11,219.81222755985956,221.43008920211523,216.26878297144034,221.0032958984375,44587100
2024-09-12,220.84449248276735,221.8866830044339,218.1844402475294,221.11248779296875,37455600
2024-09-13,221.9164638014437,222.37303270856336,220.25889118684435,220.84449768066406,36766600
2024-09-16,214.92879834553045,215.60374658961533,212.32829765435247,214.71044921875,59357400
2024-09-17,214.14471619981742,215.28615358843467,212.904016801209,215.17697143554688,45519300
2024-09-18,215.9313221513165,221.05293280374121,215.92138686335736,219.04795837402344,59894900
2024-09-19,223.31596324984213,228.11002736409566,222.95864123060412,227.16708374023438,66781300
2024-09-20,228.2589097535001,231.3556905514529,225.92638886705737,226.5020751953125,318679900
2024-09-23,225.64846451262724,227.742765583781,224.12984974700805,224.78494262695312,54146000
2024-09-24,226.94872814757065,227.64353192764617,224.05045616714196,225.67825317382812,43556100
2024-09-25,223.2564112941643,225.59885242729763,222.3531936181764,224.68569946289062,42308700
2024-09-26,225.608784129346,226.79985253593196,223.73284722402752,225.8271484375,36636700
2024-09-27,226.7601514881057,227.81226214161182,225.6087788258606,226.09512329101562,34026000
2024-09-30,228.32838978012126,231.26637268066406,227.94129216556473,231.26637268066406,54541900
2024-10-01,227.81225543239978,227.9412778656533,222.07526286618742,224.52688598632812,63285000
2024-10-02,224.2092739820147,225.67825786117984,221.36063294746157,225.0926513671875,32880600
2024-10-03,223.4648504260935,225.12242301224842,221.65839996957536,223.99090576171875,34044200
2024-10-04,226.20429410810965,226.3035561118749,222.46235586119454,225.11248779296875,37245100
2024-10-07,222.8296017820206,224.01074997862722,219.68319006872073,220.04051208496094,39505400
2024-10-08,222.6311156567822,224.29860847272343,221.58892507419034,224.09017944335938,31855700
2024-10-09,223.554178398676,228.04055170887608,223.1571606453159,227.8321075439453,33591100
2024-10-10,226.0851959438118,227.7923994519787,225.47973405841245,227.3358154296875,28183500
2024-10-11,227.5938974682738,227.70307961960657,225.6484741750507,225.85691833496094,31759200
2024-10-14,226.99836439928595,230.00581860221664,226.89911753216435,229.5790252685547,39882100
2024-10-15,231.87182665313995,235.7229623804217,230.6410474142004,232.11004638671875,64751400
2024-10-16,229.87676649695567,230.39288648800354,228.1298522341637,230.055419921875,34082200
2024-10-17,231.69315867439417,232.11004699556463,228.8048220166126,230.4226837158203,32993800
2024-10-18,234.4226930307779,234.4226930307779,232.26884075534687,233.25148010253906,46431500
2024-10-21,232.7055644739604,235.08771628667242,232.7055644739604,234.720458984375,36254500
2024-10-22,232.14974382855843,234.4624093106695,230.86934872103873,234.10508728027344,38846600
2024-10-23,232.33831918874512,233.3904297884605,226.06533615950997,229.0430145263672,52287000
2024-10-24,228.26882480795348,229.10258628095696,226.71051430099084,228.8544464111328,31109500
2024-10-25,228.03062932515897,231.484732210271,227.86189602437614,229.68820190429688,38802300
2024-10-28,231.5839844241638,232.98348177622344,230.81970938626554,231.6633758544922,36087100
2024-10-29,231.36561495313973,232.5864588417728,230.59141979007921,231.93136596679688,35417200
2024-10-30,230.8792736886572,231.73287549326048,227.8420439394486,228.38795471191406,47070900
2024-10-31,227.63361336879595,228.11997302154123,223.6931505739168,224.22914123535156,64370100
2024-11-01,219.32588166379162,223.67329727363756,218.63109301833273,221.25144958496094,65276700
2024-11-04,219.34572401852256,221.13231895883285,218.0752491010658,220.35812377929688,44944500
2024-11-05,220.14969745378525,222.28369429475046,219.49460455688452,221.78741455078125,28111300
2024-11-06,220.95366880237512,224.387931303672,219.54423614319148,221.06285095214844,54561100
2024-11-07,222.95864433437472,226.18446269494834,222.89909318788202,225.7874298095703,42137700
2024-11-08,225.72780810336752,227.20835428792034,224.9726384261151,225.51914978027344,38328800
2024-11-11,223.57158868270503,224.26714170400084,220.0938084143074,222.8064727783203,42005600
2024-11-12,223.12444853772337,224.15783943194586,221.9420008205612,222.8064727783203,40398300
2024-11-13,222.58788780053936,225.2111273985325,221.34582330978657,223.6908416748047,48566200
2024-11-14,223.59148192887395,227.41703140021204,223.57160465201176,226.7711639404297,44923900
2024-11-15,224.96268496170848,225.4793879673537,222.84621765747355,223.5715789794922,47923700
2024-11-18,223.8199993254601,228.28149999782985,223.74050538640262,226.57241821289062,44633700
2024-11-19,225.53901477922054,228.6988344551977,225.22105418122663,226.8307647705078,36211800
2024-11-20,226.61215353970658,228.47027695087482,224.45593165289552,227.5461883544922,35169600
2024-11-21,227.42694424740614,228.69881686539628,224.27707103239013,227.06922912597656,42108300
2024-11-22,226.61218332282024,229.25530023929056,226.61218332282024,228.4106903076172,38168300
2024-11-25,229.99059491471002,231.76922452168117,228.2815130321861,231.39163208007812,90152800
2024-11-26,231.84870566104107,234.07449047305911,231.84870566104107,233.56771850585938,45986200
2024-11-27,232.98148163119754,234.19373774290258,232.32566796514345,233.4385528564453,33498400
2024-11-29,233.31931239062584,236.3002669685808,232.48464874765904,235.8233184814453,28481400
2024-12-02,235.76370602927642,239.26134854667043,235.65440375298792,238.0689697265625,48137100
2024-12-03,238.28754591958514,241.2188145923816,237.38331948353385,241.10951232910156,38861000
2024-12-04,241.32815927991484,242.56029272240895,239.7184485394643,241.46726989746094,44383900
2024-12-05,242.44105143123323,242.98754766386446,240.59285890906452,241.4970703125,40033900
2024-12-06,241.36788746709487,243.0769692456264,240.5431549096241,241.29832458496094,36870600
2024-12-09,240.29475369946152,245.67041216886827,240.21525975684386,245.1835174560547,44649200
2024-12-10,245.32260336553807,246.63423054379348,243.78244060146582,246.197021484375,36914800
2024-12-11,246.3858091597837,249.2077755123232,244.69658964103184,244.92514038085938,45205800
2024-12-12,245.32261935264157,247.1608807008323,244.12029436088807,246.38583374023438,32777500
2024-12-13,246.24671899982582,247.70737273801882,244.67674782957272,246.55474853515625,33155300
2024-12-16,246.4156487620838,249.7841268474892,246.07779571830554,249.44627380371094,51694800
2024-12-17,248.49236434269267,252.21855739876366,248.19426586582333,251.8707733154297,51356400
2024-12-18,250.559158393614,252.66569465886903,246.16722071424974,246.47525024414062,56774100
2024-12-19,245.92873792847348,250.400169527173,245.5213371883983,248.20419311523438,60882300
2024-12-20,246.46531011815415,253.38113119374523,244.13023820234332,252.87437438964844,147495300
2024-12-23,253.15260355822258,254.02700659111463,251.84097626600598,253.64942932128906,40858800
2024-12-24,253.86804957710976,256.5707679464462,253.6693071300515,256.56085205078125,23234700
2024-12-26,256.5508929178466,258.44877099351584,255.99445048269988,257.3756103515625,27237100
2024-12-27,256.19317709309894,257.05767945175137,251.4534699071419,253.9674072265625,42355300
2024-12-30,250.62873106361576,251.8906728018858,249.15813098648073,250.5989227294922,35557500
2024-12-31,250.83738041728796,251.6720440162376,247.84647977817443,248.8302001953125,39480700
2025-01-02,247.34964638751123,247.51858047528103,240.28479918438643,242.30191040039062,55740700
2025-01-03,241.81503295898438,242.62981931594805,240.3543640210219,241.81503295898438,40244100
2025-01-06,242.75900387005615,245.7598357483754,241.6560500607284,243.4446258544922,45045600
2025-01-07,241.4374487975533,243.9911405526811,239.81780708502322,240.67234802246094,40856000
2025-01-08,240.3841480569624,242.16279257722746,238.52602476613023,241.15919494628906,37628900
2025-01-10,238.48628640867517,238.63534322792128,231.52079498772144,235.3463592529297,61710900
2025-01-13,232.04743903723335,233.18020116738663,228.26162915914,232.9119110107422,49630700
2025-01-14,233.2596800887061,234.62097773623856,230.9941559742804,231.79901123046875,39435300
2025-01-15,233.1503884256181,237.4429702030776,232.94171493841435,236.35987854003906,39832000
2025-01-16,235.8432019589194,236.4990004602556,226.58236221549976,226.81089782714844,71759100
2025-01-17,230.64637201374376,230.81529094249188,227.0294813062853,228.51995849609375,68488300
2025-01-21,222.57792910461188,222.99526090225285,217.98726416864307,221.2265625,98070400
2025-01-22,218.39462141767655,222.69713354069182,218.39462141767655,222.4089813232422,64126500
2025-01-23,223.3132578125695,225.58871322146769,220.88874557201237,222.2401123046875,60234800
2025-01-24,223.35297985225768,224.19758968028435,220.00437919561992,221.3656768798828,54697900
2025-01-27,222.5978054024586,230.67618150163648,222.5580508531902,228.40072631835938,94863400
2025-01-28,229.3844597561093,238.66516132615985,229.3447052045828,236.74740600585938,75707600
2025-01-29,232.63369919180946,238.33726462451705,232.52439691334908,237.84043884277344,45486100
2025-01-30,237.1547951903121,239.26133146080375,235.7040725307193,236.08164978027344,55658300
2025-01-31,245.62073349000855,245.62073349000855,231.9580244316672,234.50177001953125,100959800
2025-02-03,228.52994112055367,230.35825645912033,224.26716718794117,226.5625,73063300
2025-02-04,225.80731341689966,231.64998934854387,225.21111642561868,231.32208251953125,45067300
2025-02-05,227.0791817096477,231.19289841511937,226.82083777153602,230.99417114257812,39620300
2025-02-06,229.8216702010973,232.31574540236795,228.96712922491054,231.7394256591797,29925300
2025-02-07,231.1233398047693,232.51444580894437,225.81722939017394,226.1848907470703,39707200
2025-02-10,228.36338248973718,229.378010419489,226.00582893863492,226.45346069335938,33115600
2025-02-11,227.00055734532324,233.99360582200345,226.93093316445223,231.39732360839844,53718400
2025-02-12,229.98480349517558,235.71453849328682,229.4675323792709,235.625,45243300
2025-02-13,235.66481592241834,241.06626881430705,234.33186254170715,240.26052856445312,53614100
2025-02-14,239.981993568851,244.25939586817944,239.72336558929686,243.31439208984375,40896200
2025-02-18,242.86674847770814,243.8913336127375,240.56889220053384,243.18507385253906,48822500
2025-02-19,243.37407429304395,244.716969605811,241.88195827091008,243.5829620361328,32204200
2025-02-20,243.65259654249155,245.4829218502696,243.00600383864503,244.5379180908203,32316900
2025-02-21,244.65729095432025,247.38289505871285,243.93113206298463,244.2593994140625,53197400
2025-02-24,243.64264638435856,247.55199828948733,243.1353323966777,245.80125427246094,51326400
2025-02-25,246.69650753214344,248.68599549611233,243.62275227067275,245.74154663085938,48013300
2025-02-26,243.04579925662603,243.6923767743236,237.87313357927937,239.09666442871094,44433600
2025-02-27,238.1516754344793,241.18564780716906,235.81402085750776,236.05276489257812,41153600
2025-02-28,235.70459571566596,240.8175794410065,228.9900734891547,240.5688934326172,56833400
2025-03-03,240.51914741730602,242.74737946323825,234.8690087281554,236.77891540527344,47184000
2025-03-04,236.46061504010896,238.80821160759587,233.4465266012979,234.68995666503906,53798100
2025-03-05,234.18263593082168,235.30670153327668,228.0251680036218,234.50096130371094,47227600
2025-03-06,233.20778757123546,236.60981025581015,231.93451645578955,234.09310913085938,45170400
2025-03-07,233.87426828677374,240.10136041796665,233.5261018066448,237.81346130371094,46273600
2025-03-10,234.3019970725287,234.91874867921032,223.04150278970278,226.28436279296875,72071200
2025-03-11,222.63366659789358,224.65299583409444,216.3070937419303,219.6792755126953,76137400
2025-03-12,218.9829331071368,220.58447147788527,213.7804264853068,215.83953857421875,62547500
2025-03-13,214.81496040955514,215.70028194858565,207.3245394208188,208.57791137695312,61368300
2025-03-14,210.13967261110687,212.8254784087618,208.4784519318959,212.36790466308594,60107600
2025-03-17,212.18883784213668,214.0888025037831,208.8663965620962,212.87521362304688,48073400
2025-03-18,213.0343879953175,214.019174884069,210.3784232206469,211.57211303710938,42432400
2025-03-19,213.0940604852241,217.6101915579757,212.6265295918345,214.10870361328125,54385400
2025-03-20,212.86529372925065,216.34689805154306,211.1045924362575,212.97471618652344,48862900
2025-03-21,210.4480334492585,217.68976839110027,210.16950634984832,217.12277221679688,94127800
2025-03-24,219.8384246082871,220.3158974796034,217.4311459430569,219.56983947753906,44299500
2025-03-25,219.60962662242414,222.9221258053629,218.9232508666907,222.57395935058594,34493600
2025-03-26,222.3352199198642,223.83729303324841,219.31120492080973,220.36563110351562,34466100
2025-03-27,220.2263848697343,223.80746952519274,219.40074548587612,222.6734619140625,37094800
2025-03-28,220.50488863250547,222.63364006926244,216.5358548246797,216.75469970703125,39818600
2025-03-31,215.86939419548492,224.43414081005062,215.09349507460487,220.96249389648438,65299300
2025-04-01,218.65466729819107,222.5043215641154,217.74944665223015,222.01690673828125,36412700
2025-04-02,220.15675729790527,224.00641185945875,219.8583310514353,222.71324157714844,35905900
2025-04-03,204.45969456936825,206.39945769712665,200.19224908119847,202.12205505371094,103419000
2025-04-04,192.87091122900438,198.82943318150367,186.3553350717911,187.38987731933594,125910900
2025-04-07,176.26865177501736,193.12956126210946,173.70221017135344,180.5062713623047,160466300
2025-04-08,185.71869040589692,189.33955773730443,168.32062862424334,171.5137481689453,120859500
2025-04-09,171.04623198001363,199.55559936553783,170.98654976711688,197.8048553466797,184395900
2025-04-10,188.07623328279777,193.75621235587465,182.03813062603746,189.41912841796875,121880000
2025-04-11,185.12186726950821,198.49121408156802,185.0820690088969,197.1085205078125,87435900
2025-04-14,210.32866545443895,211.82078139531484,200.10269875392328,201.45555114746094,101352900
2025-04-15,200.7990028314966,202.44032418337582,198.74983284066025,201.07752990722656,51343900
2025-04-16,197.31741584829123,199.64511311117855,191.35889396287376,193.24891662597656,59732400
2025-04-17,196.16350125239885,197.78493872612725,193.39811432307044,195.9446563720703,52164700
2025-04-21,192.25418258208256,192.78139570274652,188.8123615658979,192.14476013183594,46742500
2025-04-22,195.08918671811182,200.53043756485187,194.93998119085117,198.69017028808594,52976400
2025-04-23,204.9172632087338,206.9067512010516,201.7340854567431,203.52462768554688,52929200
2025-04-24,203.81309077731203,207.73238443559362,201.87334307751462,207.27479553222656,47311000
2025-04-25,205.28531450927932,208.6475540878433,205.1162098506388,208.18002319335938,38222300
2025-04-28,208.8962283982374,210.38834431536768,206.36958545714222,209.03549194335938,38743100
2025-04-29,207.59312493762445,211.12446912484504,207.27479957627347,210.09988403320312,36827600
2025-04-30,208.19990958730307,212.45741243436711,205.58372816909105,211.38308715820312,52286500
2025-05-01,207.98107159612528,213.43226431553572,207.8020097882055,212.19879150390625,57365700
2025-05-02,205.0067917796952,205.9020705063368,201.09745506032002,204.27069091796875,101010600
2025-05-05,202.03251395918386,203.02725796650907,197.1682163705072,197.84463500976562,69018500
2025-05-06,197.1682027308483,199.59536519080132,195.9844550154461,197.46661376953125,51216500
2025-05-07,198.12317194216024,198.3917570874617,192.23428894820486,195.21852111816406,68536700
2025-05-08,196.68079799363124,198.99855348942916,193.65676753221484,196.45201110839844,50478900
2025-05-09,197.95407268173315,199.4859718922483,196.5017396407649,197.48654174804688,36453900
2025-05-12,210.13634313336473,210.435160708662,205.93301745006437,209.95704650878906,63775800
2025-05-13,209.59847136477597,212.55673652410627,208.17412935394688,212.08859252929688,51909300
2025-05-14,211.5905625216416,213.09460539099953,209.7478820292828,211.490966796875,49325800
2025-05-15,210.11641669484823,212.11848379882832,208.71198473801002,210.61444091796875,45029500
2025-05-16,211.52086084946143,211.73003772257164,208.94109887256835,210.42520141601562,54737900
2025-05-19,207.0884445111699,208.65223273202483,203.45285841572866,207.9550018310547,46140500
2025-05-20,206.84938410987283,207.64622592622177,204.2198167548668,206.04258728027344,42496600
2025-05-21,204.359243170771,206.2218487675542,199.9168759316908,201.29141235351562,59211800
2025-05-22,199.91690559460176,201.94883789272,198.91088686006037,200.5643310546875,46742400
2025-05-23,192.9046989896,196.91877297523902,192.6955373289648,194.49838256835938,78432900
2025-05-27,197.51641281084125,199.94677348688452,196.64984031499387,199.4188690185547,56288500
2025-05-28,199.79734764673603,201.92889064401075,199.1100718095576,199.62802124023438,45339700
2025-05-29,202.77554227533128,203.0046291598645,197.72556941325453,199.15988159179688,51396800
2025-05-30,198.5821728136608,201.1619498266407,196.00241099917397,200.05633544921875,70819900
2025-06-02,199.488582384924,201.33127809714276,199.32921098525782,200.90296936035156,35423300
2025-06-03,200.55437033168948,202.96480586317466,200.16591202699755,202.46678161621094,46381600
2025-06-04,202.10819540070028,205.42503857555045,201.30139858491114,202.0185546875,43604000
2025-06-05,202.69585814733983,203.94091870107042,199.35908978394463,199.8372039794922,55126100
2025-06-06,202.19783403313102,204.8871617909174,201.2515910514923,203.11419677734375,46607700
2025-06-09,203.58234611432158,205.18598475848052,199.22961916524454,200.65396118164062,72862600
2025-06-10,199.8073282051838,203.54250994980842,199.77744796710627,201.869140625,54672600
2025-06-11,202.69585666840098,203.69190510411792,197.62597377823997,197.9945068359375,60989900
2025-06-12,198.29333609984755,198.890956077424,196.58013147350607,198.41285705566406,43904600
2025-06-13,198.94075911963023,199.57822954037988,194.92668495173118,195.67372131347656,51447300
2025-06-16,196.52035592822918,197.90486262143017,195.78327462738756,197.63592529296875,43020700
2025-06-17,196.42074594971083,197.60604600468164,194.43861931524052,194.86691284179688,38856200
2025-06-18,195.16573699325735,196.7893008408277,194.2991796996429,195.80320739746094,45394700
2025-06-20,197.45666110928434,200.90298042554332,196.08210930882012,200.20574951171875,96813500
2025-06-23,200.83325703321927,201.50060768152076,198.17380945321412,200.70376586914062,55814300
2025-06-24,201.78945874554142,202.63610603642124,199.4089034764897,199.50851440429688,54064000
2025-06-25,200.65396860223956,202.8651975026319,199.82724651799433,200.76353454589844,39525700
2025-06-26,200.63404307360597,201.8392684520338,198.67184150130464,200.20574951171875,50799100
2025-06-27,201.09221242791352,202.41695863400855,199.20968154525062,200.28541564941406,73188600
2025-06-30,201.211736268348,206.57048164253425,198.4726031076903,204.3592529296875,91912800
2025-07-01,205.85332972802502,209.35942450018746,205.3254252695324,206.99879455566406,78788900
2025-07-02,208.08449026524102,212.49697770796604,207.31752868499885,211.6005401611328,67941800
2025-07-03,211.31168447150716,213.80180573654258,210.97303162710094,212.70616149902344,34955800
2025-07-07,211.83958469799765,215.37555986284275,207.97492690746134,209.12037658691406,50229000
2025-07-08,209.26977065111936,210.59450162142676,207.6262817055446,209.18011474609375,42848900
2025-07-09,208.70202548866368,210.49491569520316,206.40115605631001,210.3056640625,48749400
2025-07-10,209.67816220166208,212.63642743345136,209.2000631819418,211.57066345214844,44443600
2025-07-11,209.73792710960444,211.29176024279,209.03072603053,210.32559204101562,39765800
2025-07-14,209.10042946873696,210.07656782568804,206.719874444485,207.7956085205078,38840100
2025-07-15,208.39325734338402,211.05270487364396,208.09443976951917,208.28369140625,42296300
2025-07-16,209.4689902412225,211.5606828488181,207.8155461810567,209.3295440673828,47490500
2025-07-17,209.7379389650813,210.9630743588066,208.7618004967043,209.1901092529297,48068100
2025-07-18,210.0367321724359,210.95309492429405,208.87135730762196,210.3455047607422,48974600
2025-07-21,211.26189276464606,214.92734394651046,210.79374875413163,211.640380859375,51377400
2025-07-22,212.29776458434165,214.1006098348481,211.39135685335447,213.5527801513672,46404100
2025-07-23,214.15043456376964,214.29983576430007,211.5706725113145,213.3037872314453,46989300
2025-07-24,213.05474462863134,214.8376797586153,212.68621158769832,212.91529846191406,46022600
2025-07-25,213.85160291428238,214.38947759784276,212.5567368669443,213.03485107421875,40268800
2025-07-28,213.18426788884761,214.00103498726418,212.21809958876685,213.20419311523438,37858000
2025-07-29,213.33363944545516,213.96115480223384,209.9869314052821,210.43515014648438,51411700
2025-07-30,211.06265157316113,211.55072076453234,206.89917652304968,208.2239227294922,45512500
2025-07-31,207.66614913739534,209.01080544085684,206.3414028602417,206.74978637695312,80698400
2025-08-01,210.03674932642843,212.7360475386617,200.7037794341265,201.58030700683594,104434500
2025-08-04,203.70186769022786,207.0585613783641,200.88304868853191,202.5464630126953,75109300
2025-08-05,202.59626309701343,204.5285996595603,201.36117265797924,202.1181640625,44155100
2025-08-06,204.81746371165528,214.5289368613384,204.77761325937152,212.4073486328125,108483100
2025-08-07,218.01508808955717,219.97730473834642,215.7241736307253,219.16053771972656,90224800
2025-08-08,219.95738825778145,230.08719950298993,218.38362983130105,228.4437255859375,113854000
2025-08-11,227.27701087414155,228.91238364576833,224.12592192869855,226.53909301757812,61806100
2025-08-12,227.36676338645532,230.14890113463383,226.42942796921326,229.00213623046875,55626200
2025-08-13,230.4181341091737,234.33703985510917,229.77992501054072,232.6717529296875,69878500
2025-08-14,233.39969406647393,234.4567012802976,230.19875827485632,232.12330627441406,51916300
2025-08-15,233.3398655982593,233.61907447658757,228.69300821277216,230.93666076660156,56038700
2025-08-18,231.04634466466607,232.46233685580373,229.46083388892833,230.23863220214844,37476200
2025-08-19,230.62753117126795,232.2130419457167,228.70298322789472,229.90956115722656,39402600
2025-08-20,229.33119207499826,229.81981519856654,225.13307755654054,225.3723907470703,42263900
2025-08-21,225.63166356522294,225.88095827873425,223.14868274098328,224.26551818847656,30621200
2025-08-22,225.53195134940427,228.44371192910324,224.77410085849388,227.11746215820312,42477800
2025-08-25,225.84107546750252,228.65312729963858,225.59178073979155,226.5191650390625,30983100
2025-08-26,226.22996704217394,228.84258604761433,224.05612439304167,228.6630859375,54575100
2025-08-27,227.96508141122786,230.24861452224957,227.61606269083353,229.83978271484375,31259500
2025-08-28,230.16883391080088,232.7515235304584,228.692998228932,231.90391540527344,38074700
2025-08-29,231.85405874294378,232.7216147258446,230.71727541448905,231.485107421875,39418400
2025-09-02,228.60325464814514,230.19874691737337,226.3296880547272,229.07192993164062,44075600
2025-09-03,236.5408165177042,238.17618932549604,233.69885053091846,237.79725646972656,66427800
2025-09-04,237.7772812570227,239.22318747047024,236.07211403385233,239.10353088378906,47549400
2025-09-05,239.3229322237051,240.63921565449175,237.8171975861315,239.01380920410156,54870400
2025-09-08,238.62491556233425,239.47250850410185,235.6732593017711,237.20892333984375,48999500
2025-09-09,236.33140663047269,238.10638391026913,232.70167593051625,233.6888885498047,66313900
2025-09-10,231.53496736029473,231.76431424305812,225.31256565050364,226.1501922607422,83440800
2025-09-11,226.23996538709508,229.7998863317909,226.01060327291316,229.38107299804688,50208600
2025-09-12,228.57335925244223,233.84842918261825,228.373926506362,233.40968322753906,55824200
2025-09-15,236.33139853346725,237.5180438551372,234.36695488957946,236.03224182128906,42699500
2025-09-16,236.51088466190768,240.53949594661788,235.65332541334,237.4781494140625,63421100
2025-09-17,238.2958480596019,239.42266510979977,237.05934071942244,238.3157958984375,46508000
2025-09-18,239.29302360434258,240.51954939992544,235.98238232851827,237.20892333984375,44249600
2025-09-19,240.5494606794321,245.60516498271895,239.53234916144805,244.8074188232422,163741300
2025-09-22,247.5995237986898,255.9160073848096,247.42002368458668,255.35755920410156,105517400
2025-09-23,255.15815615601056,256.6140289111009,252.86464151383097,253.7122344970703,60275200
2025-09-24,254.49999981420794,255.01853710208397,250.33178410429736,251.59820556640625,42303700
2025-09-25,252.49566170312627,256.4444966190252,250.99989343760635,256.14532470703125,55202100
2025-09-26,253.38317016390945,256.8732963908738,253.06406560531616,254.7393341064453,46076300
2025-09-29,253.8418726304012,254.28063380560434,252.29624220529692,253.7122344970703,40127700
2025-09-30,254.1410137555297,255.1980209495745,252.39595068950493,253.9116668701172,37704300
2025-10-01,254.32049261064776,258.0599285933123,254.21080232618834,254.72933959960938,48713900
2025-10-02,255.85613542550084,257.45162766856953,253.43299812845933,256.40460205078125,42630200
2025-10-03,253.9515436206674,258.5086431914624,253.23357360959045,257.2920837402344,49155600
2025-10-06,257.262186546101,258.339156849437,254.33049322602108,255.9658660888672,44664100
2025-10-07,256.0855101139428,256.6738420114173,254.70939836699205,255.75645446777344,31955800
2025-10-08,255.7963062732735,257.7906639625656,255.3874592951906,257.33197021484375,36496900
2025-10-09,257.08267167133846,257.27213808351553,252.42584836214985,253.32330322265625,38322000
2025-10-10,254.2207817432353,255.6567217403356,243.3116425485481,244.57806396484375,61999100
2025-10-13,248.67648318296307,248.98560621270488,244.86725241658198,246.96133422851562,38142900
2025-10-14,245.90431694508948,248.14796941642882,244.00966795095763,247.07101440429688,35478000
2025-10-15,248.78616738422895,251.10959602979932,246.77186176083558,248.63658142089844,33893600
2025-10-16,247.54965348458146,248.33741809379524,244.43846029169785,246.7519073486328,39777000
2025-10-17,247.3203043073955,252.66518358811555,246.57242016484557,251.5782470703125,49147000
2025-10-20,255.168106265739,263.63416054313814,254.90884523128253,261.50018310546875,90483000
2025-10-21,261.141213133835,264.5415968076956,261.0913359303388,262.0286865234375,46695900
2025-10-22,261.9090501595624,262.1084981259862,254.70941678507808,257.7209167480469,45015300
2025-10-23,259.206686997747,259.8847613495841,257.28213901467177,258.8476867675781,32754900
2025-10-24,260.4531458541269,263.3848541030092,258.44880663072195,262.07855224609375,38253700
2025-10-27,264.13273028939324,268.3607587413759,263.9033682058253,268.0516357421875,44888200
2025-10-28,268.23110734142335,269.12859257872884,267.39348082722177,268.2410888671875,41534800
2025-10-29,268.5203194424725,270.6443152614699,266.35642794866993,268.93914794921875,51086700
2025-10-30,271.2226702585742,273.36662916750566,267.72259312931254,270.63433837890625,69886500
2025-10-31,276.2085578376442,276.53764389728985,268.4006608909581,269.60723876953125,86167100
2025-11-03,269.6571458353552,270.08592548154905,265.4988962118729,268.2909851074219,50194600
2025-11-04,267.5730004152706,270.72408938596277,266.86501191822913,269.2781982421875,49274800
2025-11-05,267.8521863717013,270.93349568379296,266.17693326929896,269.3778991699219,43683100
2025-11-06,267.1342708755924,272.6287059365568,267.1342708755924,269.0089416503906,51204000
2025-11-07,269.03885049148494,271.5218466038475,266.0173996929098,267.7126159667969,48227400
2025-11-10,268.46119877683986,273.2223721938244,266.9639805623884,268.9303283691406,41312400
2025-11-11,269.3096487524697,275.3983427074405,269.2996575494418,274.73956298828125,46208300
2025-11-12,274.49005224267427,275.2187095291286,271.19618380015726,272.962890625,48398000
2025-11-13,273.6016390736082,276.1868626363035,271.58539619817094,272.4438171386719,49602800
2025-11-14,270.5473523374902,275.4482508823214,269.10005949599775,271.90484619140625,47431300
2025-11-17,268.3214829895084,269.98836893107386,265.237217022597,266.9639892578125,45018300
2025-11-18,269.48928956232544,270.20795552947055,264.8279672087311,266.94403076171875,45677300
2025-11-19,265.0376012369211,271.70520656667077,265.0076580872151,268.0619812011719,40424500
2025-11-20,270.327749378444,274.91922505965954,265.42688147061517,265.7562561035156,45823600
2025-11-21,265.4568071090486,272.8230952896135,265.17732758833057,270.98651123046875,59030800
2025-11-24,270.397645153795,276.48633959077114,270.397645153795,275.4083557128906,65585800
2025-11-25,274.75950033189645,279.8600396675645,274.7395483878858,276.45635986328125,46914200
2025-11-26,276.4464065684995,279.0116481613461,276.11703191175064,277.0353088378906,33431400
2025-11-28,276.7458380127342,278.4826014787427,275.4781737009374,278.3328857421875,20135600
2025-12-01,277.4944549964911,282.89442609469603,275.62792768573877,282.57501220703125,46587700
2025-12-02,282.47518456741903,286.86701880065203,282.10587559562896,285.6592712402344,53669500
2025-12-03,285.6692634925469,288.0847586222564,282.77461708045536,283.623046875,43538700
2025-12-04,283.5731318378766,284.20196835267484,278.07334059490756,280.179443359375,43989100
2025-12-05,280.01974631085085,280.6186397013617,277.53434330937836,278.26300048828125,47265800
2025-12-08,277.6142094762677,279.15136205700173,275.6378704438954,277.3746643066406,38211800
2025-12-09,277.6441787437343,279.5107061083118,276.4064879695729,276.6659851074219,32193300
2025-12-10,277.23491184461454,279.2312028389952,275.92734368017386,278.26300048828125,33038300
2025-12-11,278.5824273392719,279.07150890817053,273.3022288840155,277.514404296875,33248000
2025-12-12,277.38461586894516,278.70217518025987,276.30663218031253,277.763916015625,39532900
2025-12-15,279.63046152672615,279.63046152672615,272.33402020742307,273.6016540527344,50409100
2025-12-16,272.3140798989353,274.9891026980292,271.2859911871425,274.1007385253906,37648600
2025-12-17,274.50001118897205,275.6478724530811,271.13626563598973,271.33587646484375,50138700
2025-12-18,273.1025913325419,273.12257373871984,266.4549687260805,271.68524169921875,51630700
2025-12-19,271.6453053723066,274.09077415448866,269.399477884542,273.1625061035156,144632000
2025-12-22,272.3539780142796,273.37210596231955,270.00836035897595,270.4674987792969,36571800
2025-12-23,270.3377490962612,271.99467443806464,269.06012395403746,271.85491943359375,29642000
2025-12-24,271.8349404799371,274.9192064044749,271.69521595033444,273.3022155761719,17910600
2025-12-26,273.65160578690546,274.8593534534055,272.35399820928086,272.89300537109375,21521800
2025-12-29,272.1843267483383,273.8512128461511,271.8449608988494,273.2523498535156,23715200
2025-12-30,272.30405905646904,273.57169281796894,271.77504318392386,272.57354736328125,22139600
2025-12-31,272.553621806917,273.17246717497864,271.24605357156486,271.3558349609375,27293600
