date,Open,High,Low,Close,Volume
2016-01-04,74.61725964149552,74.99696986557939,73.68734945051885,74.93497467041016,2819800
2016-01-05,75.12097357857593,76.52358112295465,75.01248492388301,76.41509246826172,2518400
2016-01-06,75.9966608211067,76.43836647635793,75.57045101683342,76.1438980102539,2132400
2016-01-07,75.08997635206647,75.42319319663389,73.90434611112772,74.24530792236328,3203600
2016-01-08,74.384817442605,74.77227873595857,72.76523207423836,73.02095794677734,1959800
2016-01-11,73.40842181558298,73.61764831997073,72.71873525000181,73.21469116210938,1545400
2016-01-12,73.70289028047434,73.75713462695933,72.67224178506906,73.21469116210938,1859900
2016-01-13,73.50140730394888,73.67189122161261,71.37037015753282,71.40911865234375,1989500
2016-01-14,71.86631254111055,72.10654254156901,71.06039241430486,71.45560455322266,2524500
2016-01-15,70.13822949525411,71.00613881697333,68.07693303179329,68.49539184570312,5386300
2016-01-19,69.55703449160045,72.47848926314776,69.43304407293677,70.44819641113281,4084300
2016-01-20,69.75078258652167,69.88251800526174,66.8060744385303,68.96810913085938,4293000
2016-01-21,68.86735080944408,70.64192368588787,68.35589922477816,69.75850677490234,2994700
2016-01-22,70.44821208027558,72.52499884511556,69.99875558093414,72.26152801513672,3258300
2016-01-25,72.28476852066444,72.3700104670672,70.46370186169425,70.6109390258789,2895300
2016-01-26,71.29287468849597,72.60249569152235,71.21538361583775,71.65708923339844,2795000
2016-01-27,71.33936117284141,72.4165029403615,70.84341126170364,71.68807983398438,2024200
2016-01-28,71.78106674720439,72.4165029403615,71.55633851994052,71.68807983398438,1950100
2016-01-29,72.56372738164299,73.23016106643962,71.96703978172373,73.10617065429688,2744400
2016-02-01,72.53274782613,72.76522695064874,71.9360600777435,72.1452865600586,2621900
2016-02-02,71.66482779802568,71.94379442921417,70.63417956344766,70.7891616821289,1908400
2016-02-03,71.10688120093732,71.10688120093732,68.50314145951234,70.12272644042969,4310400
2016-02-04,69.99101962824868,71.16889955782345,69.75079547765574,70.58770751953125,2385400
2016-02-05,70.28546483164634,70.47919544685175,68.62713123846318,68.84410858154297,2046000
2016-02-08,68.51089396824443,68.54963654191877,65.51969295502138,66.18612670898438,3025300
2016-02-09,65.52744623031158,66.55809459817917,65.02375132336226,66.31011962890625,2638100
2016-02-10,66.52707613451118,67.51897570068338,66.14736587512697,66.51932525634766,1595200
2016-02-11,65.59719640428138,65.59719640428138,64.37281733089019,64.83002471923828,2891000
2016-02-12,65.93817763834261,66.50387387876704,64.89978393326244,66.38763427734375,2188000
2016-02-16,67.48799242989469,67.77471586094741,66.62783396111459,66.9920425415039,1880200
2016-02-17,67.36399103819441,67.68170608451375,66.72855503336822,66.7905502319336,2491800
2016-02-18,66.71308893896905,68.20094493893042,66.47286480635138,67.80573272705078,2799500
2016-02-19,67.73597534407111,68.13118154351469,67.0385439447748,67.66622924804688,2750900
2016-02-22,68.20866179204513,69.60352436946458,68.20866179204513,69.15406799316406,2633600
2016-02-23,68.86732957097013,69.2470397468493,67.86767934647531,68.2086410522461,1967600
2016-02-24,67.85997715040828,69.30133377206033,67.42602235238512,68.99136352539062,3775900
2016-02-25,69.17732429320013,69.851508950974,68.93710022635398,69.29356384277344,4584300
2016-02-26,68.8131226515465,71.13789022879888,67.64298798224968,69.75077819824219,4730300
2016-02-29,69.86703129119122,72.26153952167171,69.75079170737772,71.44786834716797,3879600
2016-03-01,71.87405081708643,73.45489318333458,71.02163738066922,73.38514709472656,3240600
2016-03-02,73.14492351408413,73.38514756175353,72.64122278093565,73.32315826416016,1645700
2016-03-03,73.46265168445058,73.86560876289936,72.94344914219825,73.85011291503906,1879700
2016-03-04,73.71064822691655,74.64830397013677,73.69514646232628,74.34608459472656,1987800
2016-03-07,73.97408428470725,74.54752514862922,73.78035370385095,74.08257293701172,1987900
2016-03-08,73.63312131234554,74.05158010340574,73.12942649943258,73.30765533447266,1719400
2016-03-09,73.57113201574249,73.75711172992864,73.04418456539133,73.30765533447266,1872800
2016-03-10,73.85785080930891,74.24531200278919,72.60248032623356,73.39289855957031,1748500
2016-03-11,74.04385234522131,76.37636497427232,73.94310862947373,76.29887390136719,2680700
2016-03-14,75.7021740862345,76.18262220908204,74.92725165615637,75.9888916015625,2026200
2016-03-15,75.22171748197238,76.43059453970417,75.18296899691636,76.26011657714844,2124200
2016-03-16,76.0276355333651,77.47674251918781,75.77966060708304,77.34500122070312,1817000
2016-03-17,77.27528150371877,79.73953557267433,77.08155085651218,78.84837341308594,3535100
2016-03-18,79.1970582346505,79.1970582346505,77.60847103608243,77.88744354248047,3566500
2016-03-21,77.50000211010493,78.00370292553505,77.30627148203101,77.75572204589844,1718100
2016-03-22,77.55425073513929,77.7789789855863,77.07379662257773,77.4380111694336,1435800
2016-03-23,77.49225223430622,78.2361771462928,77.15903531321112,77.16678619384766,1343900
2016-03-24,77.02731459774219,77.97272120130509,76.61660652850044,77.76348876953125,1576800
2016-03-28,77.84872947506054,78.17419557233525,77.40702379670466,77.6782455444336,1077100
2016-03-29,77.72472432089913,79.09633445993633,77.33726309479732,78.98009490966797,1824400
2016-03-30,79.31330809194125,79.74726866517204,79.10408164099283,79.28231048583984,1568400
2016-03-31,79.04209581854488,79.76277398749566,78.94910298919365,79.32881927490234,1588300
2016-04-01,78.98783517785873,81.22736029087957,78.94134172887327,80.97938537597656,3108100
2016-04-04,81.13439178466797,81.27387808559605,80.68494118140202,81.13439178466797,1877200
2016-04-05,80.59193420410156,80.89415348439181,80.39045271317836,80.59193420410156,1661100
2016-04-06,80.59192843237953,82.01778278987109,80.39819783518631,81.90929412841797,2331500
2016-04-07,81.54508655958011,81.79306149050328,80.92514627617784,81.36685180664062,2133100
2016-04-08,81.77954834940874,82.59719049455276,81.62380981749759,82.31685638427734,1380300
2016-04-11,82.73740174752787,82.95543818509495,82.28575144625471,82.5505142211914,1423500
2016-04-12,82.47263561588879,82.92427992519741,81.96647626228695,82.67509460449219,1495700
2016-04-13,83.11895986986644,83.12674858240712,82.39476407080406,82.7218246459961,2271300
2016-04-14,82.6595118597163,82.80746172491662,81.82629800015124,81.91973876953125,1628000
2016-04-15,81.98204649679491,82.54271494510269,81.66278059437035,82.37139892578125,1325100
2016-04-18,81.93530875441706,82.3558100015953,81.76399277137645,82.18449401855469,2031500
2016-04-19,81.77956993735982,82.1844997328918,80.9463560954928,82.15335083007812,2433100
2016-04-20,82.16114856776899,82.45705426544025,81.48367322449299,81.62384033203125,1707300
2016-04-21,81.37465812955988,81.37465812955988,79.72380168231737,79.87175750732422,2442200
2016-04-22,80.1754228689402,81.87299909151271,80.08976488982987,81.13323211669922,1709900
2016-04-25,81.05537887250735,81.41358830461614,80.44799008587727,81.1254653930664,1296800
2016-04-26,81.33572981427473,81.80295753805001,81.28122070530725,81.58491516113281,1257900
2016-04-27,81.39799307500857,81.98202154070438,80.8295420287164,81.3668441772461,1613500
2016-04-28,80.83734728240708,82.02876473325395,80.61152216659906,81.08653259277344,2402300
2016-04-29,80.94634430886536,81.9586627092455,79.65369770607238,81.67053985595703,2678500
2016-05-02,81.76400694548941,82.36360704902927,81.37465453146328,82.16114807128906,2100800
2016-05-03,81.31235276672669,81.75621425949826,80.32340029723424,81.10989379882812,1976800
2016-05-04,80.71275661582811,82.33246408402798,80.40906220817142,82.16114807128906,1927500
2016-05-05,82.23902000225695,83.10338286438794,82.23902000225695,82.78411102294922,2148400
2016-05-06,82.58940836606777,83.07220735913072,81.95087082868498,82.9865493774414,1313900
2016-05-09,83.03328122136774,83.44599970880624,82.72958685926551,83.04885864257812,1169500
2016-05-10,83.22015896703778,83.50827585370415,82.97097374397923,83.46155548095703,1156200
2016-05-11,83.26689413393156,83.42263269812182,82.30908473512982,82.33245086669922,1025800
2016-05-12,82.74515195168543,83.15007572714077,82.22341535769341,82.978759765625,1185200
2016-05-13,82.80746022513117,83.00992512353065,82.05212160845774,82.30908966064453,1272200
2016-05-16,82.34803153674042,83.10337613355496,82.30909392082472,82.91648864746094,1620900
2016-05-17,83.0488642701225,83.0488642701225,81.62383312612894,82.0443344116211,1213700
2016-05-18,81.90414833823273,82.10661319345512,80.52584383936166,81.41356658935547,1691000
2016-05-19,80.59593520962382,81.05536812385134,80.29224085658132,80.80618286132812,1146700
2016-05-20,81.20332780092387,81.32013469792396,80.69716854128717,80.99308013916016,1632900
2016-05-23,81.20333457138251,81.32793018951647,80.69717526954396,81.10989379882812,1069200
2016-05-24,81.33572334924679,82.036558938156,81.14104712683017,81.99762725830078,2153000
2016-05-25,82.54271620247151,82.90870844186125,82.16893525089034,82.67509460449219,1311800
2016-05-26,82.5660785007711,82.72960581467545,81.6939328266146,81.99762725830078,1544700
2016-05-27,82.10661581952121,82.96318970064294,82.0443180249919,82.58940887451172,1134700
2016-05-31,82.51156603785819,82.77632877891313,81.95868630162319,82.37139892578125,2166200
2016-06-01,82.12221617049678,82.42591059929549,81.66278314166425,82.1300048828125,1133700
2016-06-02,82.03652791833284,82.9865484750697,81.70947341419068,82.978759765625,1338500
2016-06-03,83.29025358690912,83.54722756248836,82.86196956865574,83.29804229736328,1438300
2016-06-06,83.40706938494496,83.83535938997238,83.05665461068322,83.4771499633789,1164500
2016-06-07,83.53165090421398,84.31035560747,83.274682867334,83.9988784790039,1299700
2016-06-08,83.97551317513413,84.34150533983913,83.50050876722784,83.75747680664062,1225600
2016-06-09,83.63289872901484,84.956694544583,83.39928490695162,84.93333435058594,2009500
2016-06-10,84.4349368752367,85.17470384130455,84.12345385861282,84.71527099609375,2050800
2016-06-13,84.69968421586046,85.50175482585377,84.52837421964433,84.82427978515625,2493200
2016-06-14,84.50505084558375,84.76202488147628,83.48494935534262,83.79643249511719,1552000
2016-06-15,83.92944402256559,84.32855074279071,83.62424652193778,83.9137954711914,1342700
2016-06-16,83.7181570687809,84.32072481867702,83.45208392759565,84.27377319335938,1460400
2016-06-17,84.20336798184353,84.28944997071909,83.34255406354072,83.68688201904297,2267200
2016-06-20,84.39115808202384,84.95460150653236,84.02336037422917,84.06248474121094,2327100
2016-06-21,84.44592780509602,85.91713628390417,84.23463357355566,85.64324188232422,2071300
2016-06-22,85.60413410251041,85.94063473322412,85.00938755208466,85.6119613647461,1247300
2016-06-23,86.08148702489618,87.23184967041016,85.7136833523358,87.23184967041016,1842700
2016-06-24,84.65725655709784,86.29280245912291,84.26597694756613,84.7276840209961,3365800
2016-06-27,84.23464614665984,85.23632066220799,83.45208718508147,85.21284484863281,2662000
2016-06-28,85.94063950930725,86.7388471586067,85.44762942919158,86.70755004882812,1805500
2016-06-29,87.37272276318544,88.53090686193798,86.95014014214266,88.4291763305664,2442700
2016-06-30,88.60133474212064,88.92218084127143,87.4431447453592,88.90653228759766,3217100
2016-07-01,89.16477770338872,89.6030088492247,88.78131948033065,88.8987045288086,1551300
2016-07-05,88.91433767622726,89.39169904694009,88.79695265597081,89.07867431640625,2322400
2016-07-06,88.80481343261084,88.83611054407118,87.3492529611569,87.95964813232422,2411600
2016-07-07,88.0065828528215,88.8047963620279,87.38836053740125,87.80311584472656,1994100
2016-07-08,88.57003248552769,89.01609090001077,87.90485849487068,88.94566345214844,1927200
2016-07-11,88.9456579245637,89.82994743643988,88.22569911415385,89.73603820800781,2073300
2016-07-12,89.68125645871503,90.87074943246664,89.41518927564888,90.85509490966797,3195700
2016-07-13,91.08985783500081,91.32462192448536,90.44815977102205,90.78466033935547,2194400
2016-07-14,90.76898595457001,91.68458421159393,90.49509159154975,91.55937194824219,2344500
2016-07-15,91.98199205896577,91.98199205896577,90.7377200566399,91.41854858398438,1712700
2016-07-18,91.39507182923187,91.95068803623063,90.97248922733456,91.0116195678711,1485000
2016-07-19,91.01160778448994,91.85676690840907,90.87856822616155,91.84894561767578,1388600
2016-07-20,91.84111967666698,92.21674463259694,91.63765267610849,92.13066864013672,1627400
2016-07-21,92.06805419407439,92.27934246643866,91.54374117300895,91.98979949951172,1305600
2016-07-22,92.07588097263861,92.54541510800708,91.81763510852831,92.21673583984375,1511200
2016-07-25,92.26369923405979,92.4280358932494,90.91769691637249,91.4576644897461,1467200
2016-07-26,91.51245863165171,91.73157421376534,91.16030347143894,91.53593444824219,1571600
2016-07-27,91.55156972535526,92.14631619801992,90.92552614874333,92.03675842285156,1961700
2016-07-28,91.81765522701315,92.26371364891816,90.65946520024214,91.28551483154297,2176000
2016-07-29,90.9803133822905,91.12899553625762,90.43251848574646,90.59685516357422,2296800
2016-08-01,90.67512082966515,91.59854076333743,90.64381775067349,91.59071350097656,1875500
2016-08-02,91.14465345608184,91.45767826999123,90.71424359064997,91.35594177246094,2037300
2016-08-03,91.37158653748146,91.7393902067559,90.21339664085882,90.5655517578125,2011800
2016-08-04,90.76901392796755,91.55940016522273,90.54989837002383,91.10551452636719,1773800
2016-08-05,91.22289325907673,91.75503356462349,90.8081379858691,91.23072052001953,2224100
2016-08-08,91.19942260969759,91.40288961257409,90.44816671882793,90.5655517578125,1549000
2016-08-09,90.60467562144635,90.88639732526674,90.36208425388755,90.7142333984375,1312300
2016-08-10,91.03509406238412,91.03509406238412,90.65163583613858,90.96466064453125,1001100
2016-08-11,90.94900364218311,91.30115278737999,90.46381493572312,90.69075775146484,1070800
2016-08-12,90.7142508785688,91.51246451668824,90.53426562616593,91.16813659667969,933700
2016-08-15,91.26201305585784,91.64546521147003,90.58901198330169,90.61248779296875,878700
2016-08-16,90.15079271143786,90.40903860947527,89.10999379861194,89.30563354492188,1813200
2016-08-17,89.53257667767957,89.7360377158228,88.46829597642548,89.64995574951172,1448200
2016-08-18,89.61864454489151,89.93166930577135,89.01607680581967,89.48561096191406,1098200
2016-08-19,89.35259069794498,89.65778824342199,88.62481055785709,88.90653228759766,3096700
2016-08-22,88.93000422633614,89.90820297571985,88.49177309715667,89.69691467285156,1434200
2016-08-23,90.1586156098938,91.058559593458,90.00992749934944,90.16644287109375,1924700
2016-08-24,90.17427530903142,90.3699150571049,89.4856195747239,89.65778350830078,1360900
2016-08-25,89.68907029651253,90.02557084090698,89.28996361119579,89.4073486328125,1208000
2016-08-26,89.55604166263299,89.9942727323507,87.87353884789458,88.60914611816406,1665700
2016-08-29,89.00823975679907,89.35256755294668,88.89085473807148,89.08649444580078,1229500
2016-08-30,89.13348166831233,89.21173638333009,88.17093135928276,88.6013412475586,1458900
2016-08-31,88.538742345077,89.10218589211495,88.21789619606805,88.72655487060547,2493100
2016-09-01,88.97696783325054,89.09435289306846,88.30396652544347,89.07087707519531,1157700
2016-09-02,89.46997198260924,90.40904039526522,89.39953856791179,90.06471252441406,1747300
2016-09-06,90.4638194881137,91.801994665834,90.15862195479772,91.67678833007812,2391100
2016-09-07,91.43416711445333,91.67676440179744,91.05071497506722,91.42634582519531,1415900
2016-09-08,91.01944766850961,91.38725140344111,90.95684747760065,90.97249603271484,3568700
2016-09-09,90.22904785048053,90.53424535836308,86.23017120361328,86.23017120361328,2960700
2016-09-12,85.65109058587134,87.51358505363261,85.29894138119403,87.07534790039062,2629100
2016-09-13,86.77013314730334,86.8249120343039,84.44593810989284,84.60244750976562,2444000
2016-09-14,84.9311221602861,85.63542641163237,84.32855439385433,84.80591583251953,1915400
2016-09-15,84.92331980500104,85.58849988607389,84.52421892090064,85.36155700683594,1535600
2016-09-16,84.87635676899905,84.9780872996392,84.17987966815417,84.5163803100586,2797100
2016-09-19,84.98591010846673,85.6041324633097,84.77462179576295,85.4554443359375,1509800
2016-09-20,86.15192061441174,86.30843600244202,84.99373659524551,85.02503967285156,1396800
2016-09-21,85.00156029210588,86.35538401168893,84.53202011816016,86.15974426269531,1472200
2016-09-22,87.03620447800307,87.9831000595395,86.81708893456666,87.86571502685547,2059400
2016-09-23,87.76397909389645,88.74217768841056,87.25531463065903,88.42132568359375,2459800
2016-09-26,88.0378887206557,88.4839471180223,87.41966638562981,88.18657684326172,1557200
2016-09-27,88.60133167129001,88.60133167129001,87.82659992658064,88.10049438476562,1428000
2016-09-28,88.39146543612337,88.68242993940127,87.79379905139001,88.57233428955078,1483700
2016-09-29,88.27350786951047,89.44524362143041,87.70729821764593,89.24078369140625,2444400
2016-09-30,89.48456169756807,90.3496015124266,89.09922692544946,89.12281799316406,2807000
2016-10-03,88.7846526321172,89.04416633931088,87.88029050083628,88.27349090576172,2571500
2016-10-04,88.27349977313915,88.27349977313915,86.6456501732152,86.98380279541016,2572400
2016-10-05,87.00739383472839,87.18040299018242,84.34149530235523,84.49091339111328,3795800
2016-10-06,84.26287626174697,85.52111677993574,83.38997058980512,85.33238220214844,2907500
2016-10-07,85.48966001701051,86.18169080207332,84.78189785060306,85.33238220214844,2295900
2016-10-10,85.36382413254537,86.22099827420291,85.33236737508597,86.05585479736328,1231100
2016-10-11,85.85137817151961,86.09516651149859,85.12002515110721,85.6705093383789,1483200
2016-10-12,85.536830155912,88.16341249375337,85.536830155912,87.71516418457031,2420700
2016-10-13,87.5342835835354,88.67456850564639,87.18827126213863,88.62738037109375,2329900
2016-10-14,88.83970438482986,90.1136699133832,88.63523848527647,89.13853454589844,2254800
2016-10-17,88.85542193928357,89.50027033517024,88.76891737400203,89.13066101074219,1750700
2016-10-18,89.9249398251293,90.23163568970257,89.13853894165679,89.76766204833984,1085600
2016-10-19,89.98787815882775,90.69564034914112,89.59467760862746,90.68777465820312,1577400
2016-10-20,90.4833057158881,90.727094128833,89.42953115590008,90.30243682861328,1691900
2016-10-21,89.64969348902284,91.05735167693597,89.33513196103875,90.99443817138672,1928200
2016-10-24,91.32473093609184,92.86607592238205,91.32473093609184,91.81230163574219,1999600
2016-10-25,91.53706253100509,92.12686318391135,91.29327418129867,91.81230163574219,1548600
2016-10-26,91.34045721441788,91.42696178532947,90.80570441231085,90.96298217773438,2459700
2016-10-27,91.79658609657871,92.34706436505071,90.6248443540605,90.75067138671875,3291800
2016-10-28,91.25394909827668,92.06394095828766,90.6798738772356,91.32472229003906,2781100
2016-10-31,91.96956181447942,92.31558005124212,91.3876269615469,92.1583023071289,1953500
2016-11-01,92.15832039344087,92.3706459896393,90.09794794254066,90.55406188964844,2566600
2016-11-02,90.22376010205218,90.45181103828246,88.25775823980698,88.79251098632812,3754800
2016-11-03,88.98913160596857,89.44523958292082,88.09262903115192,89.07563018798828,2162700
2016-11-04,89.32727900489425,89.35087607266014,88.8318485775441,88.84757995605469,2492400
2016-11-07,90.12153825141463,90.68774783620198,89.73620350611976,90.58551788330078,1738200
2016-11-08,90.82931255094955,91.34834007398422,90.5933898587041,91.16746520996094,1757200
2016-11-09,88.92620903714892,89.89347871711722,85.37167385609906,85.89070129394531,6318600
2016-11-10,86.12662531564673,86.12662531564673,81.14084640920949,83.13043975830078,8722300
2016-11-11,82.97316197567204,84.08984983171938,81.88006518704273,83.13043975830078,4281800
2016-11-14,82.70579723686957,82.91026319041734,78.96253254746092,80.6611557006836,7476100
2016-11-15,81.07792482109005,83.09111503685338,81.00715162588482,81.3846206665039,3461300
2016-11-16,81.39249381337372,83.10684802933673,81.04647549462949,82.91024780273438,2947400
2016-11-17,82.82375595075993,84.29432803164622,82.39123298586289,82.99676513671875,3234800
2016-11-18,83.15402982905313,83.69664837221535,81.76210287020743,82.64286804199219,2794300
2016-11-21,83.64945574732162,84.22352497482736,83.13829402436636,83.28771209716797,2945900
2016-11-22,83.6337282794463,85.06497757074406,82.91024094533145,84.91556549072266,2500900
2016-11-23,84.33363703114875,84.73470319954433,83.86179765644036,83.97189331054688,2282600
2016-11-25,83.95616401069152,84.84479489155767,83.89325049706484,84.38082122802734,717600
2016-11-28,84.29432181092263,84.96276143480941,83.31918028925674,83.44500732421875,2497100
2016-11-29,83.61801846503914,84.36509700347519,83.05180879391298,83.3978271484375,2000600
2016-11-30,83.60227700200598,83.70451295792832,80.36230916319403,80.42521667480469,5864900
2016-12-01,79.70958912960614,80.17356274245192,78.4198922399602,79.41075897216797,5000600
2016-12-02,79.82757250510531,81.08581298893023,79.63097224201505,80.6611557006836,3181000
2016-12-05,80.48027093492381,80.64542041542977,79.59950570429551,80.24435424804688,2770400
2016-12-06,81.09364278524147,81.125099533384,79.26132770432696,79.30850982666016,3083400
2016-12-07,79.81969993336597,80.5353277092067,79.33212916302074,80.37017822265625,4570500
2016-12-08,80.3623297250329,81.67561811222062,80.03203670569408,80.51960754394531,3474400
2016-12-09,80.58248669015516,81.10150807093225,80.55102993984116,80.92850494384766,3304000
2016-12-12,80.74766649418476,82.45415546884593,80.72407542076542,81.69921112060547,3502700
2016-12-13,82.3125793032864,83.84606463094846,82.14743583718665,83.46072387695312,3091000
2016-12-14,83.46073084294046,85.06498950435956,83.05967067740804,83.75170135498047,4456400
2016-12-15,83.31129066467447,83.96399867478377,83.06750237197237,83.40565490722656,2452300
2016-12-16,83.61800916856276,83.97188717379149,83.03606818251353,83.20121765136719,2915000
2016-12-19,83.72810648173204,84.27858472299567,83.19335361889188,84.10557556152344,1480300
2016-12-20,84.21567186045019,84.82906961943546,83.79888033173563,84.1291732788086,1672200
2016-12-21,84.12916605959624,84.73469207770388,83.78314776367053,83.83032989501953,1330100
2016-12-22,83.61800430418663,83.83819558349849,82.80801238396266,83.83032989501953,1069900
2016-12-23,83.98846944069604,84.51033025775133,83.49823143339029,83.8382339477539,962400
2016-12-27,84.02011837170065,84.46291020508109,83.8303452723208,84.04383850097656,974300
2016-12-28,84.20990880624191,84.28897793663158,83.58525242076392,83.68804168701172,1118400
2016-12-29,83.74338299854786,84.42338223459842,83.61686758457483,84.12291717529297,1589100
2016-12-30,84.17825566345151,84.36012004021188,83.34802098498774,83.56150817871094,1635500
2017-01-03,84.39174523605446,84.51034587599578,83.29266236771515,83.93313598632812,2240900
2017-01-04,84.13872140340227,84.55779308934078,83.97266844049642,84.08336639404297,1720700
2017-01-05,83.81454502257068,84.15454766349403,83.33221555445647,83.79082489013672,1919900
2017-01-06,83.75915622455857,84.05171846155656,83.1661290652322,83.23728942871094,1995300
2017-01-09,83.4191748368583,83.67219958084203,82.9842857303617,83.03963470458984,2278900
2017-01-10,83.21359022097563,83.22149894087786,81.5768350911853,81.8377685546875,2267500
2017-01-11,81.82195660815397,82.36753762609747,81.05497366250731,82.09870147705078,2631700
2017-01-12,81.98799642174065,82.43869689275327,81.53729595072804,82.39125061035156,1568800
2017-01-13,82.40707010943377,82.83405046621561,81.33962223377182,81.79822540283203,2058900
2017-01-17,81.90103378754574,83.17406634262763,81.7666156997635,83.15824890136719,2055500
2017-01-18,83.22940375742849,84.14661614774259,83.05544812325199,83.5535888671875,2078100
2017-01-19,83.55358549250313,83.55358549250313,82.12241497699507,82.58102416992188,1747600
2017-01-20,82.8973000503452,83.3559092405223,82.20939229766472,82.39125061035156,2598800
2017-01-23,82.62847287450948,83.17405993683563,82.43870582210354,82.84986877441406,2223000
2017-01-24,83.00008210149349,83.00008210149349,82.25681946545443,82.68379974365234,1823700
2017-01-25,82.88146402101745,82.93681297355462,81.98797206360777,82.16983032226562,2053900
2017-01-26,82.34381390293433,83.13451694101327,82.03544020069037,82.47032928466797,1272600
2017-01-27,82.5572923823686,82.84984859344344,81.96426520953989,82.09077453613281,1207100
2017-01-30,82.27265692974906,82.27265692974906,81.2289291175968,81.45032501220703,1509900
2017-01-31,81.86939740171071,82.23312009359903,81.5689324038688,81.8377685546875,1376300
2017-02-01,81.9168278137854,82.10659484053875,81.45821863592856,81.66380310058594,1906700
2017-02-02,81.66380629829821,82.4861381565428,81.49775938931401,82.3200912475586,1322200
2017-02-03,82.8893951476295,83.53777135232289,82.8340461801283,83.22148895263672,2988100
2017-02-06,83.07124485280853,83.34008697610592,81.49774776886306,81.94844818115234,2141200
2017-02-07,81.96427663952271,82.17776379717488,81.37124938399587,81.81404113769531,1344100
2017-02-08,81.89311341253274,82.57311850788747,81.72706649844642,82.47032928466797,1301900
2017-02-09,82.39124423783642,83.81451194810222,81.81403446776203,83.64055633544922,2525100
2017-02-10,83.41918649201531,83.62477101040898,82.81034769044012,83.4112777709961,1228100
2017-02-13,83.56938470994396,85.14288166526401,83.49821831772398,85.04009246826172,1975500
2017-02-14,85.11128724031246,85.11128724031246,83.67220773750859,84.43128204345703,1580600
2017-02-15,84.6763975245558,84.89779947415497,83.82244270644703,84.69221496582031,1362500
2017-02-16,84.56567480995439,85.37219516592448,84.4866057245377,85.16661071777344,1321800
2017-02-17,85.30894690018837,86.81919253844804,85.12708858691654,85.48290252685547,4991400
2017-02-21,85.48290420696321,87.94199108844848,85.41173779802558,87.91036224365234,3012600
2017-02-22,88.0526861498246,88.42431752329604,87.45175018351787,87.78384399414062,2207400
2017-02-23,87.9024500535044,88.75641073152568,87.8787299289902,88.71687316894531,2233300
2017-02-24,88.61410532183561,89.51550646626517,88.37689195431771,89.26248168945312,2589400
2017-02-27,90.14804644366242,90.82014275526981,89.18338786419977,89.61827087402344,2895100
2017-02-28,89.46013982673624,91.47643495489169,89.42060226242522,90.76480102539062,3001200
2017-03-01,90.75688115232686,90.82804755282355,89.41268858714308,90.01361846923828,2799100
2017-03-02,89.98992882289741,91.12063463468903,89.31783231269102,90.78063201904297,2592100
2017-03-03,90.59873855248112,91.5317682036597,90.41687423350734,91.46060180664062,1395100
2017-03-06,91.23129996060922,91.34990660411565,90.3615279625363,90.70153045654297,1809800
2017-03-07,90.40108538127312,91.12062205347257,90.08480293996736,90.69364166259766,2404400
2017-03-08,90.17968100086576,90.69363313299213,89.48385848891702,89.5392074584961,2010200
2017-03-09,89.68153534989713,89.90293123094835,89.17548589818428,89.34944152832031,2015400
2017-03-10,89.34944285537911,90.29828408328703,89.34944285537911,89.80805206298828,1509500
2017-03-13,89.90292823326033,90.55130444868482,89.51548545433944,90.3457260131836,1597200
2017-03-14,90.06107957683503,90.7173645632628,89.8713125319039,90.15596008300781,1416100
2017-03-15,90.24291976794129,91.76107392007744,90.10059300469678,91.15222930908203,2112400
2017-03-16,91.50016095910438,91.71364813537805,90.74898941703137,91.00201416015625,1814200
2017-03-17,91.21548072572403,91.94292589565413,90.98617617665356,91.72943878173828,3237500
2017-03-20,91.74525814968597,92.40154301615114,91.51595358070713,91.70572662353516,2033400
2017-03-21,92.1564340502528,93.72993127968813,91.97456971186085,92.3066635131836,2854000
2017-03-22,92.93132542159375,93.77737741575264,92.34620687310822,93.5480728149414,2851000
2017-03-23,93.64296759993707,94.48901966863733,93.35831400368409,94.05413055419922,2624400
2017-03-24,94.24391333469089,94.69461390302273,93.99879124834447,94.3467025756836,2475800
2017-03-27,93.87225776245344,95.0820323439024,93.7378397050891,94.89226531982422,3023500
2017-03-28,94.89226119082201,95.45365955237311,94.50481240809906,95.1927261352539,2259200
2017-03-29,95.03459918708516,95.93600015944621,95.01087906137862,95.70669555664062,2266000
2017-03-30,95.50111709220153,95.74623311671529,95.0187877305168,95.60391235351562,1795300
2017-03-31,95.3904168196596,96.34716679979229,95.25599874707743,96.10205078125,2713700
2017-04-03,96.01505123733452,96.38668255722257,95.24015975835682,95.79365539550781,2071800
2017-04-04,95.6038988819814,96.14157110964548,95.28761648784936,95.46947479248047,1710200
2017-04-05,95.57229101286876,96.26019888604013,95.33507765706649,95.39042663574219,2020800
2017-04-06,95.45366249035429,96.52901900074596,95.23226662631804,96.42622375488281,1859300
2017-04-07,96.44203940856472,97.01134649560505,96.22064354862341,96.5606460571289,1974600
2017-04-10,96.67191743988971,97.45076324791067,96.61628602955743,97.3395004272461,2030600
2017-04-11,97.79248640290427,98.8653811948605,97.29179772018811,97.56201171875,2465200
2017-04-12,97.29976516030135,97.71302621664692,97.02955111073871,97.25208282470703,2435500
2017-04-13,97.55405684347053,97.99910803420991,97.15668797649101,97.43484497070312,1902300
2017-04-17,97.80840944041643,98.77799081043537,97.75277802066304,98.74620056152344,1873500
2017-04-18,98.58721380711306,99.41373567680748,98.4044214687936,99.23094940185547,2440200
2017-04-19,99.46938958590891,99.67601705581916,98.83359689737526,99.07996368408203,2331600
2017-04-20,99.11175090706874,99.28659419426025,98.53159570506229,98.7859115600586,3566100
2017-04-21,98.72234221996298,98.97665810365544,98.21371045257808,98.88923645019531,1623000
2017-04-24,99.27864527191069,99.64422393507238,98.28522301439469,98.42827606201172,2256000
2017-04-25,99.16739381759464,99.19123498436564,98.3329226637654,98.49981689453125,2242600
2017-04-26,98.11040798029897,98.5077769977378,97.53820168841787,97.60177612304688,2142600
2017-04-27,97.60175452145903,100.42307634619716,97.56996427949547,99.95417785644531,4901500
2017-04-28,99.70781756850005,100.28797891130796,99.24686812499448,100.08929443359375,2850300
2017-05-01,100.58202388143157,101.71849928930327,100.05750003499706,101.33702850341797,3284200
2017-05-02,101.51186942815424,102.2112365614696,101.36086729462134,101.65492248535156,2622700
2017-05-03,102.2112467185863,102.2112467185863,100.72508459131588,100.76482391357422,1775800
2017-05-04,100.70122387736399,101.59927539042089,100.14490985394256,101.24164581298828,1664400
2017-05-05,101.44032609735554,102.39400897362944,101.0429572216801,102.2748031616211,1638500
2017-05-08,102.52121228697844,102.64837329015525,101.57547203180454,102.41789245605469,1347100
2017-05-09,102.4258003288513,102.52910798535825,101.63105655250813,101.7979507446289,1480200
2017-05-10,101.72644232324731,101.8456481471501,100.88402216303582,101.01117706298828,1525300
2017-05-11,101.20985865308573,101.20985865308573,100.10517358485009,100.35948944091797,1789700
2017-05-12,100.37539864480482,100.64560661890566,100.05750227387463,100.23234558105469,1585300
2017-05-15,100.16080385375197,101.94102088942006,100.0574901226781,101.67080688476562,1605500
2017-05-16,101.71851717801039,102.44172562109631,101.17809508349097,102.02051544189453,1262400
2017-05-17,101.83770660594882,104.97691865702971,101.83770660594882,103.9040298461914,3462000
2017-05-18,103.3159238717835,103.35566319092786,99.73960343006792,101.71055603027344,4041800
2017-05-19,101.81386601283663,105.58887078418074,101.40059893711887,101.98076629638672,2726000
2017-05-22,101.95692347871618,102.59271624665942,100.70124216025053,102.30661010742188,1449100
2017-05-23,102.40992991864995,102.67219489017923,102.21918845024545,102.30661010742188,1331300
2017-05-24,102.25098126547721,103.0934015003613,102.25098126547721,102.75961303710938,1497500
2017-05-25,102.97419716848984,104.91334748900114,102.5211907374204,104.15040588378906,1457100
2017-05-26,104.2616548205765,104.46033927228832,103.70534078113069,104.19807434082031,899200
2017-05-30,104.11858829283234,108.97443643184555,103.95170015625472,105.00074768066406,2070900
2017-05-31,105.28686417837207,106.22466112238781,104.21397538538712,104.26165771484375,2548900
2017-06-01,104.86565121635022,104.88154936797767,104.11065272498958,104.7702865600586,1221900
2017-06-02,105.24713586108749,105.77962093363563,104.7385040824975,105.29483032226562,1368100
2017-06-05,105.17561427519243,105.41403807847333,104.23782934282283,104.595458984375,1508100
2017-06-06,104.6908257262314,105.31867549151731,104.30141189568207,104.66698455810547,1884100
2017-06-07,104.72262792384437,104.96899475949225,103.39541694099923,104.76236724853516,1679800
2017-06-08,104.76235456752102,105.05640370650879,102.82319217403467,104.08682250976562,1995700
2017-06-09,103.65765798217423,104.67493364592522,103.16492436707856,103.5384521484375,1607200
2017-06-12,102.49733457101489,102.66422271728516,99.53295992258494,102.66422271728516,2057900
2017-06-13,102.7198786012687,103.53845770818423,102.46555663999006,103.46693420410156,1311700
2017-06-14,104.38087190226813,104.87361764185528,103.45103002314714,103.71329498291016,1274700
2017-06-15,103.4417590859676,105.0710092950491,103.15424290948222,104.51993560791016,1247400
2017-06-16,104.7355760837355,105.62208328153595,104.27235489883492,105.38248443603516,1823800
2017-06-19,105.6540211097983,106.20509478286492,105.12691828845485,105.68597412109375,1445900
2017-06-20,105.56616354071916,105.9654908572203,104.22442960679659,104.78348541259766,1360900
2017-06-21,104.77551520872473,104.98316104985763,104.0806894984111,104.31229400634766,1641900
2017-06-22,104.62376461751705,105.05503278899339,104.34423060080779,104.51993560791016,1272900
2017-06-23,104.60777975585923,105.36649921510535,104.28832277928271,105.32657623291016,1694000
2017-06-26,105.58214453849072,105.83771988144831,104.70363171670596,105.78980255126953,1286100
2017-06-27,107.49893320741349,108.66496230693771,107.01175332706316,108.4173812866211,4168800
2017-06-28,108.33749772561997,108.84863621098803,107.23536260228111,107.44300842285156,2121600
2017-06-29,106.4846487439222,106.4846487439222,105.2786843513812,106.07733917236328,1998700
2017-06-30,106.16513843955065,106.75614716562052,105.56614755550038,105.67797088623047,2480300
2017-07-03,105.91756762015791,106.35683008110414,104.47999911015486,104.95120239257812,1252800
2017-07-05,104.83939979356293,105.82972376469597,104.66369479484521,105.62207794189453,1707700
2017-07-06,105.07097680629144,105.52621568933968,104.62373226705087,105.05500030517578,1249200
2017-07-07,105.48631371423457,106.86000076632921,104.91926351799057,106.3328857421875,1254200
2017-07-10,106.73219040869171,106.74816691143818,104.78347141465363,104.79146575927734,1272100
2017-07-11,104.76751951342364,105.2786702293318,104.55189151496667,104.56785583496094,1112600
2017-07-12,105.26270854719904,107.21941043439907,104.99116883100919,106.92391204833984,1135400
2017-07-13,106.92384687361216,107.4110265081747,106.66827163544907,107.1314926147461,955500
2017-07-14,107.76247198939669,108.88059587266532,107.72254900390784,108.64897918701172,1202400
2017-07-17,108.67294963801095,108.93649496187939,107.61073743675576,108.1378402709961,1458900
2017-07-18,108.07395664132478,110.21434532418597,107.87429297225923,108.76078796386719,2272400
2017-07-19,108.29758040374907,109.15213458163595,107.28328553930085,108.15381622314453,2758000
2017-07-20,108.36147416783761,109.77509653370522,108.35349200721862,108.80873107910156,2082100
2017-07-21,108.60904896844268,109.4715974427195,108.31353846458222,109.3358154296875,1542700
2017-07-24,109.39174829820367,110.19838525439627,108.69692252590414,109.47161865234375,1367500
2017-07-25,109.99073058452225,109.99871274469487,108.64898429877357,109.1122055053711,1205300
2017-07-26,108.87264454989547,110.2063968039878,108.84069152864983,110.11054992675781,1338000
2017-07-27,111.10886173732379,111.41235448794068,107.01975269809355,107.70659637451172,2933600
2017-07-28,107.95413683515186,110.84526248076294,107.66662070230367,110.48587036132812,1972600
2017-07-31,110.7494180634301,111.1168044955262,108.41734838558253,108.88056945800781,2386700
2017-08-01,108.80072444446742,108.95247078462411,108.22569209571748,108.59307861328125,2375000
2017-08-02,108.68093462297918,110.32616137912648,108.32154244003986,110.19039154052734,2409000
2017-08-03,110.2622783564075,110.35811303152491,109.28791853769728,109.5354995727539,1661900
2017-08-04,109.81501422837361,110.22232371218874,109.53548022664572,109.87092590332031,927900
2017-08-07,109.71918237080942,110.34213203795848,109.37575452602036,110.27025604248047,976600
2017-08-08,109.80704467523476,109.8629441700961,108.75281456809195,109.12020111083984,1333500
2017-08-09,108.91252585357297,110.52581158669685,108.88058503106164,110.09454345703125,1319300
2017-08-10,109.65528350825048,110.30219181090438,109.26393835108212,109.27991485595703,1032700
2017-08-11,109.56742448200902,110.03064560375695,108.84862804350281,109.16010284423828,870800
2017-08-14,109.73514096636791,111.82762437766804,109.73514096636791,111.78768920898438,1648500
2017-08-15,111.54012061809608,111.93944797629933,110.94911174081386,111.56407928466797,1386100
2017-08-16,111.81165923356296,112.71414295420078,111.55608387722161,112.68218994140625,1334600
2017-08-17,112.63425939007575,113.0176101930944,111.53211212158203,111.53211212158203,956300
2017-08-18,111.36439327674452,112.1151305094827,110.78936102130683,111.81163787841797,1114300
2017-08-21,111.9633927318814,112.97768750791681,111.91547540469115,112.83392333984375,1545900
2017-08-22,112.83394940958304,113.61662770302986,112.57039186264065,113.4808578491211,1030300
2017-08-23,113.40099238788336,114.2954818085825,113.17737003270858,114.07984161376953,921600
2017-08-24,114.24753618516756,115.21390136935959,113.8162559023287,114.84652709960938,1579000
2017-08-25,115.58128778460511,116.67544062158353,114.9902790287584,115.19793701171875,1254000
2017-08-28,115.2378643595108,116.6994037080264,115.2378643595108,116.42786407470703,1577300
2017-08-29,115.87678286188006,117.1067176628278,115.71705439314037,116.51570892333984,1178500
2017-08-30,116.32402787780184,117.91335478589849,116.0604826059853,117.81752014160156,1753000
2017-08-31,117.70576266652874,118.76797514234356,117.30643521786934,118.24085998535156,2293200
2017-09-01,118.46442977805252,118.46442977805252,115.98859582114513,116.41987609863281,1765800
2017-09-05,116.57961314373675,117.52201972388762,116.34001432601129,117.35430908203125,1559300
2017-09-06,117.40222012392555,117.64980108727183,116.65947723388672,116.65947723388672,1380700
2017-09-07,116.85118025695228,117.42621268009147,116.61957573014857,117.39427185058594,1757400
2017-09-08,117.24251437549525,117.24251437549525,115.35768876423306,115.79695129394531,2240600
2017-09-11,116.93900357120414,117.28243138178466,115.50142287232438,116.74732208251953,2202000
2017-09-12,116.71535612601815,116.83514941408451,114.8864428713756,115.66912078857422,2058700
2017-09-13,115.74901972440043,115.83687222878689,114.51909684949354,114.76667785644531,2087600
2017-09-14,114.06387855138412,114.28750090902588,112.93777241622097,114.08783721923828,2778900
2017-09-15,114.25554530889636,115.91674863272083,114.1037989582507,115.81291961669922,3210600
2017-09-18,115.82090237378635,116.78726768934945,115.42955720267638,115.6212387084961,1531000
2017-09-19,115.62921212482316,116.26813824274102,110.83728452019227,112.59432220458984,5507600
2017-09-20,112.73808882479115,113.10546312470527,111.38836057025361,112.131103515625,2876800
2017-09-21,112.23491142714845,112.51444536558341,111.33242797851562,111.33242797851562,1958400
2017-09-22,110.38204012625097,111.1567237538378,109.55143264950817,110.03861236572266,3140700
2017-09-25,110.06259872301668,110.50984339081494,109.47160206335606,109.72716522216797,1936200
2017-09-26,109.73513166986416,110.17439411516631,107.10756352951367,108.95245361328125,2752300
2017-09-27,108.63297921230686,108.9284774523567,107.42700322107737,107.61070251464844,2646600
2017-09-28,107.77928063086092,109.26406979586423,107.33786807858219,109.23197174072266,1988600
2017-09-29,108.92696545179051,110.09873407363564,108.83868050796741,109.69744110107422,1705800
2017-10-02,109.97835363685067,110.47595301551657,108.87881478535088,109.0393295288086,1513400
2017-10-03,109.15170201481664,110.1148028185903,109.03934045848455,109.68141174316406,1885800
2017-10-04,109.87401909498199,112.08113060690557,109.70548289210616,111.43103790283203,1827000
2017-10-05,111.65576884099006,112.30586159069098,111.55946243258738,111.7601089477539,1965400
2017-10-06,111.16617911157401,111.66379074423813,110.25926528643332,111.64773559570312,1377200
2017-10-09,111.55942581423349,111.6477107417877,110.3716022633574,110.70868682861328,2115800
2017-10-10,110.8852850470055,111.11802959927981,109.84994224572296,110.0265121459961,2173900
2017-10-11,109.97033204558159,111.55142737192632,109.97033204558159,110.70067596435547,2003800
2017-10-12,110.74883094813235,112.62687898442391,110.259253067237,112.38610076904297,1657900
2017-10-13,112.96398303883736,113.092399742018,111.77615915064358,112.33796691894531,1815500
2017-10-16,112.1292699807173,112.90776695712731,111.39891394744416,112.03295135498047,1590200
2017-10-17,112.08113137884719,112.63491768509154,110.81305626017455,111.6637954711914,1393100
2017-10-18,111.51932575219243,111.6718190564189,110.28334866184096,110.33952331542969,1695800
2017-10-19,110.29135306192005,111.55944025526358,109.99440019738323,111.06986236572266,2090600
2017-10-20,111.38287432590647,112.54662147448406,110.91737301717755,111.61563110351562,1860900
2017-10-23,111.26248877555938,111.76008812156884,110.54818780453424,111.35879516601562,1556900
2017-10-24,111.55947727454125,111.6156641845789,110.12285342327567,110.78096771240234,1875300
2017-10-25,110.49200775724962,110.86120268768484,109.63324714734121,110.21913146972656,1209900
2017-10-26,110.80504151405897,111.75209953585482,110.28336541701813,111.11804962158203,1692700
2017-10-27,111.79220984245589,112.47441290995398,110.87726219990664,111.58354187011719,1556200
2017-10-30,111.36681488712323,116.21444057296756,111.08591717049114,114.66544342041016,5117800
2017-10-31,112.29783565678547,115.83724298221591,110.99765020927669,115.30753326416016,2999200
2017-11-01,115.77302067299918,116.10208384422549,112.6750384861013,113.01212310791016,2819200
2017-11-02,112.88369226286733,114.73767582004145,112.77936443242017,114.32032775878906,1367600
2017-11-03,113.83075322423188,114.29625448946511,112.54661095831341,114.04745483398438,1577200
2017-11-06,116.4070484316991,121.15836752779886,116.34285233943065,120.51629638671875,3936600
2017-11-07,120.37983344315319,121.02189220538533,117.84365969428417,120.91756439208984,2504600
2017-11-08,120.62865137505763,124.62552533559719,120.50825615398558,122.57090759277344,2334800
2017-11-09,121.83255477562506,122.80367695787285,120.83734374709513,121.8486099243164,1892100
2017-11-10,121.45532351123188,121.83253985710162,119.15190593893307,120.82127380371094,1537200
2017-11-13,121.40721084319925,122.63516667807424,119.2803501889799,120.4200210571289,2453000
2017-11-14,120.42802282742069,121.16640042313932,119.05559548064078,119.97857666015625,1854500
2017-11-15,120.02672536164171,120.2594698872258,117.8196141078206,119.52911376953125,1631500
2017-11-16,120.29962504309265,120.52434816204052,118.64629970519402,119.10376739501953,2014000
2017-11-17,118.75865484683442,119.464934466212,116.83245328952026,117.0732192993164,2055000
2017-11-20,117.45843553079632,118.13260465676441,116.88057278097017,117.35409545898438,1703500
2017-11-21,117.48253345226935,118.22091104520408,116.88861544977229,117.65106964111328,1925500
2017-11-22,117.48252920913058,117.87578846655603,116.37495673648613,116.6237564086914,1694700
2017-11-24,116.98493503624736,118.50985583739019,116.71205872587655,118.2209243774414,887600
2017-11-27,118.3894679766422,119.83412536657968,118.3894679766422,118.96733093261719,1489000
2017-11-28,119.24822589019087,119.97054837064012,118.10855527283154,119.29637908935547,2373100
2017-11-29,119.15992189424095,119.41674299756066,116.94478936134485,117.4183120727539,2197400
2017-11-30,117.75541900461928,118.05237190600685,114.39258170218508,115.51619720458984,4200400
2017-12-01,115.74893915458266,116.49533816118424,113.70234266599834,115.25936126708984,2009500
2017-12-04,115.34766889611998,115.885400083819,111.52736368001644,111.53538513183594,2238600
2017-12-05,112.86764940340287,113.42143558657928,111.22234599952034,112.97197723388672,1734100
2017-12-06,112.69911390806286,114.23205596110218,112.47439082920245,113.80668640136719,1113700
2017-12-07,114.56914242662286,116.00576586439273,113.5659100060745,115.66065979003906,2174500
2017-12-08,115.97368536327956,116.31077003800908,114.18392188323061,114.34443664550781,1698500
2017-12-11,115.72488749998587,115.98170867444827,113.53383095587296,115.6125259399414,2274700
2017-12-12,115.70079589223577,116.8565216436583,114.90623137651029,115.17910766601562,1859300
2017-12-13,115.15502825688432,116.84848509506598,115.15502825688432,115.35567474365234,1726400
2017-12-14,115.36370312583566,116.38297841418454,115.23528644106301,115.28343963623047,2114700
2017-12-15,115.40382622979614,116.19839071435173,113.9190495976233,114.57716369628906,3648600
2017-12-18,115.29146533234345,115.29146533234345,113.97522488117455,114.64137268066406,2027600
2017-12-19,114.77781977303425,115.53225257458772,113.76656581893585,113.85485076904297,2284700
2017-12-20,113.9672127061444,114.17588065870073,112.37809584531551,112.51453399658203,2576500
2017-12-21,112.56267334999657,113.33316120844104,111.88850412791332,112.04901885986328,2580000
2017-12-22,112.52255158293397,113.23685261296514,111.17421301920822,112.8917465209961,3069100
2017-12-26,112.5305994210799,113.78263174372448,112.30586405239518,113.0924072265625,824500
2017-12-27,113.41500613997584,114.73781774682568,113.19722265312532,114.18126678466797,1014500
2017-12-28,114.25389519439616,115.60091635477147,114.17324327779859,115.27021026611328,1784800
2017-12-29,115.47183404383625,115.75413415354087,114.93947981507208,115.07659912109375,1129500
2018-01-02,115.47181674622735,115.52021034020567,113.6569831262714,113.83443450927734,1880600
2018-01-03,113.76993860950041,114.93949593113297,113.61668397903783,114.27808380126953,1770500
2018-01-04,114.08450308573238,114.50393484479743,112.58423978179881,112.60843658447266,1729600
2018-01-05,113.10851319936668,113.48761282780072,112.5922942617844,113.33435821533203,2119400
2018-01-08,113.4553499277051,115.53636089696103,113.4553499277051,114.54424285888672,1882100
2018-01-09,114.61686064868992,114.7378446655307,113.61668098149089,113.76993560791016,1581600
2018-01-10,113.25370163172434,113.406956237857,109.72082111605062,110.9952392578125,3330500
2018-01-11,111.30982022960198,111.317881727857,108.49480657710622,108.8658447265625,3244000
2018-01-12,109.20461200328923,109.2933377144032,106.90581732019223,107.27685546875,3197300
2018-01-16,107.47041443460708,111.30979120784173,107.47041443460708,109.3981704711914,3193900
2018-01-17,109.79343592798064,110.63229954565216,109.33368431499143,110.2128677368164,1999700
2018-01-18,110.16445275195395,110.23704315450546,108.66418956107229,109.04328918457031,3416400
2018-01-19,109.61595531406381,111.05168949665043,108.68837852797141,111.0032958984375,3284700
2018-01-22,111.05976858285135,112.30998992919922,110.83392357536488,112.30998992919922,1826700
2018-01-23,112.52775587182704,114.08448635884154,112.2777140757707,113.89089965820312,2923400
2018-01-24,113.81026362821018,115.08466958526353,113.73766091308205,114.34260559082031,3061500
2018-01-25,114.9072351479651,115.39118352528122,114.13290051357521,115.31053161621094,2409500
2018-01-26,115.45568984355009,117.06887540084861,115.2137095484295,117.0608139038086,2107900
2018-01-29,116.87526346956243,117.75445876226773,115.89121950745758,116.41551208496094,3901700
2018-01-30,116.0525633026493,117.48829734492459,115.21369999017482,117.0769271850586,2440000
2018-01-31,117.28669642376224,120.05330463205921,117.14957708443525,119.1337890625,3184700
2018-02-01,119.39185761834501,120.47268890712175,118.19809153367433,118.61752319335938,2351000
2018-02-02,118.11745179499816,118.35943209692103,116.33487628871683,117.13340759277344,2474600
2018-02-05,116.26227772643848,117.99644720445755,114.35065685997868,114.56842803955078,3000900
2018-02-06,113.14881479422111,114.6732743947446,111.01134921674507,113.06008911132812,3817000
2018-02-07,112.80198965554258,114.80233602804532,112.30996763526595,112.9229736328125,2245900
2018-02-08,112.82622518984324,113.67313793677464,107.64789995504904,107.73662567138672,3890100
2018-02-09,108.36576349458312,110.44676239304182,105.1555148183161,109.73696899414062,3977300
2018-02-12,110.49515955953372,110.68873396771431,107.94632318569396,109.88214111328125,3821000
2018-02-13,109.7208483577088,110.43871565864517,108.77713599407109,109.94669342041016,3710300
2018-02-14,108.9142040446184,109.61593570845449,106.9703128132167,109.27716827392578,4829300
2018-02-15,109.34174539622377,110.44677387066615,107.30912758478038,109.87409973144531,3223300
2018-02-16,109.58371093123678,113.76993001497306,109.53531732687951,112.93914031982422,3024700
2018-02-20,112.24546102597024,113.48760856714584,111.850226109054,112.30998992919922,2220500
2018-02-21,112.46322794138071,113.12463994354337,110.77745194703346,110.85811614990234,2811400
2018-02-22,111.2775572700447,113.31016243199102,110.68873561604629,112.10027313232422,3075900
2018-02-23,112.60039336771717,114.43135070800781,112.01157158670414,114.43135070800781,1925000
2018-02-26,114.64908845732387,115.30242658975807,114.60069486345884,115.13304901123047,2214100
2018-02-27,115.1169385813674,115.33472210843959,109.54337874137016,113.48761749267578,4572500
2018-02-28,113.97964175782666,114.22968358986097,112.3664559432764,112.3825912475586,4015600
2018-03-01,112.11638921602487,112.61647276905097,108.81742791162874,109.1884536743164,3178000
2018-03-02,108.59157712984162,108.68836431360955,106.48636972949555,108.08341979980469,3224600
2018-03-05,107.4946346281155,110.69680928866543,107.4946346281155,110.34996795654297,2486100
2018-03-06,110.28545575352369,113.26984734625559,109.86603626144748,112.01963806152344,3144500
2018-03-07,111.3017267992587,113.6005085207788,111.01135294618352,112.9229736328125,2750000
2018-03-08,113.33433838839254,115.23789769539532,113.0117062242069,115.13304901123047,3025500
2018-03-09,115.07656752574474,116.40745273224816,114.9636450513408,115.8105697631836,2172300
2018-03-12,115.59282729452354,117.52058384597206,115.59282729452354,117.02050018310547,2443000
2018-03-13,117.21406228536597,121.08569757147478,117.21406228536597,117.96418762207031,2159100
2018-03-14,118.16586425887722,118.82727636921797,117.43186173865949,118.13360595703125,2467400
2018-03-15,118.55301947669625,118.91598381551896,117.68997148472364,118.2868423461914,2142800
2018-03-16,118.06102937465296,118.73050313174852,117.25443626600298,118.20622253417969,4063100
2018-03-19,117.97229574135501,118.26266973333188,116.16553517583972,117.05278015136719,2581700
2018-03-20,117.26246311797297,119.11761667889208,117.26246311797297,118.01258850097656,2491100
2018-03-21,118.41586940754087,118.41586940754087,114.6813413598813,114.80233764648438,2422300
2018-03-22,114.43130722435423,117.10920100866687,113.95542046516573,115.35082244873047,2454100
2018-03-23,115.3266336442712,116.82689672566686,114.46358575911646,114.75395965576172,2228600
2018-03-26,116.33491142419875,117.36734953709923,115.02823462985383,117.12538146972656,2172600
2018-03-27,117.06888586119823,118.69013306039861,115.31858085205141,116.5204086303711,3043200
2018-03-28,116.39941892009257,117.9319528079605,116.19777069597554,116.391357421875,2423100
2018-03-29,116.79463939703518,117.61736749561766,115.8347919999605,117.23019409179688,2978300
2018-04-02,117.54474340150769,118.56105801707037,115.17335904203091,116.01222229003906,2705400
2018-04-03,116.2219530342403,116.85109443057725,113.23756215024696,114.06835174560547,3442400
2018-04-04,113.7134193385803,115.78636819245108,113.11654870176625,115.38307189941406,1956500
2018-04-05,115.34277596215465,117.4479837639789,115.22179195937223,116.21389770507812,2013400
2018-04-06,115.75411493771868,116.47198195456228,114.10867123098127,114.66522216796875,1527400
2018-04-09,114.82654399887477,116.96400985618585,114.82654399887477,115.49601745605469,1829700
2018-04-10,116.35551350380682,116.90687863948176,109.57689215252044,111.40938568115234,6140200
2018-04-11,110.56611762268109,114.89599926361062,110.54989736210635,113.45270538330078,2807600
2018-04-12,114.16627179662565,114.16627179662565,111.57158633197339,112.20404052734375,2805000
2018-04-13,112.62564086914062,113.8581208031378,111.9931868284232,112.62564086914062,1460400
2018-04-16,113.34726226690584,113.54997216695374,111.85532037193673,112.3175048828125,2073200
2018-04-17,112.92565025372996,115.19600392381096,112.15535500113965,114.34461975097656,2734500
2018-04-18,114.17437298139289,114.45005559887521,113.2500159203247,113.36353302001953,1773400
2018-04-19,112.84458317521684,113.20135469745463,110.82558744569906,111.42561340332031,2553000
2018-04-20,111.06074594530287,112.62566106781831,110.46883626205233,110.77694702148438,2659300
2018-04-23,111.32833912842922,112.22025574225276,110.90669884652084,112.05809020996094,1911300
2018-04-24,112.47971665225698,112.8364882028637,110.40396840047482,111.05264282226562,2430000
2018-04-25,110.39585678309886,111.04453123250829,109.75529865173505,110.05530548095703,1511900
2018-04-26,110.53368685076282,111.66075367150275,110.20123956525558,110.95531463623047,1794500
2018-04-27,109.2606811095996,110.1201694600743,108.27145540029669,109.65799713134766,2311000
2018-04-30,109.42282168777675,111.68507151676673,109.06605021851433,110.56610870361328,2548600
2018-05-01,111.14183502023512,112.43106753811648,108.53092945874465,109.54447937011719,3249700
2018-05-02,108.96876326870469,111.67696530691363,108.96876326870469,110.65531158447266,2362800
2018-05-03,110.09581442211454,111.86345141696614,109.49578858488381,111.55532836914062,1858600
2018-05-04,111.23913907450111,113.27434297459148,111.23913907450111,112.58513641357422,1729800
2018-05-07,112.50399681635427,113.34726457384701,111.34450210324795,112.00938415527344,1532400
2018-05-08,111.70940873622067,111.92022264151656,110.15259772093366,111.0931625366211,3069700
2018-05-09,111.21478868874992,112.07427688751089,110.4363770456186,111.8553466796875,1661400
2018-05-10,112.61756577132189,114.3365425917836,112.2040418302966,113.42840576171875,1801900
2018-05-11,113.51758051824281,113.86623571963747,112.2202317919177,112.59322357177734,1197800
2018-05-14,112.5445710834852,113.05539176406057,111.47425656716734,112.13103485107422,1142800
2018-05-15,111.34451829431278,111.7985865661007,109.6822943638922,110.84178924560547,2607800
2018-05-16,110.9634346762519,111.36073827098424,110.18502300265367,110.65531158447266,1839900
2018-05-17,111.08507624711187,111.4337314965634,110.29856048388852,110.96345520019531,1820400
2018-05-18,110.85800886780534,112.43103992348684,110.26609932922693,111.1255874633789,3562500
2018-05-21,111.6040023946982,111.66887107084031,110.46883149329847,111.3931884765625,1266900
2018-05-22,111.57156047327827,111.57156047327827,110.16879872314189,111.20667266845703,2169100
2018-05-23,111.2229253775004,111.51482828305902,110.43640955897958,110.9472427368164,1772500
2018-05-24,111.03640093014498,111.52289737239515,109.51201819174157,109.86878967285156,1729800
2018-05-25,110.04717344432858,111.644528764623,109.98230477870263,110.54178619384766,1484600
2018-05-29,110.03095535483085,110.88233959586711,109.35795685467585,110.24988555908203,2295400
2018-05-30,110.22559993690723,112.13106665791803,109.9661251784643,111.75808715820312,1848100
2018-05-31,111.28777090775075,112.35808546289982,110.25800082013329,112.19590759277344,4514500
2018-06-01,112.0580302719846,112.55264292299866,110.96340423518429,112.3175048828125,1623700
2018-06-04,113.10404328271593,113.72027705008797,112.53644554922548,113.56621551513672,1246400
2018-06-05,113.56621935731826,113.85812217751395,111.69318141624319,112.63375854492188,2565200
2018-06-06,113.00678313000037,113.12841657099494,111.55538476466297,112.73920440673828,1347000
2018-06-07,112.76349891186243,112.9905330700685,111.56344707856327,112.04183959960938,1493000
2018-06-08,112.36617279052734,112.90943393229603,111.74993904145373,112.36617279052734,3537400
2018-06-11,112.30130541104592,114.03650198170557,111.96075420062853,113.22566223144531,1475100
2018-06-12,112.36619968289241,114.53114082476382,111.89591103587546,114.44194793701172,2940900
2018-06-13,114.05272613084028,114.05272613084028,110.29853399991745,110.64720153808594,2270400
2018-06-14,110.91479723523372,112.64999432592941,110.67965908105808,112.17971801757812,2103500
2018-06-15,112.46348504096906,113.6797448194347,112.09860958191622,112.34996795654297,3087800
2018-06-18,111.97491124336989,112.79843155030453,111.49384529500931,112.708740234375,1497800
2018-06-19,112.20321322644199,114.39656339121228,112.09721100624003,113.40180969238281,2741700
2018-06-20,113.31210578490736,114.96730787458435,112.88810939279307,114.59223175048828,2178400
2018-06-21,114.6819430338466,115.63593819268765,114.42917997733736,115.52177429199219,1940800
2018-06-22,116.0924906798101,116.87523962790209,114.87758379052893,116.45125579833984,2543700
2018-06-25,116.23931157312906,116.64699715661594,115.23640852139278,115.9050064086914,2174200
2018-06-26,116.17405584136381,116.95681747056938,115.75007188205255,116.73666381835938,3052500
2018-06-27,116.85898560341604,117.56835444013726,116.53282971639054,116.8834457397461,2147700
2018-06-28,116.88342627682484,117.74771746076827,116.25558718522385,117.62540435791016,2110300
2018-06-29,116.948638287213,118.22877652917316,116.31265000189907,117.55201721191406,1995800
2018-07-02,117.68251648730467,118.00865996212387,116.36161924023797,117.9597396850586,1559500
2018-07-03,117.97603165967811,118.26140404395726,116.40235916434102,116.62251281738281,1669600
2018-07-05,117.22591573182874,118.80773778063974,116.91607070820447,118.77511596679688,1512400
2018-07-06,118.6690828096449,119.31323282862525,118.15540757045842,118.88923645019531,1376600
2018-07-09,118.09021507097268,118.24513759314351,115.55441008371814,115.92947387695312,2334400
2018-07-10,115.37500904907677,117.44604614004615,113.47519291944921,117.03836059570312,3775300
2018-07-11,116.5817417893906,117.7314178823412,116.35343890531767,116.93235778808594,1250400
2018-07-12,117.0628328644054,118.02496477454915,116.6551473211427,117.21774291992188,1504600
2018-07-13,117.22589079828444,117.9189486753269,116.54096971060713,116.78558349609375,953700
2018-07-16,116.02730532932814,116.55729154627967,115.13855385222323,115.58699798583984,1644500
2018-07-17,115.61961948272312,115.99468320526779,114.89393973267792,115.92130279541016,2995100
2018-07-18,115.92129828640726,116.16591208465972,114.68193083241621,115.27716064453125,2046400
2018-07-19,114.95103321467808,116.23117202545194,114.77165054767056,115.51364135742188,1505900
2018-07-20,115.22825045040098,115.79900773518881,114.24979517182106,114.46179962158203,1786500
2018-07-23,114.78793275613258,114.94285524268433,113.67902765623927,114.83685302734375,1457900
2018-07-24,114.51071744965736,115.5217696349355,112.93704478211818,115.43209075927734,3230400
2018-07-25,115.163012620973,116.88344604967277,115.06515963381842,116.54914093017578,1572200
2018-07-26,116.73667515614234,118.0983433565531,116.45945197699707,117.82926940917969,1619000
2018-07-27,118.26142498798917,118.34296707883803,117.39713356792696,117.7232894897461,1424800
2018-07-30,117.43792350093163,117.86192004669986,115.73380052567192,116.36978912353516,1963200
2018-07-31,119.74539702904724,122.97427197266,118.71803394959446,120.87061309814453,3924400
2018-08-01,120.4058471805063,122.70519962269518,120.06339281622665,122.44427490234375,2766300
2018-08-02,122.13439006364806,122.59915740456304,120.78903318275876,120.84611511230469,1877100
2018-08-03,121.14782220672099,123.27594097106075,120.6749055433595,123.11286926269531,1673000
2018-08-06,123.36561682670224,123.63469071051489,122.08547857113042,123.04762268066406,1272700
2018-08-07,123.01501728824633,123.01501728824633,121.2375145018826,122.33010864257812,1418100
2018-08-08,122.52578238336827,122.52578238336827,121.22933326283338,121.75118255615234,1060300
2018-08-09,121.92244619074133,122.87642893641798,121.58814103565791,122.77043914794922,1231700
2018-08-10,122.43612707743678,123.43903004446486,121.55552479849422,121.63705444335938,1260000
2018-08-13,121.4902791136856,122.16703853730777,121.155974017395,121.49842834472656,957900
2018-08-14,121.62072708822268,122.19963346307524,121.14781047067441,121.5799560546875,1433500
2018-08-15,121.56364283928856,122.19148190737752,121.00919660679511,121.93055725097656,1413900
2018-08-16,122.28120483550217,122.76227079841848,121.91429032889778,122.07736206054688,1154200
2018-08-17,122.21597714185667,123.29227299628806,122.06921631165747,123.25965118408203,1542000
2018-08-20,123.626565738736,123.87117956405167,122.72966496801318,122.9498062133789,1496300
2018-08-21,122.80305786817549,122.97429129577807,121.44138944675831,121.71861267089844,1520000
2018-08-22,121.71045141167164,122.05290579146187,120.26724103560312,120.76461791992188,1134400
2018-08-23,121.02550208834622,121.26196662712543,120.01445009006387,120.16937255859375,1206600
2018-08-24,120.16938485536058,121.10705655131302,120.16938485536058,120.72383117675781,1339900
2018-08-27,121.13152313960872,121.53105943948195,120.47107456917085,120.97660064697266,1072800
2018-08-28,120.71573893986397,122.39540204269433,120.58527652914815,122.38725280761719,1192400
2018-08-29,122.5421297876477,123.33304083157377,122.44428922685746,122.67259216308594,1309000
2018-08-30,122.81932404213352,123.02316676944686,121.16412209167507,121.44134521484375,1034100
2018-08-31,121.59629643925454,122.44427691115764,121.27830220709392,121.588134765625,965400
2018-09-04,121.27013503351978,121.53920897800252,120.31615238030373,120.7972183227539,1171000
2018-09-05,120.69937371585804,120.76460489186324,119.4844663907136,120.34877014160156,1667200
2018-09-06,120.51182366589455,121.00920042146222,120.10413820859557,120.74827575683594,1304000
2018-09-07,120.32434269047556,120.83801812349154,119.33773799256255,119.49266052246094,1510900
2018-09-10,120.06339278233291,120.96845518823626,119.91663195835827,120.12862396240234,1312300
2018-09-11,120.01447297414435,120.29169615933539,119.4763250676614,119.85955047607422,1194900
2018-09-12,120.07969532052525,120.22645613427352,119.40293587123416,120.1123046875,1359900
2018-09-13,120.67491761669864,121.8245938042952,120.47107485045422,121.2619857788086,1676600
2018-09-14,121.10703644276929,121.1967277377,119.62306790304648,120.01444244384766,1182700
2018-09-17,119.9247874299934,121.00107085319982,119.35403012665849,120.47108459472656,1507800
2018-09-18,119.95739831679899,121.07446524055915,119.80247580931264,120.19386291503906,1108300
2018-09-19,120.34059246763127,120.87874026693885,120.12860050498269,120.33244323730469,1247500
2018-09-20,120.35691479657376,121.37612855494811,119.74538654154914,121.27012634277344,1021400
2018-09-21,121.09074609435528,121.9795099646372,120.93583605097486,121.07444763183594,2793300
2018-09-24,120.6748700115499,120.74010116400403,118.97074814398526,119.35397338867188,1258000
2018-09-25,119.28059584349393,119.56598061683619,118.62014744746548,118.79953002929688,1127500
2018-09-26,118.6446654456984,118.98711987579586,117.16069624860941,117.37268829345703,1378400
2018-09-27,117.8235675064867,118.56144577984162,117.48741767763981,117.56120300292969,1530500
2018-09-28,117.52841450849988,119.23373375251039,117.52841450849988,119.12715911865234,1523400
2018-10-01,119.77487632937004,119.77487632937004,118.02856070067918,118.08594512939453,971200
2018-10-02,118.09417087875013,118.5533089822831,117.33169712778621,118.16796875,1043400
2018-10-03,118.18434792243234,119.49614595241837,117.03653402886945,117.98758697509766,1910000
2018-10-04,117.83997510482918,118.72543668325925,116.71675660276267,118.42208862304688,1507900
2018-10-05,118.72542923546054,119.94704062087278,118.32370075070025,118.67623901367188,1625900
2018-10-08,118.92219646618388,120.45535001349971,118.88120044674271,119.52889251708984,1760800
2018-10-09,119.7338942763045,121.25065985691406,119.18458248765877,121.05388641357422,1782200
2018-10-10,120.17660687370561,121.13585375756332,119.29114532470702,119.29114532470703,3517100
2018-10-11,119.57812784971615,119.90607107420233,115.10982322714139,115.33938598632812,2484300
2018-10-12,116.4954129163547,117.88099626011869,115.45418624058564,116.4626235961914,2219700
2018-10-15,116.24123662353138,118.26631772684767,116.01986808921961,117.02011108398438,1289600
2018-10-16,117.36446693959346,119.9962569703913,116.98733348361125,119.44694519042969,1303100
2018-10-17,119.069803718637,120.6275653645607,118.41390473668137,120.25861358642578,1737000
2018-10-18,120.1028342581465,121.4638097827445,119.5125264962985,120.34878540039062,1515800
2018-10-19,120.63571062422925,123.7594143408535,120.43893725640496,123.103515625,2450700
2018-10-22,123.06258718174581,123.53810114051579,122.12793515928689,122.36569213867188,1996800
2018-10-23,122.24268646026897,124.02999799777619,121.69336226162447,123.67745971679688,2179100
2018-10-24,123.48891091178245,125.33361983861074,122.77562746335009,124.59574127197266,3056300
2018-10-25,124.5382923263115,126.21083472739144,123.32488779725301,125.85828399658203,2628100
2018-10-26,124.99747914634932,125.25163703470928,121.94755946556434,122.66084289550781,3639000
2018-10-29,123.54628207888337,125.98949255591263,123.24293401082802,125.29261016845703,3072700
2018-10-30,126.26007727138149,132.5812853457694,123.09537613287131,131.9581756591797,5553600
2018-10-31,131.17929356535652,131.8843827686796,127.28490828763499,127.74403381347656,3841200
2018-11-01,128.34250051370634,129.12958156297182,125.31718939710896,125.4565658569336,3963600
2018-11-02,125.29264249511367,125.44021321162694,122.35750397886846,124.6695327758789,3978700
2018-11-05,125.35820661581332,127.77683483380108,125.0056682714994,127.65384674072266,2301400
2018-11-06,127.7358214727775,128.30972829858447,126.89955009218416,128.03097534179688,1285000
2018-11-07,129.15422215569453,129.35918981765815,127.94081709973524,128.67869567871094,1803400
2018-11-08,128.6868872145128,130.68736085074752,128.45731195077485,130.65457153320312,1707900
2018-11-09,130.59714206620848,131.42521912320632,130.51516253764754,131.29403686523438,2279800
2018-11-12,131.26128430332756,132.78624407604525,131.26128430332756,132.0237579345703,2059600
2018-11-13,132.28612824622493,132.62226568935773,130.98252446540818,132.25332641601562,1496800
2018-11-14,132.75342511605362,134.1144130998867,131.73678122869083,133.97503662109375,1940900
2018-11-15,133.43397508148436,133.51596716704196,131.7122413666612,132.9256591796875,1987800
2018-11-16,132.72881100012876,134.65551133454494,132.5156492119454,134.4423370361328,1987400
2018-11-19,134.86870630010935,136.39366603284813,134.36039055927372,136.28707885742188,2171500
2018-11-20,135.40981286126316,136.992156898902,131.63020940947888,131.70399475097656,3449900
2018-11-21,131.65484027452462,132.3435286693132,130.38403817041893,131.4334716796875,2009700
2018-11-23,130.98250104105406,132.14671560062715,130.25281682729945,131.4990234375,746900
2018-11-26,131.99096481307834,132.63046284351222,130.56438554737022,132.48287963867188,1447200
2018-11-27,132.33531649534677,132.9502194451,131.16289503249638,132.88462829589844,1390200
2018-11-28,132.1877117411932,133.54869971732052,131.99095083588452,132.8190155029297,2332200
2018-11-29,132.81908526410965,134.44242613669348,132.0975948717448,133.40939331054688,2063300
2018-11-30,133.8192651040198,134.9998806353015,132.72064162750033,134.86050415039062,2741400
2018-12-03,135.29504924882272,135.40162391933993,132.41729545044075,133.70449829101562,2651600
2018-12-04,133.86025912865657,135.64757080160587,133.6716799075711,134.0324249267578,2468800
2018-12-06,133.4831239008916,137.61527852991702,132.10574736470443,137.43490600585938,2809300
2018-12-07,137.2217454692735,138.2137944514709,135.96734438672596,136.45106506347656,3357400
2018-12-10,136.0657209974566,136.83638880028266,133.4339310465074,136.25428771972656,1908700
2018-12-11,136.69698479454928,137.1807178259573,135.6885477311937,136.62319946289062,2033000
2018-12-12,137.32009483590247,137.36928505720408,134.57352405108992,134.9916534423828,2675000
2018-12-13,135.39340657214916,137.4430827116756,134.8112930440223,136.75439453125,2153800
2018-12-14,136.5248476974454,136.91838205918177,135.29504187056654,136.59043884277344,2193400
2018-12-17,136.87736803337873,137.04954633100633,131.4826190141931,131.949951171875,2743400
2018-12-18,132.69604772155773,134.01603974977124,132.14672346806427,133.07318115234375,2475300
2018-12-19,133.2125742910052,135.024493858312,132.63866736139428,133.2617645263672,1912300
2018-12-20,133.1060002424515,134.43418664438883,131.5892345904313,132.44189453125,2570400
2018-12-21,132.4418871107075,134.95070157747102,129.22799595964105,129.53955078125,4385700
2018-12-24,128.97379259328684,129.14597085771925,125.13680566256434,125.91567993164062,1968500
2018-12-26,126.45978086683749,129.86447143554688,124.20922887721382,129.86447143554688,1981500
2018-12-27,129.20499902934026,130.87024918679126,126.37738330531907,130.74659729003906,1641700
2018-12-28,131.67812420727813,133.22796157715788,130.0458564409564,130.93618774414062,1740000
2018-12-31,131.62869343724174,131.70288458464904,128.71863436238493,130.4086151123047,2044600
2019-01-02,129.51825795321076,129.51825795321076,126.8967247194072,129.21324157714844,2030600
2019-01-03,129.1060493069023,131.9336644131911,128.95765448418538,129.98812866210938,2467400
2019-01-04,130.34263395178453,131.9584231913167,129.99639609596306,130.50750732421875,2530000
2019-01-07,130.64766899851358,132.4118407517516,130.26846144560255,131.31541442871094,1708000
2019-01-08,131.7193507949231,132.83226811175123,130.73009794609385,132.79928588867188,2502700
2019-01-09,133.45053120271558,133.4752615765224,130.54047314716308,131.6368865966797,1797300
2019-01-10,131.46378523124608,133.54122486202735,130.76305770266737,133.43405151367188,1986600
2019-01-11,132.76629959801173,133.7637915880262,131.81825577835144,133.05482482910156,1878800
2019-01-14,132.7580477537603,134.0111079139824,132.60142624038454,133.05482482910156,1435400
2019-01-15,132.91469296834964,134.63765554996758,132.42007285407874,134.41506958007812,1597100
2019-01-16,134.7448294707446,135.4537963581729,134.23371819574973,135.01687622070312,1495200
2019-01-17,135.01690280557094,135.96493440470329,134.42334843043284,135.51153564453125,1322800
2019-01-18,136.2286908603772,136.2286908603772,134.6871054641306,135.75054931640625,1763000
2019-01-22,135.62689792292744,136.3605950614919,134.51398073813564,135.7587890625,1503900
2019-01-23,135.6186539902541,136.68211048736657,135.4785109981989,136.67385864257812,1700200
2019-01-24,135.86599585508495,136.71510581171205,135.28893266791613,136.5584716796875,1275900
2019-01-25,137.25916539046767,138.60290779165226,136.67385050177674,138.0093536376953,1482100
2019-01-28,137.62195580770774,138.53701782226562,136.5749900157816,138.53701782226562,1180500
2019-01-29,138.2319906912927,139.7488589940955,138.12482987734447,139.6829071044922,1849700
2019-01-30,139.42730170871488,141.38107699821032,139.3283676200471,140.53196716308594,2159500
2019-01-31,139.97137333662312,143.40079467295334,139.52621399366237,142.48573303222656,4046100
2019-02-01,142.74132168089287,142.74132168089287,139.76531084315369,140.49900817871094,3446200
2019-02-04,140.3093274650099,140.9276118215646,139.22115353856788,140.91937255859375,2846800
2019-02-05,140.8287360874251,142.23841783394354,139.79002255951514,142.14773559570312,1671100
2019-02-06,141.2326969069929,142.0900460214354,140.22695294678138,140.36709594726562,1422900
2019-02-07,140.41657725561106,142.12303646801809,140.00438746007848,141.80152893066406,1113600
2019-02-08,141.71906735950432,142.60939863158353,141.01010056390595,142.14773559570312,1294600
2019-02-11,142.50220166919408,143.16170760356312,141.91688685044633,142.609375,1211000
2019-02-12,142.68358298844845,143.23591565732679,141.850964352503,142.27963256835938,1471600
2019-02-13,142.1477216199959,143.3100994925135,141.86743566718508,143.19468688964844,1195900
2019-02-14,143.1204922026626,145.14847083564888,142.67533291099878,144.91763305664062,1832500
2019-02-15,146.14595364533417,146.86315957349103,145.07425809564322,146.59112548828125,2744400
2019-02-19,146.714775818049,147.00331358654944,145.68430175773176,146.40975952148438,1961700
2019-02-20,146.18719396401303,146.18719396401303,144.70330859466742,145.6595916748047,1612000
2019-02-21,145.3545479505029,145.70902497190684,143.92012360054704,145.51116943359375,1407600
2019-02-22,146.03883677941963,146.2861531678954,144.42305985557468,145.61016845703125,1312600
2019-02-25,146.11304345522424,146.35210800219573,143.49976165734057,143.63165283203125,1946500
2019-02-26,144.1345112720074,144.5302224958048,142.96389387109795,143.45852661132812,1853700
2019-02-27,143.68935425072308,145.72557269126975,141.55421429210398,142.78253173828125,1632200
2019-02-28,142.221928037074,147.30834708321993,142.1147546969979,145.21441650390625,2888500
2019-03-01,145.25565038447425,146.89616994851903,143.66460415170826,146.673583984375,2048000
2019-03-04,147.56392760834513,148.19045148761595,145.783264904271,148.13275146484375,1678000
2019-03-05,147.9184034241655,149.96287358270195,147.9184034241655,149.26214599609375,1991500
2019-03-06,149.2703756828472,150.27610692212767,149.11374159292535,149.74850463867188,1226000
2019-03-07,150.04529726059218,150.83670705731606,149.05604444896133,149.83096313476562,1375900
2019-03-08,149.21265850181564,150.63883121840615,148.75100809036647,149.7155303955078,1276000
2019-03-11,150.29258854253086,152.75748718408553,150.07825445245084,152.64207458496094,1586700
2019-03-12,152.94711452312416,153.9775888098261,152.58438556156,153.12847900390625,1618300
2019-03-13,153.08721159989895,154.61231811839252,153.08721159989895,154.3485107421875,1512600
2019-03-14,153.89516154735367,155.0163181889122,153.1449857501089,154.9586181640625,1183800
2019-03-15,154.9833707704037,155.80775040216116,154.6701024850447,155.78302001953125,2541700
2019-03-18,155.8984055093431,156.20342189467232,154.5711540302421,155.717041015625,1556200
2019-03-19,156.15398707731785,156.81349329320634,155.40379859950676,156.5579376220703,1848200
2019-03-20,156.8628979008108,158.41273506644845,155.74174150888723,157.901611328125,1537900
2019-03-21,157.58835864567988,160.54787747594827,157.2915815782499,160.51490783691406,1761300
2019-03-22,160.12744561092748,162.22960283950883,159.27833590722648,159.64105224609375,2050300
2019-03-25,160.01208491783368,161.83395678418,159.5421825092885,161.32284545898438,2157600
2019-03-26,162.11419596054927,162.13068706986243,159.89662605061213,160.79519653320312,1948100
2019-03-27,160.79520922055409,161.61133680000555,158.79196067847045,160.00379943847656,2250600
2019-03-28,159.929576611445,160.74571660817043,159.27007068693214,160.6962432861328,2455300
2019-03-29,161.1332401936754,162.6748260016605,160.47373400587878,162.45223999023438,3017700
2019-04-01,162.84790619077864,163.38376036481313,158.41275343499572,158.70127868652344,4105700
2019-04-02,159.10524005535456,161.41350512118694,158.3715428194005,160.85292053222656,2762400
2019-04-03,160.80349228237026,161.51245928350005,158.6848431260514,160.16871643066406,2230300
2019-04-04,160.70454590843818,160.8034674257119,158.81670976024316,159.14646911621094,1684000
2019-04-05,159.31955990232512,161.5618728989804,158.53640198033136,161.38050842285156,1656500
2019-04-08,160.81167344205977,161.96579941145154,160.08621564471088,161.75970458984375,2166500
2019-04-09,161.69374877489304,162.50988877690978,161.53711470166493,162.17189025878906,1708200
2019-04-10,162.70197531145936,163.37278971783675,162.32101227346186,162.83447265625,1304500
2019-04-11,163.24852354082668,163.30650138477378,161.8572069282342,162.85928344726562,1027100
2019-04-12,162.85102556789244,164.0270231209592,161.32719882055352,163.9442138671875,1412300
2019-04-15,162.900706252695,163.83654049944175,161.09530537816465,162.39552307128906,1765500
2019-04-16,162.46177947009497,162.46177947009497,158.2215616723657,159.1739501953125,2108300
2019-04-17,160.73917262537765,160.73917262537765,156.87162841392077,158.3209228515625,2105100
2019-04-18,158.1221653214158,160.33338577302672,157.3933858202965,159.76194763183594,1325400
2019-04-22,159.47209826719006,159.75367247831394,158.1304695603145,159.27334594726562,942500
2019-04-23,160.32506331527813,160.9876003386356,159.43064022927197,160.16770935058594,1457700
2019-04-24,160.6563782963448,161.0787395938302,159.40583603505303,160.02696228027344,1324500
2019-04-25,159.36440190573703,160.09319397122252,158.0227734550423,159.2484588623047,993100
2019-04-26,159.38928025481323,160.12634955334124,158.71017616746266,160.01040649414062,870000
2019-04-29,159.75363093608655,160.59836598664026,158.97516349073732,159.3726806640625,901400
2019-04-30,159.67914341483208,161.91519551470805,158.27953682995718,161.7412872314453,1476200
2019-05-01,161.45140538084567,161.53422726446718,159.124254511117,159.76194763183594,1384700
2019-05-02,160.06835461475342,160.44102779119024,159.12424333725275,159.67083740234375,1412700
2019-05-03,160.118044311871,161.10356653827736,159.23191086720905,159.79505920410156,1059100
2019-05-06,159.36442122711045,160.28368855322037,157.74121842226037,159.15737915039062,1548700
2019-05-07,158.98348082088194,159.26505502997964,156.13457964523244,157.22776794433594,1510000
2019-05-08,157.4927661328436,160.25884525779918,157.4927661328436,158.71017456054688,1339000
2019-05-09,158.76819612561857,159.77027298088097,157.42655449977235,159.4390106201172,1240400
2019-05-10,159.43069072462836,162.51147811768033,159.28162648150325,162.0394287109375,1283100
2019-05-13,161.09531160960233,163.4804278738639,160.7309155122835,163.04978942871094,1790600
2019-05-14,163.31480898225763,165.9483911142732,162.90072477457602,164.0353240966797,1788000
2019-05-15,164.14297291136174,166.62747808954637,163.16574027362893,166.02291870117188,1285400
2019-05-16,167.1326434269833,168.43287373009412,165.79929195192076,167.3065643310547,1507400
2019-05-17,166.3707292834705,167.90284569322657,166.0725881899932,167.64610290527344,1421400
2019-05-20,165.45976099763232,166.42872915731235,163.47216186928475,164.18438720703125,2764800
2019-05-21,165.2030167887434,165.6502347686086,163.96905405074173,164.1181182861328,1338100
2019-05-22,164.44107171568868,166.66056900812416,164.15949756747364,166.18850708007812,998000
2019-05-23,165.77447767287427,168.8221441501979,165.77447767287427,168.05194091796875,1436800
2019-05-24,169.06229075880177,170.03124623649796,168.0602014696299,168.11817932128906,1412600
2019-05-28,169.0705604101364,169.5674664655063,167.6875208081335,167.74549865722656,1936300
2019-05-29,167.82004881304326,168.47429630731935,165.8241598797971,166.56951904296875,1448500
2019-05-30,166.7433925363312,169.79105826957723,166.072578275267,169.51776123046875,1568600
2019-05-31,169.51778480813695,174.12239889983528,169.12854466528472,172.89671325683594,2706200
2019-06-03,172.9712404802508,173.7414309729126,171.01676268692637,173.3273468017578,1730800
2019-06-04,173.28595969219435,173.53440010146508,170.9422416155811,172.26730346679688,2351500
2019-06-05,173.5923360539622,176.36670456505885,172.84698973236445,176.2093505859375,2193300
2019-06-06,176.28392293831172,176.98787112030732,175.15761342922673,176.1514129638672,1237800
2019-06-07,176.8553524399181,177.65867674477903,175.59653301835573,175.95265197753906,1132200
2019-06-10,176.39984752118306,176.84705284201073,173.112018366296,173.79112243652344,1976600
2019-06-11,173.78283453673873,174.3045846140255,171.82007969261514,173.0623321533203,1715600
2019-06-12,173.5261304697449,175.8698486476965,173.51785333469363,175.15762329101562,2974400
2019-06-13,175.65449325671725,176.10997569090517,172.69792649852317,173.09544372558594,2586500
2019-06-14,173.08717866552087,175.5302726791244,172.40807457827643,174.93399047851562,1568100
2019-06-17,175.33979640960553,177.7994573125521,174.99196723422915,177.30255126953125,1780900
2019-06-18,178.24240696871314,179.62310246146959,177.43561578869173,178.3172607421875,1696600
2019-06-19,177.58533716565157,180.52138718459202,177.31918616433228,179.7977752685547,1421300
2019-06-20,179.78948385077317,181.9769582633624,179.5732226518191,180.920654296875,1839900
2019-06-21,180.87075002423202,181.26165736722731,178.19253785699962,178.974365234375,2420400
2019-06-24,179.49836953123474,179.65640265678593,177.96796618416488,178.45037841796875,1064000
2019-06-25,178.8579283926648,179.16568179387934,175.23985559083206,175.33966064453125,1542400
2019-06-26,175.381253669424,175.381253669424,170.6985385425411,171.17263793945312,2434100
2019-06-27,172.11250431205642,173.1688210547083,170.96470805959405,171.2142333984375,2044600
2019-06-28,171.38884952251752,172.07088443255836,169.3593958865888,170.04974365234375,2965500
2019-07-01,170.50722273223136,170.923094007188,165.91600030312225,168.2615203857422,3039800
2019-07-02,168.77719165539148,171.53025738260746,168.57756888048698,171.03121948242188,3224300
2019-07-03,171.67996491819844,176.23791006409297,171.67163937107935,174.80731201171875,1408700
2019-07-05,173.83418278356848,174.89049931387893,171.51362678899173,173.86744689941406,1735500
2019-07-08,173.74268476249026,174.9986113284381,173.2602726049478,173.79258728027344,1227600
2019-07-09,174.22510524458983,176.02998497515668,173.67615213997956,175.75550842285156,1483200
2019-07-10,176.22960677583995,176.68705500244351,174.69919091463026,175.93849182128906,1858600
2019-07-11,176.02999693365723,176.02999693365723,173.077308273113,174.05044555664062,1398200
2019-07-12,174.26668343509462,174.26668343509462,172.52001919592618,173.81753540039062,1263300
2019-07-15,174.94038253862763,175.78876335002838,173.817525209086,175.2481231689453,1640300
2019-07-16,175.64738021626843,175.98839769721488,173.85082600896143,174.09202575683594,1430600
2019-07-17,174.72415423603235,175.94680404314101,172.8527335985097,173.61793518066406,1395000
2019-07-18,173.54306605414882,174.17519847119118,170.51552388787292,173.5513916015625,1279400
2019-07-19,173.9589290462447,174.1918159178783,170.74840266857265,170.9729766845703,1847200
2019-07-22,171.29739662434235,172.30381081737346,170.24107990281786,171.92120361328125,1259200
2019-07-23,171.77149235022065,172.78621937914707,170.90647290356924,172.00437927246094,1165300
2019-07-24,172.02102990977863,172.41193729953062,170.15792170800012,170.33258056640625,1932400
2019-07-25,172.1956427511635,172.1956427511635,169.53406938231203,170.85653686523438,1058800
2019-07-26,170.92307214120515,171.40548428140656,169.38434354415955,170.1661834716797,1336800
2019-07-29,170.2327321353518,172.17069363986795,169.80022249146148,170.98130798339844,1875400
2019-07-30,171.78811340231735,173.83420581090394,170.99796045963572,173.5430908203125,2080100
2019-07-31,174.3498210243753,177.72669281231944,174.12525973581157,176.0133056640625,2845100
2019-08-01,174.7574162992206,177.87645065845325,173.41831037333472,175.83868408203125,1691400
2019-08-02,176.1131648824217,180.23860065403727,175.43112992753174,179.21556091308594,1802200
2019-08-05,178.51689490133208,179.8227240126591,175.76382928679337,177.9097137451172,2268700
2019-08-06,178.0261444231592,180.51305886181026,177.277581311492,180.44651794433594,1988200
2019-08-07,179.68131458597543,182.15990345238484,175.9467865386268,180.8457489013672,1827800
2019-08-08,180.93725311246226,184.1228283267413,179.65637528032036,183.83172607421875,1389700
2019-08-09,184.33078654289116,186.9008807608855,182.55085792910964,184.83815002441406,1251300
2019-08-12,184.65517770571964,185.45365621900282,183.34102282031972,184.82984924316406,883800
2019-08-13,185.21241161937297,185.9693003313604,182.4593460075289,183.8982696533203,2468800
2019-08-14,183.87333711723173,184.33078538029977,181.70248848917916,182.05181884765625,2092700
2019-08-15,182.3595911665358,186.7844685241071,182.02689915544343,186.47671508789062,1773200
2019-08-16,187.22524151147368,187.49970536759443,184.58860662249347,185.42034912109375,1681900
2019-08-19,186.3435831197748,187.71596585226933,185.33718180732873,187.3000946044922,1415900
2019-08-20,187.56625945496805,189.12993952332764,185.91941274574134,187.60784912109375,1620700
2019-08-21,187.59950712423435,189.20476391798778,186.96737475663627,189.12159729003906,1279500
2019-08-22,189.4542939683198,190.2860364171021,187.13373812042556,190.06146240234375,1073000
2019-08-23,190.41914759907388,192.6648500185799,187.61617917597306,188.4479217529297,1497100
2019-08-26,189.27962229091736,191.4255064944466,188.0652728140583,191.35897827148438,968500
2019-08-27,191.94955890483803,192.77298865928543,190.4940093344235,191.12612915039062,1584000
2019-08-28,190.92646559419126,192.57331195064893,190.1196744714347,191.4171905517578,1143700
2019-08-29,192.13254027277875,192.54841157207048,190.57718567467083,191.64181518554688,986200
2019-08-30,192.54008436416436,192.6897919288863,190.52726894858213,191.4588165283203,1426200
2019-09-03,191.79978784538616,197.871496747843,191.45877044153966,197.82159423828125,1843100
2019-09-04,198.1460353485694,201.2817084931454,197.92978684222737,200.50819396972656,1796100
2019-09-05,201.2816727801067,201.2816727801067,195.118458183346,196.08328247070312,2059100
2019-09-06,196.24964190221402,196.75700533891663,192.68147213295927,193.45498657226562,2307600
2019-09-09,193.61304776295063,193.94573973730854,186.09409999654807,186.3103485107422,2994000
2019-09-10,185.33715462159515,185.47023644729504,177.57699675338768,179.83102416992188,4266100
2019-09-11,179.61481510914768,181.21175940643178,176.7453056266624,176.91165161132812,3019700
2019-09-12,179.67302261560386,182.44272672849914,178.55016513772773,182.02685546875,2334500
2019-09-13,181.56107192706887,182.35955034288173,177.9263611194479,179.13238525390625,1908800
2019-09-16,179.25712073428465,180.90396708798156,178.8495624004535,180.2967987060547,1422100
2019-09-17,181.65257512396443,184.14780287397153,180.92065028077056,184.06463623046875,1853300
2019-09-18,184.60525340568634,185.14589366914734,181.7107929327589,184.3224639892578,1318300
2019-09-19,183.4325536036537,190.7685312745395,182.98341807078162,188.8638458251953,2281100
2019-09-20,189.84523862998316,190.03653586450028,186.9175012758368,187.60784912109375,2787400
2019-09-23,187.8407549078922,188.3980209541301,187.1005044654108,187.45816040039062,1267000
2019-09-24,188.05698647392396,189.03012368706993,185.56175894543165,187.275146484375,1728600
2019-09-25,187.52467001144436,187.65773916626068,183.69864942719437,184.6800994873047,1709400
2019-09-26,185.13952765008747,187.16935314382155,185.06435223259427,186.2755584716797,1350400
2019-09-27,186.3507849343229,186.3507849343229,181.1467658701691,182.91763305664062,1832400
2019-09-30,183.20162588611123,185.25649739434542,182.82572325414182,184.7135467529297,1703000
2019-10-01,184.35433410312706,186.1669692321377,182.28275291938883,184.51304626464844,1545400
2019-10-02,184.39609686719362,185.44024237606786,182.51663495121994,183.76126098632812,1270100
2019-10-03,184.12044613979333,188.38056503506363,183.9951537735454,187.02734375,1604700
2019-10-04,187.0858397566971,189.9509692678387,186.82689367795467,188.72305297851562,1621900
2019-10-07,188.1049088088766,189.29105660932225,186.25050531561044,188.18008422851562,1005800
2019-10-08,188.1299231289898,190.55233510777984,186.81012195054694,188.86500549316406,1962200
2019-10-09,189.25762939453125,189.90917512048037,188.22183254373007,189.25762939453125,1038800
2019-10-10,188.906770406193,190.18480328668332,187.20273081417753,189.01536560058594,1888900
2019-10-11,188.92350053700397,189.6669315912085,187.40323138223437,187.48675537109375,1352200
2019-10-14,187.93785384584103,189.28271384856305,187.5368927702804,188.48080444335938,766100
2019-10-15,188.5643184027594,189.16574719751128,185.30657697353396,187.28628540039062,993200
2019-10-16,186.73493168865073,186.73493168865073,184.2289831875619,185.41513061523438,1508400
2019-10-17,187.19442385070323,189.74212885787193,186.6598218259505,188.7063446044922,1197100
2019-10-18,188.73974726635097,191.78865992309235,188.65622326981398,191.36264038085938,1544400
2019-10-21,191.48792584253354,191.78027891928554,189.36621516274602,191.62156677246094,1272400
2019-10-22,191.4211070795567,193.13350822902845,189.14068415674674,189.39964294433594,1341000
2019-10-23,188.99035225239962,189.9175540484249,187.00229496548175,188.79823303222656,1151500
2019-10-24,188.7815475649917,189.39132510110082,186.56796372067268,186.66819763183594,1097900
2019-10-25,186.43425748304125,186.44260605797956,179.7600752835293,180.9879913330078,2409800
2019-10-28,182.75055984924697,182.93433051601423,175.44153979438337,176.04296875,3431400
2019-10-29,176.2601242386789,181.11332364951076,175.87588579911923,180.56201171875,2044000
2019-10-30,180.5787261115001,181.60617464762524,179.25893717561598,181.46417236328125,1520700
2019-10-31,182.5166180721911,183.35193440204097,178.79946295354245,182.16578674316406,2021200
2019-11-01,183.05961034574707,183.56915393302353,177.3794682038099,180.0274200439453,2112200
2019-11-04,179.3925175105803,179.99394624449894,176.25173292471655,176.31021118164062,1640000
2019-11-05,175.95937858682436,176.02620542226737,169.49403839517936,172.08351135253906,3449700
2019-11-06,172.33413378368763,174.4809031660642,171.96659250842336,173.72911071777344,2206100
2019-11-07,172.66824939571205,173.07754625238354,170.01193675823637,171.81622314453125,2117400
2019-11-08,171.14796156235843,174.2135709499502,170.62170819816842,171.96656799316406,1819400
2019-11-11,171.82455557881718,174.23861910879546,171.72432170429963,173.2028350830078,1347200
2019-11-12,173.2780304930951,174.38900279894273,172.36753870534204,172.70166015625,1475400
2019-11-13,173.56203560490158,176.32693077042234,173.37826498248785,175.68374633789062,1664900
2019-11-14,175.75056283764445,177.0118987401992,175.41644138099966,176.92001342773438,1362800
2019-11-15,177.26253356203205,178.28160804333393,175.58353911188095,178.2314910888672,1546600
2019-11-18,177.90568869910985,180.15269192260922,177.90568869910985,179.0333709716797,1353700
2019-11-19,179.31734526962006,180.92951232663043,178.64074111850064,180.0691375732422,1526400
2019-11-20,180.1944582262267,183.20995099693698,180.12763138345628,182.01544189453125,1297800
2019-11-21,181.6979962327182,182.8507240029555,178.18130917400612,178.37342834472656,1361400
2019-11-22,178.33170484145373,178.83288703957203,175.24102392976485,175.50833129882812,1779800
2019-11-25,175.82577068907722,176.82814791717834,174.43079369519953,175.17422485351562,1441100
2019-11-26,175.07394495297217,179.60971921148482,175.07394495297217,179.41758728027344,1877600
2019-11-27,179.42599797019818,180.01906558457344,177.70524791193213,179.51788330078125,1117000
2019-11-29,179.51785842169713,180.2612895403225,178.49041002777335,178.78277587890625,654300
2019-12-02,178.88303536286904,179.29234506382582,174.9654114219361,175.0572967529297,1189400
2019-12-03,174.79830785779666,177.50473762230925,174.78995928220334,176.42718505859375,1520000
2019-12-04,175.50832058982658,178.51546457871686,175.43314517658337,178.2230987548828,1276400
2019-12-05,178.10618149313967,178.8663225515543,177.05368731327803,178.36512756347656,868200
2019-12-06,178.5572727717472,178.75775334533853,176.99523480018087,177.25418090820312,1206000
2019-12-09,177.13720176110715,178.7493691139435,176.94508254926936,177.63003540039062,938500
2019-12-10,178.21478889585873,178.82456640116206,174.74821760753127,175.41647338867188,1414800
2019-12-11,175.9761123375818,177.3376822092376,175.41645185403377,176.71954345703125,1441000
2019-12-12,176.79471425751134,176.970136312985,174.255357962375,175.15750122070312,1836000
2019-12-13,174.67302173062453,177.78874849103713,173.9546490805273,177.52145385742188,1988600
2019-12-16,177.92238018418405,181.09658482116018,177.52143191037192,180.09420776367188,1827300
2019-12-17,180.68731595604564,181.33886182757647,176.2768457121822,177.02862548828125,2439900
2019-12-18,177.75531597885697,182.85909921921663,177.44624027230645,182.05718994140625,2143300
2019-12-19,181.69804607853726,187.90444146770017,181.6312192299724,187.2779541015625,2958000
2019-12-20,189.449725014637,190.6859894759789,187.5284951212278,190.23492431640625,3333100
2019-12-23,189.70874068123914,192.10609508210092,189.11566032722135,189.591796875,1096400
2019-12-24,189.73371067988603,190.48549012000262,188.9986283857895,189.68359375,491900
2019-12-26,190.2038531433781,191.1939239501953,189.2641231839773,191.1939239501953,1035300
2019-12-27,191.73930252644374,192.38536043679827,190.9254247300576,192.20916748046875,749400
2019-12-30,191.77282794376703,192.14201114901712,190.65689245620928,192.0161590576172,1259800
2019-12-31,192.11691238435793,192.863664945181,190.875124342252,192.83010864257812,1199100
2020-01-02,192.71260501607372,193.94600702605376,191.31139590874054,191.7225341796875,1426000
2020-01-03,190.93381612025408,192.83845921658144,190.4639511526523,191.8148193359375,1598900
2020-01-06,191.7057563219116,192.9811133514703,191.21072088643584,191.76449584960938,1526800
2020-01-07,190.5730565281305,190.94223985193614,185.94989190892142,187.67832946777344,1463800
2020-01-08,187.51052828836274,190.03607210479268,186.70504901354892,189.30609130859375,1433900
2020-01-09,189.20536357852998,190.58140207425947,189.0878973460723,190.0192413330078,1376700
2020-01-10,191.37853237910593,193.83695066741404,190.83315608044407,193.65235900878906,1578900
2020-01-13,194.02991136796297,197.52874109823335,193.94600142028128,197.52035522460938,1840600
2020-01-14,197.28543278214798,197.96505986325698,195.36400498698038,196.29534912109375,1217100
2020-01-15,196.75676607157953,198.6362382968142,196.75676607157953,197.49513244628906,1152100
2020-01-16,197.17636456731077,197.30221670014512,194.60887863459433,194.860595703125,1782900
2020-01-17,195.40593718663246,196.68129405110207,195.15422016296796,195.8506317138672,2352900
2020-01-21,196.27016043319503,199.62635335333079,195.498237597907,198.6278839111328,1827100
2020-01-22,199.61794450076488,199.8360924064317,196.5554111319728,197.31056213378906,1294000
2020-01-23,197.3106152200379,200.1046477924873,197.1847502844421,199.55087280273438,1485400
2020-01-24,199.69351111526828,201.3632219726994,198.61953023097814,199.290771484375,1284800
2020-01-27,198.28390934706547,199.82775521603034,197.7469061200917,199.24880981445312,1197200
2020-01-28,198.94673592503844,199.41660090804817,198.29227929829483,199.00546264648438,1051800
2020-01-29,199.215241588359,199.57603903271266,195.38079732497286,195.86744689941406,1434400
2020-01-30,195.01156345036685,197.39445704992187,194.08021952058087,197.3441162109375,1271400
2020-01-31,196.63931142642812,197.12596085631222,193.69425723144073,194.44100952148438,1700900
2020-02-03,195.48145430454113,197.20989162105926,194.7514864366365,196.39602661132812,1560200
2020-02-04,196.6896946444226,199.87808064278548,195.51503218322287,199.2320098876953,1105700
2020-02-05,199.27397378545515,199.6767133897783,197.34416011032906,198.33424377441406,1338700
2020-02-06,199.00543791677006,200.17172715854926,198.30903920533007,199.53404235839844,1257100
2020-02-07,200.06266625667507,200.96883990065493,199.53406176363845,200.32276916503906,1237500
2020-02-10,201.10307500666354,204.6270878392326,200.3563225889327,204.46766662597656,1576800
2020-02-11,206.8673493196232,216.9946550749598,206.8673493196232,213.3448028564453,3231900
2020-02-12,213.35317075264533,215.35010952326232,211.5072673123161,214.94735717773438,1625400
2020-02-13,214.47753281967317,215.99620826835567,213.47906324547105,215.551513671875,1146600
2020-02-14,215.63542027915395,216.7429702174009,214.17547157951788,215.00613403320312,1600700
2020-02-18,214.20899655913115,214.4607135662347,212.01068168680945,212.22044372558594,1998500
2020-02-19,210.80250365789274,211.76740410077542,207.95813037691832,208.1678924560547,2618500
2020-02-20,208.06718132511068,208.5286604229053,205.33188864078483,207.697998046875,2150300
2020-02-21,208.03363271557893,208.62096395135666,207.0771181879236,207.25331115722656,2570200
2020-02-24,205.41581553196588,208.73005383029826,204.40056143306774,205.6591339111328,2329800
2020-02-25,208.01683551269602,213.10986441092322,204.86201877893603,206.52333068847656,2268600
2020-02-26,206.52331455934012,208.386002507509,201.3715593448813,203.61181640625,2024600
2020-02-27,201.36317446353587,205.47450536592277,195.41431322176481,195.43948364257812,3168700
2020-02-28,190.21224788540087,191.898743169644,182.93770062877294,190.29615783691406,5188100
2020-03-02,192.16722306327338,202.10995012231612,191.370129772284,202.00086975097656,2718500
2020-03-03,202.00087562750318,207.1106766361104,200.39829032242392,203.59506225585938,3502600
2020-03-04,206.0534769192227,211.41499488457632,205.83532897674365,211.15489196777344,2350400
2020-03-05,208.54544829343763,210.5088181558342,204.33342242909944,207.194580078125,1969400
2020-03-06,204.03139781821818,207.73160433357333,199.60960916700822,206.67440795898438,2693600
2020-03-09,194.18098106523843,201.04440420020586,188.78590555411103,194.54177856445312,3209200
2020-03-10,198.63630745573573,204.90399954300804,192.85526493915287,204.61871337890625,2658300
2020-03-11,199.16489950474826,200.6919736222962,191.87356741332601,195.4143524169922,3360600
2020-03-12,181.47775587585576,194.42427813778974,171.28332388786097,182.7698974609375,4734500
2020-03-13,189.2305302911486,202.68047125683475,184.60737954369426,200.5241241455078,4220300
2020-03-16,173.3893180087567,192.8216788055589,168.95914421505245,170.11703491210938,4093100
2020-03-17,176.3427676250625,197.09242708142625,170.8553977512762,190.9086456298828,4527100
2020-03-18,176.20012934202464,197.8811326607569,172.9865730657769,182.19093322753906,4210000
2020-03-19,182.55173362135602,184.40602308144554,169.08500666868247,175.361083984375,3847800
2020-03-20,173.68300187761434,176.20014683236238,161.4077208847108,163.941650390625,3940900
2020-03-23,164.45346133142118,164.6800079496889,146.26290093768603,150.26515197753906,3890100
2020-03-24,157.56488752193854,162.64953139056865,150.39942008663513,159.64573669433594,4221400
2020-03-25,158.496239689691,174.97514996680266,156.08817484744827,167.18878173828125,3201500
2020-03-26,166.2574099396928,189.86822779655114,166.13155782006427,186.4365234375,3413500
2020-03-27,181.39387713981836,186.30230263856453,177.6517156117095,183.31529235839844,3367100
2020-03-30,186.83925420372643,194.63401945058297,185.71493264524796,193.46774291992188,2581600
2020-03-31,191.6889552861916,192.98108386664933,181.16728380490437,182.70274353027344,4629900
2020-04-01,172.684537761595,179.05291162471454,169.51293604309035,173.6578369140625,3772000
2020-04-02,173.68302431894995,185.5052135779247,172.49996296467,185.21994018554688,3993100
2020-04-03,183.885851500727,187.7370806067437,181.9224813058396,186.9399871826172,2858000
2020-04-06,191.31981588572933,198.20001006609016,190.4639829502264,197.327392578125,3050300
2020-04-07,202.30293215773833,204.62709948796,190.48913078907623,191.1100311279297,2226100
2020-04-08,192.6790167251443,209.46836560382437,191.30297827074975,209.13275146484375,3329400
2020-04-09,208.5034699931453,218.51330850378193,208.25175298187756,217.81690979003906,4331000
2020-04-13,216.2834934214448,216.8311480531122,207.90849673022785,210.4361572265625,1830900
2020-04-14,214.9185548756076,217.0923445146478,212.76161990685827,214.93540954589844,2011800
2020-04-15,213.107039574185,213.14916981827764,204.9174318051239,208.5235595703125,1909700
2020-04-16,210.29292830737802,212.93012491814264,208.57412479697012,212.13812255859375,1640700
2020-04-17,216.16552684507488,217.1850093943966,209.02067666760783,214.05914306640625,2328100
2020-04-20,212.34874325926378,213.166021127668,209.38295153944998,209.52618408203125,1281800
2020-04-21,206.60259802354025,207.15867369361067,201.45459441250875,203.8979949951172,1925500
2020-04-22,207.46194893958582,214.94382828632405,206.89743962582554,213.14918518066406,2041400
2020-04-23,212.48356519163457,214.6910512057323,209.07122101009057,209.45880126953125,1419200
2020-04-24,210.87429225800565,211.89378766578366,205.38927351528505,206.09701538085938,1775600
2020-04-27,208.11070726456663,212.56780946781322,206.6278177844072,210.82373046875,1557500
2020-04-28,215.06178576830476,215.5251927751179,204.5045912016044,205.1870574951172,2091900
2020-04-29,211.49782445446567,211.49782445446567,198.56462056234668,199.52513122558594,3505800
2020-04-30,197.25019274614536,201.44610541357125,196.0706230344499,200.52772521972656,3410300
2020-05-01,196.51715996256328,198.75834223937122,195.9694925378695,197.3260040283203,1896800
2020-05-04,200.01376434280118,200.1064457371859,192.19486930208322,199.37342834472656,1642700
2020-05-05,200.25811044367714,205.20390824913807,200.25811044367714,202.43190002441406,1421200
2020-05-06,202.93743353774443,204.100161464664,199.50823467216378,199.90423583984375,1441400
2020-05-07,201.52198420550502,201.93484013943709,198.02539155532494,198.21075439453125,2548900
2020-05-08,200.23282082667123,202.42346492363788,199.41554295747295,200.83103942871094,1879700
2020-05-11,198.91004212333988,204.68152618340912,197.5619513109904,200.72152709960938,2040700
2020-05-12,201.67359561900727,202.4234676801346,194.410788946762,195.21121215820312,1852500
2020-05-13,194.8488764479525,199.75254294877203,193.27330585121285,194.75619506835938,2200600
2020-05-14,193.26494319715877,194.62987587497813,189.37233693734305,193.46714782714844,2112500
2020-05-15,192.39710391890446,193.76203652489858,188.58875835955143,193.43344116210938,2246800
2020-05-18,198.90158348041194,200.64566229954116,195.53136994528478,198.8678741455078,1792800
2020-05-19,198.06748830071783,199.55881167062245,193.50084964342787,193.7620391845703,1542800
2020-05-20,195.455568883615,196.02851198278168,192.8773570782321,193.9052734375,1346600
2020-05-21,193.27332132126296,194.19170142943102,191.36072152912146,192.2369842529297,1263200
2020-05-22,192.55718544193832,204.40349932540462,191.60510865900028,204.26025390625,2812700
2020-05-26,209.45036539175578,209.5261921190288,202.33079109495702,205.52406311035156,2833600
2020-05-27,206.93952714907886,213.1154446978385,203.7546765401138,212.3318634033203,2311000
2020-05-28,215.37350532475918,218.6173411978322,213.60415082191085,217.47988891601562,2190900
2020-05-29,216.6710768841087,218.19609677286795,214.08443128017342,217.52206420898438,2138600
2020-06-01,217.40406267669195,224.77640526251722,215.28925817464233,222.69529724121094,2035000
2020-06-02,222.86381402678276,223.7737604095533,218.84481774509734,222.08865356445312,1809800
2020-06-03,223.21761432424947,226.8574503391755,222.097029875709,225.29031372070312,1802200
2020-06-04,222.50992669537746,224.88593347978252,216.12338316879564,218.82797241210938,1997600
2020-06-05,222.2067013737534,224.04346230851635,219.55263659106961,223.18406677246094,2336800
2020-06-08,223.27668252617116,226.74799891028303,222.68688477781734,224.86068725585938,2095800
2020-06-09,224.70905566458654,225.0292044342922,222.72904955976085,223.91705322265625,2691000
2020-06-10,224.54893977007328,226.6721653170232,221.7853653400323,223.56314086914062,1603500
2020-06-11,221.43992029690193,222.08867724487146,211.53991652634107,211.91062927246094,2548900
2020-06-12,216.30030672696319,218.22132742248365,213.97486400510795,217.4461669921875,1436500
2020-06-15,212.41621240535565,221.65901460490485,212.32353098471947,221.1619110107422,1532400
2020-06-16,226.2930789098951,226.4784417667193,219.9065326842249,223.0913848876953,1837500
2020-06-17,225.0881578997348,226.14134975376004,222.24875677531347,222.40884399414062,1380100
2020-06-18,220.41212126649947,221.69815247545995,217.0531854955745,217.9500274658203,1776100
2020-06-19,221.25816729652766,224.94706000541865,216.9516275113888,224.7186279296875,6193100
2020-06-22,223.50031215176378,225.76779849071656,220.9282238366714,223.87258911132812,2034300
2020-06-23,225.16712324821964,225.75092012160906,221.681280121503,223.7880096435547,1941400
2020-06-24,221.88427730259565,222.6711247869138,211.74825177697815,215.05641174316406,3475300
2020-06-25,215.14106759232612,216.54556248688272,212.01057641191645,215.20875549316406,2648700
2020-06-26,214.96337779005339,218.36460734154102,206.4602780910427,208.5416259765625,3268800
2020-06-29,211.55362788868,215.29330914392563,209.4045924986519,214.73489379882812,1638200
2020-06-30,215.1156436931816,219.23604540180082,214.1595700344101,218.74533081054688,1980300
2020-07-01,219.40529276012097,225.65780543145013,218.41536860697076,224.54100036621094,1207200
2020-07-02,226.7915129612183,227.28225334301092,222.1211652016547,223.54257202148438,1175700
2020-07-06,226.7492784245646,227.5530641799335,223.8472322893596,225.03173828125,1504600
2020-07-07,223.38187312877452,228.21300507686487,222.1719857877827,225.03173828125,1289800
2020-07-08,225.75934168258559,227.90839046205775,221.27513145405374,223.95721435546875,1389000
2020-07-09,222.5019046827483,225.87775223665292,220.3274750652934,224.7186279296875,1143400
2020-07-10,225.480121755148,226.41081410093452,222.6034574484086,223.6610565185547,911400
2020-07-13,222.29884575609077,223.9487105613937,215.33561739798097,216.53704833984375,1791700
2020-07-14,216.79091823273393,219.82833995998425,214.69263217762375,219.0837860107422,1877500
2020-07-15,221.93505368201238,221.96043502757914,216.91780975275853,217.67080688476562,1301000
2020-07-16,217.61154859864607,218.07688176216843,214.18491284988275,217.84844970703125,1475200
2020-07-17,218.71148888359673,220.8351560903751,215.53869165607838,219.2275848388672,1291900
2020-07-20,220.132867986675,221.79964495207767,217.53539878825543,220.4290008544922,1422200
2020-07-21,222.51881144266173,222.51881144266173,218.27150350054202,219.31216430664062,1161900
2020-07-22,218.3561412519329,220.65747805313805,217.45929923134412,219.16839599609375,1355700
2020-07-23,219.25295203649782,220.31055091954735,214.9040930356613,218.20379638671875,1324900
2020-07-24,219.76910621279728,220.34443396096935,216.4694019861727,216.87550354003906,1391300
2020-07-27,215.38640272984006,220.77592346764746,215.35255232986657,220.24288940429688,1417500
2020-07-28,220.46287531774587,227.34150371868066,220.46287531774587,225.7339324951172,1553800
2020-07-29,226.86766239405745,230.3027414763473,226.72381758605192,229.53280639648438,1452700
2020-07-30,226.74926196962494,226.74926196962494,217.89081029195515,222.0873565673828,1959900
2020-07-31,221.6304948727199,223.76260552798684,217.51853582720705,221.1566925048828,1781200
2020-08-03,219.13454419226957,221.4697313812906,216.69783161595052,217.08702087402344,1504600
2020-08-04,216.8331899946432,222.0111908933954,216.54552614696695,220.12445068359375,1782900
2020-08-05,220.2005873840287,220.2936437050498,215.0902616348132,215.9955596923828,1069200
2020-08-06,215.49634912151126,216.20705248334778,213.21193808124082,216.18167114257812,1127600
2020-08-07,215.2764389258276,218.88918857327099,215.05645002513347,217.95849609375,1023300
2020-08-10,217.61999746940816,218.04303701821866,213.16116992024828,214.4049072265625,1282400
2020-08-11,214.86180101801673,215.0733208089205,207.45860833638494,208.3046875,2111800
2020-08-12,208.99001820835016,214.01573071389328,208.9815620640156,212.6197052001953,1381000
2020-08-13,212.28126782902936,214.05803932742535,211.67208976730186,212.13743591308594,960900
2020-08-14,212.22201393231148,214.26106758228747,210.42833044145368,211.6212921142578,737000
2020-08-17,211.59594275004497,213.16965056893451,211.02907123869014,212.28973388671875,1435000
2020-08-18,213.35577766193816,215.5640447593849,212.65353041836693,213.6772918701172,1896100
2020-08-19,214.25264272141672,214.54877562001508,207.1709636009374,207.4840087890625,1496500
2020-08-20,207.289413857455,210.63989332924731,205.92722576427164,209.55690002441406,1017400
2020-08-21,211.25751288244862,211.50287016460652,207.66167636127634,210.9613800048828,1139600
2020-08-24,210.03916262919677,210.14915705708657,204.9034556582723,207.66168212890625,1201400
2020-08-25,208.38932212339714,209.13386308545034,206.0372228382022,208.48239135742188,1060800
2020-08-26,207.83934603992068,209.06617118279559,206.23180075705142,208.9561767578125,1479400
2020-08-27,209.3199747854374,210.7583196564547,208.16930663470947,209.80224609375,1398200
2020-08-28,210.47913434009607,211.2913631738321,207.6363076017308,211.17291259765625,1062900
2020-08-31,210.67372194547698,211.6213265233832,209.3961469941824,210.80062866210938,1307500
2020-09-01,210.1999534894838,211.30831536028472,208.6685519482919,209.85305786132812,1085000
2020-09-02,209.5822870425397,217.68772743334068,209.00694646577026,217.01931762695312,2034000
2020-09-03,216.2239847065458,217.23929001089533,210.87677121164958,213.48269653320312,2094600
2020-09-04,212.61969936074436,216.78240735450873,208.83772441388248,211.50286865234375,1885100
2020-09-08,210.43679973994728,211.20673483751105,205.68183921722826,208.82078552246094,1451200
2020-09-09,212.04434625219164,215.9955342181395,211.06290427854879,213.56729125976562,2202100
2020-09-10,213.14425385776823,213.14425385776823,209.4384231201292,210.14913940429688,1256800
2020-09-11,211.33364590705875,213.6857448762204,210.02222066205954,211.34210205078125,1219400
2020-09-14,212.45894849589322,216.33399278234143,212.30664752656995,214.8195037841797,1333900
2020-09-15,216.26632698796053,224.39714944948446,216.2324894969568,223.15341186523438,2426700
2020-09-16,224.21097881689073,227.30763166049428,222.34959432501304,222.76419067382812,2326100
2020-09-17,219.65907954537903,220.31902029389317,210.62295981332767,212.13743591308594,2341500
2020-09-18,210.39451769326553,212.58585977051766,206.282572175378,207.7124481201172,3270500
2020-09-21,205.91878443875262,206.7987012314573,201.61223098432194,203.87973022460938,2848900
2020-09-22,204.7427307405976,207.16251801110823,203.2282415913891,204.70042419433594,1702200
2020-09-23,204.94577939030884,204.94577939030884,198.88786158646013,199.42935180664062,2550300
2020-09-24,199.92853414093747,203.16901929519346,198.9132415986724,199.82699584960938,2246600
2020-09-25,199.79299210470123,204.61352784683638,199.7674876541684,203.8823699951172,2861500
2020-09-28,206.65395185731663,207.8016909227202,202.69209665746894,204.04388427734375,2593500
2020-09-29,205.07261371929866,205.74425247183237,203.29572167956178,204.14590454101562,3098400
2020-09-30,205.68477400150022,207.08758378316148,203.78037231890096,205.51473999023438,3345600
2020-10-01,205.90581023696132,208.29482224502763,204.00139576338378,205.87179565429688,2500800
2020-10-02,204.1034304797706,207.368129949433,203.18523132153507,206.84951782226562,2138100
2020-10-05,206.80699906721537,207.13856989316085,202.25001801387415,206.87501525878906,2130300
2020-10-06,207.36812622665104,207.79321770119736,204.1799401675536,204.902587890625,1913500
2020-10-07,205.05564412403464,207.02806197935146,205.05564412403464,205.5487518310547,2048000
2020-10-08,207.24054482163555,209.6040518556366,206.475385527056,207.0705108642578,2501100
2020-10-09,207.67418571622957,209.4765693572157,206.72197202336363,208.0227508544922,1538700
2020-10-12,208.50736773197843,210.65832954986348,207.72520097754406,209.46807861328125,1430400
2020-10-13,208.4223272547151,209.61259106701283,205.2511487536375,206.09283447265625,1622100
2020-10-14,206.49242086708546,206.83248882803994,202.41154047182567,202.76861572265625,2049300
2020-10-15,202.8111170777536,205.87176748793308,201.9184225099994,203.7038116455078,1790900
2020-10-16,203.78885855235364,207.5126641714035,203.32976544927487,206.35641479492188,1480000
2020-10-19,207.1555518662476,208.88991913473993,203.32972912395286,203.7038116455078,1323600
2020-10-20,205.47221569369478,208.91545934575524,204.57953394588438,207.2746124267578,1407300
2020-10-21,206.90053141795767,209.11101236453126,205.15765370693958,205.5232391357422,1100500
2020-10-22,205.17466244136332,205.41271264063548,199.91202765998278,200.44764709472656,1836600
2020-10-23,201.18726971249654,203.5082652676309,200.35409414935413,202.10546875,1057200
2020-10-26,200.2690690095187,202.24999659625686,198.43267094978364,201.59535217285156,1657600
2020-10-27,203.1342335906294,204.8771114692654,200.66870789005642,200.77923583984375,1433200
2020-10-28,198.78976475442204,201.76540479738773,194.90442281425294,195.652587890625,2449000
2020-10-29,198.4921937716466,200.9577188816303,196.1116791641818,196.94485473632812,1693300
2020-10-30,195.54206077177517,197.66751795407706,192.5664207165525,195.24449157714844,1621300
2020-11-02,197.7355771301485,198.60276748143582,194.92147328461087,198.50924682617188,1551200
2020-11-03,200.25208904435635,201.68890032493812,198.5177215109061,199.1383514404297,1268800
2020-11-04,199.53791424965203,206.79848312432358,199.53791424965203,201.5528564453125,2434000
2020-11-05,204.2819422114655,206.41589657887633,202.19049958278228,203.9758758544922,1877400
2020-11-06,203.96739415348162,207.09606117497086,202.90466546855802,205.87179565429688,1181400
2020-11-09,211.83159036673794,215.16430602799022,201.450850671074,202.3265380859375,2423600
2020-11-10,203.1342092738181,203.1342092738181,195.7291229253249,197.56552124023438,2717400
2020-11-11,199.63994970957302,205.30215781975934,198.36467539212146,202.72610473632812,1573700
2020-11-12,203.70382088657203,204.29894630115265,201.0342471930866,202.35202026367188,1882600
2020-11-13,203.83983378963822,207.2065635562988,202.0799620502725,206.6709442138672,1476400
2020-11-16,208.09075317896583,208.7964065130088,203.06618231065943,203.2702178955078,1433300
2020-11-17,203.19372927418993,204.7835672724571,202.60710095085258,203.3467559814453,1354200
2020-11-18,202.60708254105282,206.00781410274465,201.67188914524442,202.08847045898438,1617400
2020-11-19,201.5698644512771,203.0916991357415,198.40718296577458,202.7091064453125,1636400
2020-11-20,202.5051000326592,202.70913565934725,197.667556467553,197.8035888671875,1965500
2020-11-23,198.5687170193282,198.61122875908836,194.36881139714947,194.61537170410156,2848400
2020-11-24,196.42625693371033,197.1149159988523,193.3230944520988,193.89271545410156,2635100
2020-11-25,194.93842148477142,198.4071690964836,194.39430497544956,198.0926055908203,2478800
2020-11-27,198.90875691732953,199.01927185058594,196.0351351430022,199.01927185058594,937400
2020-11-30,198.94281656526368,199.06184166310163,194.47935593719689,196.5623016357422,3547200
2020-12-01,197.24242477769033,200.97472703797843,197.0043746131933,200.49862670898438,2471000
2020-12-02,199.61446527928578,200.49866288359965,194.34333315719266,194.6068878173828,2755100
2020-12-03,195.13402163939074,196.18824034243647,191.96282945146584,192.3284149169922,3702600
2020-12-04,192.7789814900017,194.60686962042718,190.8150609758227,194.4113311767578,3298400
2020-12-07,193.5526209050591,194.51331865524392,189.88833508347773,190.67050170898438,2554500
2020-12-08,189.82033119922025,191.095605492006,188.89362202049762,190.10939025878906,2607300
2020-12-09,189.35276246418127,189.62481428361212,183.82657285717994,186.5641632080078,3413500
2020-12-10,187.21876886151344,188.6810714110386,185.74794320826283,186.5386199951172,3028100
2020-12-11,185.33985282925514,187.18474797270503,183.13788246185624,186.88719177246094,2893400
2020-12-14,187.86495656329535,189.10621659757973,183.97961365378072,184.25167846679688,2501500
2020-12-15,184.55769520323142,185.64592821676268,183.25691647654543,184.7022247314453,2181200
2020-12-16,185.57792112109283,186.8702027527401,183.36744040691414,186.7171630859375,2347600
2020-12-17,187.97548874663235,190.10094649830046,187.15081010116398,189.3442840576172,2484400
2020-12-18,188.89364568987662,189.78634040123825,186.90422065730797,188.33253479003906,4538000
2020-12-21,185.64592187886856,187.46531260244905,184.60869779626321,186.85317993164062,1963400
2020-12-22,186.436633375784,187.76292981702846,185.5694560142473,187.4568634033203,1845600
2020-12-23,188.1199898727917,190.10091775455678,184.8127786301655,184.82977294921875,1553400
2020-12-24,185.04349416643637,187.5655683529345,184.82975884477773,186.9329071044922,705700
2020-12-28,187.12099556085002,189.32674564969741,185.8898780186683,189.0018768310547,1842500
2020-12-29,189.97652498366438,191.0109967218866,188.4461726467725,188.49746704101562,1283000
2020-12-30,188.52313083667354,189.39517475169507,187.53140868812756,188.37779235839844,1361300
2020-12-31,187.88189665232898,192.07966159438394,187.74511595789158,191.90013122558594,1669300
2021-01-04,193.2765728071188,193.3962640591633,187.4629697534558,187.74510192871094,2786400
2021-01-05,188.18965131949324,190.3099148718213,187.3090629339075,188.69407653808594,2481600
2021-01-06,187.65963356893837,187.81351675610102,183.43622104964928,183.71835327148438,3230900
2021-01-07,184.04320695098681,187.66814951004204,183.53878169788112,185.94972229003906,2933800
2021-01-08,186.58239625952717,191.3529703365304,186.4712497146681,189.96795654296875,2310400
2021-01-11,189.1642657809711,189.7712797105683,183.11983890156532,183.7439422607422,2284700
2021-01-12,183.48750282580883,184.4792378927723,180.101942487374,183.73544311523438,2468900
2021-01-13,183.20537372530026,185.66760895521054,182.8719471250307,185.06060791015625,2314800
2021-01-14,185.52229111077438,185.72748175119358,183.30799592840577,183.80386352539062,3735000
2021-01-15,183.8038646765941,188.48039539179933,183.14555611582563,187.99307250976562,2404700
2021-01-19,188.82237161431823,189.3866361095153,184.63316367321084,185.41970825195312,2536400
2021-01-20,186.1634677238733,191.16487953758764,184.7357173210105,190.4638214111328,2399000
2021-01-21,188.89927990507474,190.78870594083378,186.6849850422469,189.96795654296875,1736700
2021-01-22,189.88248999939356,192.3618148391725,189.67729936723174,191.4384765625,2113900
2021-01-25,191.5068661869693,195.5507351997316,189.90813000537324,194.50770568847656,2401800
2021-01-26,194.78985822229336,199.19281454832623,191.77191592596196,198.59434509277344,2838700
2021-01-27,200.1759898579402,200.1759898579402,194.60176797137618,195.8328857421875,2763100
2021-01-28,194.67867820792264,199.16711978034718,193.7382376126959,195.19163513183594,2685600
2021-01-29,193.96054485665653,195.5934860077752,192.4302055410113,194.3794708251953,2701200
2021-02-01,195.926896885138,201.49256007253032,193.17398484525734,201.39852905273438,2172100
2021-02-02,201.83455481018734,203.4589381517015,200.55214278940153,201.89439392089844,2045200
2021-02-03,200.69747862482126,201.36433182326778,197.2948157602647,198.61141967773438,2503000
2021-02-04,198.45752539537358,201.11639332336964,197.73082008228909,198.51736450195312,1934100
2021-02-05,198.89356010169524,200.8855750623115,198.0300740129969,199.1927947998047,1609300
2021-02-08,199.2184354523905,199.51765709529957,195.6105819403261,199.02178955078125,1775200
2021-02-09,197.70516553408066,200.6889152151222,197.54272460811265,198.05569458007812,1263200
2021-02-10,198.7054452385819,200.20159243721815,197.03831239774652,198.05569458007812,1539000
2021-02-11,197.3118838281223,198.00439719339883,194.14860383655503,194.77272033691406,1412200
2021-02-12,194.77277869620787,195.3883245741636,191.12217484029497,194.23416137695312,1632200
2021-02-16,194.57606255800331,194.57606255800331,190.8314290117111,192.34466552734375,1444400
2021-02-17,191.0879274703896,193.84083953176707,190.69466177326086,193.4817657470703,1234800
2021-02-18,192.84909905969616,195.3711730731959,192.566966889015,195.1488800048828,1131600
2021-02-19,195.44816990185925,196.48265482011698,193.41340502953838,193.53309631347656,2034300
2021-02-22,193.80666222881132,194.28542731116377,189.95942604443184,192.42166137695312,1774400
2021-02-23,193.49887422350872,194.99502156213646,189.49774198575787,190.79725646972656,1731600
2021-02-24,190.79728032680282,193.60148721706466,190.138971762789,192.17373657226562,1696400
2021-02-25,191.16487875927834,194.8325711744656,189.2925552361737,192.14805603027344,2912200
2021-02-26,192.0711213650741,192.75507703471658,184.68442883274767,184.77847290039062,3211200
2021-03-01,186.85598186263928,187.59977667254813,182.54708314109266,182.7608184814453,2733600
2021-03-02,183.4105438860914,183.70122077793232,178.4775292594244,178.52027893066406,2978700
2021-03-03,178.52028350047627,178.70837162245115,173.47613525390625,173.47613525390625,3269600
2021-03-04,174.11735184976922,176.47698518969335,171.4242788724717,172.00564575195312,3212000
2021-03-05,173.40776699513196,174.4678990352154,169.29550091832877,170.98828125,3455700
2021-03-08,171.2361968939258,175.02359385010843,168.85091627236991,169.8426513671875,3155400
2021-03-09,170.97117399686616,174.97230645002557,170.800188329463,173.29661560058594,2988300
2021-03-10,173.29658984099805,175.84431112910013,172.14242697355897,174.76708984375,3080500
2021-03-11,176.4684606498911,184.3339190609944,175.82725458846363,182.87196350097656,3737300
2021-03-12,182.871956770733,185.9497509704611,181.48695590354043,183.98338317871094,2251900
2021-03-15,184.41083381264704,187.05259927027555,183.4362012629701,186.79612731933594,1849100
2021-03-16,187.8562233295258,191.3443849372376,186.8046493224273,190.5150909423828,1929700
2021-03-17,189.17287314879283,191.06228619673863,188.48891747063197,190.79725646972656,2265500
2021-03-18,188.77102897199086,191.3187502221931,187.3090737072074,190.23297119140625,2485200
2021-03-19,190.52367319141024,192.40454143511266,189.2498059629699,189.67727661132812,4789700
2021-03-22,189.67729285062975,194.66160260266477,189.2241749682057,193.0714111328125,1917700
2021-03-23,193.72116821631244,197.81634481759832,192.85768210077998,196.50828552246094,1771200
2021-03-24,194.25124448677423,196.00386394982613,191.42993521045622,194.0717010498047,2440800
2021-03-25,194.19994397966042,195.32847294864135,193.25095845406145,194.25979614257812,1859600
2021-03-26,197.3802995355615,204.3908288371173,195.83285782451313,204.17709350585938,2705200
2021-03-29,203.09132500337694,207.59686967488912,202.1765314759209,206.75047302246094,2211800
2021-03-30,205.36546000792598,205.7587257093185,201.4498272008711,202.74932861328125,1657000
2021-03-31,202.1081463939371,205.9468380646287,201.50969000923604,204.38229370117188,2143200
2021-04-01,205.2372283935547,205.61340469314234,202.6296545399314,205.2372283935547,1726900
2021-04-05,205.8528141708449,209.40937395632434,205.46809310334106,209.24693298339844,1716700
2021-04-06,208.68261264387283,208.71681760027266,206.1947304032111,208.24659729003906,1771800
2021-04-07,208.28081151563921,210.20442959011115,205.99811963271023,209.21270751953125,2143200
2021-04-08,209.69149303353987,210.43528792030588,205.83569874611774,206.1349334716797,1791700
2021-04-09,205.95536353147887,206.42558387742406,204.67295152182987,205.51934814453125,1888200
2021-04-12,206.85137737848976,207.55607055101012,205.21857156427518,207.53887939453125,1463200
2021-04-13,207.53891251880663,209.18032072974293,206.95454423535986,208.83656311035156,2242200
2021-04-14,208.94826523651864,210.03107212584908,206.9888928960096,207.69357299804688,1637200
2021-04-15,207.9943448257707,212.48886839837553,207.9943448257707,212.40293884277344,2096400
2021-04-16,213.45997088381515,214.8607551169993,211.1482520375213,213.65762329101562,1753000
2021-04-19,213.67480985644158,214.1732484876804,211.7240266659571,213.5888671875,1209600
2021-04-20,212.90139820739685,218.1521758135505,212.90139820739685,217.1381072998047,1837300
2021-04-21,218.34124055714398,219.16623256400663,215.76311758792804,216.71701049804688,1096400
2021-04-22,215.47090114594045,218.29824976011463,214.92090215271963,216.1669921875,1222800
2021-04-23,216.27873201838975,219.38107381627194,215.90920735763646,218.31544494628906,1511400
2021-04-26,218.3670071601072,219.1060695565159,216.7685704940609,217.41310119628906,1494400
2021-04-27,218.00607339121152,218.7537379739627,216.2443665079406,216.98342895507812,1324400
2021-04-28,217.06072754551025,218.84822737713475,216.05526134891068,216.51931762695312,1389200
2021-04-29,217.42166832105792,217.42166832105792,210.8646391079397,215.19589233398438,1901900
2021-04-30,214.82638454603486,219.140447217809,214.49983122781282,218.9427947998047,1816400
2021-05-03,218.23807450337776,218.48730036356224,216.69119832760882,216.92323303222656,1717300
2021-05-04,217.37870395778137,217.37870395778137,212.79823784153015,213.8810577392578,1826700
2021-05-05,210.28888950095345,214.54278968183138,209.71311029101344,213.6404571533203,2663500
2021-05-06,209.9193723922518,212.11936859082837,208.2693752433194,209.70452880859375,5244100
2021-05-07,211.10526495878824,214.0099539230746,210.55526600058704,212.6865234375,5548400
2021-05-10,213.98418970439855,215.36778278082292,212.58340547121443,213.65762329101562,2134200
2021-05-11,212.66935194528182,213.12481925998205,209.68732217514363,212.5404510498047,1779200
2021-05-12,211.48342643841718,212.29124040943339,207.47873889993912,207.93421936035156,1621400
2021-05-13,208.82794264496349,210.82169719820567,206.99747129722084,209.68731689453125,1474200
2021-05-14,210.69280206945294,212.9701519026471,210.22014356724193,212.0592041015625,1714500
2021-05-17,210.5466809170564,212.69511643661818,210.41778003108658,211.3115234375,1443400
2021-05-18,211.2857500484846,213.2451222562348,207.48731750142466,211.70684814453125,2023000
2021-05-19,210.4779651251414,212.60920985057783,208.76780544067128,211.44046020507812,2177300
2021-05-20,211.93888107760287,216.33028417997158,210.7271733067463,215.5482635498047,1419100
2021-05-21,215.53107152597107,216.11543974071427,213.90685466521492,214.80059814453125,1586400
2021-05-24,215.44518077200996,218.23814784832624,215.04987585218842,217.23268127441406,1170100
2021-05-25,217.7224764969875,218.90840407245307,214.36231995497852,217.73965454101562,1325000
2021-05-26,218.43573948999446,220.48965652582223,217.20684061281972,218.67637634277344,1519900
2021-05-27,218.33262375690379,220.12013691540506,217.33574646197448,218.37559509277344,3149500
2021-05-28,220.4380816050047,221.3146338363872,219.53573608398438,219.53573608398438,1494600
2021-06-01,220.5497882547302,222.3028925887963,219.0974307709005,222.2083740234375,1722300
2021-06-02,222.57798690528557,226.0154847725487,221.9420581921707,225.955322265625,1912700
2021-06-03,225.86931650312812,226.5396273510291,224.09043178532713,226.3162078857422,1544000
2021-06-04,227.38182216942212,228.30135888087355,226.05837852473636,227.97479248046875,1789900
2021-06-07,228.67086577452574,231.27476841533655,227.8372717950705,230.8536834716797,1810700
2021-06-08,231.35210815810123,231.35210815810123,227.1755623671212,228.61070251464844,1424300
2021-06-09,229.418532887661,230.77635883271608,229.02322809240056,229.46151733398438,1239000
2021-06-10,228.8943592257754,232.79592604746173,228.31856688224406,232.7357635498047,1312100
2021-06-11,231.75605442157521,231.8505992318995,229.30683242674124,230.61309814453125,1335800
2021-06-14,230.6818293739934,232.89042754570147,229.76229260936483,232.8388671875,1152700
2021-06-15,232.77007881756379,233.14820555648802,230.8450890383268,232.4349365234375,1166100
2021-06-16,233.39744271260068,233.586506091216,228.38730251832519,229.04901123046875,1595700
2021-06-17,228.41003011573505,232.79656763528595,227.77105688596447,232.71885681152344,1360700
2021-06-18,232.07124454703234,232.77928529380392,229.61893966276756,229.63619995117188,2770500
2021-06-21,229.67938527139182,231.5445243048573,227.96969425440597,231.19049072265625,1471000
2021-06-22,231.22499978038832,231.74309826341943,230.1024750268071,230.21470642089844,1156900
2021-06-23,229.68802527523513,230.21474080473592,227.54656352293966,228.15101623535156,1330600
2021-06-24,229.29074629665578,229.81746163893587,226.51892920674823,228.09048461914062,910600
2021-06-25,228.31504649980585,230.94867645000008,227.79694801817882,230.15428161621094,1882700
2021-06-28,231.7344637916041,234.86893206445308,231.7344637916041,234.68760681152344,1808500
2021-06-29,234.35948300245482,236.40594710800744,233.366476217887,235.5511016845703,1624100
2021-06-30,235.70649388535873,237.2953098124812,233.16783518887445,233.26283264160156,1857900
2021-07-01,231.95896495906106,234.64440206613696,231.1127365783694,233.4268798828125,1537000
2021-07-02,234.26447934820246,236.1641650740756,234.26447934820246,235.6201629638672,1207700
2021-07-06,235.62011547500546,238.21922443256187,234.49759090514996,238.08970642089844,1742700
2021-07-07,237.67525675872113,241.48324496107804,236.60453923889048,240.1966552734375,1732300
2021-07-08,240.00669279130037,241.95815931865812,238.42649372601733,239.9807891845703,1179400
2021-07-09,239.76489546131495,240.70609489002308,237.7356919445675,240.43841552734375,1151700
2021-07-12,241.06013256797556,242.33807887608518,239.8253237991759,241.76817321777344,1323500
2021-07-13,240.17079090781695,243.17571510967932,239.73904650165628,240.50753784179688,1228200
2021-07-14,240.04988583429898,243.86651791600295,239.19504035682132,242.9598388671875,1198100
2021-07-15,243.5901470770225,244.55725012352556,240.93923066633806,242.882080078125,1082200
2021-07-16,243.71107815688183,245.32579804749486,242.76126152823022,243.9010467529297,2100700
2021-07-19,244.28091272107142,245.79201772808776,240.53337546586044,242.54531860351562,2166900
2021-07-20,244.4622806814555,245.61073544445074,241.50916399406563,244.3673095703125,1502600
2021-07-21,244.09095520470072,244.48817894048028,241.71636151499868,242.00132751464844,1167000
2021-07-22,241.5177935318305,243.60742137358068,239.0913924572426,243.15841674804688,1152200
2021-07-23,243.7196621921604,246.73322903352732,242.4071689806532,246.3187713623047,1144200
2021-07-26,244.68675937946233,246.03379948190621,243.92688519827232,245.75747680664062,1174400
2021-07-27,246.102961975113,248.25304074768917,245.25673342790571,247.71768188476562,1229200
2021-07-28,247.76944152621735,248.08028479921992,245.01491055580692,246.07701110839844,1636000
2021-07-29,246.95777574950307,249.98862961166316,243.7283363452859,244.3673095703125,1768200
2021-07-30,245.82661699958334,247.51043062089602,244.13418640975567,244.19461059570312,1762200
2021-08-02,244.79898874609142,247.0699677080307,244.51404913695416,244.90260314941406,1219300
2021-08-03,244.971711956482,246.8023034645917,244.20319449891147,245.53297424316406,1000000
2021-08-04,245.9129423897237,246.75052744238576,243.2533825651218,245.9820098876953,1315100
2021-08-05,247.3290379016077,247.5794569786349,242.75255877845595,244.16004943847656,1307700
2021-08-06,242.9857241919757,244.7472485857111,242.6489772889352,243.60743713378906,1459900
2021-08-09,243.5037986245187,243.86647545120886,240.87016878995735,241.82862854003906,1093300
2021-08-10,243.1152651734465,243.48658539087506,237.4594239793017,237.7184600830078,1293200
2021-08-11,238.67690380777947,239.7908115582526,237.77886822242843,239.37632751464844,871500
2021-08-12,240.04983568127813,242.19129693939263,238.45237646847855,241.81997680664062,874400
2021-08-13,242.14812826393626,244.32413663899712,241.09467100262782,244.29823303222656,808000
2021-08-16,244.29824800850292,245.71435585141109,243.30521486772713,244.54002380371094,1066600
2021-08-17,242.7612150879932,247.5881135464738,242.7612150879932,247.4154052734375,922500
2021-08-18,246.9231930493936,248.0716476460083,244.65221381172086,244.69540405273438,1146200
2021-08-19,243.14972852240953,250.1785377048247,243.14972852240953,249.66908264160156,1203200
2021-08-20,249.89360080297755,251.98325485343483,248.46884985345645,251.11976623535156,1712800
2021-08-23,249.87627646528028,250.69657463123986,248.08884915964768,249.1250457763672,1071400
2021-08-24,249.97133209390327,250.2476547987056,244.70407217337,245.74888610839844,978000
2021-08-25,245.79205002982297,245.82659695582302,243.26203449567709,244.28094482421875,973400
2021-08-26,243.69377857489962,245.98201832772168,243.26203423091118,244.52272033691406,960900
2021-08-27,245.9388807067605,246.7937261666711,243.68516128756033,246.5260467529297,882400
2021-08-30,246.5260420056143,251.9401070667674,246.28426620587186,251.86239624023438,1632600
2021-08-31,250.26487502796917,252.76901290599528,249.37548287490628,252.28546142578125,2327100
2021-09-01,252.87265044876727,257.6995487260432,252.1300365244885,257.2850646972656,1658400
2021-09-02,257.40595345423174,259.8928048049015,255.3249427941446,259.8150939941406,1795800
2021-09-03,259.08980008385964,261.0326498552481,256.6029745118151,260.7822570800781,1645300
2021-09-07,259.47824987677006,260.7216752122588,254.81541804447386,258.37298583984375,1535200
2021-09-08,257.88958795345656,262.2588395085043,257.639168803802,262.1724853515625,1512700
2021-09-09,261.20536076892535,262.25017483355674,256.188492972697,256.3007507324219,1243100
2021-09-10,256.01579340521334,256.5856991921565,250.46356658238355,253.76210021972656,1488700
2021-09-13,256.0330446421574,257.6823112327662,253.15761249436233,254.39239501953125,1270100
2021-09-14,254.9796198968294,257.1383419371828,254.5651357785101,255.93807983398438,1109700
2021-09-15,256.12801863568933,257.17283260324683,254.08155459572578,256.6806640625,1044200
2021-09-16,256.2747086288866,257.31952212888905,252.86391918755584,256.5769348144531,906500
2021-09-17,253.72750634994435,256.9310419210316,253.49437389679093,253.64979553222656,2994000
2021-09-20,251.7415268811247,253.99521995336895,248.34799594068065,251.43930053710938,2374700
2021-09-21,252.35455812612219,254.0556318217884,250.99025765293382,252.02642822265625,1161500
2021-09-22,252.22506894087235,254.6601135382791,250.57580226751895,253.47711181640625,1172900
2021-09-23,253.4339258670807,253.4339258670807,246.46556594219874,248.6847381591797,1634100
2021-09-24,248.58973358508482,249.05599843321824,242.95112800442487,243.65919494628906,2318700
2021-09-27,243.69393009162707,244.50939727419686,237.41312253390808,237.78614807128906,1776700
2021-09-28,234.9233713369834,235.95571771082493,231.42728218486664,233.1449737548828,2317600
2021-09-29,234.14259656900114,235.43521359639465,232.65915140984208,234.238037109375,1448500
2021-09-30,235.41784033669344,236.28535643859348,230.12598682020516,230.24745178222656,2090800
2021-10-01,231.6354492008145,233.37913830975214,229.96980687828423,231.28842163085938,1784600
2021-10-04,230.6811826019497,231.95643218018296,227.41931397202254,230.09127807617188,1387600
2021-10-05,230.23876726971142,231.55740868323528,227.55814570202085,229.50137329101562,1649200
2021-10-06,228.48641283869634,232.88472616962702,226.51713419129155,232.45962524414062,1421100
2021-10-07,233.5353385273437,235.77351835731594,230.4209325132408,230.8546905517578,1185000
2021-10-08,230.82863004994516,230.8807053629583,226.77734542912586,227.3585662841797,1064300
2021-10-11,227.21984174659715,228.56448118983195,226.00529795652355,226.94223022460938,1074800
2021-10-12,227.95719569451293,230.66386816067177,226.91619226090444,229.50137329101562,1352700
2021-10-13,228.41692540161176,229.3625410281766,224.964229070516,229.1803436279297,1646600
2021-10-14,230.28215664991018,232.83265607213286,229.95249629983527,232.38153076171875,1370000
2021-10-15,234.04719356295521,235.42654108833517,231.6962056942235,233.6481170654297,3091300
2021-10-18,232.8759870955672,234.44618886976102,231.56602952033353,232.49427795410156,1354300
2021-10-19,233.98636226656285,240.70092607615666,233.39645787736717,236.74505615234375,1816900
2021-10-20,237.78622401739534,240.19791828146742,237.78622401739534,239.46920776367188,1109700
2021-10-21,239.25227371207504,242.36665334819753,237.07479981940688,242.0717010498047,1269100
2021-10-22,242.71365697657887,247.5110200213116,242.03699546758463,246.7649688720703,1496300
2021-10-25,246.80831117185983,247.8319737360241,243.44234473085623,246.87770080566406,1194700
2021-10-26,248.10961206919475,251.19796736020865,247.58909709862687,248.92507934570312,1742300
2021-10-27,250.03544887196665,252.59463152146645,247.51097427342057,247.60641479492188,1280300
2021-10-28,247.67587491687988,251.57101418016208,245.37696228347826,248.11831665039062,1391600
2021-10-29,246.57410494443462,247.181350315729,242.59220931425062,244.61351013183594,2532000
2021-11-01,245.3856279498776,245.64589870340433,239.7901641547264,244.72633361816406,1520500
2021-11-02,245.34225120169776,247.4937008804335,242.47945836886188,245.2034454345703,1532500
2021-11-03,246.13169511189128,247.6064832284401,239.83351908463214,243.425048828125,1133500
2021-11-04,244.466036896625,245.89745970273557,240.8571930630792,241.99363708496094,1381000
2021-11-05,243.71999219916933,244.15375027933095,240.04173215123632,241.02200317382812,1214000
2021-11-08,241.38635470410344,242.2278463796616,237.20492075031999,241.82879638671875,1014100
2021-11-09,242.80913487334982,244.30123740140124,241.86351886737143,242.8351593017578,823300
2021-11-10,241.71597589410584,244.1884016721737,239.05269554607696,239.33030700683594,925300
2021-11-11,239.5472422983304,240.04173286506327,234.55034072817145,236.3808135986328,1221800
2021-11-12,238.1244510945052,238.7577472859762,235.61734369781973,236.0511016845703,991200
2021-11-15,231.91306891036712,232.96278245999852,224.8081363605303,225.98794555664062,3467600
2021-11-16,227.40202692429554,227.57551428050155,224.36572020850826,224.72140502929688,2783200
2021-11-17,224.77341402413623,225.9011743002149,220.9563354588307,223.41140747070312,3451600
2021-11-18,223.47213791107893,225.35463289816468,219.82855994167184,224.65194702148438,2436700
2021-11-19,226.334926543373,229.27581858777637,225.21582345373835,226.4043426513672,2036700
2021-11-22,225.55419319072922,226.473758168086,222.6306680764449,223.49818420410156,1835200
2021-11-23,224.04469834917884,227.4713707825201,222.7347406722207,227.28919982910156,2070900
2021-11-24,228.05263462734646,230.7679642327307,225.98794209132308,230.3081817626953,1320800
2021-11-26,231.26243799669658,232.06056448407216,227.52344559904336,228.04396057128906,1161800
2021-11-29,229.13698935897003,233.63071557215295,226.84673457070795,231.57470703125,1842900
2021-11-30,229.16304808421344,232.6244287295029,227.60150327450052,227.70562744140625,2759500
2021-12-01,229.00691558476387,232.09527086339543,224.26160133495503,224.643310546875,2629100
2021-12-02,225.31997157698467,232.26875770165458,224.92089509979948,230.9674835205078,1902600
2021-12-03,230.5163601298029,233.56134986138093,228.55576543374548,231.59207153320312,1804000
2021-12-06,232.95408387842187,236.74512478150655,231.92173766082584,233.85630798339844,1864800
2021-12-07,235.31375826717573,240.57958770928153,235.31375826717573,240.13714599609375,2133000
2021-12-08,239.77278739554623,241.10008596850815,237.3003612176198,239.3043212890625,1327600
2021-12-09,239.33034445298887,240.2932746103958,235.03612919422622,235.14891052246094,1116100
2021-12-10,235.0187672811155,237.85553512515003,233.7522013094824,236.45884704589844,1352400
2021-12-13,235.9644071400212,240.58825685174523,234.5330107004308,239.45181274414062,1836400
2021-12-14,238.10715654526237,241.25624437652917,235.10555810690664,237.18759155273438,2225100
2021-12-15,237.8382215777867,239.59927823457056,235.2009651718647,238.0030517578125,1932500
2021-12-16,238.39342071092807,242.61824648092178,238.31534743656766,242.44473266601562,1791500
2021-12-17,242.2538407708124,246.15766273488995,241.01329925610466,241.91549682617188,3248700
2021-12-20,239.30433801081503,242.50547475890573,238.57562761341524,241.56854248046875,1551000
2021-12-21,243.16473557282652,244.67423148601372,239.937574843048,241.03933715820312,1381900
2021-12-22,241.99358498758076,244.06693434259296,240.9178472062846,243.98886108398438,914200
2021-12-23,244.11095900129544,244.51199098426514,241.02469156996094,243.012451171875,1016000
2021-12-27,244.16329284180236,249.26347410949725,242.76836760361434,249.13270568847656,1235300
2021-12-28,249.13266117480063,251.90505762902646,248.22595594108572,251.51272583007812,1065600
2021-12-29,250.03938764748867,252.3933256796415,250.03938764748867,251.85279846191406,1430600
2021-12-30,252.48918726851966,254.56413471146422,250.5711885223737,253.82310485839844,1370200
2021-12-31,254.04979153084926,256.66526644696506,252.7769345213492,255.00880432128906,1274100
2022-01-03,254.89544038237926,255.0523624780973,244.3550805909007,249.6732177734375,1597900
2022-01-04,250.37934057196193,251.3034726360046,246.25560011586234,246.52586364746094,1813300
2022-01-05,243.21294698974984,243.62270567876942,228.6186094636122,230.65867614746094,4486100
2022-01-06,230.08333083379233,231.36491460286442,223.85848778230314,230.93772888183594,2473100
2022-01-07,230.1878986833708,234.73009839835558,227.54627062881576,232.41104125976562,2244300
2022-01-10,233.08237799216963,233.08237799216963,225.46261074302515,230.5192108154297,2113500
2022-01-11,226.16007969520103,228.07807833515625,223.27434167016503,227.1016387939453,1884300
2022-01-12,226.56987064505742,230.59769762833758,225.6718920172092,226.14268493652344,1876900
2022-01-13,226.6744633200076,226.87499261571386,222.36764638844878,222.69894409179688,1728000
2022-01-14,221.1296802156742,221.61790006014422,214.5473991697821,218.49676513671875,2549900
2022-01-18,216.7618264404431,218.80189348828065,216.02076996348885,218.15673828125,2523600
2022-01-19,219.01111981722838,220.79835006343876,216.28230386206238,217.08438110351562,2200000
2022-01-20,217.8603007908051,220.44962153542008,214.06785755390695,214.41659545898438,2120900
2022-01-21,217.72084965519,218.63626854951727,212.51605343346537,213.38787841796875,3504900
2022-01-24,210.38005935817702,217.37209861044,208.3661460167864,216.56129455566406,2708800
2022-01-25,214.2858493764468,220.04861284875423,213.93712471639213,218.41830444335938,2065700
2022-01-26,218.50545171747567,221.76606792327735,209.58667452362957,211.50469970703125,2325000
2022-01-27,210.58928614416376,213.6406729882643,205.0706334840459,206.1255340576172,2722300
2022-01-28,207.11942738683936,215.20996059415384,203.71930263143923,215.1402130126953,2106700
2022-01-31,214.39044888647527,219.42086861844712,213.57964487040738,219.26394653320312,2665000
2022-02-01,218.88906564492547,220.09217485984698,215.85510566957973,218.08697509765625,1665800
2022-02-02,219.59526010985877,221.8532834085612,219.3075562964461,219.9962921142578,1446000
2022-02-03,218.7408448496052,220.30141874729037,217.83415287837914,218.5664825439453,1367300
2022-02-04,216.352062375744,217.9562169397022,213.64068650489443,214.8437957763672,1275900
2022-02-07,214.26838625846193,216.52640931289426,213.1611650301957,214.69557189941406,1171600
2022-02-08,214.11146651063748,215.6284465726647,211.91447741762232,213.87608337402344,1303800
2022-02-09,216.3433561010741,218.35728291083083,215.1053662679768,217.86033630371094,1824700
2022-02-10,215.01816643200956,217.4854323472081,210.26671036994307,211.42623901367188,1453100
2022-02-11,211.81859443654764,213.55351756274013,205.30606103481753,206.5353240966797,2379600
2022-02-14,207.4071457099484,207.98255335697752,202.91725263765915,204.25985717773438,1810100
2022-02-15,206.67480012215185,206.75326116719035,202.5074783366569,203.47520446777344,1696300
2022-02-16,203.48393217799432,203.78907622294764,200.3017765228758,202.55108642578125,1275700
2022-02-17,202.27209095793984,202.7080034094441,198.56683512015343,199.36019897460938,1721100
2022-02-18,199.49095037972188,201.6530720858165,197.6513995817691,199.15965270996094,2705400
2022-02-22,198.98530463026836,201.30434857527706,195.75082864721676,199.0986328125,2521600
2022-02-23,200.42380927527344,201.7838538791431,197.66883962472198,198.2965545654297,1934000
2022-02-24,193.3794397599955,202.8038628910384,191.8014391391923,202.04537963867188,2699700
2022-02-25,202.00184947399256,204.3993682196556,197.7211855390175,203.71063232421875,2309500
2022-02-28,201.52231828364657,201.74027450645087,194.7656753767137,197.79090881347656,3690400
2022-03-01,198.77606313633504,201.32179006786248,197.62524796432044,199.2555694580078,2467300
2022-03-02,199.0463446313999,202.93468961374757,198.54941134636684,201.3915557861328,2160300
2022-03-03,203.55363840156232,206.44810294983648,201.84486934546428,205.0880584716797,2702600
2022-03-04,203.98084072284908,208.56663418399398,203.98084072284908,207.7384033203125,2396600
2022-03-07,206.7270906997049,207.380959294583,201.41768090201242,202.28079223632812,1499200
2022-03-08,202.71668297541405,206.3173099404982,198.34883271435925,198.7498779296875,2058000
2022-03-09,201.9581938805242,206.16039547490502,201.6094693088615,203.23106384277344,1481200
2022-03-10,201.33049401304302,203.55364990629226,197.9914167467126,202.9608154296875,1300300
2022-03-11,205.1490775398931,207.52044189807634,204.5998236964714,204.73931884765625,1889000
2022-03-14,205.72445406654373,206.76192747981537,202.6556277177799,204.8177490234375,1652400
2022-03-15,206.29989587957115,207.8081489797651,204.0767400953723,205.93373107910156,1422300
2022-03-16,207.33741947471776,209.60415640097048,205.46298781895854,208.91542053222656,1902000
2022-03-17,207.92150185654955,213.80631927113902,207.92150185654955,213.71913146972656,1876100
2022-03-18,215.48894658151397,216.6136080877068,210.80725139389796,211.4436798095703,3668100
2022-03-21,210.81594848479995,213.59707166888555,209.26410143650605,210.66773986816406,1601400
2022-03-22,211.18214121576926,212.10627347872446,208.4620517922797,208.9502716064453,1909800
2022-03-23,208.42716191827247,209.42975511994715,203.75418044477163,204.0070037841797,1968600
2022-03-24,203.65828190681222,205.36705109287277,201.10382828379522,205.3060302734375,2081200
2022-03-25,206.98866740919823,210.39750598146205,206.22145723561658,209.83953857421875,1530200
2022-03-28,210.76363064214948,213.7627098726299,210.10976208793392,213.6232147216797,1382800
2022-03-29,215.89870126315557,219.02854922309893,215.57613033167692,218.4357147216797,1917500
2022-03-30,217.2151665422695,218.7583003261012,215.66331929859408,218.71470642089844,1385400
2022-03-31,219.62136708987123,221.5045116664871,218.56645333168686,219.01980590820312,3315600
2022-04-01,219.01984528504528,224.39901644889633,218.04340568591118,224.01541137695312,1636200
2022-04-04,224.0415629245002,226.1252105124481,223.30050646957952,224.7825927734375,1989800
2022-04-05,224.53849277295848,231.34744312622658,224.0938801651956,229.22021484375,1956200
2022-04-06,227.71192327038267,234.6429411223857,227.11908878757484,234.1895751953125,2749700
2022-04-07,231.87050083169103,233.51826236422386,230.17915870446905,231.6699981689453,1752400
2022-04-08,232.04490694510508,234.0762471536478,230.18791574423216,232.2628631591797,1559100
2022-04-11,232.41978032672347,233.42237356904155,228.93248097536835,229.56019592285156,2158500
2022-04-12,226.90444870147883,228.01757505951716,224.05587235579458,225.41441345214844,1518100
2022-04-13,226.19445502107595,226.3346958089438,223.4510531200886,225.3968505859375,1317800
2022-04-14,226.08057734856894,226.43993946288765,223.50370891766195,223.9770050048828,2312200
2022-04-18,222.74991240382306,225.58972881022697,221.00570232138816,222.54832458496094,1072500
2022-04-19,223.3721926659217,227.49165584159215,223.3108323004561,226.80799865722656,1308500
2022-04-20,227.66699555642433,234.85418378626383,227.13235250609262,234.53863525390625,1807500
2022-04-21,235.67808962079164,237.99199635847256,233.28527568628087,233.80239868164062,1712400
2022-04-22,234.13547954468478,234.13547954468478,229.50763907903453,229.55145263671875,1664500
2022-04-25,229.72669326799618,230.51552431334565,223.60005911890917,227.46534729003906,1656800
2022-04-26,226.86058795172508,228.9466264134706,223.01283292838107,223.3459014892578,1883300
2022-04-27,224.38895881873069,226.13315560681582,220.47982939146567,221.6192626953125,2049600
2022-04-28,221.4176685352455,222.50451490756024,214.92292390754773,221.03201293945312,2417400
2022-04-29,219.39295150380192,220.26943647700978,210.9523969320985,211.2504119873047,2151900
2022-05-02,211.56594073759254,214.9842266804616,203.9843379233384,207.68310546875,2127600
2022-05-03,207.68314134235854,212.98587886125532,206.2544797266904,211.24166870117188,1367100
2022-05-04,210.9086040963508,215.65037810278616,209.1906874955407,215.29978942871094,1098500
2022-05-05,214.72129248397164,216.02725995429614,210.0934527338831,211.65359497070312,1375900
2022-05-06,209.6990268653958,214.84398930543279,209.30461130786694,213.92369079589844,1843000
2022-05-09,212.22329094527666,212.22329094527666,201.55647142630963,202.54689025878906,2423300
2022-05-10,203.89672742777395,205.22021507732654,194.86892847377638,196.99002075195312,2411700
2022-05-11,198.4800453144514,201.0481535743872,196.27129915003886,196.96372985839844,2104200
2022-05-12,196.91987002031058,198.5851994320841,194.59719027711714,197.64735412597656,2193700
2022-05-13,199.1198567012394,204.12459195647367,198.25214510708636,203.92300415039062,2229500
2022-05-16,203.8791766697196,205.87756140258276,201.61784376166926,201.7843780517578,1203100
2022-05-17,204.39630262879453,204.77319813941807,201.06565690014207,204.22100830078125,1728500
2022-05-18,203.84415158997655,204.48398198537686,201.16209587784735,202.14376831054688,1623800
2022-05-19,201.59157837829915,207.0170234319018,200.8991610154306,204.44015502929688,1825900
2022-05-20,206.3683933108717,214.88782869373628,205.36920093259005,214.10775756835938,2853900
2022-05-23,215.25596043059272,218.87584797035112,213.45916340151237,218.61289978027344,1697400
2022-05-24,218.67425241976255,227.2813283602642,217.97306172905385,226.58889770507812,2174400
2022-05-25,225.07259179094655,228.92912046103632,221.38258403746494,228.14028930664062,2392900
2022-05-26,228.5172143881447,229.875755701149,222.59217945891567,223.2320098876953,1487200
2022-05-27,224.83591316781582,230.129889835913,223.35466481400667,228.72750854492188,1786300
2022-05-31,225.9228310224979,227.04473099521684,223.7053111887162,224.49415588378906,2829600
2022-06-01,224.49410916467534,224.49410916467534,219.8662693967764,221.36505126953125,1418000
2022-06-02,215.66790947292287,230.68210267373925,215.33484087388675,229.95460510253906,2781800
2022-06-03,229.48130656239047,236.21270486781268,228.5434612032733,233.78485107421875,7332200
2022-06-06,236.4669305849904,237.60635055409608,233.29405869580978,234.33705139160156,4197100
2022-06-07,233.30279799972996,234.01274879239924,227.1498822138621,233.27650451660156,2135100
2022-06-08,232.82953038420735,235.8095745739929,230.7960783965591,231.79525756835938,1550400
2022-06-09,228.9116541261996,234.66139496548257,227.90367473586502,228.06146240234375,2050700
2022-06-10,225.26542374274925,225.9928945407649,219.21766907510434,220.00650024414062,2188200
2022-06-13,214.73883746118872,216.6232749709018,209.45363367441894,210.38270568847656,2272900
2022-06-14,209.6376810563105,210.77711425926265,203.92300834456913,205.5269775390625,2584900
2022-06-15,206.32457065638758,214.3005897768639,205.98274202974432,211.58348083496094,2076700
2022-06-16,207.0073931931471,208.95597369896376,204.82957346173848,206.47836303710938,1668500
2022-06-17,206.0551816115987,210.084594112476,204.66208119013513,208.23300170898438,4291800
2022-06-21,213.37335341382095,219.13971828475496,213.27636498775368,217.64964294433594,2502000
2022-06-22,213.65550924011035,228.20369261708188,213.59378321644576,222.19924926757812,3130200
2022-06-23,223.12504561978992,229.06774949646112,222.83408033756808,227.75401306152344,2553100
2022-06-24,229.9142073755678,231.12214313902967,226.22864715421133,230.69891357421875,3131500
2022-06-27,231.21032585841579,232.8502900166336,227.6041429410352,228.65335083007812,2018900
2022-06-28,229.24407306458366,229.66730257851293,222.2962099295654,223.01039123535156,1601700
2022-06-29,220.45346058390984,223.89211656492688,217.91413711866835,223.2132110595703,1863700
2022-06-30,221.8465343309463,227.22494466865294,220.61214860197634,225.35572814941406,1938100
2022-07-01,224.42115285606457,228.39766484226584,222.57838622791135,227.83335876464844,1363200
2022-07-05,225.26761696333156,225.77018360588772,220.10080673782204,225.6643829345703,1321600
2022-07-06,227.44540853627356,229.75547939815573,226.33447465384182,227.68348693847656,1170900
2022-07-07,227.92152094496987,229.75546176932536,225.20585865542526,226.75765991210938,1089600
2022-07-08,225.11771641995568,227.37488698199266,223.7069780917837,224.84437561035156,936000
2022-07-11,224.83554911770022,227.8862513872886,222.62246679132033,227.4718475341797,1299500
2022-07-12,226.55490839585073,228.13314653070128,223.2044014515084,225.26760864257812,1650900
2022-07-13,222.55193802155625,227.66583408391082,221.45861516724315,225.646728515625,1188500
2022-07-14,221.96999239767194,227.3484166615175,221.68783937553079,226.16693115234375,1579200
2022-07-15,229.13826995763466,229.94062743367397,225.126496031234,226.77529907226562,1181100
2022-07-18,226.51961871416103,227.29552610460837,219.1749890315409,219.76573181152344,1608200
2022-07-19,221.84652398545612,226.8369804459651,221.74953557886028,226.74000549316406,1506300
2022-07-20,225.71722532973592,227.41891514100178,219.92439789372537,220.19773864746094,1573500
2022-07-21,220.57693294254395,225.70848098857448,218.8311545198053,225.18826293945312,1290300
2022-07-22,226.20219272125598,229.56149828751475,225.50564927139808,228.89141845703125,1587500
2022-07-25,228.6709998159211,228.94432717275885,225.62909612518402,226.8987579345703,1593300
2022-07-26,227.97441263120132,231.9509242222735,227.32195733793333,228.34474182128906,1579700
2022-07-27,228.82089435811994,230.33743348527602,225.1706365299965,227.7275848388672,1505400
2022-07-28,230.53142768751601,237.67326977558886,229.29704153950834,237.09133911132812,2589500
2022-07-29,238.36975089388582,241.5439049117811,235.86570353187716,238.79295349121094,1821200
2022-08-01,238.30807538919203,239.61301312524225,234.7636183473814,236.8444366455078,1323100
2022-08-02,237.2676485141427,239.10158947196123,234.5607982643572,235.08982849121094,1681000
2022-08-03,236.156704346198,237.9994711248729,233.5380301012185,237.0295867919922,1370200
2022-08-04,237.31164621779536,239.57764169515997,236.297687641151,239.1808624267578,1257800
2022-08-05,236.62399511311312,240.2037277953917,235.45133519619927,239.99212646484375,1156400
2022-08-08,242.2493032797789,244.1273458597383,239.2338497035236,240.70631408691406,968900
2022-08-09,241.43811245995707,244.51529196591767,238.36978555284978,243.5101318359375,1459800
2022-08-10,246.85177384004436,246.85177384004436,242.5314103015271,244.92965698242188,1350800
2022-08-11,245.92603565586288,245.92603565586288,240.94436335335084,241.5439453125,1260400
2022-08-12,243.06925855886,245.0266514239661,242.1523015988341,244.86795043945312,1110000
2022-08-15,245.45869100428862,249.05604762862046,245.22943832509594,248.21841430664062,1329100
2022-08-16,245.86432033069332,246.94880412251717,243.25447176925098,245.5116424560547,1183500
2022-08-17,244.10096476155172,245.97900787290692,242.85775274547711,244.6387939453125,1059000
2022-08-18,244.69164571331083,246.17293591327328,240.6358095900662,242.9017791748047,1139000
2022-08-19,242.4609486596207,244.7533955441124,241.05023695310365,241.94956970214844,2110700
2022-08-22,240.10670933302447,241.72022300140208,237.11770654242895,237.84071350097656,946800
2022-08-23,236.57994377960154,237.09132268133854,232.17140290822076,233.85546875,971000
2022-08-24,234.79004223679286,235.16034454649323,232.85909947057294,233.19415283203125,1372900
2022-08-25,234.31395460225664,236.70337629474085,231.2808762357945,236.5093994140625,1367400
2022-08-26,236.18310716392182,236.57106081929697,230.18750379327372,230.29330444335938,1227300
2022-08-29,229.06773244374062,231.571806894968,227.64819544959747,228.99720764160156,1577900
2022-08-30,229.1559067610936,229.8436379336211,222.80761177033384,223.4248046875,1211100
2022-08-31,223.83042862330876,225.9024346769263,223.045708918036,223.99795532226562,2005100
2022-09-01,223.01923055210014,227.2602440103156,221.85536949837615,227.16326904296875,1590500
2022-09-02,228.8385445140466,230.10820642334352,220.85025724368674,221.17649841308594,1387400
2022-09-06,222.28742013505283,226.1316678250134,221.30872364770192,224.112548828125,1163700
2022-09-07,224.7738406774525,229.28818186838362,223.64525537971974,228.80325317382812,1095800
2022-09-08,228.94431097838373,231.00750454579753,226.82821708162035,230.716552734375,1518700
2022-09-09,231.43957385848594,232.07440483070067,228.9531772159436,230.6460418701172,880000
2022-09-12,231.06039002055297,234.1463679363206,230.9722138414412,233.73196411132812,946100
2022-09-13,229.7290040488287,231.19264252850812,223.91856512758196,224.50930786132812,1711400
2022-09-14,221.68784397441894,224.91489859967115,220.2330311034889,222.03172302246094,2087000
2022-09-15,221.82893331953125,222.18162462492475,215.65697674002055,216.07138061523438,1561400
2022-09-16,215.51589246444354,218.35499346518253,215.1103142950792,216.80319213867188,3287400
2022-09-19,215.48943233056315,218.4696097105196,213.0030227375518,218.2227325439453,1249300
2022-09-20,216.32705103422563,216.7679050094706,209.2557495042335,209.75831604003906,2093000
2022-09-21,211.58351340656577,213.76133369133638,206.3638025861542,206.45196533203125,1942400
2022-09-22,205.18229072702195,208.48869598690578,204.74143669237077,205.24400329589844,1446000
2022-09-23,203.59519876028193,204.45045660184238,198.93978156797175,201.7436065673828,1907000
2022-09-26,202.03455986644423,202.03455986644423,192.32696014467757,195.18368530273438,2146900
2022-09-27,197.39679243949385,199.706863107085,193.50845690902756,194.50479125976562,1900800
2022-09-28,197.1410746210093,197.440852091007,193.80821969179974,194.9103546142578,1988800
2022-09-29,192.51213127090213,194.12565860732656,186.37545081327846,188.4386444091797,2096500
2022-09-30,190.32554972557352,191.6128497331437,186.948605401084,189.30276489257812,2501700
2022-10-03,191.23365261496235,193.27039599596037,187.2307041092784,191.48052978515625,2102200
2022-10-04,193.0499608366584,197.80236634286732,192.18589077747396,194.04629516601562,2032800
2022-10-05,191.45409956489158,191.80677742939432,186.3754656655421,188.80897521972656,1518700
2022-10-06,188.35045511754362,188.82658496272782,178.79274380594958,179.04844665527344,2908700
2022-10-07,176.84588180678472,178.54222717722897,171.77462578657335,172.858154296875,3165300
2022-10-10,174.07488589914212,176.00214193822632,167.8224061643753,168.373046875,1992300
2022-10-11,168.24872951502493,170.50459225711245,164.54519866112287,168.09774780273438,2463100
2022-10-12,167.4849128775905,168.16878230826336,161.90741240983567,163.23072814941406,2572500
2022-10-13,159.74920601606144,170.0249581360288,158.239375749293,168.61282348632812,3518100
2022-10-14,170.17594878407905,171.11737193353838,164.35864811959965,164.99810791015625,2466400
2022-10-17,168.53291047265364,173.9860723476161,167.70694938019577,170.95753479003906,3040900
2022-10-18,172.7604791581875,175.79790723452837,172.49403524582772,175.158447265625,3253400
2022-10-19,173.19563762704936,174.24364661320274,169.19902006243322,169.62533569335938,1824700
2022-10-20,169.76739874187155,169.77628878595436,164.63396746369,166.9697723388672,2515600
2022-10-21,167.83128670629813,167.83128670629813,162.6445687435696,166.57901000976562,2078000
2022-10-24,168.6750131576793,170.01609543318568,163.5771008186989,164.66062927246094,1856400
2022-10-25,165.1580335218344,174.11933645388177,165.12250043748935,173.65750122070312,2495200
2022-10-26,173.47097158458493,177.0146304859545,172.48513870972977,174.89198303222656,2512300
2022-10-27,176.62384162104212,181.13558024865202,174.23475037129788,176.45509338378906,3414500
2022-10-28,175.22949200571102,185.06116487002228,175.22949200571102,181.8105926513672,2613600
2022-10-31,179.092835578817,186.40221345632366,178.24910806876682,184.01312255859375,2513500
2022-11-01,185.98481010487598,189.457429730919,183.48025675251822,184.62596130371094,1907000
2022-11-02,183.604602790626,188.29396620494862,179.7145710015006,182.23687744140625,2655500
2022-11-03,180.47838777331057,181.67736500432878,178.5866509764088,178.80868530273438,1703800
2022-11-04,180.2119188201394,181.51748156159988,176.86363785006137,181.1089324951172,1788100
2022-11-07,181.74839336428803,182.9473839872247,179.13726786679794,179.42147827148438,1828800
2022-11-08,179.42147889896307,182.5033160320822,178.60439431047902,180.3096160888672,2071800
2022-11-09,181.18887032598838,183.60460466123928,177.98269440285824,178.5511016845703,1530300
2022-11-10,189.2709014668732,196.79342392887222,186.18906458801894,196.18948364257812,2781200
2022-11-11,197.88583294286397,200.22163794525076,196.2960734335521,198.28549194335938,1915700
2022-11-14,196.9710440387319,197.3174169640468,191.15374335037941,191.28697204589844,1628000
2022-11-15,191.30471569356823,195.2302933914062,191.0116423919027,195.0171356201172,2152200
2022-11-16,195.47010500801193,198.1078734670267,193.7293637570977,194.63525390625,2400800
2022-11-17,193.3651902913054,195.0260021581592,190.40769243110853,192.13955688476562,2144600
2022-11-18,193.28529568317123,195.57669119661182,190.6208841864121,191.77545166015625,2360400
2022-11-21,191.4735276268334,195.6033744266907,191.4735276268334,195.31028747558594,1682400
2022-11-22,196.03851868631688,196.45594425090184,191.36692193291907,193.7293701171875,1562400
2022-11-23,193.79152793108665,195.76319353413882,192.0685396516719,193.8359375,1210500
2022-11-25,195.07044489905238,196.49146977303397,193.9513969583227,195.4612274169922,566500
2022-11-28,194.24445412325463,195.71875128093214,189.2087052808037,189.97250366210938,1367200
2022-11-29,190.78071381816176,192.96553688134827,189.4573983127062,192.92112731933594,1848100
2022-11-30,191.73105863513752,196.58028004584298,190.65640668517432,196.50035095214844,3889200
2022-12-01,199.31576854786636,200.6923840546541,195.29250771735542,196.54478454589844,1708700
2022-12-02,193.8536847818443,196.19836613744795,192.07741061693557,194.83062744140625,1354400
2022-12-05,191.79320481785606,194.04908065013063,190.5764613224941,191.49124145507812,1454200
2022-12-06,192.07744768534766,192.59256891881037,188.0719399972547,188.74693298339844,1672200
2022-12-07,188.22292493751047,191.48240064081446,186.0292383505568,187.49465942382812,1624800
2022-12-08,186.8551749501737,189.9103689227139,185.8160561081,188.50711059570312,2465300
2022-12-09,188.25843830555084,192.18400299775772,187.63674499264891,189.91925048828125,1646800
2022-12-12,190.84292083716403,191.7754540310403,188.25843840090073,191.72216796875,1847700
2022-12-13,198.01906273483348,202.46862492839531,196.19837888710833,198.4009552001953,2179100
2022-12-14,197.80589183580582,201.58047443141703,195.15924712800233,195.25694274902344,1902800
2022-12-15,193.00999281241738,196.62470435677704,192.31723329276605,193.80931091308594,1693100
2022-12-16,191.02942039136917,191.08270645319539,184.8035837165482,189.5728759765625,3724100
2022-12-19,189.30641805497837,189.30641805497837,184.51935961261032,186.17129516601562,1401700
2022-12-20,184.69700061388664,186.89068682275283,182.74308811708772,185.3453369140625,1307500
2022-12-21,186.3222693449824,189.51956820731647,186.05583906636804,187.0416717529297,1410200
2022-12-22,185.9403769110377,187.48574028648187,183.3114852295746,187.0416717529297,2212200
2022-12-23,185.98482217849693,188.80909208915693,185.62955915231726,188.68475341796875,1146700
2022-12-27,188.7831712264811,189.39156541484493,186.67166222497116,188.69369506835938,1550000
2022-12-28,189.0963041297478,191.69094861513966,187.87950222955897,187.97792053222656,1411700
2022-12-29,189.54365396708528,193.88297405172665,188.0047570739664,193.02406311035156,1323900
2022-12-30,191.7624932221914,192.5408837010685,187.15474541602657,189.5525665283203,1450400
2023-01-03,191.46727470575814,192.58565831969364,188.75631391774996,192.0667266845703,1812400
2023-01-04,194.51823046232562,199.1080675772083,192.8182791605428,195.94081115722656,1796000
2023-01-05,194.2140283512368,194.8761027028716,189.2305044931173,189.79417419433594,1495000
2023-01-06,190.93044341430794,196.24500448486685,188.72051632062914,195.4934539794922,1980200
2023-01-09,197.59602695953788,199.9312125457484,196.0660721332024,196.209228515625,1727200
2023-01-10,197.81073649048918,199.47489179692872,196.6118325740605,198.58018493652344,1691300
2023-01-11,200.15490794587777,204.71790543108497,200.15490794587777,204.10055541992188,1893900
2023-01-12,205.1562874345461,208.28776147058804,201.81007883554685,207.7598876953125,2364700
2023-01-13,205.11155283561405,210.13980114712942,205.11155283561405,208.2967071533203,2007100
2023-01-17,209.56719201023475,210.766109624117,206.64151029568325,206.72203063964844,2204500
2023-01-18,206.9098978149384,208.02828135905386,200.62906566072897,201.47903442382812,2213000
2023-01-19,200.47699956602793,203.19690277834377,199.4928164271483,199.8328094482422,1864300
2023-01-20,198.05230782574296,198.41018510301308,191.87883605390397,198.0970458984375,2990400
2023-01-23,195.8423984331524,196.82658151234423,192.45146519147184,192.96144104003906,2723600
2023-01-24,192.29933404772532,193.75771056166406,190.25046139661336,192.51406860351562,1991900
2023-01-25,191.38675420892235,196.2986863000246,190.3846732081803,195.63661193847656,1985100
2023-01-26,196.69234624840809,198.17756286285618,195.49344237261434,197.75704956054688,1126100
2023-01-27,197.47077859693573,198.5623085251135,196.3255411313616,197.54234313964844,1360200
2023-01-30,196.8265531801563,199.14384050779393,194.91188118072665,195.09976196289062,1422200
2023-01-31,195.09082953357532,199.8954009040911,195.09082953357532,199.86856079101562,1548500
2023-02-01,198.52648333622216,204.86100886418458,197.79283088878807,203.22369384765625,2601500
2023-02-02,205.97046753582404,210.69451855638658,201.79217458131936,203.4473876953125,2195800
2023-02-03,200.78118613846047,201.6490529557605,195.08189369101407,198.67861938476562,2485700
2023-02-06,195.83344793628027,198.2044157276803,193.72193913535386,197.3455047607422,1797800
2023-02-07,195.87814830223132,197.0233855377363,193.07772537129532,196.36129760742188,1834400
2023-02-08,195.83347744282938,196.82660278383617,194.03510759032898,195.46664428710938,1936100
2023-02-09,196.32549986943366,197.27390051285974,192.02196249267698,192.53195190429688,1220000
2023-02-10,190.70676874581855,194.33033439220807,189.9910141532697,193.90087890625,1929800
2023-02-13,194.65243274720206,195.94975503355366,192.71092039482937,194.38401794433594,1352800
2023-02-14,194.0798203484421,194.6166499527259,190.7067714913136,192.49618530273438,1017300
2023-02-15,191.02886339737375,193.82035818096682,190.58150995183925,193.79351806640625,1381500
2023-02-16,191.31515626521136,192.1472270343692,188.21052258380772,189.67784118652344,1719700
2023-02-17,188.7473689686665,189.65101800057354,186.53744188808272,188.12106323242188,1793500
2023-02-21,186.68954425574034,186.68954425574034,181.8849589392219,183.1017608642578,1888300
2023-02-22,183.4864669391365,183.51330705019816,177.67981505829016,178.2971649169922,3564500
2023-02-23,180.05975943306453,182.48442108255975,178.9413758341014,180.69500732421875,3234000
2023-02-24,177.85880350968208,179.19192189183107,173.64474106673387,175.12100219726562,2727000
2023-02-27,177.66196079652988,178.8161267237865,172.64265439706224,174.5394287109375,2348100
2023-02-28,174.55731729230286,178.5834982417724,173.87733132790947,177.16090393066406,2741400
2023-03-01,175.82780718567224,177.87668001905772,172.55317659230013,174.3694305419922,3261000
2023-03-02,172.96475200324048,177.31301462079045,172.96475200324048,176.73146057128906,1884900
2023-03-03,178.27929110573604,181.24972455221123,178.12719257173853,181.1781463623047,2044800
2023-03-06,182.41284827121055,182.66336511259166,177.27722571861014,177.66195678710938,1788900
2023-03-07,177.2593260086551,177.38458442810958,171.81950643836558,172.11476135253906,1907000
2023-03-08,171.90006626900254,176.46306393672512,171.22008018793355,175.15679931640625,1603000
2023-03-09,174.99570992225063,176.94617795890431,170.66533203468694,171.0679473876953,1463600
2023-03-10,171.03218166625015,174.05628183538298,170.33431134628532,171.13059997558594,2357800
2023-03-13,170.79952601901232,179.82712818422624,169.59168000653767,175.6577911376953,2325200
2023-03-14,178.10928861337945,178.95030153467286,174.75413812497678,178.7892608642578,2461600
2023-03-15,177.06248862251556,181.81339369103745,176.91934589529822,181.01710510253906,3117500
2023-03-16,180.7218547845122,184.44382517752527,180.20292313524223,183.45965576171875,2622400
2023-03-17,183.78173860886648,185.7858732293862,179.71976183651142,180.14923095703125,3456900
2023-03-20,179.78240138736496,182.23388948395493,178.7534802913139,180.68605041503906,2000700
2023-03-21,180.31925136838083,181.03501973292865,174.13683607931253,177.32199096679688,2578100
2023-03-22,175.40728792873583,176.87460667734643,171.71214411669862,171.89108276367188,1943400
2023-03-23,172.05213335496722,174.73625395753413,170.32534200153464,171.4437255859375,2053200
2023-03-24,170.79059231314938,178.65505962189954,169.4306340605318,178.60137939453125,1897500
2023-03-27,179.11139754949485,180.14030514458312,172.46371740195983,172.81265258789062,2389800
2023-03-28,171.7747857276056,173.7968184431114,170.85323869624352,172.56211853027344,1480200
2023-03-29,174.78994083701363,177.66195599800014,174.53942399674526,177.5903778076172,1784100
2023-03-30,180.4265699077756,181.3928548543821,178.95925135599717,179.99710083007812,1477800
2023-03-31,179.96132753013148,182.95860080969848,179.8450112759437,182.8243865966797,2558000
2023-04-03,181.79548640162622,183.37016553736123,178.15402298180123,179.92555236816406,2876200
2023-04-04,180.06871158967306,182.61863179781125,179.66609620211025,182.0281219482422,3431500
2023-04-05,182.08179673975832,185.8843010738537,182.01917435572332,183.13755798339844,2060200
2023-04-06,183.74593661260158,185.2132552621594,182.09967932814993,184.9269561767578,1273300
2023-04-10,183.53122839597208,186.75216500309776,182.3144264815974,186.4121856689453,1728800
2023-04-11,186.3853302180621,190.134140304393,185.47272544433733,188.22842407226562,2115100
2023-04-12,189.6778503062628,191.00201260844236,188.27315401275857,189.01576232910156,2306200
2023-04-13,189.394323414442,191.0438187822983,188.21354049491993,190.01626586914062,1686100
2023-04-14,189.7278365836607,189.98021703525313,185.0587707217942,186.48292541503906,1174800
2023-04-17,187.276170700484,191.03485228516553,186.6542281084672,188.2316131591797,1857900
2023-04-18,187.88906271179738,188.258624740629,185.83395673963227,187.64569091796875,2116100
2023-04-19,186.69927343684043,189.8630517825433,186.38379096841777,187.59161376953125,1186700
2023-04-20,187.3121681300689,187.3121681300689,184.51795219661568,185.31114196777344,1472300
2023-04-21,186.21254765486293,186.21254765486293,182.82342829430561,184.00421142578125,2177300
2023-04-24,184.13941284095577,184.78839520123884,181.84995722541137,183.82394409179688,1356700
2023-04-25,183.31919225756832,184.88755491192794,181.70574495345255,181.84095764160156,1339900
2023-04-26,182.57105859285295,186.10439951906125,180.34469112410412,180.57904052734375,1789300
2023-04-27,180.57902132383134,185.64468964805346,180.57902132383134,185.3562469482422,1744600
2023-04-28,185.37428789854565,186.23057985930782,183.26510212057417,184.22955322265625,2082300
2023-05-01,183.2380276725121,183.86899260142795,179.695678661442,179.82186889648438,2135800
2023-05-02,179.97508915541383,181.84091655134242,176.37864702115192,176.78427124023438,2133800
2023-05-03,177.07269255770447,177.9740552215296,172.70109189037427,173.0345916748047,1491300
2023-05-04,172.40364345930666,177.04565575456616,172.40364345930666,175.2248992919922,1984300
2023-05-05,175.71165998213306,178.14533670205063,174.53988563440848,177.34312438964844,1210800
2023-05-08,176.22540579565276,177.06368020753763,173.5573800681774,174.15228271484375,1311400
2023-05-09,173.341092306046,175.71168106869237,172.0251102105045,174.43174743652344,1511500
2023-05-10,176.20738082350076,178.6140173314211,175.6034695278385,176.99156188964844,1628700
2023-05-11,176.35161784136972,176.64906920151594,173.77371980714003,176.38768005371094,1714500
2023-05-12,176.56791518025534,180.64207789137356,176.3425745353393,180.53390502929688,2130700
2023-05-15,180.9666082826747,182.43582025417604,175.13479002507052,176.1803741455078,2134800
2023-05-16,175.9730313933007,176.8022834048181,172.1332313446805,172.19631958007812,1395300
2023-05-17,173.06163662504343,175.64854314632655,171.97098171759998,175.5493927001953,1181100
2023-05-18,174.6300313584723,175.09873010518928,169.06862461141483,172.1873321533203,2387500
2023-05-19,172.53888902844534,173.8548849473377,170.88038455141645,171.9169464111328,1250600
2023-05-22,172.16029055346334,175.79278144756728,171.51130825317486,174.38665771484375,1754000
2023-05-23,173.53034920168412,174.78324279259874,169.1407035419893,169.5913848876953,1755500
2023-05-24,169.2308764455766,169.57339873251115,165.1026329090028,165.30093383789062,2011400
2023-05-25,166.3735213155266,166.43660954975655,163.73252157166985,164.55276489257812,2597900
2023-05-26,164.04799692579527,164.94935954626666,162.3894930050164,164.21023559570312,2692100
2023-05-30,166.0941166891115,169.77167833510242,163.42607691522258,164.0480194091797,2483400
2023-05-31,164.28238213577959,167.32899285955077,160.92030267816492,166.2473602294922,7074800
2023-06-01,166.02200697266667,170.1953209025707,165.98594476062507,168.5638427734375,2618200
2023-06-02,171.51130524846172,173.1247522944728,170.42066400854537,172.2954864501953,2188200
2023-06-05,172.98954999077714,174.60299713344068,169.78970924333782,170.0330810546875,1383100
2023-06-06,171.06961557219927,171.06961557219927,167.8968288674789,170.45669555664062,1390400
2023-06-07,171.25893765641996,174.58496869886645,170.38461461124604,172.09719848632812,1823100
2023-06-08,171.4481775899002,172.2684070619064,169.14970032455722,171.27691650390625,1184500
2023-06-09,171.24090206643172,171.24090206643172,166.58988043937515,168.82525634765625,1825300
2023-06-12,169.00551047350476,170.09616541939005,167.5543159400908,169.96095275878906,1533300
2023-06-13,169.66348942984806,172.38560851070085,168.5007376515227,172.1782989501953,1946300
2023-06-14,173.2869953886078,174.65707067262656,171.5203182786596,173.98104858398438,2510000
2023-06-15,174.07188837456084,177.1616474379585,172.0180947886584,176.543701171875,2432500
2023-06-16,174.7443689153068,176.69819909949808,174.0718995668008,175.2896270751953,3283300
2023-06-20,174.10827714503907,175.58046891344918,172.61792026989707,172.70880126953125,2139400
2023-06-21,171.6364524047831,172.72696886256927,169.01924895897764,172.06356811523438,2127600
2023-06-22,172.31799598767398,172.31799598767398,169.30093874613013,169.4190673828125,2431400
2023-06-23,169.03739353994507,171.97268010710977,168.3376626665016,169.05557250976562,4173300
2023-06-26,168.71026810424124,171.60011463725064,167.95601406851026,170.9639892578125,2308800
2023-06-27,171.72734330009857,172.13628006210095,170.10066493888664,170.59140014648438,1776300
2023-06-28,170.60955917107023,174.25365938984115,168.9647020291069,174.12643432617188,2600300
2023-06-29,172.4906800019699,175.4077878888446,171.46378303579874,175.1442413330078,2674200
2023-06-30,176.54375664303203,177.47977275378364,173.7447908646651,176.24386596679688,3243100
2023-07-03,175.75311243262084,178.40668774009498,175.0806429860563,177.24346923828125,971000
2023-07-05,177.20711313727426,181.13293891500084,177.04354399644836,180.26052856445312,2178900
2023-07-06,178.1158869291081,179.42449566396093,176.08936822064513,178.12496948242188,1605600
2023-07-07,177.10714321075372,179.12457907382756,174.38088003000436,177.70692443847656,1830200
2023-07-10,176.6164258599668,177.7796304002544,175.34416136081404,175.88941955566406,1615700
2023-07-11,175.97124789182143,177.22533373199266,175.0897547819178,176.84365844726562,1484200
2023-07-12,179.2609075294363,180.23328149954688,176.83453468042723,177.59788513183594,1649200
2023-07-13,177.27982380807626,178.979190231007,175.20786472420036,178.8792266845703,1750000
2023-07-14,178.2067697598011,178.7156700804757,175.94396597698687,176.2711181640625,1712200
2023-07-17,175.32599331459156,175.58045732347142,168.02869602675563,169.2646026611328,4359800
2023-07-18,169.02832316833542,171.70006339834464,165.5387095018505,168.8374786376953,3090300
2023-07-19,172.05446503283974,175.94393259313816,171.40924333452088,171.8545379638672,3380800
2023-07-20,166.1384900239595,167.9923429428912,162.857886007104,167.80149841308594,4164000
2023-07-21,168.04686906777513,169.0646696014016,165.0388940956173,168.0196075439453,4474200
2023-07-24,168.95563000614382,173.86291248169067,167.23808460632563,173.41761779785156,3420600
2023-07-25,173.5721244729697,174.01741920832,169.62813293070485,169.7462615966797,2353600
2023-07-26,169.973431730983,172.8814571583474,169.8007800277457,172.64517211914062,3158600
2023-07-27,176.68002220931822,182.4869620545679,175.56225822153067,175.59860229492188,2969600
2023-07-28,177.14350980737737,178.2794529437808,171.70007917228796,171.7273406982422,1714400
2023-07-31,172.06356019546158,174.19913864942103,171.7545870176736,172.94505310058594,1812500
2023-08-01,173.3449122344383,174.7989249085588,172.35437320677116,173.7902069091797,2243700
2023-08-02,172.81783937660913,174.42633870352356,170.96398632172787,173.22677612304688,2236400
2023-08-03,172.06357277031302,172.9359831868459,166.9200190002071,168.8011474609375,2493000
2023-08-04,167.36529479643954,170.66407767836753,166.62012340519323,167.91055297851562,1687500
2023-08-07,168.11959582834427,169.0374329541719,165.61143820143775,166.77464294433594,1559600
2023-08-08,165.57506558377835,168.01961738463754,163.4395008485747,167.76516723632812,2047300
2023-08-09,167.14720544597458,170.11883648877955,166.72918614892134,170.02796936035156,1475800
2023-08-10,170.09156273408485,172.0544756047037,169.48269893807188,169.88255310058594,1618300
2023-08-11,168.8738437350643,170.75495826525736,168.86476118236027,170.03704833984375,1073100
2023-08-14,168.91017500005452,170.2914855633885,168.06504006842695,170.07337951660156,1342000
2023-08-15,168.42852397241265,170.07336708890782,167.38346204088532,168.71023559570312,1487800
2023-08-16,168.80115187608345,169.18282711002053,161.21304609710222,161.7492218017578,2200300
2023-08-17,161.44024673880205,163.26685233215198,159.8681051868371,160.22251892089844,2370100
2023-08-18,158.75034359697352,161.6492729951701,158.39592985695387,160.34974670410156,1511300
2023-08-21,159.23194952551168,159.83173076669132,156.8055769041852,159.05020141601562,1998500
2023-08-22,159.17743647361246,160.28611803758875,157.40536802840208,159.69541931152344,1658400
2023-08-23,161.26756726726006,162.20358322094634,160.60416654941085,161.61288452148438,1655700
2023-08-24,162.12178286795512,163.14867979911395,160.1952279361807,160.98583984375,1055700
2023-08-25,160.93132258028484,162.2581101814909,159.64089292239538,161.3311767578125,1174700
2023-08-28,161.89460178986855,162.7124891252164,160.66779158658574,161.91278076171875,1381900
2023-08-29,162.37624009560085,165.07524194843944,161.55836662901027,164.93893432617188,1572900
2023-08-30,165.84769320893474,167.38349050441252,165.22065039679362,165.64776611328125,1858300
2023-08-31,166.3747937280629,166.77464797045232,164.2392148727989,164.775390625,1567100
2023-09-01,165.83861014073028,165.83861014073028,162.93058470989476,164.29371643066406,1654100
2023-09-05,164.0846988213219,165.79316159906867,163.12142133735566,163.9574737548828,1715200
2023-09-06,163.7484562892193,163.7484562892193,160.06799822436287,161.76736450195312,2313300
2023-09-07,161.4129607971749,166.78370291882533,161.15851066076945,165.89312744140625,2404500
2023-09-08,166.20209131575206,166.57468394693532,162.53981220068647,164.38458251953125,1645800
2023-09-11,164.26644421131,164.52089433996863,161.34935028401162,163.8302459716797,1393100
2023-09-12,162.98511045577297,163.2304641648203,159.39551941057914,162.83970642089844,1341500
2023-09-13,162.1944855653624,162.60342228249203,160.27701317780696,160.80409240722656,1639000
2023-09-14,162.33083553989428,165.5932611637264,162.33083553989428,164.55728149414062,1444600
2023-09-15,164.45730133874338,165.78407513031203,162.8851599519969,163.70303344726562,3514500
2023-09-18,163.49402805224545,165.06616947991031,162.39442898830487,163.14869689941406,1499100
2023-09-19,162.18543016941481,163.5667410065429,160.91317931054311,161.1767120361328,1612600
2023-09-20,162.65797120981694,163.3122755521487,160.88588886054748,161.22213745117188,1885600
2023-09-21,160.63143725014197,160.63143725014197,153.7158150873004,153.8703155517578,2499200
2023-09-22,153.6158610410657,154.27926183784882,150.771468765623,151.04409790039062,3732500
2023-09-25,149.98990639855882,150.77143568461938,148.1996592417281,150.59877014160156,2681100
2023-09-26,148.43595430597873,149.8445265315401,147.8089114924616,148.04519653320312,2702800
2023-09-27,148.04517822736975,148.53589948751363,143.73767750758796,145.11898803710938,3178700
2023-09-28,145.76421240665712,148.39960870700443,144.35565406202383,147.509033203125,2694000
2023-09-29,150.49883015680382,150.84416129687014,148.77220218945817,149.44467163085938,2529300
2023-10-02,148.69951907551498,149.03575383897095,145.95507631122763,146.9547119140625,2061100
2023-10-03,146.3094699457845,147.19096289266548,143.32875638788545,143.67408752441406,1783300
2023-10-04,144.01034333664614,144.90091896676046,141.4294835868892,143.29241943359375,2217100
2023-10-05,142.64720143747337,144.75550476242128,141.41129470681634,144.2284393310547,1486000
2023-10-06,142.49269511703375,145.81873960556624,140.47525920539874,145.00994873046875,1878700
2023-10-09,144.27384099412674,147.87251445557956,144.27384099412674,147.23638916015625,1952100
2023-10-10,146.76824586264166,147.55766847508727,145.29954806991586,145.54739379882812,2793900
2023-10-11,146.58466602713526,152.19323503709944,145.79524339375675,152.0279998779297,2782300
2023-10-12,152.25746624642454,152.85413080259693,149.22830006331486,150.76124572753906,1765100
2023-10-13,152.53288193138033,154.7175663376295,151.89033181381942,153.258056640625,1969200
2023-10-16,152.7348114981327,156.34229405883102,151.01828194242773,155.29583740234375,2062200
2023-10-17,153.58851399106285,155.9751307299573,152.16571543153495,153.212158203125,1732500
2023-10-18,153.3039328838634,153.7996243780873,149.3476452472859,149.42108154296875,1728500
2023-10-19,145.46477039054753,149.20074853611803,145.04251526026826,146.34597778320312,2672200
2023-10-20,147.57602946040672,148.90702894205532,146.61219741971632,146.9518280029297,2560800
2023-10-23,145.50151236855714,148.01665309765693,144.34492216810264,146.21749877929688,2187700
2023-10-24,146.78662291011435,150.26558171558688,146.78662291011435,149.8341522216797,2404500
2023-10-25,148.90706224162093,149.89843136175259,147.31904239487025,148.64085388183594,2448200
2023-10-26,149.6230178653175,162.67602091249606,149.20995098540232,160.6932830810547,5013500
2023-10-27,161.09718275333702,161.58368594540215,156.23213682614457,157.875244140625,2829500
2023-10-30,157.8109654819723,159.69273004854108,155.77315405955687,158.4718780517578,2568600
2023-10-31,159.7845434644603,163.99785097577308,159.72028145567768,163.56642150878906,2930700
2023-11-01,163.83261432822047,164.55778896041716,162.4740779373553,163.74082946777344,1781300
2023-11-02,166.43954037343084,171.2311355044812,165.79697636897578,169.0372772216797,2908000
2023-11-03,170.7997232781519,177.34457310253728,170.60695127190067,174.930419921875,3417100
2023-11-06,174.35214356244475,175.1048411115351,170.0653994289151,171.37803649902344,1943800
2023-11-07,172.13071794677708,172.2316910888579,169.97357082347756,170.2305908203125,1544400
2023-11-08,170.45091940167399,170.45091940167399,168.14689944027106,169.28514099121094,1447300
2023-11-09,169.45037320148668,170.06538639768576,166.06319947376718,166.9168701171875,1949300
2023-11-10,168.47733448887456,169.3952670411888,164.60367200412463,168.70681762695312,1738700
2023-11-13,167.28404377351984,170.07455274311997,166.17333915330732,168.55078125,1425200
2023-11-14,177.12428472111228,179.89643115198098,175.22415747239486,178.26251220703125,2910400
2023-11-15,177.26197954912462,182.43911927935642,176.9039863658947,179.80465698242188,3803000
2023-11-16,180.64915477021773,183.44885225397095,179.13455743972443,182.7695770263672,3260600
2023-11-17,183.696678866559,184.05467204258548,180.87863289251288,181.5120086669922,2593500
2023-11-20,181.24578316964033,183.4029303120471,179.3089448864175,183.2560577392578,1945500
2023-11-21,183.18265826185373,183.19184655358652,180.66753147850648,181.32843017578125,1989300
2023-11-22,183.75177130004244,184.1189528042239,181.59463773996296,182.47584533691406,1393300
2023-11-24,181.7414892113998,182.9715155926783,180.28196566260158,182.96234130859375,614100
2023-11-27,184.02711898319475,186.19344042362323,182.6869452653977,184.6972198486328,2525200
2023-11-28,184.30249395201884,186.81763414976066,184.07301081740314,186.54225158691406,2105200
2023-11-29,188.17618462469358,191.68269391010756,187.2490777330434,189.25933837890625,2933400
2023-11-30,188.6718739555731,191.81121599819738,187.51528383908163,191.64598083496094,2943300
2023-12-01,191.29715362513414,193.53691147326174,189.21345664915702,193.19728088378906,2093300
2023-12-04,192.04070016402386,192.61898822200857,190.64543858298995,191.60008239746094,2668500
2023-12-05,191.77447207483823,193.73884722698824,190.3883989275936,193.14219665527344,1738000
2023-12-06,194.40895525336578,195.80421684247472,193.3349757034174,193.46348571777344,2037700
2023-12-07,194.23454297933526,194.64760984636152,192.9953283717166,193.4267578125,1964500
2023-12-08,192.58226677400202,193.03204479430923,187.30415420087053,189.50718688964844,2364300
2023-12-11,189.00232781942978,190.9208177108897,187.35923453196548,188.72695922851562,2468600
2023-12-12,188.95640995553367,189.0757316556,186.87269926721703,188.22206115722656,1712900
2023-12-13,188.15782019386725,194.99641525411627,186.94615644676392,193.72048950195312,2244500
2023-12-14,197.77777295561873,200.54991944620926,193.90409609080248,194.7577667236328,2975000
2023-12-15,192.88519649110498,195.32688674911756,191.23291488326643,194.73941040039062,3722400
2023-12-18,194.63841626563757,196.4742814083325,192.68322941311433,193.3992156982422,1804900
2023-12-19,194.09684372044023,195.73076261320014,193.36249484574662,193.68377685546875,1776900
2023-12-20,194.15194226130043,196.90574038862758,192.09578195708278,193.78477478027344,2991200
2023-12-21,195.51048361916574,196.74968431462938,194.17947004792345,196.69461059570312,1685500
2023-12-22,197.31878666237333,199.2923360377718,196.1254715487779,197.5299072265625,1106400
2023-12-26,197.61252246677404,199.18219332369765,196.84146246986464,198.49374389648438,1053100
2023-12-27,198.00338130216423,200.87152627814027,198.00338130216423,200.5106964111328,1860500
2023-12-28,200.5014456700289,201.9910282453796,199.45595812631223,200.91778564453125,1125400
2023-12-29,199.82603265800736,200.58470852424756,198.91933452795013,199.7335205078125,1584400
2024-01-02,198.373464820241,202.7126841590146,198.373464820241,202.44436645507812,1566300
2024-01-03,201.22310278276612,202.61091209147312,198.55850439244026,198.6325225830078,1533500
2024-01-04,197.66105807342265,201.38963804452436,196.7728538824346,199.34494018554688,2033000
2024-01-05,197.71658299892312,200.07586188161065,197.10594345422228,198.25320434570312,1884000
2024-01-08,197.4574968121838,200.0480768815778,196.62481691587263,199.91854858398438,1703200
2024-01-09,198.31797468605956,198.3827317854991,194.54313131395614,196.0142059326172,1578800
2024-01-10,195.78287572448494,196.2269707275661,192.7852026892543,193.34033203125,2088900
2024-01-11,192.71119574220705,193.12754983175012,190.6757448987162,192.1190643310547,2271600
2024-01-12,193.98801530149095,195.97721744082355,192.86852351462483,193.76596069335938,1763400
2024-01-16,193.34035432947567,195.07048552744402,192.02656312725838,192.48916625976562,2400000
2024-01-17,190.03734215131277,194.65412603359107,187.55779638585807,189.62100219726562,2629300
2024-01-18,189.8985711282853,191.32338245390662,187.3912561333453,188.65879821777344,2881000
2024-01-19,189.3527165053017,189.79681155706626,187.6133242193937,188.62179565429688,1986400
2024-01-22,188.8345925314975,191.2308732198753,186.84539071555471,188.7605743408203,2185500
2024-01-23,189.4452176635016,189.93557582329308,186.31803028705284,187.1322021484375,2108900
2024-01-24,187.9093975343074,188.18694811899655,181.30342538568846,182.0435791015625,3308500
2024-01-25,184.47687402369613,186.55858809072004,183.19083789810244,185.2355499267578,2510500
2024-01-26,184.30108287932043,184.8839673366519,182.33965013944922,182.533935546875,1831100
2024-01-29,182.3396667364408,184.39362593563192,181.11838759420678,184.21783447265625,2466000
2024-01-30,183.65345850804684,184.1160616780923,180.74831116486249,180.933349609375,2428100
2024-01-31,182.1731247593692,185.84619510011393,180.1839367528828,181.01661682128906,2454100
2024-02-01,180.72978439087174,183.58866829782937,178.90712696002194,183.55166625976562,2700800
2024-02-02,180.41521396961062,180.9240802171328,175.16929636521283,179.03665161132812,2914000
2024-02-05,176.76065568416388,177.35278711543674,173.77224346989044,175.298828125,2489100
2024-02-06,175.29882343380808,178.16696835956287,175.0027506673314,177.3342742919922,1777000
2024-02-07,177.90788658666338,179.3604670366596,176.29803690083776,179.13841247558594,2254800
2024-02-08,178.2224834207409,179.72131301943335,177.2972771761106,179.1569366455078,2001100
2024-02-09,178.93487237841876,179.96185181906722,177.3065145583251,179.8970947265625,1903900
2024-02-12,180.40595327913127,180.79453817020007,177.12146860476858,177.42678833007812,1589700
2024-02-13,174.0960604952212,174.58641868430945,170.28421521626288,174.32736206054688,3512500
2024-02-14,174.72522573129785,175.81696245342508,172.86555192314114,174.39215087890625,1818100
2024-02-15,175.7614314012246,176.46458306475154,173.69822542884833,175.28958129882812,2411900
2024-02-16,172.81002226311264,173.57794514479372,171.18166434525733,173.13385009765625,2127500
2024-02-20,173.096835211704,174.59567894777,171.87557029373485,174.30885314941406,2241000
2024-02-21,175.06752496082228,175.47461796313056,172.6712441997666,174.14231872558594,1863200
2024-02-22,174.8732041695769,174.8732041695769,171.72750899940047,173.947998046875,2149700
2024-02-23,174.0498051206952,176.96421344428788,173.42991859208078,175.72442626953125,1458600
2024-02-26,175.0490346909082,177.06599183002194,172.75452694700982,173.6797332763672,3310700
2024-02-27,175.03976007578694,176.35355116195825,167.61035555335556,172.7174835205078,4672100
2024-02-28,172.550952552142,181.18312790475176,172.550952552142,179.2679443359375,4059100
2024-02-29,180.60026802268504,185.78142898085738,180.54475790315564,183.9865264892578,4676900
2024-03-01,184.0235261350372,186.9379344301564,181.47920882784447,186.66961669921875,3473500
2024-03-04,186.3642875909879,191.0735981184024,184.1067962066164,190.73126220703125,2851800
2024-03-05,190.53698891757753,193.9324943665144,189.33421789626482,190.05587768554688,2469900
2024-03-06,191.0180997362926,191.73049842575534,189.65804534000512,190.60174560546875,1865400
2024-03-07,192.1005717148261,192.3781222864272,188.55703020294445,189.41746520996094,2085800
2024-03-08,191.1476310729192,193.5161569897697,190.49072837499003,191.8045196533203,2156000
2024-03-11,190.5277163104043,192.73897280101244,189.53775296389196,191.28639221191406,2006300
2024-03-12,190.32419373609355,190.81455194453548,186.5030872084915,188.9086151123047,1746100
2024-03-13,189.01961852222337,189.71352313198372,186.23473898650224,187.21546936035156,1690400
2024-03-14,185.98495337269185,187.4005177224076,181.53471383113208,184.2918243408203,2010400
2024-03-15,180.95184225792536,183.88474441179898,180.53550226389464,182.5802001953125,3346800
2024-03-18,181.89556624374188,183.03356605245145,180.8870806362394,181.25717163085938,1833500
2024-03-19,181.49769301666979,182.1545956103185,180.1376388148059,181.9232940673828,1463500
2024-03-20,180.80381325864718,182.0065842708672,179.3142305525382,180.07290649414062,2154800
2024-03-21,181.21087283178537,181.84926731903974,179.17542217327474,179.43447875976562,2658000
2024-03-22,180.1746928833913,180.1746928833913,177.22328231563398,178.3705291748047,2581900
2024-03-25,179.20321827101407,181.54398918204183,179.0551818683927,180.933349609375,2144800
2024-03-26,180.65577863690058,180.85007817331342,179.39749749318622,179.58255004882812,1823400
2024-03-27,181.01657075639966,182.95950924494892,179.50849438883614,182.6171875,2494200
2024-03-28,183.53315263934985,183.53315263934985,181.3496654038295,182.81149291992188,2170500
2024-04-01,181.84927335280668,181.87702840817124,177.81537393535697,178.57403564453125,2195800
2024-04-02,177.48230812470877,179.33272053601675,177.02895200162882,177.80612182617188,2321300
2024-04-03,177.05669556589427,178.7960876372307,175.95569799382602,177.9263916015625,2270400
2024-04-04,179.57328277758856,180.23018544546895,175.87245767241475,176.06675720214844,2265400
2024-04-05,175.09529929075555,177.86167132090912,174.66045118292976,175.9464874267578,2538800
2024-04-08,175.88172653287222,176.24255643185066,172.68050646390014,174.13308715820312,2296800
2024-04-09,175.20629593864365,178.55555202771848,174.7159377754344,178.38900756835938,1962900
2024-04-10,173.18934933343294,173.4669140145288,167.03671968632514,168.35052490234375,4136500
2024-04-11,169.9094833763101,170.16153704274495,166.47414645393516,166.76353454589844,3688600
2024-04-12,166.89424031768039,167.73440028339186,165.35394229909434,167.28631591796875,3839000
2024-04-15,167.2863224933314,168.2945230384206,164.3177438697457,166.2781219482422,2562800
2024-04-16,166.11941267688854,166.11941267688854,160.3409378936943,160.7610321044922,3848700
2024-04-17,161.46117255806044,161.83457381289085,159.70615532279894,160.5836639404297,2732800
2024-04-18,162.17996814957007,162.4880305899427,159.32340728618988,159.6314697265625,2276200
2024-04-19,160.37828822955078,161.50783627897283,159.34208337122894,159.91152954101562,2867400
2024-04-22,160.219576863993,161.44248223344786,159.64078645867852,160.84503173828125,2603800
2024-04-23,161.0224043479415,164.36439799423022,160.03286404381424,162.60003662109375,2659000
2024-04-24,161.1904266740148,163.77627352234774,160.90103859694574,161.82522583007812,3029300
2024-04-25,160.33162722150416,161.7038990569215,159.89287286627024,161.40516662597656,1862300
2024-04-26,161.23712602787734,163.30953578977378,159.93953741518948,160.27560424804688,1701400
2024-04-29,161.74122105813643,163.88831394641466,161.68521229272537,163.35621643066406,2104800
2024-04-30,163.86030089482722,165.15788945413556,159.12737529149337,160.15423583984375,3710600
2024-05-01,161.7598717096268,166.9222210828675,160.09821210545581,165.08319091796875,3877100
2024-05-02,166.1754293215467,167.75307602634652,163.71094392453938,167.6970672607422,3278100
2024-05-03,171.3004409213944,172.5980295226328,169.12534369519645,169.65745544433594,3130300
2024-05-06,170.1615504868895,170.5536260854631,165.71801279204354,166.8102264404297,2297900
2024-05-07,168.01445191639317,169.38672358700015,167.31431389034248,169.22802734375,2594800
2024-05-08,167.98644546921,169.45207455633908,166.64217819662764,169.2747039794922,2014400
2024-05-09,170.497598724934,175.26787268715165,169.86281379962364,173.9796142578125,2588000
2024-05-10,174.07300045960568,174.2970497761089,170.3669350346468,172.22463989257812,3158100
2024-05-13,173.0367962240707,173.8489518526476,170.88037317967974,172.7007293701172,1842700
2024-05-14,173.97029465647904,175.13719134894728,173.07411172915192,174.53041076660156,2008300
2024-05-15,178.44184324676976,181.34508289693812,178.44184324676976,179.25401306152344,2815200
2024-05-16,178.90859361291635,183.16544467473,178.77790175428683,181.97987365722656,2616900
2024-05-17,182.55864145135155,182.55864145135155,180.34621000196756,181.5784454345703,2157300
2024-05-20,181.10239104499394,182.1199216791294,178.91796356134176,179.0113067626953,1733500
2024-05-21,178.7685993260446,181.41045553193385,177.62970684875395,181.2237548828125,1527300
2024-05-22,180.71963108095835,181.32642594103586,177.57368198315595,178.6192169189453,1681100
2024-05-23,177.16292966814277,178.83393377810782,174.1103238052339,174.19435119628906,1768800
2024-05-24,174.707755148535,175.97733923287421,173.20479174166536,173.56886291503906,1257900
2024-05-28,174.1570097790014,175.23056337206464,172.5793630403318,172.72872924804688,1828300
2024-05-29,171.16040517713387,174.0823046830745,170.87100284461695,172.9994354248047,1977700
2024-05-30,174.0076250725169,178.3204848346289,173.018098979206,178.096435546875,2850400
2024-05-31,179.12333707638123,184.0803125733521,178.46053340378285,182.72671508789062,7331900
2024-06-03,182.9693955034409,184.67773391567692,182.02654813416757,183.87490844726562,2333200
2024-06-04,184.8364470419299,188.1784410765549,183.9029296326272,187.0862274169922,3236300
2024-06-05,186.9462135826255,187.53433417890534,184.55641100853458,185.0138397216797,1737100
2024-06-06,184.8364404563425,186.73147959016046,183.67887378208616,186.22738647460938,1865800
2024-06-07,182.84805642166936,183.41750262986517,179.00196912691146,181.3450927734375,2143300
2024-06-10,180.97169528898846,183.0347751422299,179.8888116172025,181.77452087402344,2874700
2024-06-11,181.77449571773127,183.2867892348116,180.29953662635612,180.4208984375,2781800
2024-06-12,184.789758438714,185.62058831878082,180.77563094454777,180.93434143066406,3331500
2024-06-13,181.12103756318047,184.3696739048341,181.09303318264116,183.69754028320312,1531300
2024-06-14,183.48105270778225,186.1354308534374,183.48105270778225,185.4577178955078,1933200
2024-06-17,183.41516326535134,183.52811063238948,180.9019838106589,180.9866943359375,1779700
2024-06-18,181.26908601727877,184.46938604957768,181.25025666765285,181.45733642578125,2407800
2024-06-20,180.57253370919622,183.21748986306426,180.2713359447858,182.76568603515625,2236300
2024-06-21,182.69981192670335,184.83647628956976,181.57970262530904,183.40576171875,2828400
2024-06-24,183.26455844797937,187.0390457648164,182.34212143152632,184.8553009033203,1792200
2024-06-25,184.8176653192833,185.83422040284708,180.9019936072825,181.3632049560547,1345100
2024-06-26,180.11132613992993,181.9091339960102,179.19829660951183,181.35379028320312,1828500
2024-06-27,181.89973145172857,183.93287031885637,180.88316201816468,183.84815979003906,1599300
2024-06-28,184.6576470424717,186.2578115129265,182.40802077984463,182.96337890625,2393900
2024-07-01,182.98218318569843,184.40350464773982,180.3654637316835,182.62451171875,1691700
2024-07-02,182.93511533538916,183.77284178705207,180.2995667625739,180.97727966308594,1913600
2024-07-03,181.7303087053632,183.6222489776292,181.16554312665843,183.34927368164062,1182600
2024-07-05,183.5280985655214,184.82705065139396,182.10679162759718,184.1493377685547,1018500
2024-07-08,183.66931316216076,185.79657000853916,183.08571824052163,184.64822387695312,1508800
2024-07-09,184.06465409714866,184.70470837842188,181.41969771481868,184.45057678222656,1577100
2024-07-10,185.79657802074348,185.89071040775318,182.4174350208471,185.21299743652344,1576900
2024-07-11,189.27925722045285,195.20923842210158,188.25328028989344,195.0303955078125,2256000
2024-07-12,196.78114654730373,199.72731490438446,195.31277329667728,198.2401123046875,2238600
2024-07-15,197.6659539468637,198.80489266771448,194.77625905940866,196.57408142089844,1585400
2024-07-16,198.08008892640552,198.80486802255308,194.9362628289531,197.80711364746094,1329400
2024-07-17,197.9483127997799,200.65915007359584,197.29883673167691,200.60267639160156,1759700
2024-07-18,198.4283618040126,201.86399268318496,197.36472620644233,198.2777557373047,1736300
2024-07-19,199.42610103046067,199.42610103046067,197.02588327926023,197.79771423339844,1404100
2024-07-22,197.63768728116705,199.95319434925548,195.99987873934586,197.0729217529297,1476200
2024-07-23,197.2517861824893,199.72732143180798,196.69644244873345,197.21414184570312,1123600
2024-07-24,197.90125601717986,200.3108956473659,196.31993539583968,197.09176635742188,1922800
2024-07-25,198.17423307176196,203.18177750528145,196.83763642947176,197.5906524658203,1926600
2024-07-26,198.4283613646498,201.543950754523,197.7224115864277,201.16744995117188,1548200
2024-07-29,201.1674569203123,202.92762049896368,198.60721115359092,202.30638122558594,1607800
2024-07-30,207.0785825915724,210.33537025550393,204.82895674610364,209.94944763183594,2447700
2024-07-31,208.49050742675192,209.27176026161297,205.19607502948946,207.45510864257812,2924200
2024-08-01,209.71415974623596,215.75708839583734,208.97055123671475,214.5428466796875,3047000
2024-08-02,216.4912738312092,222.13887227897987,215.35233515803782,220.85874938964844,4750500
2024-08-05,218.2608525499774,222.26123466057032,212.73560913890645,212.90504455566406,4329600
2024-08-06,211.8037625522608,217.1030824476355,211.13545711017065,214.75933837890625,2823200
2024-08-07,213.05563806946512,216.27476717232813,211.83198897639707,212.6979522705078,3315700
2024-08-08,210.71190963182065,212.30265224211385,208.49052021886786,210.47659301757812,2942100
2024-08-09,211.63432884127425,212.1614357145889,209.28116289784452,209.5164794921875,2071500
2024-08-12,208.56582106212159,212.40618988961936,206.88094607884355,212.29322814941406,1455700
2024-08-13,212.59440088409244,212.87678363836275,208.98934933686095,209.5823516845703,5449800
2024-08-14,210.109481818244,211.99201457220187,209.71415166342308,210.0718231201172,2313700
2024-08-15,208.27401967147443,208.44344072888185,204.72544133350314,205.25254821777344,1858400
2024-08-16,205.10192761323927,207.4927521350842,204.25479366106123,206.93740844726562,1986200
2024-08-19,206.53265109674007,207.92572120781142,206.17496530450637,206.75856018066406,1261900
2024-08-20,206.75858159627998,208.00104578009382,205.47845871328622,207.43629455566406,1631000
2024-08-21,205.54434361997207,207.07861248120113,204.27364257002523,206.59857177734375,2262500
2024-08-22,206.1467382545677,207.6621776533915,205.61963139629592,207.1727294921875,1926500
2024-08-23,207.99164502204513,214.3075347496812,207.60572233717346,213.66748046875,1804000
2024-08-26,214.3545686355335,214.97580783521536,211.80374502749967,212.0767059326172,1142400
2024-08-27,209.1399719895898,212.99915539569201,209.1399719895898,212.87680053710938,921500
2024-08-28,213.14974983687515,214.2792665194534,211.01307132363021,212.02023315429688,1105500
2024-08-29,211.0695891985549,212.96152955021594,208.2551974054598,210.39187622070312,2003200
2024-08-30,210.73074067359127,212.42500881966478,208.4246263454391,210.90016174316406,1796800
2024-09-03,209.7611959809449,218.08198643872834,209.72353728674514,216.83950805664062,2660100
2024-09-04,217.83727470601355,222.2612382486258,216.73599474835856,218.86326599121094,2261800
2024-09-05,220.62343026665465,221.6023410002115,218.49617337949942,219.91748046875,1990800
2024-09-06,220.2563507536547,222.55304320482625,218.87268791401584,222.28948974609375,2750000
2024-09-09,221.57409536944044,225.169739758202,221.2352389053822,224.520263671875,1984000
2024-09-10,225.2921004601189,229.25482364226704,225.10383570519656,228.5677032470703,2016800
2024-09-11,226.10159315313766,226.99579330086104,222.89187149662328,224.93441772460938,2216500
2024-09-12,224.96267014524676,225.43330334638745,220.19986444771672,223.2119140625,2003800
2024-09-13,223.80491446618743,224.75558835335576,221.5364590102018,224.49203491210938,1983400
2024-09-16,224.8873728048273,227.75823827700722,224.8873728048273,226.2051544189453,2255500
2024-09-17,226.07335090051131,227.27818507327444,225.1132695397221,225.38623046875,1526000
2024-09-18,224.8309009025658,226.16749751475777,221.53646838498972,222.09181213378906,1828100
2024-09-19,220.25631547433414,220.7834223073704,214.32633487750834,218.6655731201172,3434300
2024-09-20,218.05378917171126,221.51764281236237,217.18782576154848,221.25408935546875,3683000
2024-09-23,222.16708103242595,222.97657061542836,219.49388821882127,222.3929901123047,1762000
2024-09-24,220.48224824542035,223.0989677066773,220.0116150421355,222.58126831054688,1616100
2024-09-25,222.68480383392836,224.34142750655573,221.34820728625422,221.7906036376953,1447200
2024-09-26,219.42800379331126,220.27515211380637,216.73598149611783,218.1573028564453,2312500
2024-09-27,219.4186073607158,219.78570067599242,216.41596529757834,216.79248046875,3051000
2024-09-30,216.61362389015446,219.10797390547114,215.31467176609596,218.90089416503906,2256400
2024-10-01,219.77629381129066,220.6987308487755,217.52666772147688,218.439697265625,2279900
2024-10-02,217.4231377101019,219.36214425676334,216.03947490979772,218.2608642578125,2229500
2024-10-03,217.99729773588672,218.10083761142204,214.33577211935204,215.8135528564453,1590900
2024-10-04,212.60381105084258,212.7261802638353,208.49988947655905,210.52362060546875,1942500
2024-10-07,209.2246792723618,210.41066968097002,208.37754531801087,210.2506561279297,1658000
2024-10-08,210.40128893031732,212.3685323685728,210.08126178356102,211.10723876953125,1630900
2024-10-09,210.4814538464824,211.1356552745221,208.02584035703967,209.3247528076172,1574000
2024-10-10,208.18701738712812,210.02636212996524,205.276298456187,206.59417724609375,1924300
2024-10-11,207.69401697632279,208.28184349795842,206.30028712198794,207.89312744140625,1613900
2024-10-14,206.4140831416603,210.4720134004063,205.750391196199,210.19705200195312,1501800
2024-10-15,212.37769916900353,217.81039251214176,211.78038226062426,217.5259552001953,2310100
2024-10-16,216.41665298163582,219.0619010566947,215.04188958058455,215.71505737304688,1518100
2024-10-17,214.46355139148088,215.71506979304607,211.70453402473444,212.52940368652344,2021700
2024-10-18,214.1506680140874,215.27892685003116,212.55784222246035,214.55836486816406,1441900
2024-10-21,213.4111441304851,216.17016150601705,208.85071452923614,209.97897338867188,1295700
2024-10-22,208.20601880785944,210.9365796328132,207.87417283633843,209.96951293945312,1971500
2024-10-23,210.00742614168306,214.99450473265375,210.00742614168306,214.52993774414062,2712800
2024-10-24,214.27394028641922,216.92866456391545,214.08432022383025,214.2075653076172,1618300
2024-10-25,213.95156835883236,216.0848264506304,210.37717186090322,211.23995971679688,2054200
2024-10-28,213.63868549143405,213.93259873150572,210.32976000499804,210.69004821777344,1935000
2024-10-29,203.9963715750607,208.58524345906014,200.5736767741628,201.8631134033203,3591100
2024-10-30,202.50781187067452,205.83570367023685,201.40799536520427,202.4035186767578,2437800
2024-10-31,200.31768456001618,205.0677342810791,198.81966150896497,202.46041870117188,1961500
2024-11-01,206.4614358684456,207.56125230733807,199.97633529497236,200.29869079589844,1989000
2024-11-04,201.99585973761774,203.31373872248022,198.7817511649195,201.10462951660156,2333800
2024-11-05,199.98584090359375,202.83967561183184,198.63004373068213,202.7543487548828,1302400
2024-11-06,190.38143636186663,192.60949724661154,184.33245989211784,187.22421264648438,8133500
2024-11-07,189.11096798619454,190.49520737267702,185.8684029201438,187.60345458984375,4924500
2024-11-08,188.86447025304298,192.6758959004569,187.8879131406263,191.32957458496094,3981600
2024-11-11,189.34798717670176,191.67086522558878,185.68826397055278,185.9063262939453,2699000
2024-11-12,184.98665629591645,185.8210018460488,181.7915144451045,183.6687774658203,2953300
2024-11-13,186.020105822717,187.52760476070208,184.90133739339453,185.03407287597656,2354800
2024-11-14,184.79705739147474,186.59846970759554,183.4602120640244,184.66432189941406,2282800
2024-11-15,184.8823776090918,186.52261208786612,183.69723416287965,186.25714111328125,2587300
2024-11-18,184.5505292300318,188.7791273560169,184.05751997919162,188.52313232421875,2374200
2024-11-19,188.91185989510691,191.3011130647642,187.94477882001758,190.71327209472656,2514400
2024-11-20,189.6229602536204,191.0925410890027,188.5989945322008,190.45730590820312,2243400
2024-11-21,189.92637369263466,192.9508479117269,188.39990820547993,192.28717041015625,1961700
2024-11-22,192.56210933539225,194.5436656683957,192.27767202019052,193.70932006835938,2016000
2024-11-25,194.80912395823174,197.24577115671104,194.07907160571784,196.7812042236328,3605900
2024-11-26,195.852073318025,197.99480747185814,194.71432403003118,197.20787048339844,1791400
2024-11-27,197.2078472313099,198.7911969610115,197.04666947683407,198.44039916992188,1669400
2024-11-29,198.44042793027143,198.88604303779255,196.7622607055022,198.15599060058594,1610200
2024-12-02,196.77174310508408,197.6914156365786,195.03670571791815,196.57264709472656,2374800
2024-12-03,197.61555140934303,198.50678159363602,195.81413916195982,197.00875854492188,2551200
2024-12-04,195.8141379608739,197.15098322911345,194.0601198883256,196.7338104248047,2529200
2024-12-05,194.64795482633502,198.44988964376253,194.64795482633502,198.30767822265625,2291100
2024-12-06,198.70588898634847,199.7298546418102,194.3824880857875,196.3545684814453,2677900
2024-12-09,195.9658325351513,199.15149855261058,195.40644832603743,198.1938934326172,2854200
2024-12-10,196.58209578030912,197.24577316796095,188.48520271679283,189.1773223876953,2653300
2024-12-11,189.16787715490256,190.18235251203777,187.80258946892843,189.23423767089844,2356800
2024-12-12,189.2057712437644,190.18232824817997,187.1388880979784,187.58450317382812,1922600
2024-12-13,186.94924972927623,188.27661899043065,185.94425046132412,186.9302978515625,1995500
2024-12-16,186.31401083071037,188.4283169864967,183.52656581978889,183.67825317382812,2218800
2024-12-17,181.27955178932058,186.5415919656307,180.53054744249783,183.232666015625,2637400
2024-12-18,181.81995447148302,182.89131421187955,174.96507498524795,175.25900268554688,4186100
2024-12-19,173.92215773358515,174.92715697109793,169.75044449684378,170.09176635742188,4709800
2024-12-20,172.63272953969363,176.8328707950225,172.395700860262,174.19711303710938,5750200
2024-12-23,173.1636905287482,175.03147788564206,171.64670102656254,174.81341552734375,2594100
2024-12-24,173.1446958307923,175.16418470065025,173.06884492139446,175.1262664794922,788400
2024-12-26,174.83234951488302,174.83234951488302,173.11626417725122,174.43414306640625,1464600
2024-12-27,174.08980863546637,176.3185425524367,173.6211000501078,173.9654541015625,1640900
2024-12-30,173.96543010466823,174.30978410862252,172.0332353116585,174.0132598876953,1887000
2024-12-31,174.99849350657453,176.05069035912618,173.3149931380926,175.43850708007812,2115500
2025-01-02,176.0889587679019,176.66288702106198,172.72195777587484,173.16195678710938,3142800
2025-01-03,173.37238101053038,175.74458936462355,172.2819291013778,174.6254425048828,1817300
2025-01-06,173.67847584061886,175.50545089916798,172.05235083584088,172.42539978027344,2262400
2025-01-07,172.30108364104944,173.0950114211981,169.21145738206556,169.4697265625,2096000
2025-01-08,168.87665868377286,171.52627102014785,167.18358362162417,171.40191650390625,2048300
2025-01-10,166.0166044412563,168.84796115174285,165.01223739955398,165.92095947265625,3539200
2025-01-13,167.06882129606862,169.498419804695,166.22706373610262,169.24972534179688,2409800
2025-01-14,169.19233488648487,172.46369094447866,168.5992717913384,171.0288848876953,2124300
2025-01-15,176.05071433728412,177.24638610730696,172.24369950830012,172.4828338623047,2230700
2025-01-16,173.13326573235923,182.24906579360268,172.56891218125904,181.80906677246094,3544800
2025-01-17,182.46904167756068,183.41601881529957,181.19684537576612,182.11512756347656,2882500
2025-01-21,182.9951512865635,185.34823950210335,181.10121149077844,181.6751251220703,2460800
2025-01-22,180.2690374251023,180.75686622465759,175.668080459689,177.23680114746094,2753700
2025-01-23,177.7150731992774,178.50900097521662,175.39069437449814,178.28900146484375,1684000
2025-01-24,177.9159317239274,178.82463920877362,176.8541747733638,177.03591918945312,1218200
2025-01-27,181.7420907004892,184.468227899237,179.8003211096005,183.69342041015625,2862400
2025-01-28,181.95252738259646,182.9951495424337,178.0785483769946,178.80551147460938,1997200
2025-01-29,178.7194174591399,179.6281249334794,175.1610976981556,175.64894104003906,1735100
2025-01-30,178.13595892081057,179.16902108171308,176.05071435951666,177.74378967285156,1457000
2025-01-31,177.22723438606528,179.4751029377731,176.32808696538214,176.9115753173828,1570200
2025-02-03,176.78722489484943,178.3942004993576,174.2332575449126,177.3133087158203,1832100
2025-02-04,175.78285852274735,176.79678569554366,174.2236980991452,176.12721252441406,1450200
2025-02-05,178.6907267525082,180.03944781882583,176.78722690850586,179.31248474121094,1869700
2025-02-06,180.12554410063663,181.61774001524776,178.6046532334831,181.50296020507812,1407000
2025-02-07,181.531654756833,181.531654756833,178.5759578866788,180.63250732421875,1588200
2025-02-10,181.33079508841172,181.82818400882832,179.09248656412956,181.6273193359375,1957900
2025-02-11,180.95770465853425,185.08995246360968,180.78553496445596,185.013427734375,1825700
2025-02-12,181.16816457969261,182.2299216004961,178.9394454434956,181.282958984375,1766400
2025-02-13,181.65600395029122,182.45949178732786,180.9194661352071,181.73252868652344,1855000
2025-02-14,182.36383977614273,185.13780684602253,180.89077868052505,181.1490478515625,1776000
2025-02-18,180.36466834011318,182.36382776521106,180.00117950078607,181.3116455078125,2301200
2025-02-19,181.16815762372454,182.54557366221619,180.16380514162512,180.3646697998047,2470000
2025-02-20,180.3264267153982,184.58301503698124,178.89162067920606,184.01866149902344,2848500
2025-02-21,183.95169457345875,184.61170767713438,182.24905926615713,183.2247314453125,3304300
2025-02-24,182.41166518282625,185.21432713823742,181.21599352510506,183.65516662597656,2393200
2025-02-25,188.92567235114842,197.30494823997464,186.54390387228386,194.89447021484375,5179700
2025-02-26,195.69795649049112,196.4727493435947,190.91527014234518,192.00572204589844,2512100
2025-02-27,191.35527990388098,195.2962087058069,190.66657191579296,195.1049041748047,2553100
2025-02-28,196.09013334706688,197.37188974014765,193.80400993723484,196.6831817626953,3466800
2025-03-03,196.09013386546306,201.15020943436642,196.08057374749538,200.49977111816406,2229700
2025-03-04,202.54676848058054,205.7989893853579,197.9458265117841,198.1179962158203,4031300
2025-03-05,195.51621315247013,200.4615237078607,193.89967741818407,199.61976623535156,1969800
2025-03-06,199.31368013795628,199.93543816404855,195.40144593457552,197.93626403808594,2416200
2025-03-07,198.95976988402703,203.73289654094987,197.898012835918,203.0633087158203,3599400
2025-03-10,204.21114636644933,207.8746858501762,203.08242480178654,203.8094024658203,4156600
2025-03-11,203.84765484139567,205.2729006046747,200.1267255061077,200.66238403320312,2698100
2025-03-12,198.96933255076277,199.75370019796821,196.27190476424096,197.7067108154297,2519800
2025-03-13,197.94583363230055,199.91629815924384,196.09970903087824,198.73976135253906,2691100
2025-03-14,198.73977365466695,202.04938478471038,197.02756358708095,201.76242065429688,3789000
2025-03-17,202.97721431512548,206.92771807703465,202.16416635877684,203.4459228515625,3097600
2025-03-18,203.44592930941587,206.88945497824722,202.18329301392333,205.5311737060547,3996500
2025-03-19,204.9476747735658,206.24856607352,202.44155174102488,204.4694061279297,2244200
2025-03-20,205.55985342797212,205.77986750884364,203.41721928494832,204.95724487304688,1839300
2025-03-21,204.56508806870238,210.06517809506565,203.39811127806928,206.8320770263672,6326100
2025-03-24,204.61290448480582,207.5781614609019,203.17809848474602,203.5511474609375,2879900
2025-03-25,202.80505526161517,203.3407138482032,199.1510755385868,200.3945770263672,2646600
2025-03-26,200.39456429081616,202.3554686743572,198.62496444809844,200.8919677734375,1607400
2025-03-27,201.8963562577957,205.70337102743764,200.54763501928858,204.7372589111328,2458400
2025-03-28,206.2677021033821,206.43988640652293,204.08679823427065,206.19117736816406,1907500
2025-03-31,207.13815003095257,209.8355775594826,206.34422234042339,208.14251708984375,3281300
2025-04-01,210.5147406901714,211.10778917362285,208.14253216076403,209.90255737304688,2124800
2025-04-02,210.32341286092756,210.89732644718322,206.8894330789715,208.42945861816406,2794100
2025-04-03,215.22087596775856,220.9887942760465,210.4381898351417,218.27223205566406,5852900
2025-04-04,223.0166648411615,223.63842284124817,210.46690018164972,210.60081481933594,9877200
2025-04-07,207.90338790283124,212.26519565363833,202.441553500142,204.11549377441406,5082200
2025-04-08,205.74161594990136,207.2720815544006,193.23010560926542,195.7649383544922,5455000
2025-04-09,193.32575589426588,202.728519382919,188.91611832077714,198.4623565673828,5646900
2025-04-10,198.72062062441495,203.90505094892038,194.65533717000454,199.26585388183594,3565200
2025-04-11,199.1694241676164,206.14208568222932,197.84817599774456,205.63095092773438,2555400
2025-04-14,205.4187792618064,211.0412762534935,203.64427315112243,210.0382843017578,2080600
2025-04-15,211.47524396810027,212.9604395379803,208.33128128337918,210.2504425048828,3854900
2025-04-16,212.45895418276746,212.69040254183722,208.80384187844,210.24081420898438,3376800
2025-04-17,211.14734313124862,216.3744290926426,210.4915384948569,214.7349395751953,2599000
2025-04-21,213.4522877807783,215.59327334764652,207.47296495112272,210.23117065429688,2781000
2025-04-22,211.9574553883331,214.3106117787885,210.0768639174983,213.1051025390625,2747400
2025-04-23,211.94780356837762,212.0924587819668,201.91795848170017,205.0330047607422,7046000
2025-04-24,206.70143925795162,207.61762334237628,203.25849778558083,203.40316772460938,2885500
2025-04-25,203.95285812782143,204.25182204575765,201.03070509374638,203.3163604736328,2464500
2025-04-28,202.95952945983552,205.99742152550138,201.90832895111976,203.77928161621094,3390200
2025-04-29,204.1071759618272,213.8766273654994,202.87273570086373,213.45228576660156,3174900
2025-04-30,213.48123187899407,218.0428749577491,212.73863402850705,217.3870849609375,3491100
2025-05-01,216.86628152387794,217.80175785409213,215.13036002289655,216.05618286132812,2253000
2025-05-02,217.50279391959657,217.9367742948359,213.31726944745844,215.64149475097656,2732600
2025-05-05,217.08810237427963,217.97535537858346,214.5324140437861,215.90187072753906,1832900
2025-05-06,216.32621308055863,217.58958437064717,214.44562166723256,215.84400939941406,1637100
2025-05-07,214.65779540997045,216.95308967273746,211.46560935149685,211.6777801513672,3571500
2025-05-08,211.14736105454105,212.07318392891003,209.80683534101715,210.12509155273438,3007500
2025-05-09,209.34392566302145,212.7386291851536,208.8713607297085,212.1407012939453,2499800
2025-05-12,209.70075519434258,209.70075519434258,199.55518484935862,200.51959228515625,4450800
2025-05-13,201.07894953011296,201.07894953011296,194.5402683197702,196.70054626464844,4525300
2025-05-14,195.67825574890543,197.88675693766848,193.8555263499012,197.2213134765625,4060300
2025-05-15,198.8993731766269,204.23254453801982,197.7035027889388,204.14573669433594,3115600
2025-05-16,205.38021370495773,205.86241742215827,203.87572574611278,205.78526306152344,2812700
2025-05-19,206.03600430541985,207.82980272733207,204.40615338195732,207.4729766845703,1733400
2025-05-20,205.91062322350876,208.17698654983286,205.8238300873575,207.7333526611328,1755900
2025-05-21,207.96479372827483,208.85204669607597,205.86239283590234,206.12277221679688,2231500
2025-05-22,206.79787333853722,207.98410504512637,201.6286637611028,202.78594970703125,1969800
2025-05-23,205.5344992157639,205.92990977929148,203.0656186402467,204.31935119628906,1573200
2025-05-27,203.50925206343743,207.3379505884979,203.50925206343743,206.09385681152344,1867000
2025-05-28,205.41878379425586,205.5152304240971,203.22957479492868,204.89801025390625,1787600
2025-05-29,204.12647747640756,206.47963392911743,203.1524165668985,206.103515625,1790600
2025-05-30,205.5344981544284,207.70441478094287,204.76298401532998,207.01004028320312,5861500
2025-06-02,205.78525977581015,206.80752928544266,203.39351878138717,206.48927307128906,2142600
2025-06-03,205.56342828730538,206.7496599665024,204.1939715660828,205.79489135742188,2035500
2025-06-04,205.6598843617842,208.7652774623451,204.6376148409206,206.73037719726562,1579000
2025-06-05,207.4729542021605,209.45963095310233,206.45068478396232,208.52415466308594,2526800
2025-06-06,207.6562095575898,208.43737720131557,204.54116304340167,204.9751434326172,2516300
2025-06-09,204.56046250270333,206.3156763897631,202.8920417533998,205.2548370361328,1777800
2025-06-10,206.32531489305975,207.73334141111437,205.15837550158366,206.97146606445312,1625000
2025-06-11,206.97147905466514,208.03233311349882,205.36092041311915,206.73037719726562,1577900
2025-06-12,208.09981670555533,210.01899262877913,206.91359978601915,209.95147705078125,1738000
2025-06-13,209.46549059385885,211.2734067903886,208.0755410932642,208.78509521484375,2455600
2025-06-16,207.03550127905393,211.2345382832737,207.03550127905393,208.96005249023438,2424500
2025-06-17,209.09612596288693,209.71820385444323,206.82165506233798,209.11557006835938,1659500
2025-06-18,209.57240935971376,210.59300983635683,207.6089699965202,209.446044921875,1665700
2025-06-20,209.1155742203075,212.7216920344403,208.29909975233647,211.39004516601562,4018600
2025-06-23,212.5272646616332,216.3763815993558,211.45807622390907,215.423828125,2618000
2025-06-24,214.68510314897657,218.72861668654977,212.86747240013503,217.63998413085938,2219000
2025-06-25,215.53077008861618,216.5902439962534,213.36320459171628,214.05332946777344,1727300
2025-06-26,214.60734607077936,215.3752324893418,209.77653158765577,211.42892456054688,2040100
2025-06-27,210.24310345444547,213.7228569667625,209.82513673508086,211.68165588378906,2086300
2025-06-30,211.30257627249114,214.93785295586034,209.23221645614763,214.8309326171875,2071800
2025-07-01,214.71428724361093,218.9521978334683,214.44212907255192,218.184326171875,2567600
2025-07-02,216.58052584125284,218.66060024155396,216.30835285131417,216.59024047851562,1937900
2025-07-03,216.2500203988623,216.91098647467214,211.7982696418849,215.54046630859375,1369100
2025-07-07,216.07507058953306,216.73602184190705,211.9440807676764,213.85891723632812,1894900
2025-07-08,211.91493557296457,214.96700765495996,211.5358570759861,214.51988220214844,2022600
2025-07-09,213.55761008570153,215.78347817707032,211.28312431405186,215.6182403564453,1712900
2025-07-10,214.31576940522143,217.41642948233587,214.03388177816095,214.82119750976562,1459200
2025-07-11,213.91724350526005,215.21000215297477,211.4192024383246,213.10076904296875,1358500
2025-07-14,212.81888593955844,216.07508405226932,212.74112434652125,215.56964111328125,1475900
2025-07-15,215.05447487760802,215.10307772523765,211.87603848591706,212.7897186279297,1754200
2025-07-16,213.50900417104725,217.18315404667462,212.96468786821458,217.1053924560547,2426500
2025-07-17,216.57080198490846,217.99963976945511,215.61824840571322,216.7943572998047,1522400
2025-07-18,217.16371883659622,219.4479193061632,216.92071941777027,218.47592163085938,1253800
2025-07-21,219.67147187155075,221.37246778206057,219.04939396039603,220.157470703125,1458800
2025-07-22,223.16093545847764,226.03805500970503,221.5765893846646,225.84365844726562,2274400
2025-07-23,224.47313320247807,225.96028837764905,223.16093048014758,223.73440551757812,1839700
2025-07-24,224.259297063764,227.76820914331435,222.08201700716668,224.76473999023438,2034700
2025-07-25,224.16208843163855,225.06605393890231,221.85845879721947,223.43309020996094,1031300
2025-07-28,221.34330118590123,222.65550391720043,217.09567629472144,217.9315948486328,2176300
2025-07-29,212.8674954259523,212.8674954259523,205.86911498098968,208.6976318359375,3704000
2025-07-30,205.635816253953,209.05725206477746,201.84503142910972,202.89479064941406,3693300
2025-07-31,201.4173452682975,203.73070431857138,199.94963422136686,202.55458068847656,2774000
2025-08-01,205.49002482114767,211.3025665608771,205.21786666821768,206.16070556640625,3232200
2025-08-04,205.44142082274107,208.33796962357098,205.09150108071748,207.01605224609375,2804500
2025-08-05,206.316227964887,206.83138556311735,201.9616823900029,204.16812133789062,1854800
2025-08-06,204.60551043901341,205.6552697070325,202.66151509042422,203.05030822753906,1634100
2025-08-07,203.06975277683978,205.1595566800365,202.17551669431887,204.1292266845703,2025800
2025-08-08,204.4402721125372,204.9845884357654,200.04683848268348,200.72723388671875,1727500
2025-08-11,200.16347184698986,202.05887915717182,199.11372742149882,200.3092803955078,2339200
2025-08-12,200.37730717742815,200.9896704355614,197.52936121669512,198.89015197753906,1757100
2025-08-13,199.1428880720635,199.56083995250148,197.26692485001962,198.43331909179688,2717800
2025-08-14,197.50990541422055,198.4721883583694,195.16738768538224,197.76263427734375,2636900
2025-08-15,198.47221136115817,202.37964624091225,197.5002136678915,200.34815979003906,2640400
2025-08-18,200.81472768525217,201.2229649332356,196.9850544327074,197.44189453125,3227700
2025-08-19,197.84039843273757,201.03827905986049,197.53908152928682,200.86331176757812,1669400
2025-08-20,202.65180208469764,205.2275900097146,201.86447150371345,203.63351440429688,2217500
2025-08-21,202.53513831425352,205.09149678807321,202.53513831425352,203.8570556640625,1483300
2025-08-22,204.99430051123224,208.77537081444666,204.36250796498976,205.94686889648438,2343000
2025-08-25,205.0915101662624,205.98574625071353,204.03203625624494,205.20814514160156,1238900
2025-08-26,203.24471998127356,203.24471998127356,198.8221275892358,201.6409149169922,3538700
2025-08-27,201.93250226719914,202.2046604098474,197.5196396701109,197.5779571533203,3083500
2025-08-28,197.5682433108239,198.71520828684652,196.06165877040291,196.88784790039062,2978200
2025-08-29,197.31551971127092,198.15143826981048,196.03247571520737,198.1417236328125,2618100
2025-09-02,196.92672429299185,199.4733533184014,193.18452751296815,194.8758087158203,2601200
2025-09-03,195.84782571619448,197.12114035488415,189.7339517588034,190.76426696777344,3630500
2025-09-04,192.37776923404132,192.64021274707812,187.64414551995114,189.62701416015625,3523700
2025-09-05,191.55158920820503,193.81633074250144,190.78370273820107,192.76658630371094,4126100
2025-09-08,188.93690443656453,189.99637829578376,183.71726706778824,188.21762084960938,5376600
2025-09-09,188.49949012417989,189.32569402850842,186.6235418486783,189.15074157714844,3383900
2025-09-10,188.5772584453271,190.26853969305233,187.90659252633094,188.33425903320312,2539100
2025-09-11,188.87857686871186,191.57099948668437,187.66357989368618,191.04612731933594,2277400
2025-09-12,190.2685462374234,191.0461473492674,189.141025366825,189.6173095703125,3096400
2025-09-15,190.5698520192707,191.22108864835886,183.2701551935297,187.1095428466797,3883400
2025-09-16,186.6235501583825,189.6853368455656,186.11810722388154,189.277099609375,3253800
2025-09-17,189.5006631474052,193.55389145642124,188.9854907621163,191.69737243652344,3041900
2025-09-18,189.7631020024389,190.95866982178387,186.8471089764399,187.6247100830078,2368700
2025-09-19,188.1301506231684,189.1896245161821,186.71102750945175,187.89686584472656,5329500
2025-09-22,188.8494270841119,191.03642191463558,186.57495601992917,187.7996826171875,3471300
2025-09-23,188.00378783019949,189.29654651299597,187.32339242649277,188.83970642089844,2774700
2025-09-24,188.31482687959996,190.08385486043034,187.15814732253438,187.52749633789062,2963500
2025-09-25,188.98549972574793,191.8820634589913,187.73162925819514,188.28567504882812,3022700
2025-09-26,188.88828879439993,189.97692132231782,187.96489407293342,188.82997131347656,2608300
2025-09-29,189.11187223053804,190.0255524516846,186.92487738134986,189.10215759277344,3314300
2025-09-30,189.14135802635937,190.03367659655459,187.41556740893378,188.5824432373047,3426900
2025-10-01,188.54320664363166,190.72006409922474,188.37651223911752,189.56300354003906,2960500
2025-10-02,187.23906250508676,189.45515109650302,185.20929879773738,187.4547882080078,2822300
2025-10-03,187.28808345653235,188.6706849410515,185.77801858168553,186.51344299316406,2863100
2025-10-06,185.7682086022232,185.7682086022232,181.72828184213503,181.963623046875,2968100
2025-10-07,182.64020213866996,183.35602603021167,180.3750972665343,183.33641052246094,2741700
2025-10-08,183.0814746262605,185.21910120975755,180.19860834688455,181.9832305908203,3329700
2025-10-09,182.6794410504306,182.88535152284416,180.4143360803865,181.71849060058594,2211000
2025-10-10,183.1403100379241,184.3366017158976,180.4339383903287,183.0520477294922,3154400
2025-10-13,180.77713904743237,182.45391340445877,178.95328578288127,179.63967895507812,3242800
2025-10-14,180.23782045142036,182.8951606940828,179.5710428036666,182.88534545898438,4174900
2025-10-15,182.30681796388723,186.4938387215853,182.1499238223801,186.33694458007812,3353900
2025-10-16,186.86645903807724,190.3082401134153,186.54287048124647,187.74896240234375,3394700
2025-10-17,188.34710418809814,188.7687403528912,184.50328756739188,187.57244873046875,1981400
2025-10-20,188.21962297281218,189.36688328924316,186.91546852022438,189.32766723632812,1782100
2025-10-21,188.41572877614135,190.62200201690294,187.14100509572194,188.63145446777344,1749500
2025-10-22,188.298082838172,189.6708692172217,187.1606227171026,187.4744110107422,1535700
2025-10-23,187.5528499800045,188.4843846228402,183.826696446413,186.60169982910156,2279900
2025-10-24,187.59206346533702,188.98446527407086,186.27810872554926,187.79798889160156,1721800
2025-10-27,186.3075273772342,187.3763406538797,185.07201968735262,186.0427703857422,2979100
2025-10-28,182.32642981141143,182.71865019505552,174.04065076837944,179.16900634765625,6047500
2025-10-29,179.11999032974072,180.34569783593503,175.27617338578537,175.59976196289062,4501500
2025-10-30,176.74701067605068,179.03173111160484,175.00160449991895,175.96255493164062,2954900
2025-10-31,173.6876556521881,176.56070677230304,173.45231443216787,175.50169372558594,2604700
2025-11-03,174.29559738064364,174.56035437622117,171.59904102173073,173.20716857910156,3481700
2025-11-04,175.17810340678102,177.2569134238777,173.99162696972155,176.84507751464844,2663800
2025-11-05,177.0902227561491,178.49242493187114,175.24675391767582,175.9429473876953,2330500
2025-11-06,175.4036380060016,178.57086176432693,174.39365629704105,174.6289825439453,1960500
2025-11-07,174.29558903085552,175.0113979496821,171.97165263169688,174.49169921875,4255800
2025-11-10,172.81494493284006,177.4530175934707,172.57960372317166,176.22731018066406,2911100
2025-11-11,177.953090342484,181.3654703514224,177.29611300341338,181.19876098632812,2429500
2025-11-12,180.42413556695033,181.77732137162215,178.3943568599426,179.78677368164062,2947600
2025-11-13,179.463178039372,180.65946965322942,177.33535179826453,177.6099090576172,3072000
2025-11-14,179.29648551731012,180.81635073250018,176.11944653131073,180.0220947265625,3807200
2025-11-17,180.1201615902993,181.11052781251453,176.4626547894609,176.96273803710938,3253600
2025-11-18,176.5018787515041,178.81601509362494,175.4624811928163,178.02175903320312,3436500
2025-11-19,178.01193900436027,178.81601027890244,175.4428609596266,176.99215698242188,2673200
2025-11-20,176.99214754172655,177.14904167896356,174.55053302856422,175.6389617919922,3094500
2025-11-21,176.86466000819456,178.4531868813626,175.53108983537015,176.07040405273438,2609900
2025-11-24,176.0900309857522,176.85487121191755,173.1483332044244,176.08023071289062,6032500
2025-11-25,176.72739245022433,178.46299832667714,175.98216773373122,176.2665252685547,2005100
2025-11-26,176.52148181333885,178.75717092289443,175.03101741955228,177.7177734375,1941700
2025-11-28,176.90388988834175,178.5120172956594,176.52146980252377,177.74717712402344,1088800
2025-12-01,175.0310181819976,175.61936372381135,171.5107900907335,172.8443603515625,3329600
2025-12-02,173.61900271145524,174.27598009491132,171.79514946699177,172.39329528808594,2467200
2025-12-03,172.60902460663985,173.33464880288128,170.96168097700956,172.756103515625,2693000
2025-12-04,172.15795960053316,175.62915624982637,171.99125023331538,175.35459899902344,2804200
2025-12-05,175.34481714699683,176.86468245851879,174.63880843869327,175.384033203125,2998000
2025-12-08,175.07023803949056,179.74754180801256,173.46211048080832,179.63967895507812,5804200
2025-12-09,179.63968297989192,181.02228459059705,175.86451296710223,176.0606231689453,3161100
2025-12-10,176.31555375319675,179.08075679923803,176.06061200319405,176.75680541992188,2500900
2025-12-11,178.1296186111434,179.6494988648578,177.2274997096047,178.17864990234375,4370000
2025-12-12,178.62968068998185,179.600446276537,176.81564282867376,177.18824768066406,5329400
2025-12-15,178.20805373847114,178.40416392787694,174.45248451046916,176.75680541992188,5020800
2025-12-16,176.76661771284077,177.4628111179815,175.22712207901873,175.64877319335938,3198300
2025-12-17,175.07022604111313,177.25689873144393,174.34461686405538,175.02120971679688,4084700
2025-12-18,175.1290838239874,175.874308556042,170.80478441406459,170.90283203125,3950800
2025-12-19,170.8243935767521,171.4421399250443,168.60830504674863,169.0593719482422,6033000
2025-12-22,168.29452915112827,170.00070423060606,167.45124188391867,169.17703247070312,4154500
2025-12-23,169.5888802829253,171.18720759029495,168.78482397375564,171.11856079101562,3358100
2025-12-24,171.3244917677381,171.77554374637913,170.90284060970444,171.40293884277344,1040000
2025-12-26,171.1087591121549,173.26600122025948,171.1087591121549,172.9816436767578,1463200
2025-12-29,173.33808483614737,174.76382659647763,173.14996203995327,174.09056091308594,2177300
2025-12-30,173.93214033815153,175.10047475959573,173.26877028770485,174.9717559814453,1718900
2025-12-31,174.17965834115446,175.01134477057963,173.6647983624373,173.8331298828125,1680100
