date,Open,High,Low,Close,Volume
2016-01-04,92.28453112772019,93.05471307778289,91.46397292974257,92.98992919921875,1427244
2016-01-05,92.47166566716403,93.0474958803494,90.62899711218294,91.32719421386719,1465512
2016-01-06,89.8732321768126,90.03158551219863,88.42644961710238,89.1030502319336,1610690
2016-01-07,87.28916878915219,88.34006492146632,85.78480337122346,86.11590576171875,4264329
2016-01-08,86.59095257981639,87.015630288802,85.53286169812863,85.66962432861328,2785953
2016-01-11,87.18838297506136,87.27475749633587,85.39609681763245,86.00791931152344,2459275
2016-01-12,86.87168372335564,87.28916657631268,85.98634177693032,87.24597930908203,2574510
2016-01-13,87.76420032493442,88.06651110533225,85.2161404459394,85.33130645751953,1449513
2016-01-14,85.82798489443994,86.07990764127833,83.2367311591807,85.2089614868164,3459849
2016-01-15,83.25113179535167,85.03621741076383,82.67530155579563,84.8058853149414,2512676
2016-01-19,85.50408763324265,86.47580418961176,84.45319144593631,86.07991790771484,1939422
2016-01-20,84.6475048816605,85.37449329440143,82.51692180506149,84.61871337890625,1875643
2016-01-21,85.06500127559451,85.59765013569417,83.7693774166728,84.3380126953125,1307145
2016-01-22,85.72722712369809,86.87169279299258,84.88506642018547,85.63365173339844,1120132
2016-01-25,85.59046983166589,85.79921129303416,83.60384333421642,83.71900939941406,1198829
2016-01-26,84.42439961450702,86.07272267357258,83.81977189219198,85.2305679321289,1310929
2016-01-27,85.02180930850922,86.72771505006574,84.58993669155568,84.9858169555664,1639769
2016-01-28,85.46089685118062,86.69174291688294,84.98583095786631,85.66243743896484,1976717
2016-01-29,88.0233392885394,91.25520683268549,87.31794734389936,91.20481872558594,3542545
2016-02-01,90.29069279127253,94.78219214485213,89.9883819330415,94.4798812866211,3554652
2016-02-02,94.33591760833548,95.25725181473932,92.88194049583191,94.15596771240234,3983485
2016-02-03,95.58117396259385,96.37294056648513,94.17037795923513,96.00585174560547,3191004
2016-02-04,95.94104412531262,98.61147112387064,95.70351123474418,98.00684356689453,3494873
2016-02-05,98.00685615658152,98.54670586318205,97.14311087336553,97.60377502441406,2230860
2016-02-08,96.4593112081318,96.57447724786651,92.70199541621135,94.11278533935547,2774062
2016-02-09,93.05468365169696,96.06341390203507,92.72357538924332,95.34362030029297,1791649
2016-02-10,95.62434531389134,96.8119979902241,93.65931004671904,93.89684295654297,1500644
2016-02-11,92.5364519532835,93.57295236699917,90.77296286158283,91.56473541259766,2280694
2016-02-12,92.71638821503709,94.26394072922139,91.607909181539,93.82486724853516,1199586
2016-02-16,94.96933254513081,95.00531896089544,93.34979542589136,94.5446548461914,995277
2016-02-17,95.50919115192477,95.84748844566656,94.4870865518004,95.37962341308594,1281742
2016-02-18,95.29324113173047,95.7035231076505,93.99042236707926,94.41510009765625,1165102
2016-02-19,94.07677531590794,94.94052039720134,92.7667500698283,94.67420196533203,1260554
2016-02-22,95.63872672326484,96.3873058209636,95.21404907464331,95.67471313476562,968036
2016-02-23,95.04852111429535,95.45160821421219,93.98322924573414,94.44389343261719,1054624
2016-02-24,92.70201040045764,94.81819859542894,90.96731274196817,94.68863677978516,807723
2016-02-25,95.08452164507737,95.73233071356405,93.89686278159311,95.72513580322266,684489
2016-02-26,96.20737365891317,96.79040464951902,95.73950869742521,96.19297790527344,892798
2016-02-29,96.04181691164202,96.9991434072361,95.30762755959137,95.35081481933594,1984608
2016-03-01,96.29376035259587,97.33745559159965,94.94774831255059,96.73283386230469,1415570
2016-03-02,96.02741977826027,97.15749529659084,95.48037522629834,96.6104507446289,1008033
2016-03-03,96.81920869706313,97.85570902976731,96.45931480945544,97.08553314208984,1179263
2016-03-04,97.65416346999442,98.06443951273623,96.14979819196206,97.02074432373047,1332873
2016-03-07,96.94876073214368,97.8916855909036,96.29375095447176,97.1718978881836,970198
2016-03-08,96.39451444900959,97.23666897012141,94.96932896152914,96.6104507446289,15012928
2016-03-09,97.25107051490764,97.53179068412742,96.22896605171225,96.94155883789062,10709251
2016-03-10,97.51020576455095,97.95648012525488,95.74671679615473,96.88398742675781,4562036
2016-03-11,97.87728155606014,99.17291118412784,97.17188966707336,98.22998046875,1387464
2016-03-14,97.87732481484296,98.37398147540452,97.35907748368076,98.07167053222656,2841733
2016-03-15,97.22228759460404,97.51740354378957,96.18578728595757,96.48809814453125,1850780
2016-03-16,95.94105459350729,98.21559566809233,95.84747922143907,97.93487548828125,1680415
2016-03-17,98.68346219690451,101.77856725940336,98.03565323690776,101.46186065673828,2432250
2016-03-18,101.56262408874515,102.74308783356673,100.99398881633668,101.91532897949219,3136305
2016-03-21,101.67780501089707,102.10967765980509,100.57652085159093,101.26751708984375,2057467
2016-03-22,100.77086990830087,103.57085324768595,100.5837191510723,102.98062133789062,2962697
2016-03-23,102.5415262941708,103.59961700439453,101.87211494054434,103.59961700439453,2711905
2016-03-24,103.67884034378302,103.90917246642516,101.72100542853504,102.03771209716797,1255257
2016-03-28,102.46956586817865,103.39090606107044,102.1816507681461,103.02381134033203,1863104
2016-03-29,102.39039500686184,105.06801722853336,101.87213596977438,104.39141082763672,2144920
2016-03-30,104.99240970175426,106.55643761119858,104.53623539248349,105.1734390258789,1459674
2016-03-31,105.08652413415537,105.48477183099126,103.77592803683065,104.30450439453125,1333954
2016-04-01,103.90627681784008,105.38341488439579,102.74774652533462,105.21687316894531,1440973
2016-04-04,104.07281796603658,104.32624945204361,102.82014813638435,103.32701110839844,1654038
2016-04-05,102.82014813638435,103.82662430841543,102.4725890505271,103.32701110839844,1016897
2016-04-06,103.09530411069701,104.06557918833632,102.56671571473598,104.04385375976562,780698
2016-04-07,103.61663563691651,103.68904974598804,102.50154435120892,102.7115249633789,789887
2016-04-08,103.83385110405875,104.22484901732254,102.87805188583937,103.19664764404297,555634
2016-04-11,103.88456832917957,104.52899784947854,103.63837465837517,103.80491638183594,1011384
2016-04-12,104.10900703700192,104.87653923483279,103.42837654421774,104.43485260009766,662329
2016-04-13,104.97067292362566,105.144452436825,104.01487365742004,104.55793762207031,942848
2016-04-14,104.94173548036501,105.12275286523072,104.40590921108351,105.05033874511719,1102620
2016-04-15,105.08657429187834,105.14450082293514,104.44937050663879,105.01416015625,737350
2016-04-18,104.74622732800769,106.09302481762528,104.36245519586866,106.05682373046875,738864
2016-04-19,106.75918162775481,108.03357696533203,106.17991644867968,108.03357696533203,1177101
2016-04-20,108.12771752848087,108.12771752848087,107.30949640727702,107.76567077636719,991493
2016-04-21,107.72221554473333,108.2001152741883,107.10673735368857,107.39636993408203,719514
2016-04-22,107.9249687981882,108.25080249676878,106.84607837407691,107.2515640258789,777023
2016-04-25,106.65779345330056,107.18636983060875,106.2016192361343,107.13568115234375,933119
2016-04-26,107.30950345455703,107.69327566459575,106.43336769457943,106.79540252685547,1017870
2016-04-27,106.86779859829552,107.73669638124699,105.73098170789157,107.3891372680664,1484862
2016-04-28,107.02710282096321,110.1768722232123,106.3464602504514,107.55567932128906,2242210
2016-04-29,106.86778516321607,107.63531741347089,105.31099523496087,105.6368408203125,1780299
2016-05-02,104.86208527491945,106.49851542568462,104.86208527491945,105.62236785888672,1470160
2016-05-03,104.4203617370005,104.99963873874701,102.81289522886546,103.64559173583984,4028130
2016-05-04,103.09532473468155,103.71804085420708,102.84189320028798,103.4356460571289,2060170
2016-05-05,103.93521556544833,104.5434557691915,103.34147490235914,103.72523498535156,1394382
2016-05-06,104.02937064134254,105.45581989859507,103.54423313732067,104.68103790283203,1651660
2016-05-09,104.31176355278679,104.98516825032554,103.04461804569803,103.26184844970703,938416
2016-05-10,103.66009604785161,104.54348137574897,103.05910546723065,104.50003051757812,990088
2016-05-11,104.46380398426092,104.78239973999594,103.06631818889868,103.1242446899414,763402
2016-05-12,104.41311349120969,104.59413081791303,103.29078456715412,103.79039764404297,1097756
2016-05-13,103.54420541857482,104.01485519739227,102.24808518314701,102.697021484375,730432
2016-05-16,102.81291819412785,104.21764224568733,102.73326624493983,103.94249725341797,903500
2016-05-17,103.90626853593423,104.47105798031943,102.9794443758029,103.45734405517578,1761490
2016-05-18,102.82013132416964,103.97143553733494,102.18293977095246,102.60291290283203,729675
2016-05-19,102.631876155251,103.2763055356706,101.7267655594515,102.60291290283203,717892
2016-05-20,103.21116078661883,103.44286684993378,102.16123372951438,102.41466522216797,681787
2016-05-23,102.6319035959733,103.13875467701745,102.50156295343413,102.58121490478516,899068
2016-05-24,102.76221345694226,103.96419450516555,102.50878199107201,103.7614517211914,652384
2016-05-25,104.152443575499,104.83308591834998,103.89901215356886,104.03659057617188,725027
2016-05-26,104.26832965670833,104.44210921083518,103.5514860100321,103.59492492675781,475532
2016-05-27,103.62387045423749,103.92799059372612,103.43561527461924,103.5876693725586,474775
2016-05-31,104.03659529172688,104.03659529172688,103.0156317311743,103.28353881835938,740377
2016-06-01,102.9359889324725,104.38416356172654,102.27707192460193,104.268310546875,887609
2016-06-02,103.8628416018681,103.90628051757812,103.02289516628284,103.90628051757812,726540
2016-06-03,103.82660039023645,103.90625231496573,103.0156293767235,103.72523498535156,549256
2016-06-06,104.17420865704149,105.6296214728584,104.17420865704149,105.39790344238281,781347
2016-06-07,105.28204228801954,105.67305225128356,105.00689730287343,105.1734390258789,962198
2016-06-08,105.53545742302548,106.58538434314877,104.99964319332169,106.36091613769531,865016
2016-06-09,105.62235916516573,106.33196494377692,105.06481944572135,106.15094757080078,632926
2016-06-10,105.57165990786048,106.1436871058286,105.03583378804497,105.99887084960938,772699
2016-06-13,105.66580735646085,105.97716535177788,104.19590714994474,104.29004669189453,893555
2016-06-14,104.23935081722209,104.57243421798583,103.43561751361496,104.1958999633789,956036
2016-06-15,104.81863364712409,105.54272708055747,103.92801042874099,104.01490020751953,838532
2016-06-16,103.65282152087492,104.64482181367369,102.36395089471708,104.52896881103516,748052
2016-06-17,104.64484714827232,104.64484714827232,103.32701295240615,103.7686996459961,1181965
2016-06-20,104.84759654707571,105.76718302189735,104.17420374975488,104.29729461669922,1346602
2016-06-21,104.45657724806502,104.60139351604751,103.21114539980583,103.65283203125,1201748
2016-06-22,103.98593246392682,104.10902332598553,103.43563055539241,103.90628051757812,1038409
2016-06-23,105.0503373624954,105.87579621414258,104.9996606170562,105.7309799194336,1337089
2016-06-24,102.11055257219448,103.34874686885618,100.84340695909496,101.4588851928711,2061791
2016-06-27,100.61170266179968,100.7492811353795,97.13609347875963,97.62123107910156,1610582
2016-06-28,98.54080448066442,99.05490527318766,97.27365304184934,98.99697875976562,1594799
2016-06-29,99.67463196812352,101.7149055515508,99.23014340825928,101.47444915771484,1536750
2016-06-30,101.7076159081064,103.53657958358035,101.16111430227001,103.50013732910156,1635229
2016-07-01,103.18683219123389,103.9738023769269,102.42902062351529,102.69862365722656,1184127
2016-07-05,102.02825759256052,102.48003590819329,100.46890846215814,100.91339111328125,972143
2016-07-06,100.83324706314497,101.64206822942884,100.05356648766644,101.54733276367188,913877
2016-07-07,101.9116579568355,102.33428961719697,101.25585352364428,101.77320861816406,722000
2016-07-08,102.7204896880572,105.45299842752934,102.30515364811262,105.18339538574219,1580530
2016-07-11,105.99945988763137,106.06503670707399,104.57127704850585,105.55497741699219,1119159
2016-07-12,106.04321590280888,107.75558147155104,105.89748291864392,107.62442779541016,2352256
2016-07-13,107.81389086390749,107.84303746511966,106.91034622633002,107.78474426269531,854855
2016-07-14,108.15635716294275,109.04533443332896,107.87217482067688,108.49883270263672,1152346
2016-07-15,108.86315142837967,109.07446122588202,108.16363318626392,108.82672119140625,877772
2016-07-18,108.8339835183669,109.06715622006884,108.31662858166291,108.71011352539062,1031058
2016-07-19,108.28749527049222,108.87771073923547,108.03245959193434,108.84856414794922,878313
2016-07-20,108.73928141114177,109.30035032970201,108.57168549416477,108.82672119140625,662869
2016-07-21,108.93601280008511,108.93601280008511,107.71185586629409,108.06161499023438,499530
2016-07-22,108.2000559279792,108.48423819895622,107.7045638741377,108.30206298828125,390241
2016-07-25,108.1636579059653,108.42597730670911,107.68273299499333,108.22193908691406,671301
2016-07-26,108.57170073490002,109.70113439333025,107.98875676542578,109.1910629272461,1366925
2016-07-27,109.2639765776579,109.3587000504424,108.30942214483576,108.57902526855469,1219584
2016-07-28,110.38604897316267,111.2604466096516,108.19275922056099,108.56436920166016,1635769
2016-07-29,108.43326392339455,109.8468800757495,108.0397788018876,108.87774658203125,1621068
2016-08-01,107.66086120726715,108.83402077875616,107.2017992888243,108.68099212646484,1042084
2016-08-02,108.58626842499744,108.68099186246039,107.5078443130367,108.0106201171875,672814
2016-08-03,108.38952101421626,108.38952101421626,107.6900027027657,107.99604797363281,928039
2016-08-04,107.96688338416743,108.95786749357053,107.52967249315897,108.5716781616211,889339
2016-08-05,108.92874236689872,109.30036448595753,108.36767337567052,108.72471618652344,1009870
2016-08-08,109.08173606066244,109.08173606066244,108.09803560732134,108.39679718017578,679300
2016-08-09,108.45511489239531,108.77572746665628,108.20007915806566,108.64456176757812,756484
2016-08-10,108.75387921293755,108.75387921293755,108.24380767533624,108.59356689453125,571525
2016-08-11,109.00162414332354,109.20565034105732,108.31667304132341,108.60813903808594,666328
2016-08-12,109.30036324292874,110.81599829912378,108.86316428995379,109.18377685546875,1406922
2016-08-15,109.42420839287566,110.5609374313454,109.3076220319262,110.40792083740234,794967
2016-08-16,111.23863046588825,112.87814775772692,111.12933972975335,111.31878662109375,2038442
2016-08-17,111.37706014095356,112.25147001003957,110.47351569608625,112.01100158691406,1160237
2016-08-18,111.99642949678969,112.9436998031403,111.77054039045504,112.92183685302734,1077433
2016-08-19,112.32432748241972,113.6286525975959,111.9891476585447,113.43919372558594,1061434
2016-08-22,113.04572781708177,113.60680886506061,112.72511522647221,113.2934799194336,621251
2016-08-23,113.67237027841105,114.2917444406085,113.22059204335949,113.25703430175781,870637
2016-08-24,113.08214291861204,113.51934180079373,112.74695109933278,113.09671020507812,949875
2016-08-25,113.00927857652239,113.78895297743028,113.00927857652239,113.47562408447266,866097
2016-08-26,113.5339187282856,113.67236805753656,111.90170942953736,112.39720153808594,1184992
2016-08-29,112.63034100652631,114.7726210875777,112.63034100652631,113.59217834472656,936146
2016-08-30,113.48290813766636,114.57591131971306,113.1695792767636,114.14599609375,1229529
2016-08-31,113.72340847601583,114.21161707324939,113.19147396537387,113.39550018310547,1119808
2016-09-01,113.76710152905832,114.07314680919964,113.34448187935763,113.89098358154297,1408759
2016-09-02,114.40100967176586,114.66334098924749,113.91280130629411,114.46659851074219,1143806
2016-09-06,114.66334303480683,115.01310210540615,113.94194992768067,114.69248962402344,1272229
2016-09-07,114.19698558812902,114.85278985510877,113.92009900017725,114.69248962402344,759511
2016-09-08,114.72162357647512,114.90378673421037,113.54118083362398,113.59217834472656,1287471
2016-09-09,112.99472946127325,112.99472946127325,110.4006581176826,110.41523742675781,2449438
2016-09-12,109.97072435379187,111.2531865112527,108.75385104735646,109.72298431396484,9047430
2016-09-13,109.17648007559967,109.73026534940651,106.58970489103741,107.63169860839844,3827713
2016-09-14,107.63898921705663,108.28022633164527,106.02863081539942,106.98318481445312,3098146
2016-09-15,106.78644527344025,107.1653509795484,106.4075275481186,106.80829620361328,3190139
2016-09-16,106.19624906392164,106.79376040162568,105.56959112484711,106.23997497558594,5836860
2016-09-19,106.87388162281937,107.70456549993453,106.7499995930793,106.9686050415039,1380005
2016-09-20,107.68272223102113,108.0616279942201,107.10707393212655,107.16536712646484,1158292
2016-09-21,107.44957187951846,108.52799619985552,107.29654319803022,108.38226318359375,1152022
2016-09-22,109.39509419655334,109.70842313919066,107.69729579806787,107.95233154296875,1342062
2016-09-23,107.39126887156954,107.92319132757274,107.20909360345583,107.4495620727539,935173
2016-09-26,107.41307922559034,108.48423141667932,107.11432968719595,108.09803009033203,1277850
2016-09-27,108.13449167441772,108.89959888713905,107.88675160076342,108.45511627197266,1373194
2016-09-28,108.81216418641323,109.4679686824124,108.41867908497048,109.14006042480469,1445189
2016-09-29,109.13276377734898,110.46623556482385,109.08175422968083,109.67198181152344,2203186
2016-09-30,110.29134314275636,110.66296524278488,109.22020274583404,109.54811096191406,2345013
2016-10-03,110.15074575450463,111.08022771526706,109.37093907929139,110.72576904296875,3017900
2016-10-04,110.81242607403988,111.11963727426631,107.90585475490222,108.1657943725586,2202700
2016-10-05,108.1657733911591,108.81167399705117,107.55136312910368,107.89794921875,1701500
2016-10-06,107.79489354290696,108.71437895651115,107.72354425185776,108.6192626953125,1182700
2016-10-07,108.77780897205015,108.77780897205015,106.01140583244137,107.07357788085938,1886700
2016-10-10,107.75527981423913,107.75527981423913,107.06566258894911,107.32723236083984,1871800
2016-10-11,107.01806570849523,107.03392244971276,104.41811652570489,105.14736938476562,1932800
2016-10-12,104.84618037917768,105.54371986562175,104.62423434778846,105.27421569824219,1188300
2016-10-13,104.10898863376171,105.07604434231067,102.96754503710385,104.83824157714844,1484300
2016-10-14,105.63883160131175,105.63883160131175,104.63214019911771,105.14736938476562,1193700
2016-10-17,105.1474016262991,105.60715050138376,104.77484671192279,104.85411834716797,797400
2016-10-18,106.14612814040613,106.62965589174189,105.78943011617613,106.07479095458984,905200
2016-10-19,106.39980373741486,106.5187111738146,105.5992135509908,106.14615631103516,850700
2016-10-20,105.96384229767365,106.82785952733742,105.59129950085313,106.52664184570312,1184400
2016-10-21,105.70227142478663,106.72480771444465,105.24252258213998,106.56627655029297,999600
2016-10-24,107.0736124046963,107.85835820730702,106.57422761256622,106.85958862304688,884300
2016-10-25,107.31928260622978,107.31928260622978,105.80528435143312,105.82906341552734,1510100
2016-10-26,105.2504196795108,105.46444335215,104.43397288942931,105.40895080566406,2757600
2016-10-27,105.8211539442599,107.04979148399126,102.25414875512755,105.74188232421875,3602800
2016-10-28,105.74189016878805,107.12113663182774,105.1632460040438,106.06688690185547,2100600
2016-10-31,106.42359728612753,106.60591962771771,105.72605769730927,105.75775909423828,1624800
2016-11-01,106.0113986599085,106.62174417313858,103.9346007456528,104.83824157714844,1695600
2016-11-02,104.8937307605063,106.11443384290203,104.47361779678141,105.86078643798828,2102300
2016-11-03,106.21750075038528,106.7882226175518,105.46446864917053,105.49617004394531,1375700
2016-11-04,105.41691117495792,106.2650595610042,104.68765813900842,105.7181167602539,1147200
2016-11-07,107.28760063543761,108.80158706907712,106.88333228237452,108.6589126586914,2233500
2016-11-08,108.50040007969913,109.29306808239674,108.10406607835033,108.54002380371094,1505500
2016-11-09,106.99432439709621,109.32477027723263,106.3601875712867,108.76990509033203,2378300
2016-11-10,109.47534907378508,111.76615850544528,109.3009611921929,110.95763397216797,2003300
2016-11-11,111.03690010844845,111.87712599001807,109.5149794766176,109.8161849975586,1641900
2016-11-14,109.82414096591995,110.33144794274186,109.2930549194933,109.372314453125,1304300
2016-11-15,109.22166123857717,109.66556524619571,108.48448619004074,109.49909973144531,856100
2016-11-16,109.45159818343777,110.01438568651128,108.9363567296783,109.97476196289062,1052900
2016-11-17,110.12538206776725,110.45037891739891,109.30101250020695,109.3882064819336,1157700
2016-11-18,109.38816959464116,109.80828261170406,109.07110727445671,109.3564682006836,1559200
2016-11-21,113.19297977293118,113.19297977293118,110.18876162589734,110.76741790771484,1232400
2016-11-22,111.16375010227782,111.67105707197098,110.00644965211568,110.74363708496094,1372500
2016-11-23,110.47415305408079,111.59974034365968,110.47415305408079,111.56803894042969,672400
2016-11-25,111.76617850541696,112.19421386718751,111.54423245188367,112.1942138671875,283600
2016-11-28,112.1069913877355,112.86795773134833,111.57590545939259,112.38442993164062,1447700
2016-11-29,111.74238289094056,114.27891748088143,111.39360711698289,113.72405242919922,2055300
2016-11-30,113.86674078169183,115.14293660450107,113.2722398473736,114.5088119506836,2697900
2016-12-01,114.47709538909007,115.23012746665626,113.97771074721415,114.19966888427734,1355400
2016-12-02,114.1441390258802,114.9843647807081,113.70816940918226,114.58010864257812,1301700
2016-12-05,115.89597591672143,117.1959507545456,115.53926569503056,116.78376007080078,1783700
2016-12-06,116.67277799623933,116.91850308444688,115.7453581011571,116.18132781982422,866200
2016-12-07,116.37158480787234,117.78253285192623,115.6423317139352,117.7428970336914,1159400
2016-12-08,117.79831608687505,118.22635120929893,117.38612560573449,118.15501403808594,836300
2016-12-09,117.9806804215369,118.66237525940747,117.29106325938527,118.5434799194336,669800
2016-12-12,118.78921029083095,119.20932330425256,118.08373635365577,118.61482238769531,802800
2016-12-13,118.92399045883475,119.25690959929183,117.52889899951627,118.2026596069336,1025400
2016-12-14,118.09164090705657,118.76541334915511,116.60935604862014,117.45750427246094,1526200
2016-12-15,117.20387775253907,118.42458101307325,116.87888100633593,118.1788558959961,1069800
2016-12-16,118.32153996840874,118.51970694198307,116.72826975997366,116.86302185058594,2204700
2016-12-19,116.79959705384643,117.3148262499925,116.43496456931156,117.09288024902344,761600
2016-12-20,117.23560334623522,118.74960227092507,116.56184274020005,116.91854095458984,1793800
2016-12-21,117.56849506445879,117.7190917880216,116.53009007626203,116.79960632324219,970400
2016-12-22,116.60938991967693,117.28316255748346,115.48380281152134,115.80086517333984,1091300
2016-12-23,115.75329483768947,116.20512135560689,115.44415483417059,116.10999298095703,587400
2016-12-27,116.22100499244402,116.96611501886483,116.22100499244402,116.82344055175781,1029600
2016-12-28,117.05324953138174,117.05324953138174,114.95268475405342,115.03194427490234,630000
2016-12-29,115.18346761104081,115.66190849058947,114.96019844518663,115.11967468261719,479300
2016-12-30,115.24725664561618,115.47850752424567,114.21064288645603,114.68111419677734,725900
2017-01-03,114.47378488901073,115.4067336281448,113.8996607161195,114.34619903564453,1402100
2017-01-04,114.85653086211326,115.49444796491038,114.57745049462852,115.34294128417969,2012200
2017-01-05,115.12764636695007,115.15953674475334,113.89965389454538,114.20266723632812,1260300
2017-01-06,114.21864803707147,115.46257993633557,113.9873971110042,115.11172485351562,1745900
2017-01-09,115.0638621041093,117.6872808552735,115.05588038361581,116.66661834716797,2370400
2017-01-10,116.81014821683664,117.12910066807639,115.78948577216211,115.829345703125,1038800
2017-01-11,115.45461564925495,116.4992115007627,115.45461564925495,116.42743682861328,1000800
2017-01-12,116.38754270801796,116.38754270801796,114.98412257688044,116.2918472290039,654000
2017-01-13,116.18022634969371,116.48323976234896,115.6619254601865,115.9011459350586,996500
2017-01-17,115.67785526330687,116.2918393618863,115.35889063360017,115.89314270019531,1268700
2017-01-18,116.06858270854686,116.69853031554521,115.27118929926334,116.68257904052734,1147600
2017-01-19,116.70651353192171,116.92978273927795,115.75761331702805,115.99683380126953,1239400
2017-01-20,116.18022546076453,117.04141186335963,116.09251169289118,116.91382598876953,1150000
2017-01-23,116.7304097842804,117.12113689850999,115.43863647554164,116.47525024414062,1268400
2017-01-24,116.85798317240663,117.54374185381198,116.62673231633968,117.32047271728516,2016400
2017-01-25,117.61549173921432,118.59628192451356,117.3363992647959,118.43680572509766,1597800
2017-01-26,118.20556455958034,119.17838517286101,117.7590141765099,118.66007232666016,1856100
2017-01-27,111.63508230086774,113.60464508341371,109.28277407155113,113.23783874511719,5469500
2017-01-30,111.71482745575452,113.0943147204333,111.56332075316246,112.42450714111328,2724900
2017-01-31,112.4244746023715,112.60787163635929,110.94929227670652,111.44367218017578,2483800
2017-02-01,111.09283236936336,111.82643269228694,110.0402674491326,110.58248901367188,1652300
2017-02-02,110.58247994224689,111.51544066648835,109.60967146021454,111.06092071533203,1438500
2017-02-03,111.45165141479515,111.8662871200235,110.9572593550926,111.76263427734375,1300200
2017-02-06,111.6350694700114,111.8503690822498,110.5506140227553,110.87754821777344,808600
2017-02-07,110.9094461320488,111.22841079541215,109.94460692261192,110.67820739746094,1466900
2017-02-08,110.1837775644002,110.6861391330187,109.81698353592768,110.51071166992188,1649000
2017-02-09,110.51074307321444,111.2044835715991,110.21571142292011,110.47087097167969,1298000
2017-02-10,110.75789857686122,111.98589078507595,110.47083656936653,111.73870086669922,2272600
2017-02-13,112.23311604129886,112.63181272350596,111.51546688022894,112.03376770019531,1670500
2017-02-14,111.95401221074493,113.43716420572879,111.43571144302857,113.33351135253906,2001500
2017-02-15,112.96672039904925,114.0192855169078,112.58397497767231,113.53287506103516,1429000
2017-02-16,113.68437526195721,114.1229318687698,112.48030352157951,113.12619018554688,860900
2017-02-17,113.20597562880185,113.34153108703312,112.51224705807094,112.8311996459961,717400
2017-02-21,112.41651620762005,113.07038462475036,112.29691206656327,112.80724334716797,1148200
2017-02-22,112.24908211311238,112.72751089447743,111.85835493282764,111.90619659423828,992600
2017-02-23,112.4085601690786,112.59993898503679,111.09286579023555,111.92214965820312,1434200
2017-02-24,111.69090347272345,112.44044307570411,111.32409714168342,112.32083892822266,890300
2017-02-27,112.37662824645827,112.61584866207093,110.93334836751137,111.14067840576172,1079200
2017-02-28,110.78185692414363,112.19324661970411,110.67820405802858,112.00984954833984,1677800
2017-03-01,113.33354456065355,114.87250820948152,113.21392823264664,114.57747650146484,1707000
2017-03-02,114.3541706659699,114.3541706659699,111.96199087908275,112.0895767211914,1267500
2017-03-03,111.90617553090986,112.32879301683572,110.94133642804381,111.2523193359375,923200
2017-03-06,110.85364588609279,111.7228018661261,110.56658374429861,111.08488464355469,973500
2017-03-07,111.01310345433247,111.50748343911933,110.71807180757347,111.34800720214844,870700
2017-03-08,111.41976560990999,111.96996894951116,110.95727602252431,111.28421020507812,1183400
2017-03-09,111.31610639059006,112.04172502590083,110.06419310480447,110.50276184082031,1570800
2017-03-10,111.16459755833256,111.31610422484997,110.23961845441458,110.65426635742188,1475500
2017-03-13,110.7579100897664,111.0688929496068,109.18704451980837,109.89673614501953,1443000
2017-03-14,109.67347521021804,109.70537775765061,108.34981150593055,108.58901977539062,1747500
2017-03-15,109.15517295195993,110.38315333213512,108.5810487783761,110.03231048583984,2460600
2017-03-16,110.23962657827327,110.23962657827327,109.26680575371377,110.016357421875,1462700
2017-03-17,110.48683469069275,111.32410024820136,110.43102347606336,111.26030731201172,2174000
2017-03-20,111.22838637979201,111.39583214495136,110.2954377578531,110.59046936035156,1248700
2017-03-21,110.59048679157941,110.79780468449148,108.44549671133669,108.8043212890625,1548100
2017-03-22,108.74053549923116,109.24289724138193,107.65607997423224,108.7724380493164,841400
2017-03-23,108.57309618780414,110.04826678510744,107.88733732706717,109.28277587890625,1188700
2017-03-24,109.10733078021678,109.58575947775866,107.38495826765018,107.60025787353516,1313400
2017-03-27,106.74701732576064,108.61292654787263,106.55565075639298,108.38167572021484,2522700
2017-03-28,108.31788765149486,109.70535617772123,108.31788765149486,109.44221496582031,1014000
2017-03-29,109.05152308951205,109.48212236320636,108.62890553730809,109.06747436523438,740000
2017-03-30,109.04338887973707,109.88651029744499,108.88279724121094,108.88279724121094,2069300
2017-03-31,108.50539177755873,109.46895378670548,108.49735423222093,108.63385772705078,1844700
2017-04-03,108.96309058585582,109.55729314590762,107.6703076360085,108.3608627319336,1624200
2017-04-04,108.46522432299834,108.71414314352447,108.14402886719542,108.6820297241211,1109800
2017-04-05,109.07550202615651,110.08725262574829,108.41707263418472,108.5937271118164,930800
2017-04-06,108.78643728614075,109.06748185530684,108.40101488609464,108.55358123779297,860400
2017-04-07,108.22431687641581,108.84260732851372,107.86298275591527,108.40899658203125,2908200
2017-04-10,108.57763194968673,109.29227494105137,108.45719132004498,109.01123046875,859000
2017-04-11,109.03531596407774,109.58134206077044,108.72215808221152,109.54119110107422,1004000
2017-04-12,109.5733173208504,109.58936790292748,108.6820199214635,108.81048583984375,899300
2017-04-13,108.6659483230008,108.86669085394871,107.73450003883812,107.8388900756836,626900
2017-04-17,108.22435085091674,109.12367378912433,107.93528101329913,109.09156036376953,1092400
2017-04-18,108.4330982411471,109.22001791562278,108.17615412983035,108.61779022216797,701000
2017-04-19,108.98714421270289,109.23606301980182,108.22432495639393,108.36886596679688,577400
2017-04-20,108.89882711885727,110.2799370017748,108.56158106638034,109.92662811279297,985300
2017-04-21,109.90255723025878,110.53691072202541,109.8624185112294,110.24784088134766,1121300
2017-04-24,110.73761892336067,112.33552171781889,110.73761892336067,112.22310638427734,1006800
2017-04-25,112.59247402807135,113.90934456777707,112.52823494657936,113.8049545288086,1189400
2017-04-26,113.48381244602724,114.38313540769612,113.01808812591831,113.68455505371094,1511300
2017-04-27,113.44365445885047,113.90135345719702,110.58508186258115,113.29912567138672,1855100
2017-04-28,113.21881456476937,113.37138088519794,111.89391844420862,112.81732940673828,1910900
2017-05-01,113.66045321968457,114.13420277614401,112.42387204409812,114.0458755493164,1671200
2017-05-02,114.42325364642201,115.2904629338141,114.02979383707148,115.2422866821289,2492300
2017-05-03,115.21821077911586,115.88467758695265,115.03351879159253,115.48319244384766,1906500
2017-05-04,115.55545867147067,116.89641760053921,115.54742112697372,116.23797607421875,2303200
2017-05-05,116.43071486835383,118.56661919891819,116.43071486835383,118.21331024169922,2316900
2017-05-08,117.89211334229103,118.34980007318359,117.1774579644433,117.38623809814453,1589900
2017-05-09,117.39423808663885,117.58695534104876,116.41461348500553,116.67156982421875,943200
2017-05-10,116.79203846272829,116.91249137025699,116.1416344200822,116.6314468383789,928300
2017-05-11,116.42266489939814,116.47084115565238,115.05760562630626,115.51530456542969,1065800
2017-05-12,115.51533077343515,116.51904384763351,115.40291539921921,115.6839599609375,1288100
2017-05-15,116.0372275246366,116.60734179861598,115.72406961424056,116.49492645263672,710600
2017-05-16,114.60793993888738,116.62340310063165,114.53567555721264,115.90876007080078,2118700
2017-05-17,115.90875530015062,115.90875530015062,114.45536892072981,114.4794692993164,1349800
2017-05-18,114.54371517369353,115.25033300027037,113.49182597881081,114.59190368652344,1271300
2017-05-19,114.81673258752814,115.59561479249714,114.47144897232864,114.90505981445312,1339500
2017-05-22,115.50728790639218,115.53940132884377,114.71234286172168,115.07367706298828,820900
2017-05-23,115.29043704925226,115.29043704925226,114.49549231786587,114.6882095336914,639100
2017-05-24,115.0496030164413,116.36647404054632,114.72841974318895,115.74015808105469,1081000
2017-05-25,115.74816344611165,116.03723324321199,115.08170888147484,115.72407531738281,781300
2017-05-26,115.49922901571362,115.84451256811892,115.26637305199827,115.5554428100586,694200
2017-05-30,115.34668131234965,115.86861937060993,115.09776247407606,115.6036376953125,885200
2017-05-31,115.49120072416288,115.8766229741123,114.8086711804784,115.6758804321289,1494000
2017-06-01,115.99708881363628,117.17744382024155,115.62771710407371,116.49492645263672,1085100
2017-06-02,116.8080894303375,118.43811814392659,116.254037968135,117.86800384521484,1192100
2017-06-05,117.72345543093206,117.90010984599498,116.32628294425783,116.3985595703125,1291900
2017-06-06,116.01314511448317,116.29418961945869,115.50728215882336,115.72407531738281,770800
2017-06-07,116.09345537955436,116.1737450636297,114.96928953130221,115.11383056640625,883000
2017-06-08,115.1138419535089,115.75622075143228,114.44737502274458,115.22625732421875,1065800
2017-06-09,115.3627461489384,117.30593288244584,115.3627461489384,117.11322784423828,1152400
2017-06-12,116.83220676986116,117.3782208241489,115.81243081275625,115.9730224609375,1199700
2017-06-13,115.96497000516106,117.4906209364335,115.65983736843566,117.45046997070312,831400
2017-06-14,117.45044714369355,117.5146862259061,116.27810533493091,116.88033294677734,774100
2017-06-15,116.26208398116083,117.66728224348107,116.19785712838564,116.5993423461914,2037700
2017-06-16,116.96065522629522,117.23366218396683,116.14964739296789,116.84020233154297,1735700
2017-06-19,117.53074989164739,118.3417576740604,117.08912606234333,117.35409545898438,1268600
2017-06-20,116.62337834889045,117.07303963145911,116.12552856974573,116.22189331054688,801400
2017-06-21,116.35839763253038,116.95258765226406,115.07364059918261,115.21014404296875,749900
2017-06-22,115.08171180845844,116.05329903151092,114.9853470387378,115.8284683227539,1007800
2017-06-23,116.10949277455187,116.45476407036351,115.4751394718779,116.38249969482422,4010200
2017-06-26,116.45476619876912,116.86427658666216,116.09343206211612,116.35841369628906,1150900
2017-06-27,116.47084330330804,116.84020277630404,115.49121856689453,115.49121856689453,796500
2017-06-28,116.56718195250306,116.63142103850369,115.94889147055581,116.30220031738281,869700
2017-06-29,116.5447311839068,116.76296805761277,113.78852095152145,114.58871459960938,891700
2017-06-30,114.75033446149548,116.27796748417207,114.68567124537853,115.63134765625,938100
2017-07-03,116.17288101790868,116.98924327920942,115.98698199137094,116.6255111694336,411600
2017-07-05,116.51235685247063,116.78717859484803,115.13829747357158,115.26762390136719,718700
2017-07-06,115.02515982534273,115.9385109213921,114.76651925826846,114.87967681884766,533600
2017-07-07,115.12215233946806,116.49622433512073,114.83118631676459,116.39922332763672,708700
2017-07-10,116.0193402190751,116.81145554135037,115.6475420609256,115.98701477050781,591100
2017-07-11,116.08396561273527,116.16479770768207,114.92814312112186,115.39694213867188,645400
2017-07-12,115.78493794886326,116.58513148879369,115.7283530016337,116.17290496826172,948700
2017-07-13,116.31031205677107,116.94076310105105,115.81726574437269,116.69020080566406,1004800
2017-07-14,116.92457272755739,117.82983297378259,116.67401050463762,117.66010284423828,1013600
2017-07-17,117.54697329223357,118.07235741285973,117.39341199535063,117.64397430419922,1195100
2017-07-18,116.8679572612721,117.60348718577995,116.8679572612721,117.39334106445312,757300
2017-07-19,117.34489029554602,118.17742156982422,117.05392429666048,118.17742156982422,1478500
2017-07-20,118.02384531054906,118.28248585928105,117.30448394075789,118.01575469970703,1299900
2017-07-21,117.91875798876632,117.91875798876632,116.91649663936002,117.71669006347656,1226600
2017-07-24,117.46611196324272,117.46611196324272,116.64976209516684,117.15088653564453,1308200
2017-07-25,117.99961097749438,118.45224123693706,116.98118056049877,117.23174285888672,1284700
2017-07-26,117.16711959821878,117.32877153853791,116.24568997182199,116.31034088134766,1108100
2017-07-27,116.45577854806278,116.63359929426564,115.3484503557284,116.10821533203125,1243200
2017-07-28,116.3749805653183,116.54472308490503,115.27573032712557,115.97893524169922,928900
2017-07-31,116.53660349216534,116.57701954232566,114.67758851726,114.89581298828125,1826700
2017-08-01,119.62421983394643,120.94978501985753,118.1289121527228,120.36782836914062,4473400
2017-08-02,119.89899561695965,120.35162569974867,118.79974584451003,119.71309661865234,3983700
2017-08-03,120.00410539325318,120.10918466536471,118.57346097005308,118.75128173828125,1860000
2017-08-04,119.14734802813226,119.65655087137813,118.83212252202811,118.9937744140625,804500
2017-08-07,119.5757269693393,119.5757269693393,118.75936459285107,119.05843353271484,866600
2017-08-08,118.98565570367114,119.05030657191689,117.70858522403687,117.88640594482422,866100
2017-08-09,117.87836053411071,118.29866533833199,117.66013602030775,118.20975494384766,1162800
2017-08-10,117.6197197147572,118.00768673839553,117.11050451712296,117.21558380126953,1054200
2017-08-11,116.23753428793565,117.83790856772809,116.23753428793565,116.8760757446289,1068600
2017-08-14,117.58738037089617,119.16350794588232,117.49846997778161,118.52497863769531,1337800
2017-08-15,118.41178367566263,118.74317797562117,117.84599604966347,118.66234588623047,1319200
2017-08-16,118.81591566489647,119.75351360563224,118.74317418671305,119.68885040283203,1232300
2017-08-17,119.52718300068305,119.70500370192116,117.62774020711386,117.63581848144531,1207600
2017-08-18,117.5469514060973,118.29057224862835,117.0377486043993,117.81368255615234,1402400
2017-08-21,117.79752261332953,117.80560089040269,117.13473389590847,117.32063293457031,1584700
2017-08-22,117.8783366328207,118.65428285764658,117.52269512699414,117.96724700927734,1232400
2017-08-23,117.4903414025879,117.81364505737307,117.15894713982459,117.32868957519531,2214400
2017-08-24,117.57929697943888,117.85410642502424,117.12666675535743,117.38530731201172,953800
2017-08-25,117.23982072026284,118.38756513424156,117.23982072026284,118.01575469970703,953200
2017-08-28,118.55731955698408,118.57348844872857,117.48232875436571,117.82987976074219,540600
2017-08-29,117.0296369763904,117.58734634150528,116.90840117234177,117.4984359741211,458600
2017-08-30,117.48229631410143,117.87834155310104,117.29638494350229,117.61161041259766,879200
2017-08-31,118.00765101761651,118.00765101761651,117.39336905502746,117.4984359741211,1192700
2017-09-01,117.73285257274226,118.09657235191018,117.23171575856402,117.72476196289062,992800
2017-09-05,117.32061484793087,117.8540770504562,116.28602821268233,116.77099609375,1748700
2017-09-06,116.69012494577952,117.11850775293458,116.27791101811373,116.79520416259766,2832400
2017-09-07,116.79528009079387,116.85994331754686,116.22140166164188,116.69020080566406,2214300
2017-09-08,116.6578622171481,117.49845940374314,116.41537822745306,117.17515563964844,1715400
2017-09-11,118.01573753837562,120.73962134767356,117.49844418288595,120.57795715332031,3024700
2017-09-12,121.11951900607708,122.38849915998406,120.49714634465278,120.65879821777344,2061200
2017-09-13,120.44057311748084,120.88512506172667,120.04452783981064,120.59414672851562,1540700
2017-09-14,120.92552237703731,121.60446760489525,120.24657714917936,121.29733276367188,1558800
2017-09-15,121.25690719782547,121.53171657802206,120.82043363328202,121.34581756591797,1750600
2017-09-18,121.36198615524476,122.00860595703124,120.98209748419197,122.00860595703125,2531000
2017-09-19,121.97630713628513,122.29153266262753,121.30544002468473,121.64491271972656,2621900
2017-09-20,121.91157824767869,122.16214041145444,121.28920580868399,122.0328140258789,2491400
2017-09-21,121.83884669035683,122.42888141432584,121.44278922728505,122.08940887451172,1587000
2017-09-22,122.04906102997947,122.22688184065673,121.37011557098495,121.45093536376953,2424600
2017-09-25,121.48318565569807,122.51777199094145,121.19220747808323,122.47735595703125,1273500
2017-09-26,122.67135534638129,122.8410854358616,121.96815083309114,122.0328140258789,698100
2017-09-27,122.29147119359462,122.51778620986671,121.32154793339376,122.3076400756836,942100
2017-09-28,122.41274766144811,123.06744577134911,122.19451084706529,122.32383728027344,1089200
2017-09-29,122.4531445849462,122.53397667638632,121.61254756689873,122.2268295288086,971200
2017-10-02,122.0813684178204,123.47159691383185,121.68532312529615,123.01896667480469,1081000
2017-10-03,123.2937384002313,124.06160624922894,122.63096213397232,123.81912231445312,791200
2017-10-04,123.70598020478378,124.12628492188792,123.44732735325915,123.58473205566406,774800
2017-10-05,123.85145922570884,123.94036959892313,123.20483945080912,123.91612243652344,807000
2017-10-06,123.91616437918151,124.70507767815198,123.63964139463441,124.68067932128906,1315000
2017-10-09,124.72949193439158,124.72949193439158,124.07884004475551,124.2252426147461,690800
2017-10-10,124.28208614013266,124.66434340818213,123.76156745323576,124.59114837646484,1068100
2017-10-11,124.57496003105325,124.57496003105325,123.56644898714231,124.3797607421875,696400
2017-10-12,124.08691685853584,124.76195434849,124.02185046224527,124.7131576538086,588000
2017-10-13,124.84327985896608,125.58339609259087,124.77008482315135,124.81075286865234,1388000
2017-10-16,125.1605101895265,125.4614314827781,123.82667978382752,124.61559295654297,926600
2017-10-17,124.98972770482929,125.20932532392361,124.27402189579917,124.81893920898438,585700
2017-10-18,124.916479851692,125.10355038639086,123.66398590751777,124.59928894042969,1114600
2017-10-19,124.29028793701704,124.62373627007076,123.63963615787847,124.32281494140625,929200
2017-10-20,124.96530055504735,125.85181947596142,124.92464491026658,125.42889404296875,812200
2017-10-23,125.37197115583695,125.58344010249199,124.63999572088338,124.9246597290039,883600
2017-10-24,124.81895118469502,125.46960304545422,124.81895118469502,125.12801361083984,802000
2017-10-25,125.15237604329025,125.91689082945805,124.58304807221313,125.72982025146484,1694800
2017-10-26,130.00785118110613,131.72393898134672,129.0074690781607,131.26034545898438,2326500
2017-10-27,131.18713985817047,132.45590373929684,130.7154177261867,130.84555053710938,1047600
2017-10-30,130.91065563371288,131.04077607294522,129.6744183848686,130.08920288085938,852100
2017-10-31,130.7642045911224,130.7642045911224,129.4710424564935,129.66622924804688,866100
2017-11-01,129.87770015261285,130.6503435047536,128.93425594508548,130.06475830078125,899400
2017-11-02,130.28439123013553,130.7642421105811,128.6414982723424,129.65000915527344,881700
2017-11-03,129.86955436004482,129.86955436004482,128.81225950101293,129.51983642578125,460700
2017-11-06,129.70690017196125,130.09729858400706,128.96679622068726,129.1538543701172,434700
2017-11-07,129.62557333646632,130.1135527244799,129.29211268806156,129.94276428222656,638600
2017-11-08,129.95096446926902,131.0245420521908,129.89403909389492,130.8944091796875,672600
2017-11-09,130.14612480288412,132.0086028934818,129.86146078080125,130.57717895507812,1257100
2017-11-10,130.29250421522678,130.89435921319236,129.9753132159278,130.37384033203125,585300
2017-11-13,132.18751458730668,133.02522442355726,131.2359416396283,132.37457275390625,1935100
2017-11-14,131.56941379296433,131.97606957066762,130.95128906835967,131.8784637451172,1232100
2017-11-15,131.15461959139455,131.45555331184076,130.32505072352595,130.8292999267578,770300
2017-11-16,131.0244845766576,131.74019024116512,130.83741400068726,131.08953857421875,1206100
2017-11-17,130.80487241419885,132.05736649501674,130.41448642162726,131.41485595703125,923300
2017-11-20,131.39048383414158,132.1549986793816,131.1546165341508,131.40675354003906,695900
2017-11-21,131.83780606048495,132.30951583440816,131.56127070420158,131.99232482910156,474000
2017-11-22,132.23628541495285,132.23628541495285,131.3904470970228,131.44737243652344,455300
2017-11-24,131.66698434378483,132.24444090831128,131.06512942964503,131.39859008789062,295600
2017-11-27,131.5775881450993,131.69957995672507,130.7886746695093,130.8944091796875,819500
2017-11-28,130.8536217964189,132.78930617699336,130.8048251162603,132.76490783691406,826100
2017-11-29,132.63480981510062,132.8300089969928,131.75643211180446,132.26068115234375,618200
2017-11-30,132.83816219485817,133.91172686832732,132.22817860011605,132.602294921875,1275500
2017-12-01,132.80561240391089,133.03335101214594,130.81300196556722,131.46365356445312,749000
2017-12-04,131.91101387733252,133.67589860677782,131.71581462051742,132.08180236816406,864700
2017-12-05,132.17122737673805,132.47216102505524,130.93500301930186,131.74017333984375,581600
2017-12-06,131.0082241408439,131.59380944151016,130.2111823077729,130.471435546875,815400
2017-12-07,130.13796674652363,131.0651413465752,130.04850198642444,130.9268798828125,1090100
2017-12-08,131.18719049445565,131.33358065563715,130.29254258672646,130.8781280517578,1010200
2017-12-11,132.87070154103677,133.07402942484694,132.1793941821716,132.66737365722656,1233000
2017-12-12,132.8625123671891,132.8625123671891,132.1061265307128,132.48025512695312,710900
2017-12-13,132.65113463934742,132.89511820541796,131.69954909106895,132.15501403808594,860000
2017-12-14,131.89472822879725,132.1387241677883,130.54462812184263,130.56089782714844,702200
2017-12-15,131.3579421456075,131.45554796915135,130.1379748375777,130.471435546875,1799800
2017-12-18,130.58526688536455,132.09802647556734,130.528341544788,131.87030029296875,1057200
2017-12-19,131.89473357428977,132.70804513045618,131.57754256379084,132.1793975830078,957100
2017-12-20,132.87070132252964,133.1472366757701,132.22819067121168,132.4315185546875,583400
2017-12-21,132.75683074640565,132.96829967583642,132.04112507567785,132.6999053955078,581200
2017-12-22,132.96017366231524,133.0577794908456,132.59418593323855,132.911376953125,833800
2017-12-26,132.9520205487754,132.9520205487754,132.098041064643,132.56976318359375,626400
2017-12-27,132.93574030645172,133.29359929315765,132.49655762922407,133.1146697998047,936400
2017-12-28,133.53762634818804,134.0174771877308,132.97643938899589,133.88734436035156,711300
2017-12-29,134.19001951912225,134.70538388745825,134.0100638879873,134.22274780273438,835000
2018-01-02,134.87716524543598,135.41705705947356,133.99368889221736,135.39251708984375,1051900
2018-01-03,135.43340605574312,136.30051817152048,134.97531003096873,136.1287384033203,798200
2018-01-04,136.86498187767708,137.30672630893045,136.34961753527557,136.6522979736328,932400
2018-01-05,137.39665766757955,138.22286547869425,136.68496135287927,137.7974853515625,742200
2018-01-08,137.64211325579768,138.09203352688155,136.7095569130887,137.94479370117188,802100
2018-01-09,138.3046818391992,139.4662858284367,137.7402377391646,138.29649353027344,834500
2018-01-10,138.31288878331645,138.40287282649652,137.2412685759235,137.71572875976562,902700
2018-01-11,138.28013251473138,139.49900476523865,138.05108453885035,139.04090881347656,695200
2018-01-12,139.06548679708902,139.3190748052758,138.18201044192804,139.1881866455078,648700
2018-01-16,140.23526049060735,140.28435290989228,135.59701920159839,136.40687561035156,1115500
2018-01-17,137.63395467154677,138.37836716950636,136.7750181340691,137.88754272460938,806400
2018-01-18,137.2657773330185,138.23923744730368,135.99782518821155,136.529541015625,1032500
2018-01-19,136.61141020943916,137.41307846296212,136.4150779407017,137.26583862304688,1057400
2018-01-22,137.13491068569436,137.98565863920666,136.24325862778107,137.92022705078125,976800
2018-01-23,137.42121853714013,138.82823476373352,137.14307813351726,138.73825073242188,1058600
2018-01-24,138.8609458519784,139.97346998224458,138.8527700247468,139.72805786132812,877700
2018-01-25,140.4479634071454,143.29471223147038,140.4479634071454,142.33761596679688,2585900
2018-01-26,134.34544466508532,140.11257502810335,133.08568038213426,138.9427947998047,2700900
2018-01-29,136.57047869053955,139.31906749044518,135.76063476913194,136.3414306640625,2032500
2018-01-30,136.36593322317407,138.19014110581713,135.7033292939105,137.67478942871094,1790600
2018-01-31,138.23110166838117,138.52559381081454,136.75046512637942,137.7321014404297,1867800
2018-02-01,136.78319027300202,137.67484250968724,135.26164965235614,136.43960571289062,1477000
2018-02-02,136.1205669549804,136.1205669549804,132.9956901233545,133.2083740234375,1356900
2018-02-05,132.8566336681247,133.78100171284194,127.24493138684939,127.88299560546875,1707500
2018-02-06,126.2633087292484,131.53142701688787,125.5761520115701,131.06515502929688,2396600
2018-02-07,130.54980533147884,132.38220264825588,129.33912071116862,129.42092895507812,1650000
2018-02-08,129.33909586781553,129.78082784639687,124.92172615326956,124.99534606933594,1218700
2018-02-09,126.92584981172325,130.07526556449955,125.06073782537558,129.3226776123047,1787000
2018-02-12,130.09985762976802,131.45779430747382,129.53542580120677,130.62339782714844,1266300
2018-02-13,130.28804473221422,130.93428493966564,128.95464771213062,130.42710876464844,1189300
2018-02-14,129.14272508740964,132.25124959886097,128.83188137379008,131.92404174804688,1115500
2018-02-15,132.52936716890554,134.18997122233333,130.88512725139412,133.83004760742188,1092700
2018-02-16,133.47829873388778,134.50083887784615,132.45575858992942,133.85459899902344,1194900
2018-02-20,133.19197459904683,134.16542218208696,132.77477029556633,133.26559448242188,1248700
2018-02-21,133.3883432186328,134.87716797797378,131.4659748263213,131.50686645507812,711700
2018-02-22,132.20220180266207,133.76464650675445,131.46597771829332,132.98751831054688,771900
2018-02-23,133.97731828110514,134.41087436653498,133.17565018682487,134.37815856933594,632600
2018-02-26,134.55812275122773,135.6624587457043,133.8055346156951,135.3352508544922,891700
2018-02-27,135.58068497905802,136.17784509424587,133.83827209472656,133.83827209472656,757200
2018-02-28,133.9282280817067,134.95076829581564,131.49867153440943,131.53138732910156,816400
2018-03-01,131.4496239163716,132.1694963983728,130.20621121532864,131.56414794921875,1453100
2018-03-02,131.0978340092754,131.36778612928822,129.18364168429056,130.69700622558594,1560300
2018-03-05,130.17346965893836,133.84642629570692,129.94442163855913,133.56829833984375,990500
2018-03-06,133.7892067635824,135.40890748409478,132.51307816668267,134.3209228515625,771700
2018-03-07,132.96296208961348,134.98350283180181,132.84026223975673,134.59085083007812,893700
2018-03-08,135.84240735904243,137.78932773457385,134.99983530187257,136.6768035888672,1990700
2018-03-09,137.76482313910822,140.2189200480219,137.1349347708093,139.96533203125,1369900
2018-03-12,139.98983211415157,140.65243609361187,139.2290557984232,139.7853240966797,1210500
2018-03-13,140.70154867833332,141.02058076035158,139.60538844598153,139.8262481689453,1533500
2018-03-14,140.0389357745626,140.2270796875127,138.01021939243097,138.2310791015625,1374300
2018-03-15,138.73008868967133,139.04094494436487,138.13292863181746,138.31289672851562,1091100
2018-03-16,138.5419014658211,139.06544145200033,137.51118562864323,138.70550537109375,1808000
2018-03-19,138.0429112265804,138.19015100710962,135.50700682747245,136.34957885742188,1935600
2018-03-20,136.75862832946112,137.3721525293695,135.15529207705572,135.51522827148438,806800
2018-03-21,135.41703730615424,137.25760965299614,134.76262156857675,135.9896697998047,879800
2018-03-22,134.71355203360199,135.20437640232518,131.5886751647564,131.85862731933594,1101000
2018-03-23,132.43122817989965,132.43122817989965,129.0118596832432,129.28179931640625,762400
2018-03-26,131.03243163751728,131.932272323935,129.66631894609003,131.65414428710938,793600
2018-03-27,131.97318104156255,132.39037311133856,129.29003551498187,129.76449584960938,872100
2018-03-28,130.68882420474682,131.4086965594262,128.9300599080511,129.39633178710938,1083400
2018-03-29,129.91537316928608,131.81825936590724,129.4540563786409,131.0027313232422,1040500
2018-04-02,130.93676807723477,131.51339808558012,127.84766527939378,128.95974731445312,1197400
2018-04-03,129.3304144799855,131.34862544043685,128.5231326097228,131.20858764648438,896600
2018-04-04,129.4045741982458,133.68812761734506,128.3748732528089,133.55633544921875,1244200
2018-04-05,134.08351126691625,135.796934757909,133.6963427941175,135.18734741210938,874700
2018-04-06,133.8363876632276,134.53658921139953,130.56605702738466,131.7687530517578,797900
2018-04-09,132.8148951014155,133.54804140612814,131.89228741087925,131.9911346435547,880100
2018-04-10,133.47393901025353,135.38506977880897,133.02086813239856,134.42950439453125,742000
2018-04-11,133.31743691710014,133.58927947326472,132.14769815910165,133.1279754638672,826400
2018-04-12,133.63046148428182,134.97319544478478,133.55632603813635,134.30593872070312,545200
2018-04-13,135.27796120594158,135.64865094686593,133.76224478062187,134.24826049804688,570300
2018-04-16,135.54983358621192,136.41478488545934,134.98143665900386,136.2747344970703,707400
2018-04-17,137.15615878723935,139.11671330748823,136.47243588673584,138.5071258544922,782800
2018-04-18,139.11673557270123,139.33914195081917,138.38358892318817,138.6966094970703,683100
2018-04-19,138.35057886148653,138.68009061610138,136.1758515593813,137.40325927734375,711800
2018-04-20,137.24675038446762,137.54330469529035,135.76397883035398,136.9666748046875,549300
2018-04-23,136.76895177908622,137.32911544286046,136.05228418223325,136.83485412597656,585400
2018-04-24,137.20558138075285,137.75749954622856,133.29271802153414,135.0967559814453,948800
2018-04-25,135.38505625357053,136.4971254940182,134.20707208883059,136.39004516601562,1230900
2018-04-26,135.5745457124563,137.6833712208411,133.20211073072767,136.98316955566406,1744800
2018-04-27,136.86785288216024,137.56805459506188,134.66841303860224,135.93701171875,1031700
2018-04-30,136.69484426567442,136.8431151492642,133.66339853763088,133.6881103515625,998200
2018-05-01,132.98795386552047,133.87761709341285,131.3816227191563,133.8529052734375,1225700
2018-05-02,133.9517519039046,134.46247960704346,132.80672482875613,133.1938934326172,1057700
2018-05-03,132.9467454069324,133.26801159294476,131.03562702515387,132.1559295654297,1142200
2018-05-04,131.67816776963397,134.63546599936947,131.15096136497476,134.07530212402344,1038300
2018-05-07,134.24829037625452,135.6074905853427,134.14944310856563,134.64369201660156,1068300
2018-05-08,134.8084412361863,135.17914362805752,133.88583322169598,134.693115234375,812700
2018-05-09,135.36037318454112,136.01937173233006,134.44599824445365,135.8299102783203,760700
2018-05-10,136.02760179361388,136.7936931739292,135.73104745326177,136.40652465820312,1024100
2018-05-11,136.85137738858364,137.9799255935572,136.48892064753161,136.98316955566406,1035400
2018-05-14,136.9666504672734,138.3505619588149,136.48062225979444,137.3702850341797,964400
2018-05-15,136.85137121361282,137.20558228664555,135.64867504253436,136.8101806640625,1181400
2018-05-16,137.1149667261613,138.23528178686928,136.69485329199236,137.18910217285156,935300
2018-05-17,136.57124571109662,137.92221240800197,136.52182209297374,137.3785400390625,781500
2018-05-18,137.37859391814894,139.0837722600878,137.30444589229663,138.5895233154297,1017500
2018-05-21,139.17435569659645,140.27819192228668,138.7295304877446,139.5780029296875,886600
2018-05-22,139.81688039589963,140.2287606878792,137.99637654431976,138.15289306640625,864000
2018-05-23,137.27972624058174,137.8234113613171,136.02761892988374,137.559814453125,840900
2018-05-24,137.56804571187502,137.7410410005761,135.94523602335923,136.81842041015625,591700
2018-05-25,136.41476310667102,136.5877457971487,135.29444816555883,135.92050170898438,607300
2018-05-29,134.88258264547736,135.26975118320902,132.55957141908732,133.28448486328125,735300
2018-05-30,134.33893531180598,134.74258269658338,133.61402166391008,134.29774475097656,602300
2018-05-31,134.0094088046684,134.421289228931,132.66668716889566,132.96324157714844,1293300
2018-06-01,134.050575058663,134.94023812213217,134.02586324325475,134.7178192138672,578900
2018-06-04,135.3521271073528,135.77225313527907,134.33067181973314,134.7095947265625,637200
2018-06-05,134.75900289171787,135.9534533307139,134.70957926342138,135.81341552734375,734600
2018-06-06,136.05232921474166,138.24353583816915,135.6239701029638,138.1693878173828,1169300
2018-06-07,137.98810707153737,138.39175421304333,137.0737324784177,138.16110229492188,1102600
2018-06-08,138.16937259514393,138.93547654852875,137.2220528597783,138.81190490722656,764100
2018-06-11,138.9272399137718,139.6027297352106,138.40827920931065,138.75425720214844,852300
2018-06-12,138.77073538574874,139.58625044792177,138.07053375114006,138.3917999267578,1150200
2018-06-13,138.7130726554357,138.79545375854892,135.71458401815215,136.81842041015625,1074800
2018-06-14,137.14792536589562,137.53509390582047,136.00289847983444,136.5136260986328,706800
2018-06-15,136.07706269126547,136.07706269126547,133.97646991925404,135.24505615234375,1810400
2018-06-18,134.20710730137182,134.57779714544733,133.3915795887319,134.55308532714844,887300
2018-06-19,132.6419287836493,132.77372092025558,131.20858088535402,131.43099975585938,1279700
2018-06-20,131.66165837384224,131.66165837384224,129.35512617699015,129.80819702148438,1352500
2018-06-21,129.82469826737488,129.83293134976103,128.02066022708678,128.8938446044922,1542100
2018-06-22,129.9235536431284,130.7637931738386,129.338677947832,130.22010803222656,1258700
2018-06-25,129.8246891764754,129.92353643655312,127.4110638296569,128.3089599609375,1175100
2018-06-26,128.36666085955804,129.46226435043576,128.22662301675925,128.39137268066406,829400
2018-06-27,128.90208549483538,129.97297704069794,127.79001596495641,127.81472778320312,889300
2018-06-28,128.1524339998497,129.0750417878432,127.59227029314769,128.53135681152344,1180100
2018-06-29,128.9212348324073,131.31880436015493,128.80509007759295,129.19500732421875,998800
2018-07-02,128.64755246422456,129.3112299434647,128.0004454019434,128.99598693847656,1110100
2018-07-03,129.875344023466,130.48924683017296,128.40693195494072,128.58944702148438,346800
2018-07-05,129.57670918172644,130.09936721493753,128.78858269243923,129.24485778808594,1140600
2018-07-06,128.97106407532203,130.69664023576323,128.39032745299122,129.9499969482422,718800
2018-07-09,130.79620817175697,131.4681896942203,130.70495064038332,130.9870147705078,744100
2018-07-10,130.96217500703102,132.46376639252674,130.7879514170919,132.45547485351562,718500
2018-07-11,131.41843082840626,131.58435018009394,129.84216534028565,130.5888214111328,696300
2018-07-12,131.02852810773032,131.3686710451404,130.19891859726866,131.01193237304688,732000
2018-07-13,130.71326757332363,131.277408602016,130.35654157335614,130.5224609375,573100
2018-07-16,130.20724014477375,130.7630771258295,128.98771287061697,129.04579162597656,674600
2018-07-17,128.91304019622288,129.84219893313437,128.3654948010407,129.58502197265625,812800
2018-07-18,129.41905248733718,130.0827424677569,129.20335862370501,129.36927795410156,732100
2018-07-19,128.67241145965443,129.14528219263659,127.9589469333097,128.0916748046875,1429800
2018-07-20,127.36165452660238,128.97109898886697,126.93854557814609,128.05023193359375,2490300
2018-07-23,128.07511699780193,128.30740664207877,127.36994386842389,127.65200805664062,1166500
2018-07-24,128.9627728847694,129.83386524726873,128.44841913078292,128.8300323486328,1932600
2018-07-25,128.83002056697322,130.63857539464567,128.19952206623563,130.49754333496094,1348100
2018-07-26,131.75022756953442,135.1848089567841,131.75022756953442,134.0233612060547,1715200
2018-07-27,134.0399927054006,134.95255542198998,133.21867486751916,133.76622009277344,1252700
2018-07-30,134.21423763256462,135.76560350550128,133.53396435554143,133.75794982910156,1055500
2018-07-31,133.98195011731988,136.96024553691507,133.81603072943753,136.19700622558594,1655200
2018-08-01,135.99790868735192,136.14724501226172,133.72478626712615,134.42994689941406,1266700
2018-08-02,133.48415249139737,133.567118498098,132.16507653317018,132.72921752929688,907300
2018-08-03,133.55052295145447,134.21421302948033,132.43884934959146,132.70433044433594,903400
2018-08-06,131.84154033524834,134.0317089107938,130.2569831507538,133.53395080566406,1031100
2018-08-07,133.83259904727947,134.5211637329815,133.38460286705748,133.50074768066406,740400
2018-08-08,133.79108447181233,134.2473720814608,132.82044318883223,133.27671813964844,573600
2018-08-09,133.26843693674593,134.18930376258282,132.94488981733477,133.1356964111328,588100
2018-08-10,132.66283868702914,132.6877259556648,130.53904070455567,130.97042846679688,923800
2018-08-13,134.56262322361107,137.08464253386674,133.8242714678048,134.76173400878906,1862400
2018-08-14,135.1433790355503,137.5326583853672,135.04382994891995,136.32972717285156,1617700
2018-08-15,135.3259100329287,136.4873710350315,134.22252777740795,136.23019409179688,1381400
2018-08-16,136.82748543795634,137.23399864027138,136.1223249753724,136.6532745361328,1169200
2018-08-17,136.29652204956486,138.24610919299232,136.10571543302774,138.22122192382812,1290400
2018-08-20,137.96400564328349,139.25819390562737,137.96400564328349,138.53643798828125,1342700
2018-08-21,139.0425095258787,139.14205858087274,137.70683818310312,137.798095703125,892400
2018-08-22,137.81472238134805,137.81472238134805,136.29653551813362,136.3546142578125,842800
2018-08-23,136.34632234705043,136.59519506260443,135.72411524049346,136.40438842773438,672800
2018-08-24,136.71134654709994,138.12169285111491,136.20528423607772,137.69029235839844,512800
2018-08-27,138.1548560108195,139.19186778815336,137.78982583978436,138.7853546142578,650000
2018-08-28,138.89321298191535,139.46564552940333,138.03042472143025,138.55307006835938,706700
2018-08-29,139.67300792049843,140.20395731165675,137.74001693081044,139.61492919921875,801300
2018-08-30,139.00939358174202,139.60671355384966,137.60735122106823,138.32081604003906,583000
2018-08-31,138.33734482561493,138.90977724341005,137.57410582149907,137.95571899414062,762100
2018-09-04,137.80642495250504,138.01382731305853,135.57477352753597,136.3380126953125,925800
2018-09-05,136.5205594470982,137.93919749218153,136.22189947228267,137.20913696289062,840100
2018-09-06,137.1344093741288,138.0469719393049,136.5370897109292,137.76490783691406,598700
2018-09-07,137.42473976250298,137.59067170644119,136.01440685083853,136.7610626220703,641100
2018-09-10,137.59069698613303,138.34563177090473,136.9767815937244,137.76490783691406,568200
2018-09-11,137.3833511354178,139.08404064269172,137.16764454355229,138.2461395263672,620500
2018-09-12,138.01382520376376,138.58625773555642,137.4828756752149,137.91427612304688,459900
2018-09-13,138.57794941928046,139.3826715547093,138.1631447168464,139.0674285888672,515500
2018-09-14,139.61501198165462,141.03365015011278,139.23339860549268,139.8804931640625,823800
2018-09-17,139.79750169824393,140.49438334586995,138.56139156169084,139.99661254882812,731200
2018-09-18,140.38653043198474,140.80133521102763,139.59009968633399,139.94683837890625,612600
2018-09-19,140.57732137587914,141.67241194641417,140.06296755817465,140.34503173828125,1047000
2018-09-20,140.70171561123087,142.13693588307612,140.69341141815528,141.38198852539062,666100
2018-09-21,142.0042062049229,142.41071927285046,141.18288853419114,141.5396270751953,2393200
2018-09-24,141.44012926509907,141.87982129066535,140.3533301785861,140.9091796875,791000
2018-09-25,140.92577063006513,141.1497687537109,139.82238840619755,140.07127380371094,498700
2018-09-26,139.91365667203283,140.22891237693466,138.84346583730328,139.20849609375,913900
2018-09-27,139.4905152709462,140.47775242051205,139.03422759776439,139.80577087402344,763200
2018-09-28,139.45507060832102,140.0563150458733,138.76196902775354,139.496826171875,884700
2018-10-01,140.3486134875035,141.79326447291717,140.24005155346288,141.48428344726562,595600
2018-10-02,141.70971653462252,142.2859101241233,141.22538007883938,142.14395141601562,661400
2018-10-03,142.5865213951638,143.25457206723212,141.5426962019342,141.73475646972656,816100
2018-10-04,141.1753091681982,141.87675684603082,140.15653446096061,141.70974731445312,772500
2018-10-05,141.42580398862628,142.38611817619235,140.49888660446777,141.0249786376953,837000
2018-10-08,140.69095799014826,141.52601830328877,140.34859294568764,141.3590087890625,864100
2018-10-09,140.80786647654986,140.80786647654986,136.78288237727162,137.2171173095703,1051000
2018-10-10,137.3924368048769,137.70976371932852,134.00209484817813,134.11065673828125,1234900
2018-10-11,134.05218930997262,134.72858591428897,131.1044283417759,131.17958068847656,1075000
2018-10-12,133.03341964750106,133.22547989863241,131.40505503572308,132.1649627685547,1195400
2018-10-15,131.88942220180442,132.64933011203544,130.81218730883768,130.85394287109375,817300
2018-10-16,131.18793610097148,133.43423688337305,130.48647599029093,133.35073852539062,970400
2018-10-17,133.27561567083418,134.06056157117922,132.4822982714302,133.17539978027344,730200
2018-10-18,133.58462414801932,134.0439099540372,130.1942806850699,130.8456268310547,988400
2018-10-19,130.88734672983796,131.8393148946676,129.53454047517934,129.7683563232422,935700
2018-10-22,130.2693846089684,130.52825121914975,127.94791838978452,128.0147247314453,1545100
2018-10-23,126.28613540093323,127.64728744186765,124.11498678535118,126.96253204345703,1345200
2018-10-24,126.62853443756717,127.94793114740905,124.1484045023972,124.34882354736328,1933000
2018-10-25,125.65982828537474,127.81428466676174,124.84981904633374,126.49488830566406,1293800
2018-10-26,125.04193757037149,125.98554707243441,123.9563566001837,124.7830581665039,2298600
2018-10-29,126.36963708193666,128.1733698221315,124.77466935124573,126.0606689453125,1417000
2018-10-30,126.14422305233194,128.84146459938495,125.68493728004475,128.41558837890625,1774500
2018-10-31,129.40094305266766,130.6702254692722,128.8831970286761,128.8915557861328,1490700
2018-11-01,129.64306774933985,130.92905457012984,128.23181428069068,129.74327087402344,1466800
2018-11-02,131.27148582000223,131.98963823805937,128.92496825112065,130.13580322265625,1427300
2018-11-05,130.53661860089227,132.25684060080042,129.9353742282243,131.41342163085938,1467100
2018-11-06,129.77670848092177,132.1733271726934,126.80389621357958,132.01466369628906,1813800
2018-11-07,132.99170423900287,134.60337730987118,131.33828834503169,134.42800903320312,1068000
2018-11-08,134.15238601931824,135.1628142417387,133.4175418722898,134.65342712402344,954300
2018-11-09,133.95199660320313,133.97704738738577,131.89774310618367,133.52610778808594,797600
2018-11-12,133.49269906552584,134.0772385475833,131.25473152307075,131.51361083984375,719700
2018-11-13,131.88104632222587,133.96869674390618,131.28816073799254,131.98126220703125,920300
2018-11-14,132.615919722256,134.29439902341412,130.93745316310637,131.2798309326172,1018500
2018-11-15,130.33620091460492,135.37161303142415,130.1858834488749,134.14407348632812,1299000
2018-11-16,133.64301111923984,137.4258450473808,133.64301111923984,136.83294677734375,1370800
2018-11-19,136.54069037251432,138.19411876283272,133.1002463841889,133.5177764892578,1602200
2018-11-20,132.7161263027393,133.28397392804817,131.36333270498787,131.5720977783203,1312600
2018-11-21,132.5157096245963,134.31944277522018,131.78921130365384,132.9248809814453,862900
2018-11-23,131.43844575200382,132.46557877976736,131.32989661091068,131.51361083984375,310300
2018-11-26,132.49902627595924,133.26728028092322,131.15457858176978,132.4238739013672,867000
2018-11-27,131.73074328569848,132.56580346500562,129.79339755354255,130.49485778808594,1144500
2018-11-28,131.15454502645778,132.50733839104794,128.69112013412132,132.4906463623047,1124900
2018-11-29,132.26515009382356,133.88516849829205,132.26515009382356,132.9499053955078,860600
2018-11-30,132.53240038751588,134.41963171624718,132.4238384919052,134.33612060546875,1153100
2018-12-03,136.74943816210475,139.45503748852525,135.91437805738303,139.13771057128906,1856300
2018-12-04,138.27762095984065,139.22124310081512,135.56367520189482,136.88307189941406,1824200
2018-12-06,134.753662109375,135.4133668112845,130.97919913164418,134.753662109375,1826700
2018-12-07,134.84547412766875,137.10013339359594,130.8872982085087,131.23802185058594,1169400
2018-12-10,131.7557736172258,131.88102752787393,128.98338087817137,131.17123413085938,1038000
2018-12-11,133.14200710613085,134.15242286405567,129.55959153019495,130.2109375,975500
2018-12-12,132.12326393290033,133.10028311937435,130.75376531997804,131.6973876953125,1159200
2018-12-13,131.96455193634108,133.16704056783695,131.04598069227993,131.3382568359375,1153200
2018-12-14,130.25269586227904,131.1044608957334,128.63267691822188,129.77671813964844,996600
2018-12-17,129.99380989748192,132.14826657832091,127.52203902939209,128.4405975341797,1756000
2018-12-18,129.48440727821173,131.2296796971871,128.5908996646043,129.23388671875,1403900
2018-12-19,129.25895055574085,132.62425456686623,128.12326828121388,128.68276977539062,1596500
2018-12-20,128.57425411917896,132.13996568678758,127.86444766409154,129.05023193359375,2107900
2018-12-21,129.05020551128288,133.1503543994945,128.45731986892724,129.59300231933594,3393600
2018-12-24,129.17545844478568,129.37586472869796,124.991798880021,125.15882110595703,880200
2018-12-26,125.73501887347203,131.0877450052757,124.95840627124319,131.0376434326172,1218800
2018-12-27,129.4343277956585,133.41756841880948,128.6326644170216,133.40086364746094,1386800
2018-12-28,134.3444855487428,135.9227487758897,133.03343495278114,134.1941680908203,1324400
2018-12-31,134.48846883994108,135.33770090923738,133.48789610274804,134.5725555419922,1065400
2019-01-02,132.3359687168112,135.17792959214725,131.09156520286402,134.18576049804688,956900
2019-01-03,133.80745442567914,133.8494977906087,129.72949179435187,130.58712768554688,1114800
2019-01-04,132.90774950796106,136.13647885407312,132.33598813614103,135.8842315673828,1082200
2019-01-07,135.84216745651523,137.40608499921612,134.3707401438063,134.4716339111328,1349500
2019-01-08,133.1431502880061,135.06861229307094,131.63808323699791,132.92453002929688,2100300
2019-01-09,132.3443953185034,133.0590938454982,130.3012191827015,131.8314971923828,2292400
2019-01-10,131.62971388461966,132.3023690794898,130.61232113827683,132.17623901367188,1502000
2019-01-11,131.84831709991326,132.4368855651753,130.79729740129162,131.8314971923828,1047300
2019-01-14,130.96545922406796,131.42791046179536,129.61174532626433,130.42733764648438,1047900
2019-01-15,129.7967072623805,130.66274635200745,129.17451189497584,130.39369201660156,845700
2019-01-16,130.38527423616353,130.98224609534546,129.48559543424489,130.00689697265625,1151600
2019-01-17,129.64538186192544,131.16725630863098,129.56971152398353,131.1504364013672,1898900
2019-01-18,132.0164342652989,133.98395224466964,131.38582265353514,133.37014770507812,1447300
2019-01-22,132.73957753119768,133.26089201727845,131.8483148944478,132.6050567626953,982900
2019-01-23,132.6218558145377,133.18520078990534,130.36005954503685,131.29336547851562,1358800
2019-01-24,130.7216074092986,131.84829727767374,130.14144257010935,131.587646484375,1007800
2019-01-25,134.53050894807384,136.12805360990058,132.84887758622293,135.295654296875,2060000
2019-01-28,135.09382333754365,135.44696430402283,133.46263923297823,134.43798828125,1364400
2019-01-29,134.88365428818122,137.40610141125367,134.88365428818122,137.2547607421875,1354500
2019-01-30,137.6667187316447,138.7345580129442,136.1868880649108,137.87692260742188,1037800
2019-01-31,136.01876187740885,139.17182081027008,135.42177707432873,138.22169494628906,1305600
2019-02-01,138.73455437372786,140.29847168167927,137.73398189850272,139.48287963867188,1102100
2019-02-04,139.3651819094845,140.32371115422092,138.70934678570845,140.3153076171875,754600
2019-02-05,140.86182549666447,141.39154338905036,140.14712716026528,141.1897430419922,1140500
2019-02-06,141.26541879895422,142.87978314808376,140.4161996949859,142.86297607421875,1533500
2019-02-07,142.60235249952004,142.80414006300572,138.72619148299793,139.76039123535156,1157400
2019-02-08,138.86910715918796,139.49130249023438,137.49857362974834,139.49130249023438,855400
2019-02-11,139.77721952805376,140.99639983996605,139.4493018878866,140.87026977539062,1206500
2019-02-12,142.31646232868783,144.17467069125237,141.7783407879619,144.04855346679688,1462300
2019-02-13,144.62025517500714,145.79739165496656,144.14940058302335,144.59503173828125,1095200
2019-02-14,143.71219765012756,144.72117378196015,142.84615862757042,144.30076599121094,882500
2019-02-15,145.84790002078702,146.58780912799472,145.45271560712658,146.36920166015625,1326300
2019-02-19,145.69652020847866,147.93309269255838,145.46109287645208,147.23521423339844,1074600
2019-02-20,147.3949823006548,150.15285653684572,146.8232210015366,149.36248779296875,1789100
2019-02-21,149.2700015544645,150.35466092938597,149.2700015544645,150.22853088378906,1243700
2019-02-22,151.19548893652262,151.9522179526298,150.7078142793179,151.44772338867188,1401400
2019-02-25,151.75883313671414,153.23866417752245,151.2711584820566,152.33058166503906,1145600
2019-02-26,152.28853879486232,153.15457795833584,151.88495084242558,152.56600952148438,821200
2019-02-27,152.33896955853035,153.0873077852439,151.70835783655423,152.69212341308594,673800
2019-02-28,152.4398958706604,152.90234709254244,151.4981735197833,152.3389892578125,1324200
2019-03-01,153.41523370936656,154.29807990427489,150.6573464918566,151.430908203125,1362800
2019-03-04,152.2969670043949,152.2969670043949,149.6652094959153,151.93540954589844,1018800
2019-03-05,151.23751527914422,152.18764112208163,150.65735039557464,150.68258666992188,796800
2019-03-06,151.9185765634012,152.18764374934253,150.75825960606048,151.5990753173828,802400
2019-03-07,151.72514515933284,151.92694548576787,149.9258006122203,151.052490234375,1059800
2019-03-08,150.66577259343248,152.64168185948654,150.0435643349812,152.49034118652344,923900
2019-03-11,153.20500371195672,154.768921114477,152.39781515621243,154.6680145263672,884200
2019-03-12,155.06323394212436,155.92927310956813,154.6512296195247,154.75213623046875,820100
2019-03-13,155.19775152527686,156.6103156344637,155.19775152527686,155.63497924804688,843500
2019-03-14,155.13046284772113,156.0973955600988,154.4241808927761,155.72744750976562,1012300
2019-03-15,155.71063311780028,157.05593029437915,154.9034445479913,155.4247589111328,1558200
2019-03-18,155.56770648971911,156.1478713086746,154.55031396476662,155.8619842529297,871400
2019-03-19,156.76166006343888,157.02231084258722,154.7268878828626,155.466796875,850800
2019-03-20,155.52568951140057,155.9545009229767,154.4410300147226,155.25662231445312,944900
2019-03-21,154.8866610896243,157.63611910855866,154.8866610896243,157.3922882080078,691800
2019-03-22,156.41692760793907,157.72019437528726,156.37488426128368,156.64395141601562,1573500
2019-03-25,156.68595915875423,157.23248405160248,156.1646448723769,156.32440185546875,1178500
2019-03-26,157.25774003777326,157.41749705393227,156.38329746225523,157.36705017089844,948600
2019-03-27,157.56881834343062,158.2162498657501,156.5850657556556,157.77902221679688,1168400
2019-03-28,158.67872337058304,159.9315432515766,157.91357808427497,159.8979034423828,1066400
2019-03-29,159.95716816715253,161.716800066116,159.83873202532666,161.547607421875,1551100
2019-04-01,162.5542601735919,163.20566521557086,161.06534727192184,161.9959259033203,1134700
2019-04-02,161.83518589906944,162.17357108235942,160.01633004032573,161.1414794921875,1198700
2019-04-03,162.30898790484076,163.22264371416117,161.0146454021132,162.1905517578125,1080800
2019-04-04,162.58811167673684,163.16336909754358,161.09073070653307,162.23280334472656,852200
2019-04-05,162.63884745555214,163.78091994831541,162.10587857112043,163.43406677246094,769200
2019-04-08,163.73861708081182,164.37309892464714,162.58808948764784,163.2987060546875,844100
2019-04-09,162.36817933800182,163.2057002862322,161.657562544178,162.66427612304688,600100
2019-04-10,163.1718588475255,163.4341093483209,162.55428705883415,163.3072052001953,594300
2019-04-11,162.84189984541814,164.07701738668416,161.9874559553293,163.73863220214844,765800
2019-04-12,164.49154138763714,165.26983759717982,163.8993608921771,164.25466918945312,1349200
2019-04-15,163.52710268938128,164.22079603946412,162.6642038752428,164.06005859375,1209400
2019-04-16,164.56768758986325,166.93642264545295,164.043186672818,166.74185180664062,1156800
2019-04-17,167.62169344767378,168.0616046065434,166.75879426527527,167.29176330566406,1091000
2019-04-18,167.56249711517083,167.78244626037556,166.74189924201718,167.58787536621094,1322900
2019-04-22,167.02105400028378,167.33407393281314,166.09894315611277,166.3358154296875,750900
2019-04-23,166.31046366323795,166.834977702739,165.53216708204445,166.37814331054688,992100
2019-04-24,167.0379248749942,170.86173923694574,165.94662173521857,168.70449829101562,1741300
2019-04-25,168.6960892654146,169.22059029200506,166.63190561312015,168.85682678222656,1118900
2019-04-26,169.4743483844471,172.07995562534904,168.62837251046207,171.3693389892578,1055900
2019-04-29,171.7331347549584,172.72292516486254,171.24246710663016,172.21534729003906,928900
2019-04-30,172.8751892732284,174.33026892920165,172.31684205228245,174.0933837890625,1425600
2019-05-01,174.88020129684438,175.06631709374318,171.0140838623047,171.0140838623047,974500
2019-05-02,171.27629630294456,175.7261251473046,170.3795509538665,175.66690063476562,1404500
2019-05-03,175.54000535855934,177.5365090683777,175.19315212943303,177.2996368408203,1268000
2019-05-06,175.36233154086713,175.56537039574212,173.6280913428413,174.2625732421875,2010900
2019-05-07,172.63832032859466,172.94285928192508,168.7383706372103,170.1849822998047,1556700
2019-05-08,169.44054386406316,174.6094582438681,169.245972979511,173.68734741210938,1500100
2019-05-09,171.73314733792202,173.47585602878775,169.74509835063105,172.95135498046875,1271200
2019-05-10,172.74828964480142,176.4959698859715,172.29992341558656,176.2083282470703,1329400
2019-05-13,172.4099058377849,174.22874901587133,170.63335113148318,173.0443878173828,1422400
2019-05-14,173.75500205496746,175.42157573026205,173.23895620258838,174.07647705078125,1218500
2019-05-15,172.4860595165936,174.71943581366466,171.91925710161172,173.4420166015625,920800
2019-05-16,175.15936085063325,177.4519489413637,174.68561628171057,177.1727752685547,974200
2019-05-17,176.4451900978861,177.78182058791697,175.84454156166424,177.58724975585938,1130600
2019-05-20,176.7412823642818,177.77337398845793,173.42505840622505,173.77191162109375,1391800
2019-05-21,174.90554204493876,175.83612082988745,173.7888475030003,175.10011291503906,1294900
2019-05-22,174.52485884348812,175.7092201306975,173.66195967219562,174.4910125732422,976900
2019-05-23,173.26438339459673,173.73812800105554,171.31863555357887,172.75680541992188,1065600
2019-05-24,175.00706662581774,175.00706662581774,172.66372219061412,172.99365234375,776000
2019-05-28,173.61119962396378,174.16954689447076,170.96329055417706,171.09019470214844,2362700
2019-05-29,169.79584559087883,172.1391897746313,169.19519696189369,171.71620178222656,1183700
2019-05-30,171.78390700408232,172.86675539328624,171.5808809989635,172.78216552734375,752000
2019-05-31,171.28479537067736,173.29822277659406,170.69261463616417,172.23228454589844,926800
2019-06-03,172.73135451380662,176.77513122558594,172.16455220508354,176.77513122558594,1815700
2019-06-04,177.61267370854816,180.76816084224407,177.23198705791827,180.74278259277344,1874700
2019-06-05,181.80020252408718,183.81362915039062,179.88830177622577,183.81362915039062,1544000
2019-06-06,184.27049851095123,187.73053725279766,182.89155350024768,187.37522888183594,1839900
2019-06-07,187.7559258754032,189.8877891275485,187.61211149648844,188.7034149169922,1659000
2019-06-10,189.74393441281686,190.01465290475028,187.01990381200363,187.23985290527344,1109900
2019-06-11,188.64413587796176,188.9402196433423,184.53269324411582,185.3109893798828,1552900
2019-06-12,185.51404053004637,186.56305524279782,185.29409145368422,186.0723876953125,1101000
2019-06-13,186.57995706591782,187.29902871915326,185.19255733127838,186.26693725585938,921800
2019-06-14,186.35160945472705,186.45312245335842,185.19262635845058,185.48025512695312,721000
2019-06-17,185.60708408406268,185.68323171605098,182.37546326267295,183.46676635742188,838000
2019-06-18,184.74424370153892,185.9201498295931,183.65292742865944,185.20106506347656,941700
2019-06-19,185.08260415544135,186.64766471514793,181.61409784350292,186.4446258544922,1342500
2019-06-20,187.89122409979976,188.52570592871592,186.44459985010192,187.8489227294922,1397200
2019-06-21,188.17042194707304,189.42247563117132,187.1890996681812,187.9250946044922,1542200
2019-06-24,188.45805113279542,190.58144595274513,187.93353730733557,189.1940460205078,765100
2019-06-25,189.66781705274204,190.64069720011213,189.1433160622828,190.09080505371094,926300
2019-06-26,190.30226053397706,190.3276387762127,187.2905886420601,189.43936157226562,843700
2019-06-27,189.81160217734424,190.42917385777162,188.59339485688747,189.0756072998047,738700
2019-06-28,190.0450300456838,192.74076303646325,189.3051953788393,192.50265502929688,1522000
2019-07-01,193.4721146951824,194.7136891016754,191.43118504101545,194.5861358642578,810700
2019-07-02,194.39055261329295,195.8192138671875,193.4636310775149,195.8192138671875,729500
2019-07-03,195.43656235130956,196.82268870513062,194.63719397651394,196.78016662597656,696600
2019-07-05,195.2494769661402,196.09986665157479,193.5742082477608,196.08285522460938,569700
2019-07-08,195.89575186419736,196.0063066662337,193.82929835613453,194.15245056152344,1006200
2019-07-09,194.1779774888589,194.1779774888589,191.53326505042318,192.2305908203125,1124600
2019-07-10,193.7527663155988,194.30552734960935,191.91592163726207,192.40914916992188,848600
2019-07-11,191.76286225974658,193.6847381591797,190.801917822072,193.6847381591797,763100
2019-07-12,192.63025070123257,194.16095453569847,191.64379567725285,193.17449951171875,653100
2019-07-15,193.40407148883705,194.05887501587247,192.84282429872025,193.59967041015625,701900
2019-07-16,193.6081741253667,194.50108568732858,192.99589265293076,193.1234588623047,599500
2019-07-17,193.76974410290524,193.98234146925284,192.32408460692417,192.55368041992188,1000900
2019-07-18,191.0145180829916,192.37514670660738,190.32570454605573,191.796875,1160300
2019-07-19,192.13702545492475,192.9448929677785,190.84442964880952,190.93797302246094,1245000
2019-07-22,191.7968338584802,192.5451807385358,191.2185752518288,192.19651794433594,855500
2019-07-23,192.7833485565164,194.96885638380928,191.79689335876742,194.6201934814453,939000
2019-07-24,193.5231742769996,194.3480402800415,190.9805046126339,191.21861267089844,1106400
2019-07-25,190.48725467130765,193.75274735145345,186.72853450677817,193.59117126464844,1292400
2019-07-26,193.65069297302057,196.09130662264852,192.28156539437018,196.0572967529297,2272400
2019-07-29,196.15084185194078,197.23082715593554,194.739192191703,196.60154724121094,921600
2019-07-30,195.8702113768162,197.6900443532608,194.9517891771273,197.1287841796875,968200
2019-07-31,196.36346675833562,196.95023766179335,191.68632393194162,194.11843872070312,2174000
2019-08-01,192.40911167105915,196.31240909578491,191.76282036245237,192.50265502929688,1486600
2019-08-02,191.363179359518,191.38869001060584,187.706501317907,189.50082397460938,1011000
2019-08-05,188.01260360161726,189.2031566375257,185.053251898263,187.13670349121094,1369700
2019-08-06,187.9361270612924,188.74399469555794,185.39345714148587,188.2932891845703,851000
2019-08-07,187.20479126919886,190.47879686105895,185.81865188198745,190.03659057617188,1030600
2019-08-08,191.5842307316901,194.79871474439952,191.03148278748785,193.8717803955078,951900
2019-08-09,194.18645169864067,196.6185662400712,193.58266943123147,195.47903442382812,1063300
2019-08-12,195.00281444177304,196.8566703018429,192.93637418231964,193.1489715576172,906800
2019-08-13,193.67621363580466,197.4434329898317,192.1880319723023,195.3089599609375,772500
2019-08-14,192.78332513981033,195.52158076679706,189.2116913146716,189.28822326660156,971600
2019-08-15,190.13010230125388,193.25952970166537,189.36474389995325,192.4771728515625,1132200
2019-08-16,193.191478262472,195.0793439698374,192.15401502169266,194.53509521484375,713800
2019-08-19,195.02837166224202,195.87876136650843,193.3701143341059,194.3735809326172,747900
2019-08-20,192.74079191018683,193.3445742176102,191.38017637625262,191.95843505859375,592000
2019-08-21,193.60818081838823,194.6881791440362,193.02140997235966,194.4330596923828,584400
2019-08-22,194.39054726762268,195.19841475801977,191.30364197476518,191.5757598876953,733100
2019-08-23,191.7203621517024,192.04351440159556,186.5925131147094,187.62998962402344,942300
2019-08-26,189.25421252527929,190.00254656725295,188.64193096080893,189.4582977294922,641500
2019-08-27,190.87846560136302,192.10301579151775,190.0620858320103,191.796875,644500
2019-08-28,191.53321391150712,192.69825629209808,190.4872385118629,192.00942993164062,489000
2019-08-29,194.31406107866664,194.67972244875477,190.5128177954219,190.86148071289062,948100
2019-08-30,192.74079112972083,192.74079112972083,190.30017721257335,192.12001037597656,875100
2019-09-03,190.4617721122634,192.40915871325842,190.22366404688188,191.8138885498047,728600
2019-09-04,193.36157423486733,194.2119637593751,192.56220600568375,193.3955841064453,647200
2019-09-05,194.70520997482438,195.16441465283995,190.40222766702314,190.9720001220703,1233100
2019-09-06,191.51617059780284,192.4090689384139,190.49569310697254,191.8393096923828,822900
2019-09-09,192.145544540941,192.145544540941,182.68071627837242,183.9903106689453,1580100
2019-09-10,183.91377002888896,184.16037731368172,180.27410342848577,181.79629516601562,2356400
2019-09-11,181.14998012792122,184.0583107443715,178.8964401026258,183.9732666015625,1494100
2019-09-12,185.58048891785933,189.00755741642647,185.24033832295024,187.6554412841797,1203500
2019-09-13,187.64695308051122,189.27969938860267,187.0601822403083,188.99057006835938,1042500
2019-09-16,188.7524603107132,188.9565454874055,182.9612968797013,183.037841796875,1033800
2019-09-17,184.42398080736373,189.22017743487788,183.22494138242143,188.4208221435547,1008900
2019-09-18,188.9395798095953,189.00761254360268,186.70306369272018,188.46336364746094,546100
2019-09-19,189.37326001434823,190.64884440029866,188.6674350970125,189.02459716796875,858200
2019-09-20,189.91748558290365,190.26614838659853,187.14522052815872,188.40379333496094,1149400
2019-09-23,187.28976571133472,188.8884889561633,186.85605881371407,187.4768524169922,632500
2019-09-24,187.6384876953032,189.50935547167947,186.90715201251544,187.4344024658203,929600
2019-09-25,186.90709244009568,187.97859145703458,185.98868324830994,187.62142944335938,573500
2019-09-26,188.2251965474073,190.75085423586,186.95812457957905,189.88345336914062,561300
2019-09-27,190.68285503802383,191.201593209424,186.98366808950507,187.98712158203125,509500
2019-09-30,187.39725915268235,189.86784876075603,186.67060977909878,189.6626739501953,659500
2019-10-01,190.23542978429447,190.63722228287926,184.61890495122688,185.0634307861328,741700
2019-10-02,182.65274526849694,182.94339987596933,176.92508068499205,179.92568969726562,1362500
2019-10-03,179.80594547626492,181.4729499069317,178.31845757578193,180.23338317871094,833000
2019-10-04,181.34477269192325,183.7127688097801,180.87458848363087,182.84080505371094,770700
2019-10-07,182.37054305762518,184.56756572018242,181.66099501764467,182.90911865234375,727800
2019-10-08,182.38768087357943,182.38768087357943,177.52343751869728,177.60891723632812,1025300
2019-10-09,179.62638471823644,181.79777517454824,178.5150573202961,181.01129150390625,810100
2019-10-10,181.6097446594471,184.45648150421877,181.03697966704405,183.51611328125,741500
2019-10-11,185.96104943095932,187.9529107287594,185.2600583682642,185.75587463378906,737600
2019-10-14,185.1575067328755,186.2944928686713,182.72111905134167,182.82369995117188,650600
2019-10-15,184.40517598540598,185.30278470877766,183.5588446539365,183.9862823486328,679400
2019-10-16,183.83246013869697,184.35393482428174,182.51595733351795,183.1229248046875,523900
2019-10-17,183.16563723660792,184.42230538386715,183.09724562482359,183.25967407226562,463700
2019-10-18,183.19984928247447,184.3539235510917,182.75531030447885,183.6956787109375,633100
2019-10-21,184.41375494293817,184.60182860774583,182.34495767441948,182.51593017578125,726300
2019-10-22,182.08850797988143,182.6270837973996,176.7027889378003,176.93360900878906,1482600
2019-10-23,178.39541714504523,180.62664277267834,177.32682274568774,179.5751495361328,1179800
2019-10-24,180.65230672270303,181.6866988289803,180.1308321176355,180.78053283691406,669800
2019-10-25,180.7890376232264,183.04590805363512,179.70335530710975,182.3107147216797,570100
2019-10-28,183.02028802015656,183.34514487611,180.60954595439964,180.7890625,980200
2019-10-29,181.01133986168557,189.15830218891782,180.3359809237965,186.208984375,1177000
2019-10-30,185.33699292619823,185.6789378750899,183.8238597864071,185.2771453857422,604800
2019-10-31,184.77275993462115,185.7558613816528,181.60972370899447,182.3107147216797,1011900
2019-11-01,183.55032964583364,184.36245878541664,182.12267604055893,182.5672149658203,738700
2019-11-04,183.738380480054,184.59325595923954,181.93460574156254,183.30239868164062,962200
2019-11-05,182.78948930905415,186.67061841677332,182.0542958426482,185.14894104003906,980600
2019-11-06,185.371199956334,187.36306143307942,184.04614032484147,187.08950805664062,1019700
2019-11-07,188.92748421136406,195.27920287174513,186.79883953491174,194.5525665283203,1935900
2019-11-08,198.08322718854956,200.5623611629061,196.86929238096033,199.92974853515625,1810100
2019-11-11,199.21165085622616,201.314650474962,198.81841540316904,200.92140197753906,906100
2019-11-12,201.8617625950033,203.23811271681816,201.10946795618815,202.61404418945312,1152000
2019-11-13,202.36613055656628,203.5373058240425,201.78480843018434,203.05003356933594,1175400
2019-11-14,202.07547707238794,203.92199825884856,201.9728831410987,203.61424255371094,949500
2019-11-15,204.75975318077798,206.02496508155429,203.9989146198862,205.95657348632812,1259800
2019-11-18,204.39216481434383,206.6917818237392,204.39216481434383,206.18740844726562,976200
2019-11-19,206.22160168463216,206.79436667229035,205.35818217386935,206.2899932861328,816000
2019-11-20,206.07630312435208,206.69181457921906,202.59696633233486,203.37489318847656,1199500
2019-11-21,202.84486269868742,203.5287657247629,201.39157692100534,203.15261840820312,774000
2019-11-22,203.34068639533447,204.315243940893,201.1094608246656,203.11842346191406,979200
2019-11-25,203.66552590087056,204.4178074045292,199.30565601663332,200.6734619140625,1316500
2019-11-26,200.21180951689158,201.59671648972167,198.57045036794756,200.38278198242188,1438200
2019-11-27,200.38284031894423,202.01565588549278,199.27151244728026,201.7848358154297,685100
2019-11-29,202.07549174877283,203.61425734185366,201.1693257301558,202.03274536132812,653400
2019-12-02,201.75058350977912,201.92155597167758,197.22829862740576,197.4505615234375,1150700
2019-12-03,196.55295619635038,197.83526933414836,194.8944957843668,196.35633850097656,1162400
2019-12-04,197.04877903357578,197.79251645486417,195.6980743408203,195.6980743408203,972800
2019-12-05,195.9032771359446,197.67286267784834,195.82634146985427,197.01461791992188,1029200
2019-12-06,199.0150082400848,199.0919439002742,197.9464139229069,198.35675048828125,618700
2019-12-09,198.63036164948292,199.31425173107715,197.32240295410156,197.32240295410156,978500
2019-12-10,197.27960412612913,198.0831891072139,196.08277071272238,196.19390869140625,928900
2019-12-11,196.96329135088197,197.02313889151597,195.27064167341717,196.19390869140625,1248100
2019-12-12,196.44182447414352,199.0235519929011,196.06569023234067,198.6730499267578,2177400
2019-12-13,197.9806342256628,200.45978125662342,197.10011341387724,197.25399780273438,881100
2019-12-16,198.42516114129032,200.5367047583185,198.151594708532,200.41702270507812,1089200
2019-12-17,200.70768802998296,202.34904758153942,199.89555883623308,201.417236328125,1220800
2019-12-18,200.97267914269267,201.34028239255196,197.11719531489547,199.280029296875,1056100
2019-12-19,199.04070219620752,201.092398569811,199.04070219620752,199.23731994628906,912800
2019-12-20,200.0066719395495,201.59674084537286,199.32276895044055,200.89573669433594,1738200
2019-12-23,201.81045232292888,202.06690452063324,200.3657107354953,201.01541137695312,831000
2019-12-24,200.878644274119,201.85320183659098,200.0408699242942,200.93849182128906,162700
2019-12-26,202.01566376856232,202.01566376856232,200.72480622661803,201.8190460205078,344800
2019-12-27,202.7251755879995,202.87050285770422,200.90428659844548,201.31463623046875,416100
2019-12-30,201.58816246013384,201.8189824665174,200.32295054269036,201.17782592773438,470800
2019-12-31,201.60740264391654,202.0025991304941,200.54210120491018,201.88232421875,527100
2020-01-02,202.10572770012868,203.43735148211778,198.31704757561923,198.5747833251953,1320500
2020-01-03,196.43554181370274,197.8273092505864,194.14171915479722,194.15890502929688,1710400
2020-01-06,193.42866536662777,196.00599608761672,193.24825955718842,194.072998046875,1737400
2020-01-07,193.65205878134455,196.59021447845134,193.2225036248848,194.89776611328125,1518900
2020-01-08,195.6279995358582,196.69328784925057,194.0386403399988,195.95445251464844,965700
2020-01-09,197.65547712626258,200.79981029053903,196.97677277146022,200.6022186279297,1320900
2020-01-10,201.46137448014883,202.1400658799544,198.66926587861158,199.3135986328125,949000
2020-01-13,199.62287979974016,203.84111472951696,199.55414939923045,203.48887634277344,1376800
2020-01-14,202.7757518725049,203.6005033202609,200.93725681896544,201.47850036621094,944200
2020-01-15,201.95963620978924,203.37716285810805,200.82560440394866,202.28610229492188,779500
2020-01-16,203.49745794760898,203.8067381881472,202.3032951233887,202.5524444580078,756600
2020-01-17,202.7929483419697,203.90979413019753,202.0369272344345,203.60910034179688,1857000
2020-01-21,203.14520089363117,205.43042403168644,202.18298856862674,203.7637481689453,1699900
2020-01-22,204.99230841434704,205.447635822867,203.54040991552645,204.5026092529297,927800
2020-01-23,202.5953962923484,204.22770061113366,200.72252903042215,203.8582763671875,1072300
2020-01-24,204.0730558594795,210.14697200152582,204.0730558594795,209.5799560546875,1763500
2020-01-27,206.530104967123,206.9338878452885,200.48197439612588,200.57647705078125,1368900
2020-01-28,201.1090961580709,203.96993459168547,200.80841546454414,203.1365966796875,1338500
2020-01-29,204.40812838169182,204.40812838169182,202.37204095643736,203.84112548828125,709000
2020-01-30,203.02492885684944,207.68130457007751,202.87028220410255,207.39779663085938,1074100
2020-01-31,206.47855736666125,206.74487945062947,204.30500945100675,205.07821655273438,1596400
2020-02-03,206.09193463624047,209.33936997464556,204.78608352963388,208.77235412597656,1639600
2020-02-04,210.40470324230677,213.05935087928395,209.0043492815725,212.27755737304688,1447300
2020-02-05,213.67788712723774,215.28441898481967,208.88405070244667,215.01809692382812,1590800
2020-02-06,215.40470920764542,216.16931680541578,213.76381859376664,215.68821716308594,1517600
2020-02-07,215.1211857478851,215.95452367863928,214.03012524801613,214.7088165283203,730800
2020-02-10,216.06620890300698,216.4957639902893,215.05246518933157,216.2466278076172,861600
2020-02-11,217.59542887601467,218.48031132706905,216.68477416786016,216.84800720214844,965400
2020-02-12,217.18309595598194,218.82399984687012,217.01986289440893,218.29994201660156,690000
2020-02-13,218.1195534428299,220.2071986703899,217.5783096599467,218.97007751464844,666200
2020-02-14,219.2621523918688,219.9752024718817,218.77245318260012,219.94085693359375,650800
2020-02-18,219.85492474453764,220.43911346878195,219.04735894774322,219.70887756347656,857900
2020-02-19,220.2844444920925,220.7999158439005,219.0816823742008,219.77757263183594,931000
2020-02-20,218.98717770188452,219.9408036265918,216.59026608883227,219.41673278808594,922900
2020-02-21,219.27932674233986,219.58000749436124,217.956289484699,219.04736328125,1587000
2020-02-24,214.5713802503276,215.71399850345642,210.20709842562664,210.93734741210938,1330700
2020-02-25,210.94595360254965,211.67620265759928,201.73630253480394,202.31190490722656,1423700
2020-02-26,202.70708816689512,206.3325349588996,201.9854386058569,202.33767700195312,1310200
2020-02-27,199.2104970914242,200.41324624689608,192.43211746676775,192.5180206298828,1410300
2020-02-28,186.76200909518812,191.3926136209661,183.6863922940039,188.6692352294922,2353600
2020-03-02,189.94071526398176,198.3170416672512,189.54553182085874,198.15380859375,1625400
2020-03-03,198.5317939990627,203.7981442777149,192.9132184639309,195.3273162841797,1607800
2020-03-04,198.815273834881,203.9871207253244,197.41492006384703,203.7809295654297,1213900
2020-03-05,198.02491342919504,201.65894613093815,196.87370883567561,201.03179931640625,1548200
2020-03-06,194.3565088058414,198.90979576713607,193.67781747413247,197.34622192382812,2175000
2020-03-09,184.70014664122445,184.70014664122445,175.89426518301522,176.24649047851562,2393700
2020-03-10,181.21210975071475,184.34786987304688,175.79112643957313,184.34786987304688,1962500
2020-03-11,180.4132033022134,183.10222333678374,174.786026958371,178.52316284179688,1470600
2020-03-12,170.01792737372924,177.12277340273496,153.3340065040159,161.28077697753906,2288700
2020-03-13,169.37361330028614,177.42348681371678,162.08836064185382,177.28602600097656,2180400
2020-03-16,146.17758719793068,164.26185852906596,143.84080653451377,154.94052124023438,1809000
2020-03-17,159.2360525172679,176.770478620566,156.00579034953904,176.20347595214844,2284700
2020-03-18,163.8409151840256,181.72758307787194,157.07112248200104,173.1708526611328,2582200
2020-03-19,171.39249881609396,175.99733038633929,162.0110162434488,164.12442016601562,1818200
2020-03-20,164.0643196951613,166.53856192586278,156.60723435384594,162.500732421875,2155600
2020-03-23,160.14672910794997,167.19142984373502,149.4078520384664,151.83053588867188,2162800
2020-03-24,159.41649614935608,172.44061070649144,154.0126984361036,167.02821350097656,2161600
2020-03-25,166.11757268849553,175.79115021258065,162.99041163508565,164.21893310546875,2165300
2020-03-26,165.79110388841346,174.22757342162424,163.21377295942193,172.9732666015625,1512800
2020-03-27,167.79279505498258,171.0917747620622,164.3821268376855,165.9542999267578,1173100
2020-03-30,170.50762555897526,179.2018177668003,169.33064862028283,177.4320526123047,1281800
2020-03-31,175.27887143353212,178.02868993532266,170.75638617192988,172.6068878173828,2372800
2020-04-01,166.02634204871816,170.6958276410031,163.0344032040964,163.67430114746094,1566500
2020-04-02,162.24755928806175,172.2869677693382,161.2271819371996,168.1881866455078,1963500
2020-04-03,167.2283513758606,168.6119099038439,160.18952474352398,161.35690307617188,1943700
2020-04-06,168.29191800969892,171.3876193237579,164.8243931731197,167.63473510742188,2090400
2020-04-07,171.74216568146136,177.9076280254043,171.43086572537445,174.6995086669922,1383800
2020-04-08,175.9447457731769,188.14595703455998,173.86942108923938,186.57215881347656,1804000
2020-04-09,186.0273465360608,192.4868104609815,186.0273465360608,189.65052795410156,1744000
2020-04-13,188.68206897935318,190.22992654337824,184.6265264654243,186.94398498535156,1096700
2020-04-14,191.65667918753587,193.93954111440146,188.93281449107442,190.92166137695312,965400
2020-04-15,189.60733325877044,189.60733325877044,183.34674992502852,184.8946075439453,1042400
2020-04-16,185.430688102924,186.14840778631756,182.93164608959458,184.08172607421875,974400
2020-04-17,188.0421935164193,193.55910332269892,185.57773392525675,191.53565979003906,1755600
2020-04-20,189.79758856840533,191.25895575572468,184.37578501724659,185.37020874023438,800500
2020-04-21,181.5567808779432,181.69512617493217,177.62229868778138,179.33444213867188,1498500
2020-04-22,184.74758829645128,186.25220719496804,182.26584389453063,185.43072509765625,1318100
2020-04-23,188.69933510011543,190.05693961483365,181.30597114655686,182.6895294189453,1113900
2020-04-24,184.4449230768407,187.9297463502225,183.51966561887764,187.4541473388672,811900
2020-04-27,187.16878511115607,192.3571090959121,186.3559455757432,192.19281005859375,1194300
2020-04-28,194.9253353218757,196.46453708633908,191.2070337356926,193.36883544921875,1093400
2020-04-29,195.40956134435913,200.51142090165263,194.59672185320662,199.46510314941406,1323800
2020-04-30,195.34904958979817,197.58867295683038,193.82713276712462,195.06369018554688,1284000
2020-05-01,190.57580770195239,192.74625205874017,189.26142845272648,192.18418884277344,827200
2020-05-04,191.57889119449214,194.13845731093477,189.82350906898156,193.13539123535156,1345100
2020-05-05,194.56216527860215,196.99202843161362,193.29102474321465,193.9568634033203,1106400
2020-05-06,193.4639449662279,195.85922483194702,192.77216581576224,193.1613006591797,1314400
2020-05-07,195.556591201541,197.5281534445498,192.9710846185609,196.11866760253906,761700
2020-05-08,199.81964947182072,201.96415299026353,198.18532797039708,201.8949737548828,808700
2020-05-11,198.02102639769873,201.93820983812097,197.06118596030186,201.19454956054688,852300
2020-05-12,201.1686198996573,202.47434338570096,198.94629459742225,199.11058044433594,1062800
2020-05-13,198.75608257849603,201.35024499703846,193.08350300649232,195.28854370117188,1128400
2020-05-14,191.71724891529166,195.2280131522029,189.82350830607305,195.09829711914062,958900
2020-05-15,194.32003684587306,197.26008194934255,192.41765394394628,197.19090270996094,1441300
2020-05-18,204.01353990053656,208.67439694576447,203.94437385866394,206.625,1159300
2020-05-19,205.5354762261436,206.85849791194516,203.89249889200258,204.10003662109375,720400
2020-05-20,207.23900125477226,209.4959231920939,206.26186247588262,207.3600616455078,781700
2020-05-21,206.65097221698133,207.74917132283028,203.37368620443945,203.67633056640625,736200
2020-05-22,202.74242815769128,203.97897246816476,201.6269310270407,202.64730834960938,775100
2020-05-26,206.61638111712017,207.9826415053153,205.14635845968724,205.63059997558594,1043100
2020-05-27,207.7491579472815,208.09504096571516,200.96975050708775,203.3477325439453,1025700
2020-05-28,206.7460840917903,210.00608506330354,204.6534614283491,208.12098693847656,930100
2020-05-29,208.6571029928159,210.101184946933,207.14384180085852,208.95974731445312,1241800
2020-06-01,209.35751687311628,211.5193184957809,207.04005867243302,209.78123474121094,711700
2020-06-02,209.72932948533435,212.22837150307257,209.098087138909,212.115966796875,933700
2020-06-03,213.54277404177637,216.7076549677466,212.1851694051353,214.8485107421875,849100
2020-06-04,213.88868754628209,215.159828132614,210.22226673470402,210.96592712402344,1210300
2020-06-05,216.03314069829057,216.47414343712555,213.95780342206947,214.95223999023438,1243100
2020-06-08,213.52548349187947,216.0245390679936,212.71265708926407,215.81700134277344,889400
2020-06-09,213.91459798460073,217.30430133919296,212.57427834215937,216.93246459960938,1014400
2020-06-10,217.86638602754326,218.37656809328115,214.0097389475625,214.32968139648438,625900
2020-06-11,210.45574458482338,211.39828705455483,201.15999633559395,201.5491180419922,1370100
2020-06-12,206.56446418258565,207.54158950260893,199.43051912786103,203.24392700195312,854300
2020-06-15,198.88576136247386,206.1494099778757,198.1680415968149,204.94744873046875,709300
2020-06-16,208.5879383260709,209.87637698099508,204.60157517986,205.83811950683594,961600
2020-06-17,207.64540039332536,207.99992587715903,204.72264000123894,205.32794189453125,513900
2020-06-18,205.4316925157819,207.152478176152,204.2816124603068,205.8986358642578,678400
2020-06-19,209.21914765364647,209.21914765364647,203.54658259834463,203.6503448486328,1386600
2020-06-22,203.29585133435555,205.48359375187627,201.99877022382907,204.4805145263672,667200
2020-06-23,207.00551262997837,207.80970983845208,204.51511249353382,206.74609375,975900
2020-06-24,204.92152248418117,206.65961966033908,198.8857752599096,201.6009979248047,1164400
2020-06-25,201.42804410887717,205.50087126017144,199.51700553595654,205.19822692871094,860400
2020-06-26,204.55832826368848,205.8294687580915,202.71646893616756,204.0913848876953,1243700
2020-06-29,206.33099365234375,207.47241804267378,203.90113075077952,206.33099365234375,993300
2020-06-30,205.3657498165272,211.3573227710867,205.22660994723122,209.9746551513672,1544500
2020-07-01,210.35723049464133,212.92257325385626,208.14844187691807,211.96600341796875,1049100
2020-07-02,213.20083100278015,215.45310238857968,212.98342998247276,215.15744018554688,1333000
2020-07-06,217.68802241501322,218.2532598411009,212.93128634809062,216.45318603515625,1131600
2020-07-07,219.00982375378211,230.67989729241071,218.8532880973632,230.55816650390625,2682600
2020-07-08,231.66257863153,240.7586321167593,231.2973596894238,234.6105499267578,2793000
2020-07-09,235.68010874680087,236.54103490701164,231.26253131223217,236.1844940185547,1504300
2020-07-10,236.88887898734907,238.13240660150424,234.6539898649268,237.56716918945312,951600
2020-07-13,240.07160202022376,244.0978731112114,237.8715047842292,238.5758819580078,1180900
2020-07-14,238.27154248502302,244.8370433506207,237.42802537893073,244.35006713867188,1990300
2020-07-15,245.88060655106779,248.09808681714372,244.44576481782946,245.2023162841797,1327100
2020-07-16,246.2545167675071,250.44601547907146,245.88929785633374,249.74163818359375,2252300
2020-07-17,251.31564424475846,256.8550194236925,250.11558605726734,255.66366577148438,1961500
2020-07-20,255.19410576016926,257.315942668839,250.44607305585387,252.94183349609375,1037600
2020-07-21,253.0548446744785,254.50709549427097,252.1069791968817,252.52439880371094,1057500
2020-07-22,252.55917140152357,257.6463618827323,251.88958564183812,256.9767761230469,820600
2020-07-23,251.69820886958018,260.7247035317695,251.69820886958018,255.0113983154297,1318700
2020-07-24,253.89838213179425,255.09844037618632,251.62002298987588,253.50704956054688,1064000
2020-07-27,255.35934930732773,258.3507908306086,254.1506128844389,256.2811279296875,1077300
2020-07-28,256.08967267254974,256.2896911456835,251.43731251756287,251.5503387451172,775400
2020-07-29,251.49824071825023,254.5592646993002,250.81995045667045,251.18519592285156,1131200
2020-07-30,248.72424148351263,249.9330043405277,246.25456816664513,247.67202758789062,1042200
2020-07-31,248.376360409073,249.35031291813604,244.4109671717645,249.25466918945312,1546200
2020-08-03,250.51553244772882,250.99383061610257,242.0368926420697,242.10647583007812,1731000
2020-08-04,240.29773330076836,244.3240052675293,238.7585433155317,243.1239471435547,2065300
2020-08-05,244.48918658876232,250.48077155604267,244.4283079327955,247.5067138671875,1624700
2020-08-06,246.67194094895504,247.8111203758919,244.41096462605654,246.08929443359375,1293700
2020-08-07,246.38495365899146,246.38495365899146,242.79351049795648,244.9588165283203,861700
2020-08-10,244.16744863394678,245.0457573049354,242.53258860954557,244.5674591064453,980600
2020-08-11,245.32408016567837,247.56767433902493,244.2283966872303,244.88059997558594,967000
2020-08-12,246.9676482655504,249.8895062954169,245.75888541773605,248.18508911132812,755400
2020-08-13,247.21110251871644,250.8721290899605,247.11545878670074,250.71560668945312,758200
2020-08-14,250.81130673531092,253.96794833982366,250.16778144868888,252.02874755859375,1017200
2020-08-17,253.73313486099994,255.0636283431736,251.3938972330019,251.8026123046875,846100
2020-08-18,252.67228860506577,253.47233644470742,248.65471994657008,249.01126098632812,763900
2020-08-19,251.49820047604913,251.49820047604913,249.07202408527374,249.5329132080078,482800
2020-08-20,247.0371848025308,249.04599520708612,246.52412143571306,248.76771545410156,430400
2020-08-21,248.21981234812895,249.56768817429867,245.9675407692513,249.08941650390625,583500
2020-08-24,251.82872772548257,251.96786761004338,249.74168253350916,250.14169311523438,466100
2020-08-25,251.47213937013007,253.1765827312202,250.31557744630373,251.6808624267578,485400
2020-08-26,250.81990506901437,256.9940995082002,250.34163342762997,255.62881469726562,578000
2020-08-27,256.44628873253185,256.6723943303914,253.96791130547703,254.57664489746094,426400
2020-08-28,255.12448477475652,258.36809146052866,254.93317078897852,258.0637512207031,502700
2020-08-31,256.83757086467295,260.41163090249376,254.0026530658063,254.15049743652344,601900
2020-09-01,253.05487175873606,263.6379686221636,252.78529652699908,263.2553405761719,1071700
2020-09-02,263.04664118788077,270.2208778894607,262.4640210686718,269.8469543457031,1296600
2020-09-03,267.82069582651457,268.65550838030055,254.71575490922203,258.428955078125,1320600
2020-09-04,259.9334108067099,261.4986878489788,253.1070121036177,259.5159912109375,1375400
2020-09-08,256.4376511603633,259.4116833110776,253.9244817363396,256.1158752441406,1109400
2020-09-09,259.2986013723127,266.82067318910373,259.0986093696479,263.7248840332031,1025400
2020-09-10,263.2292212795996,266.13369633623864,255.75061930293393,256.7332763671875,1181300
2020-09-11,258.9769216000702,262.73361951917155,258.35950981770617,261.1596374511719,625800
2020-09-14,263.99452070808786,266.7946482413191,261.9857364492723,264.33367919921875,611000
2020-09-15,265.9945694715142,267.77724768423843,264.3249175265124,264.3945007324219,700700
2020-09-16,264.58578076829036,266.7597912550127,262.87265944322456,263.0204772949219,810000
2020-09-17,259.75081782328846,263.35096586419587,258.42032429148526,262.6031188964844,739700
2020-09-18,260.707322042516,263.75093666660644,256.3940927487905,257.23760986328125,1150800
2020-09-21,253.3766040086393,253.57662255405285,247.52418397640326,252.86354064941406,762600
2020-09-22,254.4984298898841,255.43759097614273,251.69830262733342,255.1854248046875,671700
2020-09-23,254.63747707847472,255.26359308744765,247.4806258337907,248.21109008789062,885100
2020-09-24,248.2807338832679,253.80269999545996,247.16764143318397,252.17654418945312,795400
2020-09-25,248.92421531736613,253.65486453676039,247.83721001030338,252.80264282226562,566700
2020-09-28,255.76799028080478,257.2376235433645,254.03748636616365,254.507080078125,742200
2020-09-29,256.21149761514056,258.08114139531415,253.75920732613508,255.54188537597656,603100
2020-09-30,256.5465999825251,261.4823668561891,256.01369743882725,260.2069091796875,1152700
2020-10-01,261.2551102329415,263.5963186448005,256.4591227536117,257.4200744628906,1316700
2020-10-02,254.49357778885073,260.73972457635796,253.51516382031795,258.6169128417969,1030000
2020-10-05,260.5825138183341,266.1560082798027,258.7479740958763,262.35589599609375,1091900
2020-10-06,263.41295612080694,265.7803718443972,258.51214084129265,258.7567443847656,1418600
2020-10-07,262.6879420223436,266.2085008607556,261.80560954484497,263.919677734375,645800
2020-10-08,264.71447706995764,266.164635532374,261.2812845619503,261.77923583984375,745500
2020-10-09,264.07689056830685,265.09897346948947,261.4037137593553,262.60052490234375,962600
2020-10-12,265.4658729827512,266.32197199046016,263.7186973297488,264.59228515625,706000
2020-10-13,264.1992138314292,268.03427796830215,262.42583124849216,263.037353515625,798900
2020-10-14,262.0675387810531,263.4478221353205,260.07576009521324,260.25048828125,975400
2020-10-15,259.32456410515795,260.04091255570137,257.14059443383235,258.54705810546875,1054300
2020-10-16,260.05832140903254,262.3995300184461,258.69552674625265,260.4514465332031,1398700
2020-10-19,262.04137720499176,262.60048616847183,256.1534042296748,256.9745788574219,922900
2020-10-20,258.1538938441415,259.7962428844633,256.9221320639002,257.2628173828125,532000
2020-10-21,256.8697518771691,260.35535850113865,256.0572950006358,256.1883544921875,429800
2020-10-22,255.559485113449,256.94848707411995,252.47572000735178,255.30613708496094,547400
2020-10-23,257.69093397496346,258.2325541351694,255.28856757033273,256.8348083496094,477500
2020-10-26,253.28800332620722,254.44114541323228,247.2602539218913,250.19549560546875,636200
2020-10-27,250.8332987624554,251.89033265995943,247.54859971724173,247.66217041015625,538600
2020-10-28,241.98382885919958,244.2988312762566,238.27108058247902,238.47201538085938,903900
2020-10-29,238.32346747131368,244.2988043699809,236.9781348968269,241.78286743164062,715600
2020-10-30,240.16681517738834,242.9011231148598,237.33637204084394,241.31993103027344,827400
2020-11-02,245.23360776103416,251.24389705815892,243.81839956277398,250.4489288330078,690200
2020-11-03,253.3142919450209,255.7079143309059,250.69352816726496,252.50186157226562,842300
2020-11-04,253.31424813228278,254.99154839025064,248.65803702277222,252.72021484375,924200
2020-11-05,257.93550297395035,267.76336422329575,257.7695191845123,264.99407958984375,856400
2020-11-06,265.07275737866337,268.8728698932656,263.94584823678673,267.9468688964844,745400
2020-11-09,278.5958315468565,286.44065798474617,273.00487610171155,273.1446533203125,1261700
2020-11-10,275.2500936334593,275.6781698795096,270.3929465158218,270.78607177734375,1279600
2020-11-11,259.45557618989926,262.21611683270993,242.1235974644686,245.33839416503906,4733200
2020-11-12,242.7612773794169,244.57832790515835,230.28642052818904,231.7715301513672,4849000
2020-11-13,234.1477858216319,235.48437436811454,229.10719276145403,230.51365661621094,2553700
2020-11-16,233.75457357585665,235.62406395889954,229.57882564096434,232.75869750976562,2201800
2020-11-17,231.14260605539076,232.95968371305193,229.0896692757288,232.62771606445312,2218700
2020-11-18,233.0907050171571,237.7032475708366,232.39181877582132,233.85946655273438,2028800
2020-11-19,233.0295426420982,238.16624310536005,230.44373025221486,236.1831817626953,1340500
2020-11-20,235.81624959458713,236.8732831738913,231.8326920903174,236.28799438476562,1102900
2020-11-23,238.2885239811259,241.69553757700476,236.65491913354793,240.46377563476562,1265900
2020-11-24,242.8574200901344,250.1780904720861,241.3373857760972,248.1164093017578,1921400
2020-11-25,247.80193393309287,250.03831670716622,242.21097699790946,242.96224975585938,1177700
2020-11-27,243.73971606632387,244.5783528051398,241.5994155079229,242.7088623046875,674700
2020-11-30,242.85739236927682,244.73560068334177,240.9267709234543,244.7268829345703,1312900
2020-12-01,248.97258121945737,249.84616922373615,243.9669123574154,247.3826446533203,1259700
2020-12-02,246.0809115009923,246.78851537690122,239.2494495619465,239.25819396972656,1373200
2020-12-03,239.69502437919016,240.41137277219232,232.43551190761315,233.46633911132812,2035600
2020-12-04,233.2566642724387,239.23200104281872,231.17752124553775,239.15338134765625,1587100
2020-12-07,239.78242149074035,241.4859019361086,234.261339446934,235.1523895263672,1114200
2020-12-08,234.9951322968757,235.9036711281166,233.3353207092638,234.32247924804688,1358500
2020-12-09,235.32706665352237,237.2751502265176,233.99919624346452,236.36663818359375,1038100
2020-12-10,235.17859130200077,236.060923612912,232.9771593895795,234.83790588378906,1065000
2020-12-11,232.88977069096808,234.67189728521697,232.112291404417,233.5624237060547,751800
2020-12-14,235.06495486881641,236.15693943938612,231.7802834091928,231.85015869140625,894200
2020-12-15,235.95607636995013,237.67704544798477,234.17394974594532,235.87745666503906,1655400
2020-12-16,235.91235063800443,236.80342716528185,233.59734853633697,234.90773010253906,1154900
2020-12-17,235.8599180965932,237.11788642939743,234.55828104575534,234.64564514160156,940000
2020-12-18,233.78956784525013,236.27055405193025,231.78032652554958,235.4755859375,2605100
2020-12-21,231.82401368256453,232.87232981257466,227.66572680258741,231.0552520751953,1387100
2020-12-22,230.63592529296875,231.22121419376285,228.5392932298344,230.63592529296875,1266900
2020-12-23,232.40932744713456,234.97767795139634,231.50078858568074,232.5927734375,840500
2020-12-24,232.44424562811508,234.43602487883578,231.6143531585231,234.42730712890625,227600
2020-12-28,237.19650611772533,238.139995697218,234.47091694990914,234.64564514160156,630600
2020-12-29,236.89083387425848,239.68629905573187,233.57992839010038,234.75927734375,777200
2020-12-30,235.85122164177687,238.4894469519289,235.35327024429893,236.8296356201172,611300
2020-12-31,236.5311662928317,240.18331999553632,235.54786528895121,239.86727905273438,795600
2021-01-04,241.77238164549135,242.72053122184815,234.55581907405855,235.4600830078125,1286200
2021-01-05,235.50397361238453,248.8748146391899,235.50397361238453,247.91787719726562,1882400
2021-01-06,248.45338689125998,257.45214030339923,248.20756835754364,254.57254028320312,1883700
2021-01-07,254.2125758436398,255.03782948345184,249.19083162343046,250.46383666992188,1147900
2021-01-08,251.39451265077147,252.69382803664078,247.00487571533708,250.8589630126953,1229700
2021-01-11,249.83175272691187,251.3505496540902,247.4876752862585,248.56753540039062,751300
2021-01-12,248.56751907008706,249.2610890226489,246.0390845831568,248.5060577392578,1097400
2021-01-13,249.19089037447915,256.68839728179114,249.19089037447915,255.18714904785156,1608800
2021-01-14,255.3626906835226,256.25819361068017,251.0608525883455,251.30667114257812,1108100
2021-01-15,250.01619481242156,253.17673920163625,247.29461417748055,251.8861846923828,1908600
2021-01-19,254.53749787171768,254.59017137507593,249.06802703267067,250.78875732421875,1368200
2021-01-20,252.25476003246678,253.52776493422567,251.28027389602752,251.57876586914062,692500
2021-01-21,251.52615755908604,252.32507457303043,247.36479096041262,248.1110076904297,918500
2021-01-22,247.03120950293618,252.28119806774015,246.697592813089,248.98020935058594,791200
2021-01-25,248.69051192300287,249.0241286579381,242.6767300145895,244.95932006835938,1129700
2021-01-26,245.78449509863532,247.4086658014514,244.01987961885806,244.0549774169922,962500
2021-01-27,241.38612699407642,241.39488804855688,234.1168898669102,237.0228271484375,1124500
2021-01-28,240.26234639835832,244.9416865426611,237.04034181547848,242.1849822998047,982800
2021-01-29,240.3676731251112,242.03572929077265,233.65153603124222,234.1958465576172,1458600
2021-02-01,235.90784001786494,238.17290748178158,232.99314171013592,236.11856079101562,1360400
2021-02-02,237.91831281858535,242.5186435778044,237.05793436688472,240.50820922851562,1061400
2021-02-03,241.30702913472877,245.74936489647158,240.6573716561498,242.8346405029297,1065700
2021-02-04,229.89403400817196,233.52866595510505,215.75063781378597,225.36395263671875,6284200
2021-02-05,224.75816986979257,226.21553235891722,219.37647139630255,222.24728393554688,3167300
2021-02-08,228.21717609360655,229.13020105015383,221.13229747809362,222.6774444580078,2056000
2021-02-09,222.80037133175665,224.93372807027703,219.2974368618664,223.3798065185547,1347100
2021-02-10,223.93290275924235,224.7493686448916,220.4563050687299,222.62478637695312,1463000
2021-02-11,223.87142132874212,227.37434205367285,223.15151464178984,226.23304748535156,1183800
2021-02-12,225.40776916610582,231.1845173429211,225.40776916610582,228.74388122558594,1157500
2021-02-16,230.21886839105804,231.36016307923566,228.0064746126892,228.9019775390625,1095700
2021-02-17,228.15574736821623,229.78867925988305,225.4341674232236,228.26988220214844,873800
2021-02-18,228.2610836093355,231.67623345129138,226.91785599670754,230.58758544921875,913500
2021-02-19,230.51738256552022,233.07215427871606,230.51738256552022,231.66746520996094,1215500
2021-02-22,230.6666045927544,233.22137618840102,229.18290534862754,233.0721435546875,1001500
2021-02-23,233.2214141366493,234.8367973769603,227.9011761063386,231.1846160888672,1335600
2021-02-24,230.7017084678886,233.37061465682385,230.11348545551022,231.1231231689453,971300
2021-02-25,230.87734301978702,232.45760152517693,228.015291299266,228.5947265625,843300
2021-02-26,227.70798336712915,229.235568187297,224.3718705805839,224.41575622558594,1285500
2021-03-01,226.85643745033724,231.13193965150322,226.85643745033724,229.3058624267578,827700
2021-03-02,229.75359443853492,234.38026185185103,229.48143910788195,233.52867126464844,1158200
2021-03-03,230.78950261028788,233.23892695752195,229.59550770709626,230.31541442871094,1193700
2021-03-04,229.63942016248194,230.77192694050248,222.33505955468112,225.12686157226562,1126500
2021-03-05,226.6105954318758,232.32591085556408,224.23141989775363,231.6147918701172,861900
2021-03-08,233.30914650266823,237.6373210405833,231.36893494984614,234.30120849609375,1021800
2021-03-09,236.5136082576144,238.15532801489132,234.731416917868,234.85433959960938,744400
2021-03-10,236.39951164609846,241.43004551233622,234.95972457936068,238.462646484375,806600
2021-03-11,240.91207486047736,242.91374837554392,239.02453620070898,239.40203857421875,839100
2021-03-12,239.48974744797124,241.8074611213518,238.93664907358226,239.90237426757812,741500
2021-03-15,239.44592349334803,239.95513641661688,237.24234381850366,239.63906860351562,721500
2021-03-16,239.13861541959886,241.7548214658964,237.65491623034904,240.99981689453125,650200
2021-03-17,241.18416505278512,242.15865139905722,237.45297439713698,237.62857055664062,735800
2021-03-18,236.7506833687049,238.64698289242952,234.4592790231943,236.1887969970703,742700
2021-03-19,236.6366072451602,243.2474008461259,234.49446180812,241.78125,2431800
2021-03-22,241.55294049326125,246.9346125665243,240.06924114955044,244.78370666503906,1818700
2021-03-23,244.42371186957448,244.9943591839005,240.36769254372882,241.15782165527344,1147700
2021-03-24,240.8593537525735,246.82048746396575,240.6222962408164,244.07257080078125,778700
2021-03-25,243.9321254766571,244.81005284796612,241.12274717158135,243.42291259765625,1340900
2021-03-26,245.64404708397203,252.3777612432849,245.1436488865611,252.1582794189453,1269800
2021-03-29,251.41205879963553,254.8798826575332,249.0680077054295,249.30503845214844,1118300
2021-03-30,248.98893494194482,251.30667574620725,247.2769928768184,248.1110076904297,896200
2021-03-31,247.14897171976446,250.87359497264947,247.14897171976446,248.31402587890625,831600
2021-04-01,249.07301938422424,251.73849688105227,246.4075149522261,251.4560546875,927700
2021-04-05,253.00070971681947,255.93098785105067,251.97687662406955,255.52499389648438,780100
2021-04-06,255.330803734707,256.8047505219401,252.56822418195352,254.20986938476562,743900
2021-04-07,252.81535302325102,253.84799385533182,248.38465101289228,249.3290252685547,853600
2021-04-08,251.3677907917054,252.44457809772965,249.6820262187051,249.8761749267578,707000
2021-04-09,249.77034863582605,251.40318614032864,247.8021412138269,250.97952270507812,953200
2021-04-12,250.09691531640044,251.76506487142873,249.25845010457982,249.67327880859375,681900
2021-04-13,249.34664949763402,253.38016464976292,248.41108321476037,251.64141845703125,893500
2021-04-14,251.31492414670433,251.85333145561506,248.65828042840047,249.67327880859375,631700
2021-04-15,251.01480350851756,254.015678396605,250.2292929722034,253.44198608398438,778200
2021-04-16,255.48083067454724,255.74563040321019,252.63001150236855,253.7332763671875,1013500
2021-04-19,254.16566994622505,254.56285595032003,248.35809732307774,251.01473999023438,898400
2021-04-20,250.54700494742772,253.10657375578322,250.38814128939705,251.13836669921875,755500
2021-04-21,252.2239917289277,255.70148475268135,251.2001586977293,254.74827575683594,626200
2021-04-22,253.69794305312877,254.64234416257912,251.28840309396782,251.31488037109375,849200
2021-04-23,252.0032850833919,256.9370812971663,251.28837175497557,256.22216796875,885600
2021-04-26,256.15164502818953,258.4905613435503,254.6335513741324,256.1163330078125,828800
2021-04-27,255.71910965928794,256.56640938960373,253.30956990740893,255.77206420898438,519300
2021-04-28,256.0368564416111,257.41372870884265,254.96006895721985,255.59555053710938,543000
2021-04-29,256.672343752291,258.2345569924442,256.11629399057574,257.9874267578125,553600
2021-04-30,257.57260338257794,258.04922132166666,254.0509907333427,254.61587524414062,906400
2021-05-03,255.66620409087056,257.572622115525,254.66001358352375,256.1251525878906,952300
2021-05-04,254.67767657754942,257.387301826153,254.64239149160665,256.1957702636719,1178600
2021-05-05,256.9636371309655,259.1878093845292,255.32196501855302,258.243408203125,1131400
2021-05-06,258.96710636833444,261.1118463700012,256.9459180004009,259.1789245605469,1178700
2021-05-07,258.19928705178694,260.6529470020603,256.2663648787641,256.44287109375,1214900
2021-05-10,262.56816358854934,267.29897662349197,258.7994210739531,259.0730285644531,1245600
2021-05-11,258.25222965724754,265.6573289852934,256.8753573422683,265.4366760253906,1217100
2021-05-12,263.397845182821,264.4216781503597,258.2080832493417,258.7464904785156,935500
2021-05-13,258.7288870024944,265.0925117935591,258.69357498168193,264.58941650390625,850700
2021-05-14,266.1074521891257,267.67850008318356,265.19836313135914,265.71026611328125,698500
2021-05-17,265.6661453773886,267.71381116832714,264.42165953725373,266.2398376464844,592500
2021-05-18,265.5691003155096,267.1931029352322,264.01569479439365,264.4570007324219,817600
2021-05-19,262.7271072178139,264.2186966114311,260.6617715816513,263.25665283203125,800200
2021-05-20,262.96533175513883,264.86294152095644,262.0474080463299,262.1886291503906,542300
2021-05-21,263.150753653153,265.8339015856865,262.93010066049817,263.1860656738281,672900
2021-05-24,265.18956331726133,265.18956331726133,262.85948191295637,264.404052734375,679100
2021-05-25,265.48080536595194,267.06066106190866,263.3272304637368,265.71026611328125,908900
2021-05-26,265.79856410402596,266.1692729476548,260.37934112982623,262.48876953125,748000
2021-05-27,263.71561309345424,264.9512643474451,262.621156038339,263.2654724121094,1155300
2021-05-28,265.25126622901627,266.75171674095,263.5831442914411,264.4833984375,549300
2021-06-01,268.0050461980003,268.2786536792523,265.2248246379152,267.0253601074219,736200
2021-06-02,268.2787236992894,270.13221420149307,266.3899481120308,269.7791748046875,1003400
2021-06-03,267.85501849338374,268.5434545678862,265.3925242158598,268.4110412597656,858700
2021-06-04,268.887670427495,269.9291458519788,268.1109677600245,268.9847717285156,820000
2021-06-07,269.13484841805627,269.5143650821986,264.2451977361247,266.381103515625,670400
2021-06-08,265.8603656220146,266.3634608846462,262.8594904584505,264.44818115234375,807800
2021-06-09,265.216028338469,266.32812789774584,262.32106252439434,262.44464111328125,778600
2021-06-10,265.2425430363498,265.76328087331655,263.3096206416668,263.5479431152344,563100
2021-06-11,264.49228897362406,266.69881846541625,264.1304149047492,265.18072509765625,710400
2021-06-14,265.18069405583867,265.18069405583867,262.4887122298685,264.0068054199219,567700
2021-06-15,266.4517263265672,266.7518111481244,263.40670441856633,265.7367858886719,1068600
2021-06-16,266.96364935999,268.9760036172747,264.1657575036976,264.81890869140625,958800
2021-06-17,264.1833570800837,264.60699348414767,260.39694510772233,263.9803466796875,786500
2021-06-18,260.9353346416951,262.8505869376392,257.72261514051326,258.3404541015625,1702000
2021-06-21,260.7234816846717,263.1330212381569,259.761438197501,261.747314453125,640700
2021-06-22,262.64764755962153,264.218695725281,262.10043246997975,263.0271911621094,566400
2021-06-23,262.2593393910163,263.1860712055732,256.52236146140785,256.6900329589844,936100
2021-06-24,258.4464371181842,259.47027021024564,255.34846056096285,255.8956756591797,999800
2021-06-25,255.8073731018364,257.2989892392302,254.56291413293414,254.6688232421875,1413600
2021-06-28,255.60444079861963,256.4429060382053,253.41555334014268,255.11898803710938,921100
2021-06-29,256.35467212518955,257.03427368430107,253.21257548706217,254.44822692871094,984600
2021-06-30,254.74094736056603,255.97420751105994,254.00455989431103,255.23779296875,673500
2021-07-01,256.77272965670267,257.59784542637004,254.99827316654975,256.23150634765625,619400
2021-07-02,256.16944383032336,258.7512815032422,255.2289839726215,257.9793701171875,541500
2021-07-06,258.8488192452966,258.8843159534809,253.03748554767515,254.3860626220703,1034800
2021-07-07,254.8119547798372,258.28099328174534,254.8119547798372,257.9971008300781,639700
2021-07-08,254.5369014358278,256.48878715459415,251.9727990406333,254.95387268066406,807300
2021-07-09,256.4710637998769,258.9109413644096,256.4710637998769,258.7778625488281,734300
2021-07-12,258.7512411421765,260.35712199263185,258.1745211604753,258.2277526855469,1041300
2021-07-13,257.89060627306753,258.8044501419998,255.51281436391633,256.2846984863281,580300
2021-07-14,256.2314971110952,258.42295188047945,255.30879926423813,255.6459503173828,597700
2021-07-15,254.32395142863376,257.50909733376983,254.32395142863376,255.61044311523438,733700
2021-07-16,256.2137370497682,256.7194635796566,252.11474744131215,253.33912658691406,1496200
2021-07-19,250.73066238260276,251.6977377466911,247.5366358595274,250.28704833984375,1102700
2021-07-20,251.1032971039473,257.17193430024196,250.375790610806,253.70289611816406,1065600
2021-07-21,254.4304132002593,255.48621689128598,253.587562682283,254.3860626220703,721800
2021-07-22,255.47740257929382,257.1187532912035,254.42159872478695,255.92987060546875,896900
2021-07-23,257.2961630525272,257.7663928881673,254.5635122687436,257.553466796875,635100
2021-07-26,258.03256400893434,258.6181378666942,255.27329731930607,256.5154113769531,524900
2021-07-27,255.26441722572477,258.5826690974485,252.91326791660032,256.3202209472656,680200
2021-07-28,256.0629170378362,256.8170664207865,254.34171924496766,255.37088012695312,654400
2021-07-29,257.154201072513,258.04142921328594,255.61043277190532,257.0033874511719,422500
2021-07-30,256.8969448516101,259.64735801199305,256.8969448516101,258.2100524902344,570600
2021-08-02,259.3989613880076,260.5434935982991,255.80569722042736,256.1694641113281,550500
2021-08-03,256.9234623131229,258.3696482289268,255.52165404121936,257.872802734375,520500
2021-08-04,255.2821438719533,257.98817867139365,255.12242224058812,255.22891235351562,595800
2021-08-05,256.9412875953111,259.1327422936325,255.78787471005722,256.1605224609375,1039100
2021-08-06,257.5623057015598,260.0554144877831,256.1250005167396,258.023681640625,809500
2021-08-09,257.5800886516842,258.62701139337673,240.23476169339077,244.65316772460938,2273400
2021-08-10,243.62387525923768,247.27039555047537,243.62387525923768,246.5339813232422,1301100
2021-08-11,246.72042961202987,248.1488812306196,243.41108543721876,247.29714965820312,978600
2021-08-12,248.15778263376802,248.7433295232815,245.1145687871543,246.30345153808594,862600
2021-08-13,246.07276060747637,248.22871875720242,245.38072365536465,248.19322204589844,604800
2021-08-16,248.42387947751044,250.84602204979564,247.53665133651933,249.799072265625,1334400
2021-08-17,249.11592290573026,249.87007226064654,246.39212594289438,249.6748809814453,933800
2021-08-18,248.95622570290257,249.9765326659199,240.5985245695168,241.45913696289062,1184100
2021-08-19,239.79110245011694,242.0624039700713,238.83290812103144,240.78482055664062,1131000
2021-08-20,240.1992922157251,240.6961378248495,235.15981563223426,237.28030395507812,1624100
2021-08-23,237.83928145838198,240.4388537105784,236.97866898013947,239.98635864257812,1643100
2021-08-24,241.69875599301432,242.58598433190113,239.03707097635385,240.01300048828125,954500
2021-08-25,238.63777484924137,239.2588454321878,237.333548285899,238.8152313232422,1305200
2021-08-26,239.0015729278756,241.28175624434576,237.42230757651174,238.14984130859375,774500
2021-08-27,239.07249562390274,239.5427254719774,238.0610695874641,238.22076416015625,551400
2021-08-30,238.71764220904703,240.5985618569389,238.34502148879758,239.72909545898438,563000
2021-08-31,239.37418955946197,241.3083678720706,238.72653021547657,239.11691284179688,876900
2021-09-01,239.11685937067503,240.0750538271527,237.33352218450295,238.9660186767578,543400
2021-09-02,239.50726990262046,240.7405030544485,238.24739391105769,239.55162048339844,453000
2021-09-03,239.48952550942786,240.075099429192,237.67071834772096,238.02560424804688,821400
2021-09-07,237.6440740909573,238.2651175730561,236.10027864173432,236.97865295410156,666400
2021-09-08,237.33357117544023,238.3450244378925,236.0914569658086,237.5376434326172,864200
2021-09-09,237.20927921776547,239.0813444888596,236.55273912298105,236.99635314941406,752700
2021-09-10,237.4843720082461,239.0547560941977,236.7124607700111,237.7771453857422,1000300
2021-09-13,239.8709437403282,241.35262638078535,237.13829347466037,239.10794067382812,1258900
2021-09-14,240.1194533236622,240.42110766288621,237.66181387812927,238.5401611328125,775600
2021-09-15,238.93048424736108,240.2435914054893,237.5996422770058,239.10794067382812,1166400
2021-09-16,238.01667074566743,238.66435700089266,235.90509062835415,236.3753204345703,1138500
2021-09-17,233.77573470558067,234.61861227174722,230.34216612476752,232.3029327392578,1702700
2021-09-20,228.90488061406788,230.45752999807803,225.27612044570807,229.0645751953125,1113200
2021-09-21,230.41317294172305,230.92775338106773,228.22171821826913,228.36367797851562,718300
2021-09-22,229.47272465023735,230.86565240717087,228.53223780725773,228.85165405273438,631200
2021-09-23,230.2179447125114,231.79720956225006,229.87191277567837,231.04306030273438,879200
2021-09-24,230.1824773820154,232.19647556995852,229.49044049609205,230.2889404296875,738900
2021-09-27,238.66437632387806,238.66437632387806,232.14324389758715,232.37393188476562,1219600
2021-09-28,232.11660075563827,234.3080551471693,230.47522342921152,232.72879028320312,1195500
2021-09-29,232.3650331645106,233.40310195135402,230.80353012567164,230.87449645996094,917100
2021-09-30,232.21310473112663,232.784208801945,228.500832955169,228.54544067382812,762400
2021-10-01,230.02674614118493,231.39207436324952,226.58220291111377,229.7233428955078,877000
2021-10-04,229.286120637605,230.89237974215595,226.1985067617408,228.43836975097656,1007000
2021-10-05,228.54540577129382,230.72279587691057,227.09084850553916,229.3574676513672,970900
2021-10-06,227.55491028124626,232.91807590087845,224.85102361310825,232.68605041503906,1310200
2021-10-07,234.1316910213201,237.84396266133567,233.83722017626647,235.0062255859375,1359600
2021-10-08,236.46075360822454,237.70113658603125,235.39882869908462,236.8623046875,1162300
2021-10-11,238.89695287269694,242.87695247309154,237.92427044740106,239.80718994140625,1070200
2021-10-12,239.80717803417505,244.11732354262332,239.72686780851865,243.08216857910156,1266500
2021-10-13,245.45585463339623,249.4982989427462,245.2952341998407,248.45423889160156,1285100
2021-10-14,251.25630114512052,257.60998651530014,251.25630114512052,256.9764099121094,1575100
2021-10-15,258.27922226394844,263.0980256330119,257.09237948262324,261.1972961425781,1637300
2021-10-18,260.5369438571854,262.3573905186872,259.1002378857254,261.0545349121094,977100
2021-10-19,261.4650822479276,263.66031046680547,260.3317792379833,262.7947082519531,896800
2021-10-20,263.29434102754516,263.98148487925437,260.6350899641456,262.08966064453125,751100
2021-10-21,261.85769896296335,262.35742521329803,260.3317501354428,262.25927734375,620000
2021-10-22,262.62515180938584,264.33851857408143,259.5464837750208,259.8855895996094,898500
2021-10-25,261.2686935107434,263.72271670273113,260.00151318907274,262.2860107421875,633300
2021-10-26,262.8036135100875,264.13323937660186,262.10756428179315,262.696533203125,460100
2021-10-27,262.63395630358315,264.1420669047559,261.75051688897724,263.1158447265625,748500
2021-10-28,263.49968755120244,269.0145417433898,263.49968755120244,268.9967041015625,1256800
2021-10-29,267.7294742606198,268.8717094875525,265.9715000908134,267.5420837402344,924700
2021-11-01,267.3636686453249,268.5505391299128,265.74847685878655,265.91802978515625,653000
2021-11-02,266.36416688231895,267.43502440596154,264.9810008778988,265.998291015625,932400
2021-11-03,266.4801613465043,270.57614615897796,266.06967779157986,269.6123962402344,1270200
2021-11-04,262.6162420350298,269.1127110483389,260.5905395601461,268.79144287109375,1121000
2021-11-05,270.16566377780214,276.3944310818407,269.56776246502295,276.0196228027344,1646700
2021-11-08,276.4390399226516,280.0531361896749,274.40443253657986,278.9555358886719,1634200
2021-11-09,279.1428696923552,281.11500409208946,277.9560269720711,280.06201171875,1174000
2021-11-10,279.5623610200552,280.97229710995464,279.14294499779385,280.44580078125,988700
2021-11-11,280.73138792854104,282.33767434736876,276.9834407506904,277.09942626953125,1297200
2021-11-12,277.411735416372,277.411735416372,275.93932676503977,276.6353759765625,1234200
2021-11-15,275.2967593505039,275.4127720666726,270.44225353858184,271.10260009765625,1510000
2021-11-16,271.9325424005118,271.97715010943745,268.89845566863,269.0501708984375,1610600
2021-11-17,269.0502689712573,269.5678329621952,265.3647667338666,267.256591796875,1404300
2021-11-18,268.35419135155195,268.35419135155195,264.1332606912449,264.3563537597656,846300
2021-11-19,264.3562966145563,267.3100460246234,262.78574027014093,265.6948547363281,1091200
2021-11-22,267.2297699109102,267.836603700668,265.1237846023994,265.4985656738281,1099500
2021-11-23,266.40879133543666,269.87119966135504,265.83766008318594,266.81927490234375,1072500
2021-11-24,266.2213417247454,267.8633302620049,265.4003746891494,265.7840881347656,603300
2021-11-26,261.97369074552506,262.72328006105386,259.4036546734059,262.0361633300781,619600
2021-11-29,263.2676359789457,263.9012398471421,259.8587948806157,259.9926452636719,853500
2021-11-30,258.36853371870245,259.6981596425574,255.32554111044354,256.50347900390625,2396100
2021-12-01,260.6618941766521,262.61619124169954,254.13865634633692,254.2725067138672,1184000
2021-12-02,255.07563846120172,258.64512687050996,255.06670602560715,256.4945068359375,1350900
2021-12-03,256.8961108124804,259.4126069281082,255.0578262768755,257.55645751953125,1199100
2021-12-06,260.65299872527936,262.9196317915342,259.5375334491947,261.3669128417969,962500
2021-12-07,262.39314253227525,265.7127683728352,261.89341625374277,264.0797119140625,859100
2021-12-08,265.0344990950626,265.23082203556544,260.85820443312906,263.84765625,1098900
2021-12-09,259.09130742030834,262.3663249488447,259.09130742030834,261.6256408691406,1239500
2021-12-10,264.06186004066075,264.06186004066075,261.3222708603729,263.5621337890625,695700
2021-12-13,263.1069875137908,267.2565123450807,262.4377084367106,265.53424072265625,1008500
2021-12-14,265.86444978555846,267.229778197032,264.07080013631384,266.10540771484375,808500
2021-12-15,266.89061043584275,274.3419222125063,266.0339409261392,272.2448425292969,1461000
2021-12-16,272.17356886749934,273.9672460195278,269.6481670798907,270.5226745605469,636800
2021-12-17,270.1835400525502,270.1835400525502,265.93586660247155,266.2214050292969,1768400
2021-12-20,263.0623440669248,263.43712504867887,259.5820987854789,263.2586669921875,779400
2021-12-21,265.12374459339003,266.5604505387882,262.22353539706876,263.9190368652344,636600
2021-12-22,263.2943574603995,265.2665192612405,262.53586301872724,265.1772766113281,430300
2021-12-23,265.39150062353457,268.2203326270618,265.39150062353457,267.2476501464844,344700
2021-12-27,268.97886209934416,269.8176669802856,266.62298623036315,269.6927490234375,413600
2021-12-28,270.5225665491402,271.593423843128,269.32679133623884,271.27215576171875,354500
2021-12-29,273.0480170789474,273.2086375163818,271.31681307628475,272.5304260253906,499700
2021-12-30,273.065875546854,273.5031291820142,269.5053194136089,271.1829833984375,433300
2021-12-31,270.80633892227803,274.14243160463934,270.80633892227803,272.8600158691406,586600
2022-01-03,273.0931217084557,273.52359492348273,265.2013043431587,265.2820129394531,1130100
2022-01-04,269.03960140224706,269.6763207958245,267.5240094582312,268.51947021484375,1667400
2022-01-05,270.99463779311986,277.37089109202174,270.91392919036485,272.842041015625,926100
2022-01-06,272.815132837906,272.8420357049674,266.7976210480979,267.2639465332031,808500
2022-01-07,267.9096185842101,267.9096185842101,263.79331608576507,266.7168884277344,945000
2022-01-10,264.8336142479316,265.91873298047256,263.04001689980674,264.6452941894531,1019100
2022-01-11,265.0757812319514,266.8873323506838,263.8471712364514,266.8335266113281,542000
2022-01-12,267.7303412398036,269.12036853548045,265.578029434056,268.8154602050781,959700
2022-01-13,268.2503477092621,269.20095187583524,263.5870121949274,263.9188232421875,788400
2022-01-14,262.0356257719172,262.55575699862953,259.3542062997589,261.2823181152344,1478500
2022-01-18,259.10310159850025,259.10310159850025,254.90606273447003,257.02252197265625,1086600
2022-01-19,257.66824437569323,260.06268190679333,255.85669323775085,256.0988464355469,814500
2022-01-20,256.0898455172282,260.7621592806546,256.0898455172282,257.3633117675781,1073700
2022-01-21,257.5337213770359,257.6682357223339,252.86137996137504,253.31875610351562,1503900
2022-01-24,250.33239095470034,254.69081930326126,245.75871231753123,253.62362670898438,1351800
2022-01-25,249.97362927114773,252.17977349923135,246.28780021691884,250.59242248535156,788100
2022-01-26,252.26953368380754,252.97801251737346,245.60632405376327,247.8842010498047,1171100
2022-01-27,249.73155111495393,251.74037157410802,244.4673467869243,247.38194274902344,1062100
2022-01-28,246.59275301121087,248.99616708924458,243.9830653684622,248.97824096679688,1025200
2022-01-31,248.12626503420574,253.33666344476603,247.70476853810297,253.00485229492188,1234300
2022-02-01,253.7940425374053,255.62351962371827,252.18876513531262,255.25582885742188,990800
2022-02-02,255.0764315565244,256.9507374369279,254.01821572573397,255.00469970703125,930000
2022-02-03,253.0945752295788,255.09444653884375,251.02297205352878,251.8928680419922,1089500
2022-02-04,240.68284393018436,241.2388547555537,233.76853348855553,235.92979431152344,2883400
2022-02-07,231.07814583716333,233.91200580177386,227.94829959092664,228.12767028808594,2333700
2022-02-08,225.99327601695686,229.598396996131,225.3206769811921,226.7196807861328,2899200
2022-02-09,229.72393458290847,233.21246693468353,228.86300189871596,232.5936737060547,1482800
2022-02-10,231.40099905968864,234.04656653314044,225.23101878239507,226.33409118652344,1739100
2022-02-11,225.1054276528228,225.68835499467448,218.63951695051267,219.1686248779297,1691500
2022-02-14,219.76950872905323,220.53179317224007,215.57249697087715,218.36154174804688,1730500
2022-02-15,220.4600492618477,223.231154252273,220.0833954103003,222.25364685058594,1317400
2022-02-16,221.48237032869193,222.68407727156296,218.38841763019965,220.0205841064453,1470600
2022-02-17,218.3615014519243,219.7156624452227,214.9716037546372,215.77871704101562,1005000
2022-02-18,215.08821208262412,219.15968613064476,214.78330378731,216.99839782714844,2170700
2022-02-22,216.97149939828563,216.97149939828563,211.61760957769152,213.53675842285156,1191100
2022-02-23,214.72052421214573,215.23170608244192,210.22756727393755,210.45176696777344,955500
2022-02-24,205.36689291267453,211.6355204653978,204.86468785308028,210.86427307128906,1634500
2022-02-25,212.02113531223858,216.478225700014,211.8597181234957,215.5724639892578,1241200
2022-02-28,212.82829756656272,214.3438760423983,209.77917343924466,211.91355895996094,1762500
2022-03-01,211.5996612296095,212.4426542396929,205.5821493113552,206.739013671875,2109200
2022-03-02,208.2904645831354,210.34414130320044,206.06640760186264,209.2500457763672,2961600
2022-03-03,211.29472706091343,211.42924138261608,206.7120854860723,207.93173217773438,1743700
2022-03-04,205.81532469298725,207.94073347104714,201.90528137585815,204.85574340820312,1414300
2022-03-07,205.61802360370888,205.9677745812608,198.19253078486526,198.64093017578125,1796000
2022-03-08,198.64987717645542,201.87835800365258,193.9237578308343,196.19265747070312,1867300
2022-03-09,202.0128988549052,206.01262764453412,201.28649399444535,203.57333374023438,1433800
2022-03-10,200.40762114002678,204.42527577630557,199.57359117273595,204.1114044189453,1538800
2022-03-11,206.20990825518376,207.04392453036283,196.65899328820046,196.73971557617188,1488900
2022-03-14,197.44817480926784,199.42112927912734,194.07621650958183,195.7442626953125,2595400
2022-03-15,197.32262988631166,199.8157293420901,194.10312562505243,199.65431213378906,2133500
2022-03-16,203.00834456717647,204.9185304332667,197.5289032279222,201.4210205078125,1498200
2022-03-17,201.24165548643413,204.99924483908697,200.28208783732023,204.96337890625,1431800
2022-03-18,205.1606267230141,208.46981586210566,203.39393232455092,207.76133728027344,3187600
2022-03-21,212.54129733979102,214.43354319258373,208.56848556546055,210.03025817871094,1642200
2022-03-22,211.15124638547178,212.98968641555527,210.81943525290316,212.12875366210938,1192400
2022-03-23,211.2857844888208,214.73845135991346,210.22755488058738,210.9629364013672,1393500
2022-03-24,212.43367916684355,217.41987771963005,211.47409799522163,217.39297485351562,1296700
2022-03-25,217.6081988609704,221.87696942644655,217.6081988609704,221.11468505859375,1782000
2022-03-28,221.15057907775727,224.17278651169536,220.28964624955148,222.68409729003906,1565200
2022-03-29,225.20412208534512,227.13224781688177,222.7289621938267,226.2982177734375,1750700
2022-03-30,225.28479941134466,227.37432826582963,224.75567779733288,227.03355407714844,1234100
2022-03-31,226.3115010458752,227.96321378508537,224.77711360892494,225.56236267089844,1179100
2022-04-01,226.6003317763358,228.5769719605126,223.4954735666876,224.7320098876953,1473300
2022-04-04,225.62555876219778,228.45062121792603,222.98102221551017,228.03543090820312,1224100
2022-04-05,227.1238151941363,229.01019233272655,226.63643109135782,227.159912109375,1132700
2022-04-06,225.6436237603683,226.93429867762458,222.71927743844415,225.73388671875,1100000
2022-04-07,225.30967143381542,227.51195536450328,224.25366094682695,226.88014221191406,1062700
2022-04-08,227.4487315311399,229.51562069044837,226.34758974496782,226.72666931152344,905800
2022-04-11,226.72666522700595,227.66535022725424,225.2554784582991,225.49014282226562,1000500
2022-04-12,226.2212560151396,228.47769210441135,223.2608129677905,223.639892578125,1417700
2022-04-13,224.01899708785683,225.64363400714717,222.20482722842937,225.57142639160156,729300
2022-04-14,225.8060223432166,227.23209133038705,222.50261100989272,222.7914276123047,1208200
2022-04-18,221.7444795080673,222.79146915293163,218.81111260849937,222.03330993652344,1583400
2022-04-19,222.16867668498446,226.1309776365589,221.4917459043816,225.2554931640625,1157400
2022-04-20,225.67069317801906,227.2501984973393,222.29505970902503,224.50637817382812,1414100
2022-04-21,226.844022465107,229.60589788733142,225.63457609117208,226.6725311279297,1267000
2022-04-22,225.58039809650742,225.64358491093438,218.90135349202035,219.25335693359375,1203800
2022-04-25,218.62156365687207,220.53501690238735,214.55997901688391,219.10894775390625,1202600
2022-04-26,218.75695726454097,220.42672544657287,212.30355568527906,212.67361450195312,988500
2022-04-27,213.38661743262693,217.9085097828917,213.38661743262693,215.038330078125,1080700
2022-04-28,216.46440336097731,218.486174819515,211.95153170796655,217.0510711669922,1516400
2022-04-29,216.88862908667338,218.04392320630984,210.54353221460104,211.26559448242188,1888000
2022-05-02,212.65553482501977,214.9480675244607,208.42245908577172,212.4659881591797,972400
2022-05-03,212.46602075666087,216.93377531738236,212.267453275198,215.80555725097656,1028500
2022-05-04,214.94807326109822,223.3781280517578,214.94807326109822,223.3781280517578,1142700
2022-05-05,223.44128308854272,229.25386356516265,210.99479002010335,212.98947143554688,1446900
2022-05-06,212.88117442679595,214.33431959711973,207.76357981100975,212.84507751464844,1293800
2022-05-09,209.27991690630327,213.4859168188682,208.5307785188745,210.49839782714844,1272700
2022-05-10,211.8432593569945,213.7476920345797,203.3319749657114,208.20587158203125,1504300
2022-05-11,207.51087847540597,212.92632474142522,206.14798235092158,210.20054626464844,1276000
2022-05-12,206.04868953567404,211.78004209011124,205.2273573550655,208.86473083496094,1391500
2022-05-13,210.20957697903998,212.09596798433387,208.5578779094202,210.940673828125,661800
2022-05-16,210.2366514013747,211.78005970731024,207.03252325310166,210.22763061523438,880900
2022-05-17,215.02932317901988,216.56369685580947,210.87747556211448,216.23876953125,893500
2022-05-18,213.96428178654546,214.3614167200196,210.64281465602014,211.62661743164062,874300
2022-05-19,210.06513392022788,213.7386039215159,209.11742821223504,211.40093994140625,725200
2022-05-20,214.23503871809118,214.57802136290522,208.61200462443242,214.442626953125,1032800
2022-05-23,216.81645670081497,217.52948452633473,212.27650787476117,214.76760864257812,747600
2022-05-24,215.58891103008398,215.7333262322394,210.70598046321376,213.74766540527344,729700
2022-05-25,215.88679289010034,216.19366490913285,211.16633219808656,213.38665771484375,884400
2022-05-26,213.61226053308351,219.69561634725147,213.61226053308351,218.86524963378906,866100
2022-05-27,221.9881584399855,226.23025512695312,220.67040760252928,226.23025512695312,957200
2022-05-31,223.53161142893327,225.68876400497524,221.735483156052,222.17774963378906,1407100
2022-06-01,223.32399419555463,224.04605652500427,217.85439511839743,219.78590393066406,911900
2022-06-02,222.25891611727585,228.39642396652602,222.07840401598418,228.21591186523438,941700
2022-06-03,225.69773327291261,229.53367415020193,225.69773327291261,227.6924285888672,935700
2022-06-06,230.15646436834365,233.76676184863138,229.5336858494433,232.36778259277344,1149200
2022-06-07,231.4471165433768,235.68019212988716,229.99398517052938,235.38235473632812,1377600
2022-06-08,233.3966964976242,236.53766513325198,227.66535767192278,227.79171752929688,1647300
2022-06-09,225.64357412563686,232.115043951088,225.33670217015177,228.910888671875,1444600
2022-06-10,224.81320594000152,227.430665873687,222.5928671255128,224.01893615722656,1584000
2022-06-13,220.39061871864777,221.00437649540606,216.51858045593457,219.04579162597656,1615400
2022-06-14,218.422989168824,219.95736278457994,214.39750157313847,215.91383361816406,1097900
2022-06-15,217.98977107438583,220.598210517124,213.10684030694347,215.97702026367188,1085800
2022-06-16,211.75296981445607,213.61227078077434,209.04524675154016,212.1952362060547,1014600
2022-06-17,213.07076222365887,214.78564821164562,208.05243659050873,212.98049926757812,2127000
2022-06-21,215.17371465311825,217.8543615136231,214.37945860821438,217.52943420410156,1147400
2022-06-22,213.35052720993696,218.3056515296187,212.32159301171203,217.52041625976562,953400
2022-06-23,217.0420827571631,219.12702756830814,215.27303074553473,218.4771728515625,1177300
2022-06-24,221.02243238865051,227.99030813930523,220.1830310012737,227.52096557617188,1529400
2022-06-27,226.9252653135513,228.08055950139783,221.7444830411633,222.19577026367188,916300
2022-06-28,221.93402196449395,224.28974173440295,218.3508004414486,218.88331604003906,778700
2022-06-29,218.54032727988312,220.29132368643707,216.7171232741506,219.44290161132812,794400
2022-06-30,215.93559823884283,219.89721980121524,212.45556262777882,218.50701904296875,1199400
2022-07-01,217.10773756637417,220.60594964224796,215.94469397291388,220.56961059570312,1021300
2022-07-05,216.25362527385002,218.0527061734595,214.7362170459714,218.0436248779297,1232700
2022-07-06,218.30711637729766,218.30711637729766,212.91895509041532,215.54489135742188,1396100
2022-07-07,215.8992203006795,217.90729540340058,212.69176277719617,214.2727813720703,1016600
2022-07-08,213.43684445826187,214.20918428465023,210.24756318507872,210.99264526367188,1049500
2022-07-11,210.19305674205287,213.85482890901025,209.2026548906484,212.70086669921875,801400
2022-07-12,213.23697969295048,213.68221275352764,208.84831521037435,210.73825073242188,2143400
2022-07-13,207.4671793118821,209.19356818435745,205.72261398450215,207.1582489013672,891700
2022-07-14,204.44145015277692,204.7503805721769,198.88064714528483,201.6973876953125,2059600
2022-07-15,205.04115951414744,205.74988880392502,203.39654375544373,204.62318420410156,1444800
2022-07-18,206.03153836320067,207.5126074416809,202.43336294892654,203.1330108642578,1074800
2022-07-19,205.4136996965896,209.0027803381672,204.40512127109864,208.98460388183594,1255500
2022-07-20,208.721132569639,210.96543300207065,207.8761005565406,210.4656982421875,914900
2022-07-21,210.98357516893427,213.29149976329467,210.0658652001407,213.1551971435547,853500
2022-07-22,214.16376577331891,214.4545335905318,212.42828175883247,213.1279296875,540300
2022-07-25,213.88209813833555,214.0638210960747,212.34651349597976,213.7185516357422,581100
2022-07-26,212.42830018379183,213.9184507148246,211.76500510703139,213.19155883789062,652100
2022-07-27,213.19153177609124,217.0168503985779,211.23797197723133,216.15365600585938,782500
2022-07-28,217.53481477933082,222.01434791155165,216.92603517382312,221.91439819335938,792900
2022-07-29,223.3954587783684,226.87550845723607,223.38637748236934,225.5489044189453,1034300
2022-08-01,224.43127484606057,225.19451957876834,222.2505716484462,224.65843200683594,1075500
2022-08-02,223.28641045500797,224.35858561187604,218.45249936008776,221.81442260742188,1026900
2022-08-03,222.9320788724726,223.77709699103997,220.36065773648232,223.25918579101562,1401100
2022-08-04,225.43079382361316,236.39794926745537,225.43079382361316,234.18089294433594,1785800
2022-08-05,233.26313369701998,238.91480465931934,232.75430390285075,238.64222717285156,1406400
2022-08-08,239.87796698850585,242.1041183041107,237.6972637435305,237.85171508789062,1158100
2022-08-09,237.84263079031496,237.93347146683948,234.7442039422762,235.1167449951172,826300
2022-08-10,241.57713186040024,243.6851573073216,240.8047918433907,241.35906982421875,838600
2022-08-11,242.78558843869772,243.77599034813235,240.0233495550196,240.61395263671875,829400
2022-08-12,242.47656844192593,246.87435442521874,241.28626742224833,246.1292724609375,893900
2022-08-15,246.12934084101545,249.77295071471693,245.4751270834033,249.06419372558594,1115300
2022-08-16,247.32873607076522,249.5366970928429,246.88348916483622,248.54629516601562,879100
2022-08-17,245.67500694980845,247.3105273491029,242.44029133047894,243.51246643066406,1169900
2022-08-18,244.29393182930207,244.38480025735328,242.55847518053454,243.14907836914062,727000
2022-08-19,242.60385598897895,243.14903873927787,238.4150911112944,239.6053924560547,932700
2022-08-22,236.52512974554125,237.84265242472105,235.5892433132266,237.0703125,674000
2022-08-23,235.75276175269002,238.39687422723895,235.66189334957434,237.4428253173828,810300
2022-08-24,237.86990205441631,239.73257969531087,236.99759858540654,238.7149200439453,568300
2022-08-25,239.81436755835475,242.31309649817481,238.20610473230911,242.2313232421875,619600
2022-08-26,242.87645635131236,243.49434498199852,238.16067087061967,238.2697296142578,1064100
2022-08-29,236.23437025026223,238.97844671053363,235.643767132565,236.8795166015625,635700
2022-08-30,238.33329467228077,238.33329467228077,232.20006486965417,232.47265625,864500
2022-08-31,233.94462050346473,234.10816700608407,229.29244623465243,229.38330078125,1164900
2022-09-01,227.62059173360655,228.42018950034864,225.79425286865234,227.15719604492188,918100
2022-09-02,230.4100616318485,230.75534496585354,223.3681893834347,224.0042266845703,1311700
2022-09-06,225.39441632522852,225.5943157335138,222.33234227083395,223.67710876464844,1179100
2022-09-07,223.92246535655335,230.83713051299424,223.67713171855914,230.591796875,1037000
2022-09-08,228.2020750910064,231.00974809739404,227.2116732108823,230.63720703125,549500
2022-09-09,232.04560957409615,233.8356092819023,231.14606213987798,233.49032592773438,704800
2022-09-12,235.34394132443464,239.8870850727669,234.55343874888865,239.42367553710938,877000
2022-09-13,234.42617392517832,236.59780954400907,232.2000366743846,232.6815948486328,831300
2022-09-14,232.18187138970944,232.74521670043129,229.5468539235761,231.8638458251953,690100
2022-09-15,231.5548966911104,231.7366196284603,225.50342721181633,225.76693725585938,706800
2022-09-16,225.42165678507462,225.5216064815511,221.7871425343983,224.75836181640625,1497600
2022-09-19,222.43229026714457,226.83913078151795,222.40503251754882,226.59381103515625,714900
2022-09-20,223.91333526344573,224.43126021123538,221.1056762668429,222.51405334472656,605900
2022-09-21,223.95875080714134,225.36712776769056,219.34291632198241,219.39744567871094,573300
2022-09-22,219.8245023509984,220.25155888624943,216.6443023695121,216.72608947753906,877600
2022-09-23,214.2455272543335,215.62664658108562,212.08300065703224,215.40858459472656,1135000
2022-09-26,213.79123069068365,214.82706680549532,209.47524456820628,210.3475341796875,1171700
2022-09-27,212.87353257347442,214.3182488915094,207.4944522865607,209.67515563964844,1088500
2022-09-28,211.08353259439687,214.88160779724805,209.82962054272932,213.50048828125,948500
2022-09-29,211.5378336065486,212.52823550670075,208.2758600833467,210.58377075195312,1114300
2022-09-30,211.72755985659586,215.68961839102712,210.9131884509985,212.9536895751953,1520600
2022-10-03,214.9484523324461,219.80723118100687,213.46610284689783,218.0778350830078,1027500
2022-10-04,220.92356152916523,227.6672889698438,220.32878710836715,226.8895263671875,1334500
2022-10-05,224.78497045999782,225.4071805522387,222.0490415890508,222.16799926757812,1097800
2022-10-06,220.6765002111194,222.13138610015272,217.6752203802636,218.31573486328125,965400
2022-10-07,215.85432327597803,216.81510201289632,210.46482829826138,212.05697631835938,1046900
2022-10-10,213.37459243660172,214.6647804960675,211.57199282612845,212.68832397460938,748700
2022-10-11,212.20339601100852,213.78638494064177,210.25438879909285,211.56288146972656,618100
2022-10-12,212.22162028146374,214.0974232520358,209.69615775093425,209.8334197998047,893900
2022-10-13,206.74981891908067,218.74579275766456,205.65179212065874,217.7667236328125,898900
2022-10-14,219.01116603110427,220.36539866842952,212.43213624917965,212.77069091796875,711200
2022-10-17,217.06214369240837,219.08434030446747,216.17456868496123,217.19024658203125,728500
2022-10-18,223.97060383033386,224.38236216044126,220.0725896011553,221.7745361328125,823000
2022-10-19,221.13404583451305,223.45821668835708,219.560202032402,220.9327392578125,710200
2022-10-20,221.13401946223888,222.80851635300098,217.7118220286292,218.06869506835938,716200
2022-10-21,217.9405582610218,221.69216480460807,215.67130110271572,220.78628540039062,1157200
2022-10-24,222.70786333864376,225.01372951445796,221.32618105459827,223.1928253173828,1758000
2022-10-25,224.24510770063782,230.18360900878906,222.735308583352,230.18360900878906,1350900
2022-10-26,231.2725021119939,233.18490046004086,230.09212634545935,230.6045379638672,1242200
2022-10-27,230.53128651475933,231.22670014382678,227.50255749932325,227.89601135253906,987100
2022-10-28,227.89605594063542,233.70646853348757,227.0267852436858,232.8188934326172,921000
2022-10-31,231.03457395400073,232.4162561195119,227.923481833368,229.12216186523438,1342200
2022-11-01,231.44635664093624,233.1299987874018,228.72873208524697,230.69602966308594,872600
2022-11-02,231.35484681240015,233.14830140663307,224.01635861207768,224.33660888671875,1471500
2022-11-03,227.6032461801029,243.61616427626873,226.13005587224936,241.58480834960938,2524600
2022-11-04,246.37041403076785,252.97689384524244,244.14691058926755,252.6017303466797,2038000
2022-11-07,254.21221755595639,256.27102352536735,252.39129906556846,254.03836059570312,1367800
2022-11-08,255.25528816071542,260.58073873479947,254.16640650959152,258.9519958496094,1406200
2022-11-09,258.8513129199831,261.1754552124671,256.0330216186346,256.3258361816406,1100800
2022-11-10,265.11011148822257,265.219909982301,261.3036054555932,264.98199462890625,1063800
2022-11-11,265.9702225930927,267.6080965820714,263.3715280596878,263.947998046875,1107500
2022-11-14,263.52716083980926,272.46694370859075,263.52716083980926,269.8316955566406,1738700
2022-11-15,271.22256691237084,272.5951044291286,266.78469002331786,269.511474609375,942200
2022-11-16,269.5113512458079,271.8354936048235,268.3767017627623,270.04205322265625,807400
2022-11-17,266.6198773574412,268.5048258344302,265.4852557681992,268.376708984375,721400
2022-11-18,270.8473076380303,271.74404188499875,268.6146451654455,271.2865295410156,1328200
2022-11-21,269.5388007288334,272.27471532273614,269.1819277343238,271.2224426269531,735300
2022-11-22,272.6773297218168,283.26417100379615,271.917871593527,282.8890075683594,1412700
2022-11-23,282.74262029684894,284.00535879713647,279.8969070043389,281.96484375,1150800
2022-11-25,282.48646612072395,284.69167930793367,281.56228210831574,283.5753479003906,299700
2022-11-28,281.5713988503571,283.0903431873605,277.5544270557693,278.5884094238281,932100
2022-11-29,278.9269151319921,280.1622038320875,275.3949338506467,276.5021057128906,954600
2022-11-30,275.4040974954201,284.014481811306,273.3910323275015,283.80401611328125,1901100
2022-12-01,283.977928493266,286.4484784918534,282.52304253397443,285.5243225097656,995300
2022-12-02,284.23409232831074,293.37517902953743,283.65762236979475,291.38043212890625,1314200
2022-12-05,288.90994239517954,290.97790752913227,286.7321787451484,288.20538330078125,1192300
2022-12-06,287.09816803454885,288.48899557048566,283.53870843347283,285.5792236328125,1295700
2022-12-07,286.0001543942073,288.93737623618125,285.48774273094523,288.7635192871094,1130700
2022-12-08,289.9164145878368,293.6863117797954,289.78832565403104,292.6797790527344,1059100
2022-12-09,292.57000171105193,293.21968938259613,286.93344595635153,287.69293212890625,1150000
2022-12-12,286.45763747391857,292.97260903208974,286.45763747391857,292.35955810546875,1163000
2022-12-13,299.9725373455228,300.6405154342529,294.464098663312,297.6117858886719,1075400
2022-12-14,297.07192482259774,300.06404556270365,294.51899807041906,297.4928283691406,1191700
2022-12-15,292.35954975256755,293.173907211903,287.5648013537337,289.3674011230469,1014800
2022-12-16,289.394828458797,290.6209581069139,285.25892720137267,289.5321044921875,2425800
2022-12-19,287.9673888708869,290.09941186222756,285.35956313233663,287.0615234375,835300
2022-12-20,287.619685539088,288.1321250327492,284.4079680107005,285.9818115234375,779100
2022-12-21,287.76617431640625,290.20014392206014,286.8603085934801,287.76617431640625,860600
2022-12-22,285.8719844104714,286.18308940895946,281.4981681445896,286.03668212890625,953500
2022-12-23,285.3962056448066,286.03673412092473,283.5295473902479,285.5243225097656,544200
2022-12-27,286.64980113610346,287.5007953991281,285.0485077802746,285.6707458496094,1438000
2022-12-28,285.9452349746961,287.0981750979027,282.9988541565433,283.3282775878906,439700
2022-12-29,284.5726819806938,286.0733358938561,283.84067338970686,284.9478454589844,564400
2022-12-30,283.66016814857153,284.67193650956096,280.2476534541568,283.54058837890625,534700
2023-01-03,285.1962110542887,286.76907787930156,279.5301795818407,281.986083984375,1020300
2023-01-04,281.4065544162152,283.6784852764336,279.62212152663346,282.0044250488281,966000
2023-01-05,278.37128577829293,280.25688487338095,276.2281129597922,277.6170349121094,1715500
2023-01-06,280.6983218366747,286.66787745278333,278.72070864278163,285.3065490722656,873400
2023-01-09,285.0398637519023,289.25258015718947,281.4893834349801,286.6771240234375,1436500
2023-01-10,285.12269389133263,287.7441297510238,283.4394259900793,287.59698486328125,608400
2023-01-11,289.87802489511506,291.2025531249842,287.1278028409112,287.6888732910156,835100
2023-01-12,287.6888781353612,288.82946128439977,284.12921898403414,285.33416748046875,1194800
2023-01-13,283.1725166716482,286.8977616925435,282.4458874351049,286.42864990234375,787900
2023-01-17,286.98063601030333,286.98063601030333,281.4709847053147,281.8113098144531,1252900
2023-01-18,283.5313632104463,283.5313632104463,277.8285313759581,278.6011962890625,793200
2023-01-19,278.325205110495,279.06106968985955,274.2780481702621,275.84173583984375,889000
2023-01-20,277.0926564920685,280.15561026930334,274.4343931352667,279.99005126953125,1197900
2023-01-23,279.5025408380511,284.73625974845044,278.45397248247076,283.963623046875,881700
2023-01-24,283.64170999494945,288.8018569593684,282.29879570544796,288.2131652832031,745000
2023-01-25,284.19363996347334,288.03843825734515,283.6141552881525,287.0266418457031,707300
2023-01-26,286.46548660774283,291.48763885790964,285.1409586188523,291.22088623046875,733600
2023-01-27,288.87544192818467,291.02779333069776,286.98984320741556,288.9582214355469,876600
2023-01-30,288.4155700260538,292.62831479573543,288.2408039115264,288.7283020019531,846000
2023-01-31,289.66652446734764,295.1669692943098,288.9766670937693,294.8082580566406,1911700
2023-02-01,293.52044456616335,294.72542103497705,289.17896995641644,292.6190490722656,1357900
2023-02-02,271.67492413198084,275.33577609697574,265.40184459034765,271.8037109375,2988400
2023-02-03,268.57519760539265,269.9549120130157,260.52686356092465,262.16412353515625,2876300
2023-02-06,261.2443428617358,263.57146029749697,257.7030979462818,260.333740234375,1259900
2023-02-07,259.1195991757729,262.87243870940085,258.06182356769995,262.2101745605469,1329200
2023-02-08,261.6398670016666,267.7014092459757,261.6398670016666,264.20611572265625,1349700
2023-02-09,266.66203147622844,267.0391568188165,263.1943590388175,263.88421630859375,945400
2023-02-10,263.33228600607447,265.85255521043644,260.8763821372467,264.7395935058594,859500
2023-02-13,265.5674168237298,266.1469013367787,262.8539673983092,263.70941162109375,698000
2023-02-14,263.27712257901834,263.63583374096225,256.44291564068135,258.9172058105469,1689100
2023-02-15,257.5467046303662,262.67005117007886,255.74388555765532,261.6490478515625,2623500
2023-02-16,257.9421494620592,261.47421427392516,256.9947468802594,258.2181091308594,650800
2023-02-17,256.89369437146996,258.31018129399297,255.25643400267762,257.2799987792969,1141000
2023-02-21,257.1327388574126,257.68463018084344,254.39172446595873,255.25634765625,880900
2023-02-22,256.61772697053084,257.6847097063556,252.12905065787746,255.973876953125,1148600
2023-02-23,256.7833308931841,258.1998178665101,251.9543291295753,257.2892150878906,1377300
2023-02-24,253.6559216827032,259.65309914753044,252.9476782888261,258.4481506347656,1507900
2023-02-27,259.791031202898,264.58323146126554,259.791031202898,262.5320739746094,1017900
2023-02-28,262.1458478306408,264.059040263844,262.0538612173273,263.0472717285156,1038200
2023-03-01,262.2101990215561,268.1981420194147,261.860666789503,265.16278076171875,1038100
2023-03-02,264.51883551562673,270.02851417201305,263.617440062099,268.61199951171875,1092800
2023-03-03,269.58699898399203,271.251852155668,267.4070546691656,271.1414794921875,929100
2023-03-06,269.23752913994576,271.39908786784946,269.025990842777,269.6146545410156,631100
2023-03-07,270.66322595548013,271.8957676517537,266.52408208142884,268.02337646484375,893300
2023-03-08,268.4004008075498,268.52918761129087,265.06151590245065,266.78155517578125,695600
2023-03-09,267.8485674602333,268.4096378439515,260.09455117814423,261.29949951171875,756700
2023-03-10,261.3915548003503,263.3507542598489,257.54675638829923,258.71490478515625,860900
2023-03-13,259.37711556296205,262.5964493546184,257.85022816761864,258.4573059082031,980700
2023-03-14,261.81463071299316,266.73558985531815,260.3429296675591,262.97357177734375,1814500
2023-03-15,258.47569601575054,259.2851329278802,252.21179509531294,254.8240509033203,1293200
2023-03-16,253.31557096628023,258.6596627654292,252.95685980082698,257.2247619628906,900000
2023-03-17,257.81348766460513,257.81348766460513,251.88070343441916,252.70852661132812,1545600
2023-03-20,254.29979866691517,257.9698305286162,253.58234819612323,256.820068359375,726400
2023-03-21,259.7174617490946,260.4993056332464,253.31559389144607,256.4521484375,967000
2023-03-22,257.0408243405529,258.34693835677143,253.07644689566675,253.27877807617188,1023300
2023-03-23,253.6007330764262,254.2446111162777,244.57740186087003,245.5340118408203,2001900
2023-03-24,244.14509716789573,247.05169936970108,242.72861035217437,246.2054901123047,1329500
2023-03-27,249.32363700066023,252.12904560465833,246.83096035376866,248.52340698242188,1078500
2023-03-28,248.47741931013675,252.80971537243497,247.98989319514166,251.60476684570312,743400
2023-03-29,254.1433663090931,255.02640368383368,252.94762512754312,254.17095947265625,751800
2023-03-30,255.99227981721995,257.89629296376006,254.85172457366673,257.2892150878906,808600
2023-03-31,258.1222007269909,266.1564060950704,257.4465304563248,265.8417053222656,1487400
2023-04-03,265.2493793276089,267.7947810601973,264.27748171782144,267.5356140136719,1173700
2023-04-04,266.5729588902279,267.4152587819273,262.86129163883425,264.0275573730469,1256600
2023-04-05,262.62065653249203,265.5455576858925,260.88052296363844,262.7594909667969,943800
2023-04-06,261.33407948786686,262.54661405805484,259.7420452682711,261.0193786621094,869200
2023-04-10,260.07519164103263,262.35216055020487,258.6867911420358,262.3428955078125,768400
2023-04-11,263.14819517168905,266.137894777501,262.167060959916,264.1015625,598400
2023-04-12,265.75845155484706,267.48932023418104,264.9254166272695,265.80474853515625,464400
2023-04-13,266.0639089972762,268.5445118747214,263.8794768498637,266.70257568359375,552500
2023-04-14,265.6658719155414,267.80400702465164,263.7499001566722,264.9161376953125,485500
2023-04-17,265.6750962971075,266.48036416987264,262.83349613348906,264.9068603515625,500600
2023-04-18,265.98055907282094,266.58222202478623,265.15678927619354,266.36932373046875,598400
2023-04-19,265.69359950214084,268.9517311842442,264.83279785766507,268.8869323730469,521100
2023-04-20,267.868745407758,271.59891382438616,266.86910942202434,270.7010803222656,691700
2023-04-21,270.00692162049205,271.67301951610057,268.12795368196765,268.9517517089844,1026500
2023-04-24,269.62740623346866,271.52490414959186,268.9887396479302,271.4786071777344,626800
2023-04-25,270.45122303340236,270.6455912368929,267.59112076512287,268.3686218261719,550800
2023-04-26,266.8969336109249,268.21127061969395,262.4447970689065,264.4255676269531,847300
2023-04-27,266.71171692110727,270.5066837453943,265.5084478474187,269.701416015625,977500
2023-04-28,269.35903843364747,273.21877709991895,268.60930421078643,272.45977783203125,930900
2023-05-01,272.9596414108356,275.3662088858106,272.9596414108356,274.1444091796875,450200
2023-05-02,271.7192610968227,272.8392297125796,267.4337265686335,270.85845947265625,818700
2023-05-03,271.71005120461695,275.5790832711595,270.48827985174546,272.0247802734375,703400
2023-05-04,272.1728839193594,273.23734735873023,268.60007865279044,269.41461181640625,710500
2023-05-05,271.02510210890586,275.73640564605614,270.2013322856327,274.6257019042969,730900
2023-05-08,275.81968990053997,277.569088441845,272.43198860787624,273.5889892578125,1027100
2023-05-09,273.96848679776974,274.90335235494666,258.0018779488713,259.11260986328125,1863000
2023-05-10,260.1677591635957,264.27742737565313,257.8907899911046,260.0474548339844,1199800
2023-05-11,257.67801432333783,257.89088442428414,253.95708111507722,255.97488403320312,1234500
2023-05-12,256.9559577895637,258.39065560518276,254.6419563905852,257.31695556640625,694900
2023-05-15,257.8815260410949,259.0200247557097,255.82672017343725,258.5109558105469,678300
2023-05-16,257.2521291040413,258.59426107006044,252.8277600345134,255.0862274169922,663500
2023-05-17,255.53056156884813,256.8078949021236,254.6049609791805,255.65089416503906,770200
2023-05-18,255.17880011652332,255.5953316338475,250.58782961746056,254.9566650390625,788700
2023-05-19,256.1506751943271,259.51987459743776,255.64160621445805,258.15924072265625,1072000
2023-05-22,258.65909503906965,260.4084654580057,254.23472536817195,254.5401611328125,608100
2023-05-23,252.79072501456181,253.62378801615364,250.76368601899594,251.30052185058594,713600
2023-05-24,250.20833413903534,251.13393463977422,248.99579974283424,250.68963623046875,648600
2023-05-25,252.42981673695826,252.84634833875435,250.69894799752672,251.87445068359375,779600
2023-05-26,253.00366384313054,254.4383617170104,251.8559281416975,253.4571990966797,940900
2023-05-30,255.66940273616794,255.81750222406282,251.42089930743893,253.6793670654297,765100
2023-05-31,253.02209518166964,253.51269047867518,249.0512900641399,249.1160888671875,1078300
2023-06-01,247.7832923153656,253.96629755395904,247.39452763402446,252.84632873535156,826700
2023-06-02,255.39169786572828,260.8712369103177,255.1787995855479,260.1307678222656,912100
2023-06-05,262.2689086374849,262.40774306376284,258.91823933024324,258.9645080566406,1093500
2023-06-06,257.8630247715546,260.6027941815756,256.01182388020027,257.77972412109375,740700
2023-06-07,256.20621291663895,261.75981604269685,254.04957613140436,261.4081115722656,755200
2023-06-08,255.789750831199,262.7872896373781,255.789750831199,262.2967224121094,642100
2023-06-09,261.51913939329205,261.51913939329205,257.1780713493517,257.8630065917969,881900
2023-06-12,258.7053334264043,258.8349310518376,256.2154658824979,258.177734375,663600
2023-06-13,257.59455802942233,264.3421922785364,257.02995539222405,263.6572570800781,1005000
2023-06-14,266.8135975117818,269.7755020341226,265.90649889246276,267.3504333496094,911400
2023-06-15,267.4800869960817,270.50679096383317,265.70292131278353,269.1276550292969,649700
2023-06-16,269.63664496851777,272.68187813389187,269.1923466162942,271.3582763671875,1811000
2023-06-20,268.37787752508297,268.81291089199465,265.9250135909786,267.7762145996094,674200
2023-06-21,266.28601128078526,268.5907474968965,264.22191198771867,267.6281433105469,674900
2023-06-22,265.77694642395824,267.4985498296585,263.3148456552529,266.58221435546875,636500
2023-06-23,265.3048394446645,266.6839749614315,263.4906706226843,264.9623718261719,712500
2023-06-26,265.7584034217922,266.72103582337974,263.8424036624189,265.0827331542969,721500
2023-06-27,265.258581764575,269.86808247397744,265.258581764575,269.729248046875,546000
2023-06-28,268.76669456952595,270.1365938959404,266.9340230991717,269.6460266113281,606600
2023-06-29,268.36863374492066,273.32060248478996,267.12833236051415,272.8207702636719,567800
2023-06-30,275.5024469206945,279.8135786410513,274.8413533018666,278.90106201171875,1031700
2023-07-03,277.6159884726135,278.5936905593625,275.37196512002066,276.6103820800781,456600
2023-07-05,274.33846685143135,275.3161406679537,266.1910903277647,268.13714599609375,1387600
2023-07-06,266.2376538441168,268.4164918497899,262.3641545843214,268.01611328125,883400
2023-07-07,266.6752924946697,270.47431405194874,265.8745353366512,267.0849914550781,890600
2023-07-10,267.0849767618856,271.68475522413473,266.8708069120643,270.04595947265625,562700
2023-07-11,271.2192288138791,272.4110726866424,267.3736618542243,268.7703552246094,625300
2023-07-12,271.6103430885059,274.2919707631466,267.7182022377867,273.9847106933594,1024900
2023-07-13,274.3384787391411,279.24551721119957,273.75186305749065,278.3609619140625,843800
2023-07-14,278.3144133638638,278.9010290980784,276.82460148975326,278.0630187988281,711500
2023-07-17,277.6812186827709,279.1896427205934,275.95862480143495,278.668212890625,809300
2023-07-18,278.13749680139637,279.8880236235248,275.5489596794272,277.718505859375,544200
2023-07-19,277.23429163903364,279.4503828240457,276.0238355137433,278.0257568359375,675600
2023-07-20,279.62724233899263,281.07048037878644,277.5228824989656,280.5863037109375,752700
2023-07-21,280.01837353524616,282.3275547672121,279.4596905735204,281.8899230957031,667900
2023-07-24,282.38347236433196,283.1563253219032,279.2642130489959,281.2940673828125,653600
2023-07-25,282.5976081044149,285.47479286269925,281.42437665151925,284.7857666015625,739800
2023-07-26,282.6441159615025,284.31084435250494,280.70738069689503,282.1413269042969,1109100
2023-07-27,282.1320125741806,283.88253917892376,281.2008838198104,282.02960205078125,994100
2023-07-28,283.9570662905132,283.9570662905132,281.75029530593787,282.5324401855469,560300
2023-07-31,282.13205687166277,284.674048999897,281.76890296085827,284.30157470703125,1146600
2023-08-01,282.77451588164513,284.7671167961745,281.38714302179915,281.5826721191406,886900
2023-08-02,279.44101553645527,282.0295805554759,278.08157561510893,278.7054443359375,992400
2023-08-03,270.0273631630686,272.9697337026032,261.92653090185775,262.4107360839844,2357700
2023-08-04,266.0886514924527,271.0795163468078,264.2543267263545,264.8409423828125,1263000
2023-08-07,264.7105969669496,268.36060570823014,264.55229257848964,267.5132751464844,863900
2023-08-08,265.12034425799175,265.12034425799175,261.4330533221928,264.0122985839844,645700
2023-08-09,264.5895804484438,267.7368005439238,263.15563404663976,265.7441711425781,617700
2023-08-10,266.9266822965901,268.5933822437163,264.5616073946353,266.5914611816406,856000
2023-08-11,265.855886419509,269.068292166045,265.8093413455344,268.90069580078125,646600
2023-08-14,267.9975342190085,271.6568640772755,267.3923061004539,270.7071228027344,694000
2023-08-15,268.7703487987093,269.1427946720808,264.5895891697015,265.5021057128906,624400
2023-08-16,265.502083698725,267.4388191291513,264.7571635979485,266.2283630371094,640900
2023-08-17,267.16876396005205,268.40718110364014,263.9284541138394,264.9061279296875,735500
2023-08-18,262.96010808919334,266.6566908467906,262.0848446764566,265.2041320800781,716600
2023-08-21,265.5858709862367,267.7088434587096,264.49643781545683,265.5672302246094,477700
2023-08-22,266.8894482802593,266.8894482802593,264.38470957450863,265.4368896484375,353600
2023-08-23,264.7664632870606,266.7404516722033,263.3139047238125,266.0700378417969,446300
2023-08-24,264.84100079049085,268.28618927651735,264.170586808943,266.8894958496094,391600
2023-08-25,268.61205227387126,269.4500625288698,266.3400956793797,268.4444274902344,381200
2023-08-28,269.06828282402046,271.2936658165472,268.7796351774893,269.89697265625,694900
2023-08-29,269.9621517485706,273.5283907749836,269.431401541121,273.4352722167969,389500
2023-08-30,273.77980246118335,276.0331466809881,273.276984948107,275.16717529296875,404800
2023-08-31,276.06108858289235,276.54526534977737,274.3757476565497,275.1392517089844,662400
2023-09-01,277.9978126262824,279.8973233372439,277.3087864064162,277.4949951171875,520000
2023-09-05,277.7929640329484,277.7929640329484,272.49483886382836,272.5414123535156,716400
2023-09-06,272.4669027146795,273.89152863057194,271.0888502878895,273.1466369628906,422900
2023-09-07,272.7276346605146,274.49677379351414,270.63259474664204,271.9920349121094,566300
2023-09-08,272.35520022540334,279.2082952137139,271.47061641390735,277.9512939453125,786600
2023-09-11,279.1710550301086,282.8303845436725,278.91963205773743,281.94580078125,669600
2023-09-12,280.80051807656895,283.240070977708,279.47830268213545,281.3312683105469,646000
2023-09-13,281.42436399034705,283.8918780830656,280.1301097135373,282.2530822753906,627300
2023-09-14,283.9943072405221,285.67032785135996,282.60693430804184,285.0185546875,550900
2023-09-15,285.29792670561716,286.51770345137805,280.40949933929505,281.3033752441406,1354600
2023-09-18,280.85643855125915,281.1078331459624,278.6868921168077,278.90106201171875,665500
2023-09-19,278.6868310022326,279.47829614417304,275.1485530234104,278.6216735839844,579100
2023-09-20,279.08722636456355,280.2976823554519,273.93808558938844,274.515380859375,593600
2023-09-21,272.9697350631517,274.7854192577853,267.13156744638655,267.2991638183594,768300
2023-09-22,267.2153841296219,269.72941513063313,266.16320391751833,266.8988037109375,612600
2023-09-25,265.70691743901193,270.47432106410764,265.3996574186382,269.6642150878906,586400
2023-09-26,267.51327487109614,269.6362472555967,266.1072898004546,266.9546203613281,741600
2023-09-27,267.122254789376,268.26752511343915,264.3754132563794,265.61383056640625,670000
2023-09-28,266.2004269986795,270.13908364732816,265.2879105425005,267.1129150390625,1100200
2023-09-29,269.57680210663904,270.60733599954443,264.7707888621558,265.50152587890625,695100
2023-10-02,263.5623057044037,264.8551549780589,258.2035569669197,261.45440673828125,1015400
2023-10-03,259.805562158852,265.72642258129196,259.805562158852,263.9932556152344,1265900
2023-10-04,266.8787449697524,268.2465292007225,264.19000727159914,266.88812255859375,1086700
2023-10-05,266.51339347576913,268.17159707613104,259.44020406688395,262.1851501464844,827600
2023-10-06,261.7448129767871,264.3960684521002,258.906148708049,263.309326171875,875800
2023-10-09,263.3280552046123,266.54145131946456,262.0071305433872,266.31658935546875,584400
2023-10-10,268.56506825405216,272.0875820716339,267.8436801134009,269.72674560546875,906200
2023-10-11,270.60738499374423,272.74338809022106,269.9422337838885,272.5185546875,845800
2023-10-12,273.94250203650256,274.04554113235105,264.74268895650346,267.7406005859375,1256300
2023-10-13,269.99839849233484,272.34985702292926,266.7287941418137,267.4314270019531,577400
2023-10-16,269.46440229760384,271.9845145520536,268.5275584436137,268.9866027832031,551500
2023-10-17,269.1552492059652,274.08305741844873,268.45261625963195,272.52789306640625,780600
2023-10-18,271.5067177839546,271.5067177839546,265.0987091886698,265.4828186035156,520600
2023-10-19,264.34922846570987,266.6163744584,262.33499141714617,262.8877258300781,471900
2023-10-20,261.8103691607545,263.487327624493,260.2739601439128,260.9765930175781,669200
2023-10-23,259.31835982950923,261.19204748316236,256.94814609124626,257.3229064941406,722600
2023-10-24,258.47525380906984,260.77988204316114,257.2854722218809,259.7306213378906,673200
2023-10-25,259.46825179574046,260.3769914286863,257.03245218875327,257.1448974609375,687300
2023-10-26,258.66261025470374,262.08208482119255,258.19418829791874,260.12408447265625,745100
2023-10-27,259.45890382092074,262.02584670359346,257.81942715844207,258.70941162109375,648200
2023-10-30,260.44255639663413,263.20625683044887,259.524439250677,262.9720458984375,668000
2023-10-31,263.1313818770323,265.90443224004434,260.9953786018372,264.60223388671875,871700
2023-11-01,265.1642671568959,266.3727750283717,261.8946629768666,265.5108947753906,1121000
2023-11-02,266.4852682275668,271.5254645722709,265.3797706578629,271.3287353515625,856700
2023-11-03,273.7926041297817,277.2682866679685,273.10869785436637,274.6826171875,1011600
2023-11-06,274.68264470194157,275.5820068465308,271.263141572544,272.9026184082031,1242300
2023-11-07,254.5779278276482,255.81456851872605,237.97706866286987,238.3892822265625,4484500
2023-11-08,240.55337927857545,243.97288212088498,235.7380168724547,243.51380920410156,2465000
2023-11-09,245.94961405964656,247.6171949640397,242.32403294544727,247.31739807128906,1909200
2023-11-10,247.055088052806,250.45583586295535,246.39931450031756,248.69456481933594,1554500
2023-11-13,247.111315534691,248.85386012840107,245.64049227879812,248.291748046875,1110300
2023-11-14,250.13731392105677,254.46552803694323,249.20047004869326,251.45826721191406,1759300
2023-11-15,251.42077279848132,257.0043539915046,250.93362430184325,256.3392028808594,1262000
2023-11-16,256.21739740471776,257.11678802254085,253.95025145735505,256.3204650878906,1537100
2023-11-17,256.2174147708172,256.68583669468956,252.27331017706973,252.93846130371094,1537400
2023-11-20,252.93846521833032,256.43290311697365,252.16089739235852,254.96205139160156,1540100
2023-11-21,256.2267876068637,259.9460587570505,255.7770922758112,258.8874206542969,1245200
2023-11-22,259.8898848932788,259.93671565492843,256.4142018267456,256.94818115234375,1004800
2023-11-24,257.7069921038963,259.17784380105974,257.16363525390625,257.16363525390625,399800
2023-11-27,256.41418207457247,256.7327055637955,252.38573622572628,254.51239013671875,1159000
2023-11-28,253.88469818580728,254.56860452874542,251.03668471012548,251.4488983154297,893800
2023-11-29,252.70426872645155,253.69732099009073,249.106791520214,249.65017700195312,1096200
2023-11-30,249.6501713255805,253.9971121296187,248.94753840463022,253.46310424804688,2341800
2023-12-01,253.50998810193207,257.73513503365444,252.79797752434456,255.42115783691406,1706200
2023-12-04,253.82847830383363,255.3461607861178,251.78616554595018,253.08836364746094,1782300
2023-12-05,252.25460166021435,252.72302361763718,244.58184771041164,245.47183227539062,2196300
2023-12-06,245.81849133613082,247.42048644348344,243.8511133745322,244.77857971191406,1313000
2023-12-07,245.5842881851164,247.35490839386534,244.5256499411101,245.46249389648438,1408500
2023-12-08,246.18383893857253,248.00131839208572,245.95900555140204,246.64288330078125,744100
2023-12-11,246.6241315565326,248.33854313923015,245.89339453256585,247.8513946533203,1120800
2023-12-12,248.6290126407892,250.5120494103993,246.31500709864974,250.45584106445312,1284300
2023-12-13,249.85624960757403,253.38814039461533,247.07382241458708,252.31077575683594,1367600
2023-12-14,253.3225708891831,256.1331024343816,252.94783906786438,253.70668029785156,1372800
2023-12-15,253.21018312461646,255.5054622514545,252.65744862174958,253.7535400390625,3312900
2023-12-18,256.30173164048074,257.58523174946816,253.99710374113414,254.0720672607422,1384700
2023-12-19,255.97386504617634,256.61091202646406,253.53806522661026,255.30868530273438,1340400
2023-12-20,254.44675229831296,256.23612717968314,251.08348687706345,251.21463012695312,905100
2023-12-21,253.15394951685752,254.6622544112811,251.51447275846368,254.57794189453125,790100
2023-12-22,255.52416221506795,256.99501393346395,254.9527011851084,255.6084747314453,756200
2023-12-26,256.1799820642875,258.4002975863577,255.9926018436894,257.5102844238281,446100
2023-12-27,256.89199447320794,258.38157305595166,256.0769447383303,258.2785339355469,759800
2023-12-28,258.22231194384466,258.25979370847193,256.7046292638485,256.9107360839844,531800
2023-12-29,257.0615498510475,259.1829863830646,256.45810520383804,258.1552429199219,886000
2024-01-02,256.7692412038735,259.1641154332595,256.7692412038735,257.8441162109375,1109200
2024-01-03,256.458130096873,257.4575602137267,254.37441584650753,255.3832550048828,1117600
2024-01-04,255.37379706105446,257.6743792071077,254.69493628395972,254.80807495117188,956800
2024-01-05,255.46812726226068,257.40098025648774,253.0826907573569,254.7138214111328,777400
2024-01-08,253.2241170499722,257.34441389952553,251.64952694621155,257.2501220703125,912200
2024-01-09,255.52471157386702,255.52471157386702,251.35725422699193,252.77154541015625,831600
2024-01-10,252.0360616482894,252.0360616482894,248.77377206825426,251.7060546875,922000
2024-01-11,252.1115390934836,252.75267747065487,247.98180457929578,249.4715118408203,1046200
2024-01-12,250.76321840448253,252.36609307006572,248.35893517993225,249.0377960205078,1201600
2024-01-16,247.52922234339798,248.90579093054563,245.14378588554166,245.56808471679688,1435200
2024-01-17,243.31465132934986,245.36067188869407,242.31522120139817,245.27581787109375,1201300
2024-01-18,244.42719012181814,245.5774812865881,242.31519143522047,245.17205810546875,1157300
2024-01-19,245.29466987411155,246.08666949549053,242.54150366984615,245.74725341796875,2509600
2024-01-22,243.71063848527484,247.79321256182632,243.03177764594668,246.0206298828125,1501100
2024-01-23,247.35950786400684,248.91522224829373,245.54920267808183,248.19863891601562,1539800
2024-01-24,248.18925150677734,249.3678274724167,242.4189194089921,242.46607971191406,1768600
2024-01-25,244.31407746989677,248.66068057044603,243.5974940789747,248.58523559570312,1936400
2024-01-26,250.96126028703998,250.96126028703998,246.3412195598592,246.9352264404297,873200
2024-01-29,246.93519031596736,247.24635043352083,244.9174835540658,246.20919799804688,1192400
2024-01-30,245.07777374141992,247.28406431662347,244.34234354968538,244.4649200439453,2053700
2024-01-31,246.19035051146176,246.32236482462238,240.8254850621065,241.0989227294922,1941500
2024-02-01,243.08835915753596,245.33237228806954,241.5137690854455,244.7289276123047,1517100
2024-02-02,242.41890664037552,245.1437879408467,240.90091468802436,243.41836547851562,1934600
2024-02-05,214.02940119857288,215.00997009849158,204.62907788925074,205.56251525878906,7998200
2024-02-06,206.21308134393138,207.41050414006727,200.11277112920178,205.59078979492188,4983100
2024-02-07,205.86422417669934,207.07108485301487,200.8953581058199,203.0733642578125,3469400
2024-02-08,201.80047222259583,208.14592063459108,201.58361829234644,207.34449768066406,3243700
2024-02-09,206.94849555377147,207.3727799818176,204.12933694507987,207.2784881591797,2381700
2024-02-12,207.7876542320116,210.61623644856755,206.5996404934337,209.87136840820312,1946400
2024-02-13,208.10823142382674,209.8996611416893,203.9784966252192,205.17593383789062,2769700
2024-02-14,205.47764443111822,206.8448040819718,203.94079113121572,204.61021423339844,2117100
2024-02-15,208.504249992736,215.40599839325176,207.6745278321717,213.98226928710938,2429400
2024-02-16,213.90680156726322,214.8213775936336,213.00166335547988,213.88795471191406,1694100
2024-02-20,213.51082253086625,215.18911358228314,212.38881589142056,215.05711364746094,1927100
2024-02-21,215.91511250229283,216.73539675383861,213.98224508067565,215.06654357910156,1582300
2024-02-22,214.66108918536983,218.60225430705844,214.12366607922408,218.27224731445312,2181200
2024-02-23,217.9893955576722,219.96940882417442,216.5279585644837,219.48854064941406,1795400
2024-02-26,216.9428314539757,218.67769182061565,215.45310970862826,216.25454711914062,1657100
2024-02-27,216.85797539247775,220.54456442700913,216.48083684221277,218.48912048339844,2338100
2024-02-28,217.80081204252687,221.15739368378718,216.62223621978592,219.1302490234375,1793600
2024-02-29,220.52570615507483,224.07085749084374,220.10142168358095,220.66712951660156,1726300
2024-03-01,220.3559617127659,222.97711308401324,219.13024003003818,222.51510620117188,1292400
2024-03-04,221.94940980821377,225.82456797911868,221.94940980821377,224.7874298095703,1861700
2024-03-05,224.41971876197087,226.62600945446377,224.14628108899512,225.8905792236328,2566600
2024-03-06,228.23831196185716,229.9543110705005,226.94658293255895,229.20945739746094,2325400
2024-03-07,231.94375477245595,233.82947635597185,230.32203305967917,231.1611785888672,1993000
2024-03-08,231.5100164376323,231.9343152740566,227.6254348485486,227.80458068847656,1726700
2024-03-11,229.35088409462344,235.0929027759317,228.56830792297885,233.7729034423828,1452000
2024-03-12,233.3863242475439,234.01803923430862,229.9920197353164,230.87831115722656,1632600
2024-03-13,231.44405020084378,234.87606306302393,230.96319635452727,233.16004943847656,1144500
2024-03-14,232.55657267310198,233.26371815788164,230.72743510414446,231.1328582763672,1416100
2024-03-15,229.45461652780017,232.5189142835737,229.11518604706865,230.6520538330078,2369600
2024-03-18,230.5954352859221,234.64972455749785,230.5954352859221,231.5760040283203,1172400
2024-03-19,231.8494532024881,232.179460220511,227.28601061487106,228.00259399414062,1156600
2024-03-20,226.097976577858,226.77683736627685,224.06139421260136,225.29653930664062,2848600
2024-03-21,225.51344613114543,225.88117566582267,221.95887116507726,222.0343017578125,2328600
2024-03-22,221.57225698118103,223.9199852238019,221.53454888470213,223.18455505371094,1153800
2024-03-25,222.48684732570896,225.16456834263968,221.76084053619792,223.98599243164062,944200
2024-03-26,225.4756999850176,225.4756999850176,222.71312512841104,224.2405548095703,1097100
2024-03-27,225.23058382391562,229.21888082580855,224.9477227174387,229.20945739746094,926600
2024-03-28,229.58934673472655,231.22296260211465,228.6870624398443,230.10223388671875,1439900
2024-04-01,230.7290930352137,232.36270903009805,229.3994123381835,231.19448852539062,851300
2024-04-02,230.8715451149869,231.47940115763856,225.36284157646367,227.7942657470703,1227300
2024-04-03,228.06020302969583,229.18094621896427,226.9014751780055,227.5663299560547,1009000
2024-04-04,229.00998199947838,229.3139172725503,224.70749792552078,225.20138549804688,829600
2024-04-05,224.98296528769967,227.74680270089,224.74552126472378,226.6925506591797,1588700
2024-04-08,227.49034271399256,228.7250543643698,225.39133145910807,225.6952667236328,1013600
2024-04-09,226.8729751627043,227.67079797011215,225.1158983613213,227.62330627441406,890800
2024-04-10,223.7672325239078,224.93545295191035,222.8934258461673,224.06166076660156,1407400
2024-04-11,224.62204179713333,226.2651503494384,223.14988598200597,224.3845977783203,1737600
2024-04-12,222.55152507045406,223.54877830247204,219.09432642771216,219.90164184570312,1520100
2024-04-15,221.42129188368375,222.49452894938108,218.12556787976473,219.55023193359375,1307400
2024-04-16,219.0183279344299,219.5122009669725,216.10250897042252,216.32095336914062,2590000
2024-04-17,217.66016160611247,218.59093801722105,216.3209739837707,217.50819396972656,1452500
2024-04-18,219.32226762299302,221.80118351117392,217.00481191236491,221.31680297851562,1302000
2024-04-19,221.36430603192747,223.88120671176517,219.30327929568955,220.00611877441406,1797200
2024-04-22,220.28152969731354,222.7984446667869,217.67915286273328,222.58949279785156,1591200
2024-04-23,221.74420125538302,223.37781711544613,220.43350575331502,221.97215270996094,1175200
2024-04-24,220.7564214290128,223.27333644130346,220.11058072672097,222.89341735839844,1297300
2024-04-25,222.70350498454775,224.12816919285396,221.74423630156437,223.27337646484375,1037600
2024-04-26,223.0833857416672,226.42658674055673,222.68448157108713,224.22311401367188,1251400
2024-04-29,225.09691529205986,227.50933999067183,224.71701068347636,226.16065979003906,1623400
2024-04-30,220.8989096193649,225.23937851727072,217.31824994746455,224.47006225585938,3555900
2024-05-01,222.22857868662592,228.77253457803582,221.79168985366329,225.5623016357422,1845100
2024-05-02,226.68304790979755,231.868831514787,223.3303396157184,231.450927734375,1811400
2024-05-03,231.96379126048146,234.9650869353896,231.82133065571094,233.52142333984375,1559500
2024-05-06,235.0030608545281,235.30699612071797,232.59063627197833,235.16453552246094,936900
2024-05-07,236.13331207769681,236.45624694233214,234.14828365203158,236.16180419921875,1099800
2024-05-08,236.11431646150098,236.4847285171986,233.40744909818122,233.90133666992188,891300
2024-05-09,234.93657418059792,238.20380569241354,234.309718589799,238.02334594726562,840300
2024-05-10,239.21057381746851,240.21733401607827,237.33002147492522,237.96636962890625,1555100
2024-05-13,238.94464448642015,240.9866570609666,237.49148838608252,237.69093322753906,2289400
2024-05-14,239.1250963982337,239.5240005604922,235.8958494537494,236.07630920410156,1613400
2024-05-15,237.5579746136228,239.1251137495285,236.114325490914,238.96365356445312,1068100
2024-05-16,239.84691808561607,245.16566917135432,239.47650604698853,244.1304168701172,2746000
2024-05-17,245.0421908111774,249.7720853939432,243.00967089344857,249.5061492919922,2877900
2024-05-20,248.43292846574104,253.04882615806596,248.02453172042632,252.83987426757812,2246000
2024-05-21,252.7449254043754,253.82768416255794,250.47497540579243,251.36776733398438,1900200
2024-05-22,250.00957998274785,251.40575204681087,248.14799790741907,251.35824584960938,1060000
2024-05-23,251.21574059548036,251.88059535924305,248.28093636689616,249.79107666015625,1466500
2024-05-24,251.32972798270558,253.0583273106583,250.2185062610675,251.32022094726562,1070600
2024-05-28,250.93085189924432,252.01358155818164,249.80061604539333,251.33924865722656,1207700
2024-05-29,249.3256990337743,250.90233062136048,246.52384832974622,247.19818115234375,1109100
2024-05-30,247.7585466732691,248.36641720938363,245.34613656832866,247.41664123535156,1185600
2024-05-31,248.3664206075,253.52369726068827,247.4546437757159,253.30526733398438,2569000
2024-06-03,252.88741016906792,257.9117051969386,252.37452292582526,257.3038635253906,2101800
2024-06-04,256.2495687582876,257.56977139114736,253.96063396604785,256.7244567871094,1453800
2024-06-05,257.36080023161855,258.32008325317815,255.44226317336225,256.7529296875,804100
2024-06-06,256.22109171368317,256.53453406267494,253.7611750578125,256.1736145019531,1341300
2024-06-07,256.7434466923653,267.07701386444927,254.95786323448664,265.4908752441406,2225300
2024-06-10,266.83960504674707,268.60617466781525,264.44615074095645,268.13128662109375,1942000
2024-06-11,266.92503238224043,268.9385526928727,265.95624239458317,266.7065734863281,1700700
2024-06-12,268.43518625302477,269.35647010062286,266.6116036426226,268.8340759277344,1400200
2024-06-13,268.70116445645795,272.21531869474717,268.27375361031005,270.9806213378906,2049400
2024-06-14,269.28998612402427,270.2777612724624,261.0554155117375,261.3213806152344,1503300
2024-06-17,259.6972763778667,261.32141440493274,257.51280290554877,259.3933410644531,1217500
2024-06-18,259.00395123868935,262.3566596757228,257.9211925837644,260.90350341796875,1160600
2024-06-20,260.16260866436136,261.5397662298972,258.3390263135166,258.405517578125,1146600
2024-06-21,255.30928178117387,261.45433360135763,254.87239294114525,259.203369140625,2500400
2024-06-24,260.1721933497983,260.1721933497983,256.88597573979496,257.29437255859375,2891100
2024-06-25,256.5724778327148,256.7149384220165,252.06104226737864,253.67564392089844,3646000
2024-06-26,252.56442102365972,252.6593754261258,245.93497478237546,250.45591735839844,6456100
2024-06-27,251.67165006612626,251.69063515120976,248.242943700051,249.85757446289062,2748000
2024-06-28,248.4329367805993,249.2687443705245,244.46287971332032,245.08970642089844,2606700
2024-07-01,245.32878121094822,246.63895637160738,235.91844199065378,236.54005432128906,1974700
2024-07-02,237.7163791276136,240.88184805534246,235.25858930002647,240.04026794433594,2832500
2024-07-03,240.38452154698527,243.3204643064116,240.26019324702597,241.95291137695312,763700
2024-07-05,241.6277709982854,243.18658819884962,240.96789705906338,241.6373291015625,1381400
2024-07-08,242.96662482023837,244.22899484064843,242.70841011742294,243.7699432373047,1182000
2024-07-09,243.16747224598973,244.72628944818024,242.78492922664535,243.5786895751953,1740800
2024-07-10,245.49136234123108,246.46681415514627,243.01444202524883,244.49676513671875,2172300
2024-07-11,244.95578809073842,251.07632943153988,244.57324513661234,246.73455810546875,1410500
2024-07-12,249.49842555491094,252.2144153402627,247.07886830574319,249.9000701904297,1054700
2024-07-15,248.8002971211498,250.05309454280658,247.55704321057914,248.4942626953125,998500
2024-07-16,248.9532785314635,257.5220369272692,247.91087627934928,255.84844970703125,1210800
2024-07-17,256.0875500731201,260.0467935319977,256.03017227096655,258.66009521484375,725300
2024-07-18,256.0302032308844,260.85968700143536,254.8538997744004,254.9495391845703,696900
2024-07-19,255.49461725827265,255.49461725827265,250.4738554592782,251.43019104003906,762600
2024-07-22,251.3919543949692,251.51628270241468,237.19993647016426,237.69723510742188,3865900
2024-07-23,238.51010871358085,244.82192993164062,237.5824619522973,244.82192993164062,3224100
2024-07-24,245.21401144639285,248.89590929457603,245.04187804508666,248.83853149414062,2826900
2024-07-25,246.3520671893261,249.36451862428785,246.12252678943875,247.34666442871094,1760200
2024-07-26,248.59944816645924,251.96573893490861,247.39445598446522,249.58447265625,1042900
2024-07-29,250.1008895724845,254.73912332851998,249.60360553932995,254.13662719726562,1539600
2024-07-30,253.10379850489048,255.65719836566603,252.43435187091552,252.6925811767578,964600
2024-07-31,254.28963897123754,256.3457547451259,251.9370614859305,252.32916259765625,1813000
2024-08-01,276.00799301084754,283.07532683490564,269.6866289440655,274.91778564453125,3842800
2024-08-02,270.4517323361982,273.4833294368579,265.27798172804074,269.4380187988281,1832100
2024-08-05,263.5852285618616,268.7876968598727,263.38440624612474,266.310791015625,1111500
2024-08-06,266.58809884634246,269.82051757296665,265.66045222470797,266.3968200683594,838500
2024-08-07,268.3955736570793,270.93942979229485,265.26836682913074,265.32574462890625,1167900
2024-08-08,264.90499983987587,267.86964646931784,264.8189331255275,267.01849365234375,940800
2024-08-09,266.8080635311385,267.88872744424395,264.68499730128923,266.0812683105469,1228700
2024-08-12,265.5170510285305,265.63180664001464,261.0796394841523,261.9690246582031,1375600
2024-08-13,262.7723634255974,265.23015330661843,261.7299609606815,264.4746398925781,695300
2024-08-14,264.1590666952638,265.1440913677491,261.3665534145487,264.4172668457031,706600
2024-08-15,265.39267565265754,265.86127071146024,259.9224353900416,261.9211730957031,846400
2024-08-16,262.38021151213786,264.0442552404824,261.3856435381209,263.98687744140625,764900
2024-08-19,263.3079016361221,265.2684073782892,261.76821513171166,262.1985778808594,548000
2024-08-20,261.33781903650026,263.3748185351297,260.2380389329578,261.4812927246094,564400
2024-08-21,261.12744323163827,264.47461807935775,259.99897414453307,263.4895935058594,598600
2024-08-22,263.6712824839118,263.98688957838624,261.40477176106316,262.4471740722656,545800
2024-08-23,263.55649718700136,264.3406993021384,262.06461614042246,263.814697265625,514200
2024-08-26,263.7095249358251,267.4296841921546,263.7095249358251,266.5881042480469,1058500
2024-08-27,266.6742264835664,267.59230062059453,262.9062613395551,265.7752685546875,1595300
2024-08-28,266.0047037862435,267.5157301647575,263.3747812571623,264.7041015625,670200
2024-08-29,265.45011983684975,267.23846301101673,263.6043988527668,265.0006408691406,506700
2024-08-30,265.75615072209916,267.07586951755076,262.39940296169624,266.6742248535156,919000
2024-09-03,264.4554668397657,266.32987633436926,261.9020380956261,263.1739807128906,1600000
2024-09-04,263.7955930204775,266.8176168424758,262.40892399235884,262.67669677734375,718500
2024-09-05,262.64802230362415,263.38439020651447,259.0426184254006,261.6055908203125,1008700
2024-09-06,260.9170576651909,263.0018916836192,255.67635667798382,256.9769592285156,1066100
2024-09-09,257.43596190542206,261.98812833649004,256.7378264666521,261.8638000488281,1244900
2024-09-10,262.3802132935155,263.9295014342263,260.0850137597504,263.2122497558594,771400
2024-09-11,264.91456688267124,266.32992506848353,258.3349724657654,265.583984375,914400
2024-09-12,265.23966082227145,268.1756178566252,261.80641982692094,267.7930603027344,1400400
2024-09-13,268.6729199797699,273.980570770796,267.5253056106069,271.7236328125,1044800
2024-09-16,274.46830997670327,277.30862780135527,273.81800879022865,276.25665283203125,1311500
2024-09-17,276.9643807760274,279.1257088964106,276.4957856007428,278.41802978515625,1056300
2024-09-18,279.0587288985132,279.23089149485565,274.19098397880606,274.7552185058594,1016900
2024-09-19,277.55727187537366,278.81006908711277,274.9655815712024,275.1568603515625,958300
2024-09-20,274.267475957902,276.32359151891984,273.25376262670164,275.405517578125,4148400
2024-09-23,276.5149099251208,280.2924183145875,275.6254955704431,279.2978210449219,1539100
2024-09-24,280.6749776072632,284.53858231478176,280.6749776072632,282.68328857421875,1294600
2024-09-25,284.15602347240684,284.15602347240684,280.68452030633574,282.8075866699219,1349400
2024-09-26,283.11362562999676,287.33106952198307,283.0944802377795,286.38427734375,1798700
2024-09-27,287.86660612615196,288.8420579919564,285.46619428225165,287.2449645996094,1057100
2024-09-30,286.90070788811875,288.43085083386524,283.6395996729179,284.7393798828125,1031000
2024-10-01,284.49883570298755,284.49883570298755,280.0733779210497,280.3716125488281,1267400
2024-10-02,279.9579655088227,281.23748556011327,277.6682702342755,278.99591064453125,1347000
2024-10-03,278.2936067094537,279.1306191235454,274.1567824374573,274.7436218261719,982200
2024-10-04,275.1957749116794,276.25404110634065,273.1947137650703,274.6666564941406,919000
2024-10-07,294.38877163162323,301.1231552963989,289.86710228429786,300.8249206542969,4243100
2024-10-08,297.52510660765876,300.5748041873861,294.19637552775106,298.5833435058594,1556600
2024-10-09,299.7185797002151,306.24131048523094,298.439030293361,302.0563659667969,2375200
2024-10-10,302.06595776388036,311.5806638732693,301.29629635631227,302.6720275878906,2574100
2024-10-11,303.7688136877109,305.9142065359372,303.5186700359259,304.644287109375,775700
2024-10-14,304.85592995776,308.4443755744078,304.01894697864464,308.18463134765625,1058000
2024-10-15,309.22367942717995,312.2060259419328,307.944130049291,310.9649963378906,2092400
2024-10-16,311.59031263268236,316.2466543312384,310.8110505951717,314.3033142089844,1886500
2024-10-17,314.30333801794075,316.54491294857155,312.1964355022309,316.2947692871094,1182000
2024-10-18,317.4300314052042,319.56579449396327,315.5925029917577,319.4984436035156,1074100
2024-10-21,317.88218506180567,319.8158953981433,316.4968236915306,318.9789123535156,857800
2024-10-22,317.564671235597,318.045698644423,314.5149739050067,317.83404541015625,1246900
2024-10-23,317.21835471284453,317.834054546858,312.7159157235195,314.2263488769531,1045100
2024-10-24,313.0526070381466,313.43742306286236,308.2327327473468,309.8778381347656,1588200
2024-10-25,310.5031971631184,310.5031971631184,305.8276247701638,305.9526672363281,1294800
2024-10-28,307.8190694208808,307.8190694208808,303.50908237330344,306.18359375,1185600
2024-10-29,304.75975884497433,305.0772240529208,302.64322626004315,303.3359069824219,1579400
2024-10-30,303.5956571921166,303.5956571921166,300.0841628484482,300.9018859863281,1042900
2024-10-31,297.03446111507435,302.38348420371574,295.47593681825543,298.7469177246094,2280900
2024-11-01,298.08305845563393,300.7383391231683,297.1883545296892,297.4769592285156,794500
2024-11-04,298.8334797112231,299.48766997803193,293.5806683295895,294.4753723144531,1608000
2024-11-05,293.9462279038189,296.7458108577403,291.7142537511997,294.7447204589844,1502800
2024-11-06,299.718607450666,299.718607450666,290.3674321589447,295.09112548828125,1871400
2024-11-07,298.00609642742734,306.5395175820929,291.0215693675402,300.9499816894531,2141700
2024-11-08,299.15098503707685,302.68171010394553,296.7747082427085,301.1135559082031,2585100
2024-11-11,300.9115304918689,303.0857839612561,298.3717208224799,301.9986572265625,1940800
2024-11-12,302.30652014984383,303.67262165903503,297.6694085108008,299.31451416015625,1021000
2024-11-13,298.7180089692747,301.161636329352,297.1402250386412,301.017333984375,955200
2024-11-14,300.74798243634746,306.31828879177675,299.3241599070664,303.8939208984375,1081200
2024-11-15,303.4994727054102,305.37549157982943,302.14297171860636,305.067626953125,1113000
2024-11-18,308.41553313690054,315.64057450799197,307.4631082235435,315.44818115234375,1898400
2024-11-19,313.55292445892275,315.59247600975186,310.22419359392154,315.5539855957031,1881500
2024-11-20,315.8618654546074,318.103440408257,313.16809417309355,315.4096984863281,1694300
2024-11-21,314.45723465794947,317.6608937547021,313.5433001648061,316.4006042480469,1972000
2024-11-22,317.21835576674584,320.0660298976348,316.4679541592959,319.2386474609375,2200200
2024-11-25,320.3642300395055,323.65447018515385,320.3642300395055,321.29742431640625,2640600
2024-11-26,321.2204772062835,322.9425340840177,317.84365561100475,322.0766906738281,1785000
2024-11-27,321.23971736842424,323.4620615770611,320.1525907618582,320.5758972167969,1293800
2024-11-29,320.2680977671803,321.92283351128214,318.73843386832374,321.6438293457031,769800
2024-12-02,323.1542008292571,323.1542008292571,318.82495423754744,322.88482666015625,766200
2024-12-03,323.94315341928615,324.21252763878647,316.6796500780387,318.0938720703125,1441900
2024-12-04,317.42998742612866,317.42998742612866,313.2642737739601,315.0537109375,974900
2024-12-05,302.55659681273073,311.09001796995665,300.7383285548548,309.7527770996094,1730000
2024-12-06,310.8784334286065,312.0906026339942,307.89605737676237,307.96337890625,1020300
2024-12-09,310.2049396846943,310.2049396846943,303.9130933230334,304.60577392578125,1216000
2024-12-10,303.6533740469864,304.27870382148205,299.6608523302702,303.2492980957031,742100
2024-12-11,303.02805472048226,304.0862915939997,299.7089536620218,300.5074462890625,858300
2024-12-12,300.35348999565343,301.2770542897749,298.4486111144219,299.09320068359375,653100
2024-12-13,299.07400606970924,300.5555788562297,295.7260737630192,300.4497375488281,1025300
2024-12-16,299.50694037297427,300.1996210796563,294.68703589899565,295.08148193359375,984800
2024-12-17,294.1674808006286,295.44703010500336,292.2530011751027,293.147705078125,924200
2024-12-18,293.1284793561569,293.64799716883186,283.4887008297582,284.1044006347656,1043200
2024-12-19,284.91252834546214,286.50954286574483,281.51647601389465,282.0456237792969,1041300
2024-12-20,281.7954782179431,286.06700392762224,281.4106621654532,283.7965393066406,2258700
2024-12-23,282.2861513772702,283.8061851455955,279.70782202605307,282.41119384765625,797200
2024-12-24,281.997492081585,284.7874450683594,281.208600116621,284.7874450683594,296100
2024-12-26,283.65223391867687,284.9606437146276,282.99804370049276,283.88311767578125,418500
2024-12-27,282.0456347999909,284.6046748782327,280.36203880349365,281.69927978515625,457000
2024-12-30,280.9007641376561,280.9007641376561,276.9659636259612,277.735595703125,816100
2024-12-31,278.90932148412895,279.8906068490039,277.24495604567636,279.0343933105469,777900
2025-01-02,277.37918379381705,280.91223912772574,273.79771263679123,274.2139587402344,918100
2025-01-03,274.6785275563741,278.2406496667448,273.46857522618274,274.8140563964844,1581600
2025-01-06,275.21094276948935,276.11114027398156,272.93622632814834,274.16552734375,1458200
2025-01-07,276.69192184026184,283.01271202140293,275.9562613253833,277.1565246582031,1260200
2025-01-08,277.11783371424985,278.06641751555867,275.12383446923405,276.11114501953125,1041700
2025-01-10,284.30978693065094,285.7617298648181,280.7089672723221,283.6902770996094,2423500
2025-01-13,284.3388087949369,292.35353216422646,283.54507294550206,292.07281494140625,2290700
2025-01-14,296.48671608936047,299.32286688689805,294.657283471824,298.0935363769531,1949300
2025-01-15,298.577523102334,301.34590953135887,290.58217779636846,297.0675048828125,2212000
2025-01-16,299.30352767916554,302.1977542036131,296.486754658572,302.0622253417969,1237800
2025-01-17,304.4240538158017,307.8990339059911,301.3556012297241,307.6183166503906,2315400
2025-01-21,308.7024184881031,310.7254552903523,308.0538710252516,309.5155029296875,1975100
2025-01-22,310.3866925025003,310.3866925025003,304.4821185079513,306.8342590332031,1621300
2025-01-23,309.30258766584166,313.8132941585471,304.22078713438367,313.61968994140625,2269800
2025-01-24,315.6426988401598,319.36935813885714,314.99418089629944,318.7111511230469,2052100
2025-01-27,315.25550323567956,317.53021953405295,310.17370342733244,316.15570068359375,2109300
2025-01-28,318.1787355665306,318.1787355665306,314.3359257906265,316.5235290527344,1699600
2025-01-29,316.8623656670603,317.3463466656231,313.7648754603158,316.8236389160156,1650100
2025-01-30,316.2041323213549,324.48988396499885,315.1974436568425,324.3640441894531,1381400
2025-01-31,325.632071192109,327.1711270913361,322.6507319532191,324.5189208984375,2367600
2025-02-03,320.2792729400186,328.235921802694,318.643414788384,327.2389221191406,1789800
2025-02-04,326.493585838803,330.21058608526863,324.3931247442693,324.91583251953125,2022100
2025-02-05,323.2024728907168,325.3029632137781,319.8920597310533,322.47650146484375,2117800
2025-02-06,319.3596596761209,325.8547052348088,307.7828437284526,317.6173400878906,2662800
2025-02-07,309.65105333037883,309.8059308028833,297.66767844654373,300.494140625,2902800
2025-02-10,300.74580386873424,301.3168979013933,294.18302271972686,300.6005859375,2782700
2025-02-11,299.4777513660653,301.76212730866285,297.69667544557996,299.57452392578125,1265900
2025-02-12,296.69001226015376,301.4427087473665,296.69001226015376,300.406982421875,1372800
2025-02-13,302.25584317204414,305.9921625551888,300.3102299731301,305.06292724609375,900300
2025-02-14,306.2631240842488,308.2087368596446,304.9757478185418,305.9920959472656,1171400
2025-02-18,305.8760015926903,307.18275624164306,301.69439853198406,306.8439636230469,1260200
2025-02-19,304.7337976741918,307.0569005185335,303.3689677374254,306.892333984375,971500
2025-02-20,306.04052170928986,307.5215022094777,303.4173237362635,304.2110595703125,1073500
2025-02-21,303.9884265141114,304.6757007400238,296.66097729377896,299.96173095703125,1392900
2025-02-24,298.9744240477947,301.3459428100147,295.896311917294,299.477783203125,933100
2025-02-25,299.8262365168187,308.05391370937065,299.8262365168187,307.1924133300781,1257300
2025-02-26,307.1343426626636,307.2117961679785,303.0108444702868,303.7948913574219,950000
2025-02-27,302.6913472031866,305.7791479225615,301.3555551001527,302.4009704589844,1048100
2025-02-28,303.23344392370785,306.59227323221,301.27817132567725,306.02117919921875,1375100
2025-03-03,308.8476406868605,311.1707435657809,299.5164728803817,300.6973876953125,1222500
2025-03-04,301.2781695430079,302.33324456786977,294.9089926430569,295.56719970703125,1618600
2025-03-05,297.22238741460774,304.83058353366386,295.7801335938349,301.5975646972656,2285900
2025-03-06,300.58121997889623,302.63329456485735,298.12258838069096,300.9974365234375,1378200
2025-03-07,300.03918006961476,308.45077214966904,299.8843026059945,306.2728576660156,1383800
2025-03-10,302.9140363920325,306.25351717135305,291.7727841078347,293.979736328125,1591400
2025-03-11,293.9119860490641,294.8702589443254,287.37824276714457,288.53009033203125,1128400
2025-03-12,289.02376401887886,289.5174340813565,283.29344564048085,285.2099914550781,859500
2025-03-13,285.20997098995747,286.8458289817135,282.38353875392147,283.4676513671875,1081700
2025-03-14,284.4839894566865,285.1906122605338,280.8057461437206,282.56744384765625,1143900
2025-03-17,282.40288739630813,287.5040360304393,280.67022730530556,286.1488952636719,1178800
2025-03-18,286.90392548635657,286.90392548635657,280.1185320813049,282.4706726074219,1356200
2025-03-19,282.47066060585433,285.61653691292014,281.32847260546924,284.580810546875,1028500
2025-03-20,282.92561014576285,285.0164115284774,280.96064854448576,283.5354309082031,860600
2025-03-21,281.4445901261522,282.3350984642166,278.14383675300206,282.3060607910156,2875100
2025-03-24,284.39691405640144,285.49071584739204,282.37387701265095,284.0484619140625,1023000
2025-03-25,285.14218948340823,285.14218948340823,281.7446634685719,283.7677001953125,791000
2025-03-26,284.0000513525371,286.5070694447847,282.8869009351861,285.80047607421875,789000
2025-03-27,285.5003800081699,287.8815580592787,282.9352572892913,285.6649169921875,627800
2025-03-28,286.5844924991924,287.4846899944587,282.7319934265355,282.9062194824219,604700
2025-03-31,281.3768844958262,286.8942798755518,279.34415832751375,285.47137451171875,1150100
2025-04-01,283.26063275683225,286.8834408181024,281.53688857325426,285.7829895019531,702100
2025-04-02,283.78652477026696,287.6528009314026,282.7639702299136,287.2535095214844,751400
2025-04-03,281.6927308091102,283.8449815542986,274.7977238890295,275.8008117675781,1067300
2025-04-04,271.38915195232926,271.93451835416334,255.8266535822162,256.5862731933594,1762300
2025-04-07,252.28173286458315,260.1603898427483,242.60144987191794,252.3304443359375,2081000
2025-04-08,259.7903174340789,259.7903174340789,237.32306482289823,242.11451721191406,1670700
2025-04-09,240.67316140098782,263.88053440779805,238.23847968847062,263.1404113769531,2285500
2025-04-10,260.77389050256255,261.64065149893946,250.34372187433993,255.19361877441406,1854500
2025-04-11,256.81999308617316,264.1240392374712,253.5282981987498,261.9815368652344,1003100
2025-04-14,264.96159700269635,267.33784916633545,262.18605339874796,265.458251953125,818000
2025-04-15,260.0435011045641,263.91952549937594,258.310008731053,258.3684387207031,1305300
2025-04-16,258.96250395239434,261.1342508626561,252.2330397501604,254.492431640625,1556800
2025-04-17,256.53759133464547,258.79695368978065,255.50525880277112,256.0311584472656,2233300
2025-04-21,254.56062615337729,256.03115387563327,247.4026402496485,250.8501434326172,1082900
2025-04-22,253.10954255309684,260.403870258988,252.31095969970187,258.4268798828125,1463900
2025-04-23,262.6534892598529,266.44183875518536,256.05063328670275,257.82305908203125,1001400
2025-04-24,258.95277739863303,262.2931540448856,256.23566390387043,261.8257141113281,813600
2025-04-25,259.68316089323395,261.5822246295671,257.82306038827477,260.1311340332031,668500
2025-04-28,260.66679357039044,263.00408231366805,258.183400132964,262.4100341796875,916100
2025-04-29,263.1014470942077,265.9451386797072,261.48481487714236,263.851318359375,1145900
2025-04-30,260.7252250768835,264.9712961845141,257.84256993407746,264.0071716308594,2560300
2025-05-01,251.86297881790406,269.8601588638442,247.3734246148372,265.0492248535156,3669700
2025-05-02,265.3803528879466,274.26206856697615,265.1466329133113,270.3665771484375,1446900
2025-05-05,266.9969641944802,269.606936104821,264.7960022072771,265.097900390625,960400
2025-05-06,265.05897727753467,267.64945281301226,259.6929285535316,260.6278381347656,1185200
2025-05-07,260.647335338657,261.962039867085,256.11880295766326,257.69647216796875,1379200
2025-05-08,259.57605079048915,264.8544244457267,257.5990902992067,262.5950622558594,1073400
2025-05-09,263.2475597324553,265.3608768298516,262.32236866488176,264.046142578125,913100
2025-05-12,270.960650356406,274.39842028498,266.6950825716661,268.993408203125,1358300
2025-05-13,268.9836820850348,269.8211984361531,266.1399604021371,266.4905700683594,868300
2025-05-14,265.3024055771427,265.545873744403,261.1342317424552,264.386962890625,944300
2025-05-15,263.91952509926665,268.2629894046947,263.32547696531134,267.25018310546875,1253500
2025-05-16,267.00671964884674,271.6812972181873,265.27322724719033,271.642333984375,918200
2025-05-19,268.973907006909,271.3599070420826,268.9154770217423,270.0841064453125,732600
2025-05-20,269.4900838542792,270.42499342564065,267.7176282158885,268.467529296875,1050700
2025-05-21,266.743730132952,267.70788432853334,262.3710511622823,262.624267578125,605000
2025-05-22,261.76728043954444,263.0040882066807,258.63140880830935,262.20550537109375,1016700
2025-05-23,260.06299356377565,263.7734464504332,259.86820712112507,262.7898254394531,527600
2025-05-27,264.52334699875513,267.6397521038932,264.39673876907415,267.38653564453125,788100
2025-05-28,267.8150061672996,269.4024235045474,264.33827331801615,264.65966796875,1454900
2025-05-29,265.1953213011803,266.5198038711375,261.50433476812617,266.0328674316406,1291800
2025-05-30,267.44494117347006,272.1487633984646,264.0266381657619,271.62286376953125,2872900
2025-06-02,271.35990497621566,271.71048488454676,268.35061216185835,271.4183349609375,1346400
2025-06-03,270.90220386384783,276.2195409126261,269.3147864797039,275.888427734375,1395600
2025-06-04,276.287721736612,277.4563512496157,272.4311640990547,272.8888854980469,1401300
2025-06-05,273.5024308462449,275.7228596191962,268.7109933615687,269.0031433105469,1151300
2025-06-06,271.96372014824874,274.16465240586956,270.4152660053239,272.4701232910156,1078600
2025-06-09,272.1000429743457,274.3983981405638,270.46394387175934,272.6064758300781,1101200
2025-06-10,272.937589670543,274.8463719615707,271.01905914142327,274.5152587890625,1340900
2025-06-11,274.31073902242616,276.3071661877924,272.39220859687623,274.83660888671875,1069800
2025-06-12,273.4537285542885,276.67724487024833,271.8468445151319,275.878662109375,678400
2025-06-13,276.48244709586817,277.58292797627354,271.9734118454744,273.044677734375,932900
2025-06-16,275.6741571350877,276.5798516290443,271.4767681024208,273.1031188964844,889400
2025-06-17,272.37272195717605,273.06419300410926,269.7724983735698,269.8114318847656,1154600
2025-06-18,270.1035889279653,271.9247260518693,268.00976864733076,268.18505859375,718800
2025-06-20,268.83759984798223,269.0323863144062,263.4034021895606,263.4326171875,2050300
2025-06-23,262.94566356128684,266.2276102364245,259.5760718980576,266.0425720214844,1133000
2025-06-24,267.2599125592124,273.67773091739366,265.9938897732579,273.65826416015625,1580700
2025-06-25,273.658268272454,275.31386398995653,272.88890040653314,274.63214111328125,1617300
2025-06-26,275.3625498525667,275.93713127079917,273.61930911980784,275.60601806640625,1462800
2025-06-27,274.77817499865245,277.31024995014616,274.0672669521282,274.97296142578125,2433400
2025-06-30,273.78488762945227,275.917671615205,270.8340539905706,274.6905822753906,1286100
2025-07-01,272.8969684813789,281.5119902591473,270.9857760696043,279.7870178222656,1324400
2025-07-02,280.3457298942821,284.7267455473758,279.3852282614365,284.5209045410156,1113800
2025-07-03,282.7175248900668,286.84373659047696,282.7175248900668,286.0302429199219,682400
2025-07-07,284.5992989343362,285.50096739242343,281.82562007836003,283.266357421875,979700
2025-07-08,284.5600945472223,287.127932487788,282.14907501883556,286.53009033203125,968300
2025-07-09,286.9907315021182,289.6663652433795,284.68750783634033,288.3824462890625,1040400
2025-07-10,288.7548766415143,291.4599417851256,287.75519295846567,288.2452392578125,982100
2025-07-11,285.8047744194548,286.5986769029539,283.0017240806236,286.1576232910156,1042300
2025-07-14,284.59930313734446,286.28506366002586,283.14875527501977,285.01092529296875,617600
2025-07-15,286.22628713056724,286.22628713056724,278.5913564454265,280.9435729980469,816900
2025-07-16,280.9337448956506,284.10923520911814,279.2185829208985,283.2369384765625,959400
2025-07-17,282.5312760018911,288.14721722772356,282.5312760018911,287.7355651855469,1254300
2025-07-18,287.0887465098918,290.1760323142078,285.6970018140448,289.43115234375,2097600
2025-07-21,290.1956174355056,291.1070963848007,287.7551964067308,287.872802734375,727900
2025-07-22,288.1766518392231,292.3126441787411,287.9806213376126,292.1950378417969,739400
2025-07-23,293.57695520954735,294.53742684596756,291.11691313330533,291.9598083496094,654600
2025-07-24,291.38152535306654,292.51843638690065,289.3331353566936,291.3031311035156,686600
2025-07-25,291.55795532442653,293.5671331759948,288.6862612953838,293.28289794921875,713000
2025-07-28,291.9009467493756,291.940158825618,288.82347174048,289.6761474609375,661900
2025-07-29,290.15640287861066,290.5876460163254,287.61796662845734,289.31353759765625,654100
2025-07-30,288.91170329650726,288.91170329650726,282.58031330296546,284.3542785644531,1539800
2025-07-31,286.71631373165286,290.6072827692619,280.2966888939567,282.1490783691406,1544300
2025-08-01,279.49301252765014,279.49301252765014,272.85776665829576,276.1410827636719,1072200
2025-08-04,276.6605257827474,281.91383744128876,276.6605257827474,281.75701904296875,855500
2025-08-05,283.2467982785866,287.18676027594876,283.2467982785866,286.65753173828125,773500
2025-08-06,287.33375236894,287.4415481949884,283.20754110737386,283.2957458496094,560600
2025-08-07,286.1870422125287,287.30436214511525,282.04123970326924,282.8155212402344,670700
2025-08-08,283.0899586067909,284.51110491918604,281.6590317066921,282.991943359375,1372200
2025-08-11,283.1193410280293,284.24644152189273,275.17080449847424,278.29730224609375,1115100
2025-08-12,279.6596262162152,283.8348303727378,278.4933135988772,283.5113830566406,1061400
2025-08-13,284.0700576523686,288.39226994318756,283.01157072260185,288.3530578613281,902500
2025-08-14,286.1086450627961,286.58888086576457,282.6194878882018,286.3536682128906,1208300
2025-08-15,287.35333676559407,287.4513520024809,284.2072480588685,284.67767333984375,1033300
2025-08-18,282.3646880671107,284.5992980305629,281.39437604044326,282.4039001464844,607200
2025-08-19,282.83513849633346,285.92245443255166,282.43332680976926,284.4425048828125,962400
2025-08-20,284.78552781538144,288.52948890793976,283.5113894273624,286.5496826171875,534100
2025-08-21,285.16772324848654,287.8237956247296,284.48167640163746,287.6767578125,777200
2025-08-22,289.12731907602597,295.11567054819903,288.70588643341256,293.3417053222656,765200
2025-08-25,292.86145671813506,294.0277692623465,287.7061602591855,288.3138427734375,403800
2025-08-26,287.89239629917864,288.73529150464475,287.0103189241955,288.1178283691406,660700
2025-08-27,287.22595380480004,289.7349886325849,287.22595380480004,288.7254943847656,543300
2025-08-28,289.53897259393125,291.38152158002435,287.4121584654939,289.14691162109375,541700
2025-08-29,289.62715837780263,290.48964460549325,287.3337454051076,288.2550048828125,510800
2025-09-02,286.31445733458185,287.61796733812724,285.16773582690814,286.3732604980469,868500
2025-09-03,285.43239160914305,286.7751137464232,284.64829954755527,285.48138427734375,606700
2025-09-04,285.85380759577896,286.17722498915896,280.52210152816247,284.19744873046875,579600
2025-09-05,285.1677379820478,286.86330896824455,282.23727064369973,284.0896301269531,544500
2025-09-08,283.6094035773126,283.6094035773126,280.4633145652355,283.1585693359375,717200
2025-09-09,282.56067867868705,283.25656594530255,279.6890145994403,281.4237976074219,440300
2025-09-10,279.8458277862746,282.57048390984534,278.08167314024075,281.776611328125,801600
2025-09-11,282.26666739890067,289.0195197362064,281.0611427392657,288.6568603515625,716400
2025-09-12,289.81339413325986,292.3714214655172,286.92210899575474,286.99072265625,985800
2025-09-15,288.2060376255746,290.7836860391786,283.668203943533,283.75640869140625,1002600
2025-09-16,282.68810796950777,284.5796795527893,277.01339321966316,279.27740478515625,735900
2025-09-17,280.77695134449954,288.8430946599949,278.7089403129931,284.8443298339844,957100
2025-09-18,284.5012985424479,287.22595496377346,282.276498953146,286.62811279296875,678000
2025-09-19,287.1671408294492,287.23575449201917,282.9233528984341,284.3738708496094,1374400
2025-09-22,282.1784672426199,285.16773774236486,280.60050258556834,281.7668151855469,834800
2025-09-23,282.32544744799327,282.81549370544104,269.2412063921284,271.073974609375,1911900
2025-09-24,272.56376540513116,272.56376540513116,265.8991175990588,266.859619140625,1284300
2025-09-25,265.8599319625513,266.30095569268303,260.03817944438936,260.489013671875,1973500
2025-09-26,261.8023441230373,263.8507341742137,259.82256773583697,261.4691162109375,1178700
2025-09-29,262.42960589818597,268.0749189730166,261.1162853946296,265.095458984375,1949200
2025-09-30,264.56620672428164,267.4476814469909,263.26266677779,267.2908630371094,1616100
2025-10-01,265.8405914815835,268.7016325161777,262.33828730076954,265.0908203125,1216000
2025-10-02,264.0844795753089,271.13843380716935,264.0844795753089,266.96527099609375,1421300
2025-10-03,266.20562247367326,268.3662087396377,264.66657884691296,267.8236083984375,841900
2025-10-06,267.7052290831123,269.9348522587634,266.5213354565786,267.31060791015625,909000
2025-10-07,266.66930222905256,269.4909021943915,265.6728890825275,267.25140380859375,745500
2025-10-08,266.17602623696416,266.47201469253434,264.14369862757565,264.972412109375,853800
2025-10-09,264.53836160955825,265.8406085056403,258.08619837068295,259.1812744140625,1069500
2025-10-10,259.39830539404863,260.52300731534575,253.5084934935844,253.6268768310547,896100
2025-10-13,255.9453246291509,258.96422024881605,255.26459031220034,257.3561096191406,856000
2025-10-14,254.63319543691864,262.5257390840441,254.54440793380826,258.4808044433594,1343400
2025-10-15,259.2601938759134,261.00640826733445,252.00891359346357,253.95245361328125,1161800
2025-10-16,252.6501827048676,253.54796315229547,248.37834167486906,249.77926635742188,2119300
2025-10-17,250.608004205431,252.02866451494225,247.78641916121634,249.79901123046875,1324500
2025-10-20,250.81516119371355,251.89053168074778,249.44383237007833,250.79544067382812,969100
2025-10-21,250.79544283627638,253.39010628378648,250.1541646425036,251.28872680664062,1058700
2025-10-22,250.62770915813962,251.79186713816557,248.9209508621806,249.74966430664062,1098300
2025-10-23,251.12099167691593,252.35420157663995,248.3487382309494,251.50575256347656,956400
2025-10-24,251.94972634597605,253.44929878203754,250.17390103607988,251.4860382080078,829500
2025-10-27,252.31475521831683,253.99193278971563,251.18020808833046,252.32461547851562,914700
2025-10-28,252.31475863729167,253.48877693164636,250.40081436452854,251.01248168945312,996600
2025-10-29,250.2232407465939,250.7165247349418,244.50114347099145,245.00428771972656,1142900
2025-10-30,243.51456890677483,245.3495858959418,241.1172009602642,241.37371826171875,1090500
2025-10-31,240.7423124304142,240.7423124304142,235.81933300072996,239.33151245117188,2161500
2025-11-03,238.660648662671,238.81850314247484,232.80043282098148,236.1448974609375,1472900
2025-11-04,235.3063269228325,238.05886005733,233.92513775221818,237.53598022460938,1720000
2025-11-05,237.53596933027958,238.2364241440252,232.38608343144554,234.36907958984375,2160000
2025-11-06,246.04018634173877,260.75977870185676,245.9415235228426,255.31393432617188,4254500
2025-11-07,253.19282299011613,257.23772765635107,251.5748370374896,256.25115966796875,1666900
2025-11-10,257.0502594066843,257.5139475331992,253.01520022847183,254.958740234375,1208400
2025-11-11,256.014391720558,261.5194278211648,254.44575223969872,258.7077331542969,1113700
2025-11-12,258.9938068305168,262.21990328888774,257.65208887312133,258.0368347167969,983100
2025-11-13,256.5076789364665,260.749909275811,256.5076789364665,259.4969787597656,1255600
2025-11-14,258.47093599626976,259.61535846842713,255.20539838412765,255.85653686523438,843100
2025-11-17,254.81076546348953,255.1659455766547,249.24652290315882,249.6904754638672,1200100
2025-11-18,247.94426626508044,250.58826116491798,245.85273195890898,248.77297973632812,1008100
2025-11-19,249.22678502517417,250.34161160046352,246.67157770589597,249.84832763671875,965500
2025-11-20,250.65732955960482,255.08701007856885,247.52003560959292,247.71734619140625,1156400
2025-11-21,248.83216039206962,254.30760026991493,248.00344695750005,253.91297912597656,1780800
2025-11-24,252.9362951733595,253.86367145253496,249.31559261283672,253.1335906982422,1633600
2025-11-25,255.00808886419276,256.3892779418383,253.54795749201674,255.4520263671875,1234000
2025-11-26,254.8304899567336,257.32650567096937,254.11031462068402,255.48162841796875,725700
2025-11-28,256.6655187737446,258.76691330227374,255.49150051703268,257.5435485839844,457300
2025-12-01,256.5076756053562,259.5364465393053,256.01439161380745,257.3561096191406,1284800
2025-12-02,257.33636825490436,257.5928855441857,252.78830467288125,253.32102966308594,1044500
2025-12-03,254.35695065280325,258.036829758666,254.19909617126086,256.85296630859375,1465400
2025-12-04,256.8727164602982,259.01358236032854,254.53455501632845,258.1059265136719,1354100
2025-12-05,258.00722310904706,261.95349465918173,256.83320491426895,257.1883850097656,1315500
2025-12-08,251.59455894060125,253.27172141894707,227.2559297962385,232.87936401367188,4138200
2025-12-09,233.33316574600516,236.96374340144072,226.95994562036705,227.660400390625,3329700
2025-12-10,226.7330498551083,234.0533821201356,226.0325799981667,233.53050231933594,3623000
2025-12-11,235.78974498921278,240.53513451950383,234.91170009747322,240.45620727539062,1911200
2025-12-12,239.6176396069642,241.21587494273246,236.70725197665425,239.73602294921875,3053500
2025-12-15,237.68395007364205,241.817672216514,236.70724237814878,241.71900939941406,2099000
2025-12-16,240.02211782806796,241.94593743692363,235.6910849872388,238.99609375,2690300
2025-12-17,238.99608720263384,244.39261512313612,238.36468431331267,243.07061767578125,2454100
2025-12-18,244.52087149065846,245.82313335166813,240.3871493874089,240.47593688964844,1892300
2025-12-19,238.36467798553937,240.2095551959897,235.39511393791008,236.73684692382812,2972700
2025-12-22,236.73684636750195,242.40961194729417,236.27315823754282,241.49209594726562,1926500
2025-12-23,241.09747787527468,242.2122894103179,238.96648751300813,241.48223876953125,919800
2025-12-24,241.49209745521154,242.95221378109818,240.8705548401444,242.53785705566406,645500
2025-12-26,243.59350491668852,244.6096687374634,241.709156451433,244.09664916992188,950800
2025-12-29,243.68227003247782,245.45809525400708,242.74503354311918,244.52085876464844,1303200
2025-12-30,244.52087212366976,246.23749072007337,243.24819103961306,245.47784423828125,1077700
2025-12-31,245.14240718626024,246.2572338196631,243.6033635477627,243.7020263671875,876800
