date,Open,High,Low,Close,Volume
2016-01-04,126.79434493873467,127.0813245887593,125.0455083856591,126.005126953125,5719500
2016-01-05,126.44458619672733,127.08133044981496,125.3504480060682,126.5163345336914,3357000
2016-01-06,124.5074234008789,124.97378075352339,123.09938793245857,124.5074234008789,4254100
2016-01-07,122.31017275461214,122.57024848165922,118.83941736012036,119.28783416748047,7013700
2016-01-08,119.90663609792455,121.16221120747463,116.40899092512092,116.57939147949219,5776900
2016-01-11,117.3506528063376,117.48517233899611,115.61975727344735,116.77667999267578,5551500
2016-01-12,118.00534450513344,118.53447294517514,116.26548545928173,118.31026458740234,4171500
2016-01-13,119.00981264744732,119.17124980691179,114.57048918879262,114.90231323242188,5073100
2016-01-14,116.22063697603751,116.65112686077438,112.8306078201367,115.8708724975586,6517800
2016-01-15,112.82164870761969,114.0234022245953,111.66473275695589,112.66918182373047,6678400
2016-01-19,113.9516506075227,114.09514723707522,112.20282819920052,113.05481719970703,5478900
2016-01-20,111.20734100920137,112.0503665902574,107.45857714342517,109.53923034667969,7636600
2016-01-21,110.1042486190596,112.98309024939734,109.00114721734599,110.66925811767578,5546200
2016-01-22,111.58403210890376,112.71404433278691,110.59751654177276,111.75443267822266,5259900
2016-01-25,111.74544466564917,112.31941751683554,110.66924728024875,111.21631622314453,4551600
2016-01-26,112.08623747244539,114.92919076783576,111.65575444469914,114.80363464355469,5432600
2016-01-27,107.53034354463911,107.71867776824236,103.15379146065033,104.5528564453125,27945900
2016-01-28,105.01919777851741,105.85325317780011,103.18965668195224,105.83531951904297,10708400
2016-01-29,105.95191358855158,107.78145482639805,105.84429110080876,107.73661041259766,9195700
2016-02-01,107.29714737199329,109.67375724919827,106.40928422230466,109.0190658569336,6812800
2016-02-02,107.34200799454878,107.87113649590054,105.26135446702392,105.3958740234375,8646700
2016-02-03,106.54382524065844,109.53027567129953,105.06404855964715,109.29710388183594,7361900
2016-02-04,108.6244836934105,112.02348372074766,108.6244836934105,110.85759735107422,5837000
2016-02-05,110.87552036071504,111.35981125964331,108.54375468766136,109.91590881347656,6186700
2016-02-08,108.22089655731939,108.81280995027883,105.1537276364293,107.14469909667969,6453600
2016-02-09,105.80843291801784,107.60210014818239,105.31517169280359,106.6155776977539,4137600
2016-02-10,106.95048493563054,108.12715332194372,105.23977775085064,105.32124328613281,4888600
2016-02-11,102.44290680390172,102.64203707858333,92.41403605018881,98.15258026123047,33735600
2016-02-12,95.14752913991474,99.41974866079796,95.0389107558874,98.32453918457031,12973400
2016-02-16,99.32020442941847,102.06275513546143,98.65945458501209,101.91793060302734,7587700
2016-02-17,103.2122693758363,105.74664342060443,103.17606324312662,105.3031234741211,6619600
2016-02-18,105.81905892712118,107.01383372068024,105.61087538406754,106.41644287109375,6489000
2016-02-19,106.18109876095734,106.19920527936175,103.56526620620772,104.23506927490234,6920600
2016-02-22,104.23508277049463,107.68363607239131,104.23508277049463,106.25352478027344,4930300
2016-02-23,105.87337182944343,107.25822373992132,104.9320330033898,105.81001281738281,3762300
2016-02-24,104.42515944865737,104.9591844134802,101.83647943956318,104.62428283691406,6859300
2016-02-25,105.31217356059393,106.44358927763,104.79624826985003,105.73758697509766,4667100
2016-02-26,106.57936989764886,108.11809264560281,106.3530867343842,106.95047760009766,3757800
2016-02-29,106.91425352486233,108.13618102032657,106.3530688881129,106.96855926513672,4569700
2016-03-01,107.71982352047176,109.51198204927886,107.03192086926254,108.57969665527344,4595400
2016-03-02,108.28101152266947,109.29476253071445,107.25821416057691,108.29911804199219,4292500
2016-03-03,107.56594539837401,108.37151969460969,107.03192052608824,108.26290130615234,3404600
2016-03-04,108.76978326770762,110.63436112609143,108.48014111091214,109.58440399169922,4421500
2016-03-07,109.34002185373423,111.62095298836476,109.13183831533833,111.24079895019531,4504700
2016-03-08,110.40807868190676,111.30415803122555,109.80163458562338,110.74297332763672,5257300
2016-03-09,110.77011556529058,111.56663660430735,110.45332056368761,111.20458221435547,3380300
2016-03-10,111.45801653729508,112.07350691926123,109.91024077653009,111.27699279785156,4111300
2016-03-11,112.35410485184316,113.59413897447786,112.10972209331624,112.80667114257812,3260100
2016-03-14,112.17309546020084,114.95185256487521,112.10973644761013,114.35446166992188,4283400
2016-03-15,113.63941096069307,114.38161948353442,112.42652957617808,114.37256622314453,3717500
2016-03-16,114.26394533945923,115.97465242413591,113.82043226856523,115.4677734375,5154700
2016-03-17,115.92033770075575,119.11545464600144,115.3319932291487,118.30082702636719,5801000
2016-03-18,118.78961730245543,121.90326210468558,118.58142684300972,121.25157928466797,9108400
2016-03-21,120.79900829298012,123.80404147797245,120.73564237874784,122.97132110595703,5671400
2016-03-22,122.31961256066924,123.18854588778358,121.99376428940471,122.30150604248047,4989000
2016-03-23,122.18384955807149,122.19289591165291,120.14730129287727,120.25591278076172,4361200
2016-03-24,119.12448512885244,119.68566284160109,117.69437416650791,119.58609771728516,4573100
2016-03-28,119.9572235328697,120.03868215296268,118.16506483468648,118.83485412597656,3352200
2016-03-29,117.51336837355528,118.50900595747906,116.01989128082828,118.46376037597656,4910200
2016-03-30,119.00682157019986,120.13823723643563,115.87507074034603,116.38194274902344,5949000
2016-03-31,115.93842652360615,116.20092270080916,113.36785336284761,114.89752960205078,8758300
2016-04-01,114.25489122391144,115.03329890734256,113.24114022511466,114.91563415527344,5328000
2016-04-04,114.53549235276279,115.82983238621391,113.93810145780944,114.35446166992188,5036500
2016-04-05,114.1824744761404,116.39099323931528,113.66654919022335,114.97898864746094,4660100
2016-04-06,115.09666058074002,115.89316784838631,113.8204203460619,115.79360961914062,3998000
2016-04-07,114.95183563232422,116.70779501634657,114.55357509435294,114.95183563232422,4596300
2016-04-08,115.89316203398045,117.68533437153117,115.50396167892906,115.74834442138672,3939800
2016-04-11,116.08324681099549,117.57670995892713,115.56732154583781,115.77550506591797,3611700
2016-04-12,115.51304394203062,118.01121226346193,114.66221694796299,117.18753814697266,4239200
2016-04-13,118.11077356576837,119.0249526406234,117.49527613453279,118.69910430908203,3514800
2016-04-14,119.02495336653068,119.43226033063415,118.14697351816818,118.4366226196289,4527600
2016-04-15,118.5270943029894,119.11543869581403,118.28270466870146,118.69002532958984,5008700
2016-04-18,118.69003984653006,119.70378391834414,117.95688466521972,119.45034790039062,3056000
2016-04-19,119.99343573305832,121.15200435926593,119.66758744373573,120.09298706054688,2931000
2016-04-20,116.35477981939427,118.89819980742467,116.30047408190575,118.18315124511719,6799000
2016-04-21,118.55428203871413,120.05680569700155,117.9387984068737,118.3370590209961,4799600
2016-04-22,118.65385212711513,119.32365535247202,118.11982710470859,118.6176528930664,3858100
2016-04-25,118.07453444714339,118.57236009528486,117.04268392700752,118.34607696533203,4600100
2016-04-26,118.79865750089584,120.62702927776772,118.62668009166951,120.5998764038086,6103400
2016-04-27,120.56366533572098,124.80873964296089,119.43224953149831,124.0755844116211,6930800
2016-04-28,123.3605331486167,124.65488012862565,121.74035164603052,122.01189422607422,4938800
2016-04-29,121.66793937060358,122.40109466886103,120.210675129306,122.01189422607422,3716700
2016-05-02,121.63170711538001,122.19288483354187,120.59079647635893,121.29679870605469,3703800
2016-05-03,120.1111058983173,120.66323739487304,118.98875019538548,119.92103576660156,4028700
2016-05-04,119.10641425409449,119.75811093350102,118.14697575697643,118.47282409667969,3340500
2016-05-05,119.23310957504304,120.05678352841048,118.6809781549121,119.54991149902344,4199200
2016-05-06,119.57705360222033,120.95285885181491,119.26025170677084,120.61795043945312,2466000
2016-05-09,120.20161374838833,121.11579271532231,119.31458765494153,119.56802368164062,3431100
2016-05-10,120.54554132219383,122.41012589839666,120.19254019495284,121.939453125,3382700
2016-05-11,122.10371367624239,123.18048935524482,121.3098295373366,121.36457824707031,3284100
2016-05-12,121.81169141870944,123.22607921532651,121.81169141870944,122.66032409667969,4591300
2016-05-13,122.03983093974334,123.13484678150034,120.3699258634141,120.5615463256836,3965900
2016-05-16,120.11442948344646,122.65122166572436,120.04142656664705,122.40483856201172,3165400
2016-05-17,121.93036117400236,122.72425941711273,120.41559547307571,120.96309661865234,4032000
2016-05-18,120.86269874707784,121.52883129322419,118.93729010984906,119.53043365478516,4060400
2016-05-19,118.84602928441275,119.01939554145095,115.97159697080657,116.87499237060547,5061600
2016-05-20,117.83315121287767,117.94264863604585,116.0811158608253,116.24536895751953,3297700
2016-05-23,116.25447861740795,117.17612124176922,114.86745112859522,116.41873168945312,3977700
2016-05-24,116.58301257185464,117.54114991906008,115.26898768203853,116.34575653076172,5102400
2016-05-25,116.80198991849467,118.42626647688816,116.22710763066338,117.58675384521484,4656700
2016-05-26,117.24000870388537,118.53577927691447,117.09401677968286,117.99739837646484,2586300
2016-05-27,117.6780341270129,118.35328685282617,117.55940262701436,117.915283203125,3043700
2016-05-31,118.51753997556938,118.60878318847011,115.01347617368012,115.11385345458984,6894400
2016-06-01,114.9769699843296,115.43322780172772,113.86369979596746,115.35110473632812,4679600
2016-06-02,115.570116524374,115.91686998925638,114.35646895437209,115.75261688232422,4802100
2016-06-03,115.36022241699818,116.41874387249321,114.93133896389043,116.23623657226562,5485600
2016-06-06,116.4369961867971,120.52506938449318,116.30011744615732,120.36080932617188,6996200
2016-06-07,120.82617816157067,121.72043943412055,120.28779736959848,120.3881607055664,4424000
2016-06-08,120.92657464531712,121.84821041489607,120.48855711968048,121.36457824707031,3883700
2016-06-09,120.54330267959999,122.11283044778213,120.3790426497811,121.45581817626953,3811200
2016-06-10,120.23306792066681,120.56157414137431,118.96467160924608,119.66731262207031,3828600
2016-06-13,119.34790016958642,120.0049124657983,118.51752161855038,118.55401611328125,3645000
2016-06-14,118.28939837654089,119.174539597705,117.25825132172683,119.08328247070312,3717000
2016-06-15,119.43004548415243,120.23304973920884,118.59965295128403,118.77303314208984,3324800
2016-06-16,118.00653989400752,118.52666661531029,115.7982465549146,118.05215454101562,4066100
2016-06-17,118.47189632704597,118.61790215776325,117.54112656107627,118.46277618408203,6739600
2016-06-20,119.8680404341769,122.18582375109258,119.73116867439366,121.13643646240234,4331900
2016-06-21,121.53796042335826,121.6200834892964,119.98668661880838,120.0140609741211,2841100
2016-06-22,120.54332697485374,121.51059136845252,120.06881492226186,120.24219512939453,2640800
2016-06-23,122.19496888463351,122.77897831907133,121.1181932225831,121.86646270751953,4113900
2016-06-24,116.92974718397016,118.07039167184402,115.16859181621525,115.45146942138672,9707300
2016-06-27,114.68497524573098,114.74885106725097,111.646296246404,111.9656753540039,6169000
2016-06-28,113.60820219958605,113.84545822581251,111.96567119023686,113.05156707763672,4438100
2016-06-29,114.51158995368101,116.18149530756995,113.29794939862566,115.88036346435547,4916700
2016-06-30,115.96246509535777,118.50837707519531,115.96246509535777,118.50837707519531,4110800
2016-07-01,118.20727627956265,118.93729161586693,117.86052978582855,118.34416198730469,3247900
2016-07-05,117.19437129585765,117.71451186897511,115.55184740043221,115.86210632324219,4829400
2016-07-06,116.11761193098859,116.1723606400306,113.11543472421609,115.85298156738281,3981700
2016-07-07,115.81648778050742,116.95713237406412,115.21423105531936,116.04461669921875,3049400
2016-07-08,117.34951287568548,119.04679246521783,116.49174597548652,118.70915222167969,3597800
2016-07-11,119.39353239283092,121.59269823166065,119.35703789698071,120.4885482788086,3929900
2016-07-12,121.18209948077862,121.36459985367614,118.9281843695852,119.3661880493164,4318400
2016-07-13,119.79505098070437,119.89542825711742,118.05214278293397,118.72740936279297,3061400
2016-07-14,120.11443816377434,120.37906157289842,118.80953355799262,120.04143524169922,3984100
2016-07-15,120.26955676918307,121.1364437893017,119.95017074519487,120.80793762207031,2944900
2016-07-18,120.79883527188035,122.17672899423057,120.4064462725013,121.75696563720703,3338400
2016-07-19,121.28245405378236,123.80099214527931,121.20945113352231,122.87935638427734,3390000
2016-07-20,122.77897131578959,123.35384665003588,122.31357946915874,122.93409729003906,2669400
2016-07-21,122.9706112422801,123.1713658110445,121.39196297325527,121.84822082519531,2814100
2016-07-22,120.22392910099245,121.8117112417552,119.14716738719498,121.79345703125,4844900
2016-07-25,121.52880926482906,121.63832059456281,120.79880799397323,121.309814453125,3078600
2016-07-26,121.2733328519281,123.16224706385381,120.91745228033287,123.05274963378906,4667300
2016-07-27,124.2298665380558,127.25029078360386,123.83749153464657,124.06562042236328,5661700
2016-07-28,123.55461487479255,123.97437820517446,120.95395359643176,121.37370300292969,5142400
2016-07-29,121.41021515375691,122.09460192021113,120.72582838730267,121.96685028076172,3559100
2016-08-01,121.55619812011719,122.48695392206352,121.09080629526224,121.55619812011719,3067300
2016-08-02,121.31896214702574,121.72959143610595,119.8589453498645,120.08707427978516,3156800
2016-08-03,120.24219947096583,120.86270347270376,120.10531375960497,120.33344268798828,2359300
2016-08-04,120.45206715820564,120.95395355614163,119.50305699801358,119.73118591308594,3008500
2016-08-05,120.64369837770093,120.85357307532071,119.54866847525216,120.20568084716797,3119500
2016-08-08,120.57979868591147,121.31893401966693,120.22391819470026,120.62542724609375,2443800
2016-08-09,121.11819954509085,121.35546252776497,120.66194171549776,121.017822265625,3013900
2016-08-10,121.5422632451606,122.85796754650832,121.18343352304115,121.70787048339844,2642200
2016-08-11,122.23234001654585,122.88558738544947,121.72629442419401,122.37034606933594,2275700
2016-08-12,122.27832978231835,123.08800271092971,122.029918893172,122.46235656738281,2522600
2016-08-15,123.01437100844544,124.21047468362319,122.87636498561602,123.89765167236328,2812600
2016-08-16,123.42842329980942,124.4037174979449,122.738364994281,124.21049499511719,2759200
2016-08-17,124.0724725542437,124.2012828593499,123.39161006195647,123.9528579711914,2854600
2016-08-18,123.95287435086168,125.09377580347332,123.77805733384426,124.21049499511719,2030800
2016-08-19,123.75043861640331,124.21047742166876,123.14318402402809,123.69523620605469,1922600
2016-08-22,123.56645326596306,124.82695537896232,123.14321129411297,124.20130920410156,2520500
2016-08-23,124.50491124173963,125.47098151880714,122.95917352774485,123.4192123413086,3481900
2016-08-24,123.29961070975234,123.8884598914013,122.43474944238662,122.63715362548828,2135900
2016-08-25,122.646375609527,122.646375609527,121.8367026393491,122.35194396972656,1921400
2016-08-26,122.83036009266284,123.36400678751566,121.28463645731269,121.66185760498047,1973700
2016-08-29,122.11272068495619,122.90398811529714,121.74469519891163,122.27832794189453,2380000
2016-08-30,122.54515912975782,122.7751785698124,120.23575496647553,120.3553695678711,3437300
2016-08-31,120.37376905035245,120.37376905035245,118.81883546685326,119.10405731201172,3639200
2016-09-01,119.6376962526519,119.6376962526519,118.10116825484826,119.51808166503906,2807200
2016-09-02,120.42895853566174,121.41344832313274,120.14373672112947,120.67738342285156,2631000
2016-09-06,121.10983116665926,122.36113739013672,120.7786026357602,122.36113739013672,4151800
2016-09-07,121.89188485148182,122.44393706493695,121.45025150428032,122.03910064697266,2198700
2016-09-08,121.74469519891163,122.28753770457269,120.99942042487199,122.27832794189453,2618300
2016-09-09,121.39505972228298,121.39505972228298,118.2483955242617,118.2575912475586,4892900
2016-09-12,116.73944012605644,120.23573069739247,116.21499618937429,119.72048950195312,6381100
2016-09-13,118.89244971212445,119.62851473071402,118.00916888196245,118.46920776367188,4552400
2016-09-14,118.60721760536039,118.97524306322548,117.16268890273375,117.46631622314453,3955400
2016-09-15,117.37429875088397,118.19317427015521,116.79465239192957,117.55831146240234,3462400
2016-09-16,117.50311768688432,117.50311768688432,116.24260875949403,116.57383728027344,8035600
2016-09-19,117.30989474033217,118.04595963283141,117.09827380235726,117.29149627685547,3168100
2016-09-20,117.72394523990356,118.22999080997971,117.37431822216485,117.57673645019531,2639300
2016-09-21,117.93555388491806,120.18975550117104,117.93555388491806,120.1253433227539,3227800
2016-09-22,120.94420414296596,121.89188299821414,120.68658352440941,121.33063507080078,3253100
2016-09-23,120.76020081263647,121.71707546465318,120.53937710558407,121.24784088134766,2330700
2016-09-26,120.5945831932437,121.06381773620507,120.00572002506694,120.1345443725586,2219900
2016-09-27,119.8769149212372,121.21103879056079,119.481288257122,120.8246078491211,1939000
2016-09-28,121.07300850018945,121.78147218602665,120.15293089649909,121.66185760498047,1773000
2016-09-29,121.2662488243008,122.1679210776454,120.2357522097777,120.55778503417969,2199400
2016-09-30,121.53305544142493,122.02990524268432,120.77859905629134,121.2110366821289,3118900
2016-10-03,120.78779754015245,122.11271165477181,120.29096176680586,121.79988861083984,2439400
2016-10-04,122.15871163559392,122.58193948606844,121.16502610422206,121.68026733398438,2829200
2016-10-05,122.3059073329581,124.11846130889033,121.95628739536697,123.89765167236328,3137500
2016-10-06,124.05403869584647,124.21045017060852,122.99594125231437,123.67680358886719,3614900
2016-10-07,123.22601391392178,123.89768082109732,121.94710632416475,123.15242004394531,4302000
2016-10-10,123.8332706428924,125.9310469530523,123.8332706428924,124.98336791992188,3343300
2016-10-11,124.15526824311019,124.84532641339047,122.61874040199844,123.05117797851562,3607300
2016-10-12,123.06958579352265,123.54803011956035,122.37033180875315,122.51754760742188,2264200
2016-10-13,121.83668991524308,123.2260022173651,120.8890109874261,122.719970703125,3544200
2016-10-14,123.80563273879416,124.44048849384436,122.81194730122898,122.83035278320312,2317400
2016-10-17,122.8303588468637,124.56010921682412,122.67394734053515,123.29039764404297,2435100
2016-10-18,124.23810093940364,124.89136233748202,124.13689182249776,124.3025131225586,2271000
2016-10-19,124.59689634493402,126.00461383045712,124.51409273737828,125.29615020751953,2265900
2016-10-20,125.05697583036458,125.82064210702495,124.55093022061692,124.98336791992188,2539700
2016-10-21,123.95284904332017,125.30536416915369,123.52041147033835,124.79012298583984,2205000
2016-10-24,125.50779370966208,127.78038659396776,125.50779370966208,126.46466827392578,3814200
2016-10-25,126.53826668769645,128.27721272804877,126.3726594644579,127.90918731689453,5209100
2016-10-26,127.36634359642082,134.50615521538865,125.79301866152376,133.90809631347656,13272000
2016-10-27,134.1749228066418,134.54294824386352,130.44860558787215,131.8563232421875,7857100
2016-10-28,132.2335836865737,132.49120434966733,130.8074602763442,131.580322265625,4636100
2016-10-31,131.61710377812577,131.89312986658854,130.7890255127375,131.04664611816406,3075900
2016-11-01,131.52509502261424,132.39916596739351,130.47620708102497,131.02825927734375,3245000
2016-11-02,130.65101246808393,131.45147544627292,129.3536997495044,129.50091552734375,2782100
2016-11-03,129.51011784765677,129.63892815001216,128.2128191022453,128.8292694091797,2280800
2016-11-04,127.99200761075119,129.5929478404016,127.70678577404097,128.38763427734375,2951500
2016-11-07,130.19102157396284,131.66315181524394,130.18182584919182,131.59873962402344,3228200
2016-11-08,131.58015324881086,132.86888165259768,130.99604854124675,131.83975219726562,2823800
2016-11-09,131.28346014191254,135.22381806248524,131.2278196759572,134.51918029785156,5494400
2016-11-10,135.83575787645208,138.45957507613892,135.72450520908623,136.92979431152344,6508300
2016-11-11,136.40131646567494,137.77349872246484,135.88211848616913,137.69932556152344,3585200
2016-11-14,137.41189636123545,139.15491591237307,137.41189636123545,139.0622100830078,4490900
2016-11-15,137.62514231090546,138.56155187335744,136.4662132819428,137.31918334960938,3856600
2016-11-16,136.56818717108982,137.5973166210142,135.49269773481032,135.77084350585938,3559700
2016-11-17,136.13244460633445,136.40130992315235,134.43577076727675,134.74172973632812,3656100
2016-11-18,134.60265362686195,135.91920952437928,133.93512348540403,135.6874237060547,2214400
2016-11-21,136.48475321704203,137.67149535101947,135.84502216181875,136.30859375,2825900
2016-11-22,137.1244529485911,138.84893960649467,137.10592027328448,138.62643432617188,3770000
2016-11-23,138.70989593302613,139.82246495335608,138.1721511746654,138.83042907714844,2857500
2016-11-25,139.07147152436673,139.21053733705844,138.17214154340928,139.10855102539062,962300
2016-11-28,138.14432641928283,139.1549090360438,137.513875881257,138.8582305908203,4728800
2016-11-29,138.91386829936644,141.02775367799103,138.24632405905524,140.5919952392578,3945600
2016-11-30,140.5456393822132,141.92708789318868,139.59068298339844,139.59068298339844,3991000
2016-12-01,139.7575879681812,141.56551459747936,139.433082150091,141.28736877441406,2843900
2016-12-02,141.34301863731864,141.3801122983468,140.10991612923362,141.1575927734375,2105600
2016-12-05,142.07545902085542,142.54829705961458,140.78673026698036,141.0741424560547,2855900
2016-12-06,139.85030618952192,141.5191671285431,139.0900559627423,141.1483154296875,3476300
2016-12-07,140.6198362863602,143.06749427047208,140.06355874052161,142.90988159179688,2955800
2016-12-08,143.33636487188133,144.60654671041502,142.9098727141887,144.0688018798828,2928400
2016-12-09,144.30985765268684,145.45025416607382,144.09661864206433,145.0886688232422,2707900
2016-12-12,144.63434928489718,146.48863581419076,143.05820856441437,145.7098388671875,4250600
2016-12-13,147.50849333813565,148.4078234016994,143.59594778143716,145.2462615966797,5650400
2016-12-14,144.84758735496845,144.97738684531157,142.94694084509274,143.2158203125,3640200
2016-12-15,142.7151351274476,143.9297045105909,141.90852513188196,142.56680297851562,2889300
2016-12-16,142.66879757956684,144.63433660118326,141.98270653094494,143.24362182617188,5888300
2016-12-19,143.85553268127262,145.65419263244934,143.77209319415576,144.80120849609375,3002800
2016-12-20,145.5243890086959,146.38662531180935,144.58796541193,144.99591064453125,2270100
2016-12-21,145.27404819338062,146.9521748668126,145.23695454865174,146.00648498535156,2326000
2016-12-22,146.95219878792156,147.40650405378034,144.86612656538009,145.98797607421875,3958500
2016-12-23,146.73896158891475,146.73896158891475,145.10718046537625,146.31246948242188,2135800
2016-12-27,146.86873538679322,146.93362804444817,145.4780207981483,146.00648498535156,1858700
2016-12-28,145.67275732146524,145.88601047595813,144.6436276462904,144.72708129882812,1810400
2016-12-29,144.63435123930495,145.32970869718622,143.85555428177798,144.34693908691406,1804000
2016-12-30,145.08867503576167,145.36680673670688,143.6701467725991,144.33767700195312,2027700
2017-01-03,144.91249187160952,145.6912888012964,143.90190913091467,145.53367614746094,3426100
2017-01-04,146.31247751679084,147.6290192656148,146.31247751679084,147.06346130371094,3189800
2017-01-05,146.86876581632006,148.06477438563863,145.9323420784848,147.14691162109375,2796000
2017-01-06,147.3972628282305,148.02772773545644,146.38667985543174,147.50852966308594,2426000
2017-01-09,147.41579003167027,147.63830952466853,146.64625936718812,146.78533935546875,2839400
2017-01-10,147.3786808022527,148.28727712470084,147.0170955409767,147.4806671142578,2988300
2017-01-11,147.91643584864812,148.06478217193964,146.74824038366657,147.78663635253906,2416500
2017-01-12,147.55486647300927,147.5641469611454,145.25555480185287,146.7575225830078,3020500
2017-01-13,147.1747392054559,147.9535362174537,146.80387338039645,147.2581787109375,2435400
2017-01-17,146.67407833588337,147.45287537154914,145.77474813502465,146.1826934814453,2758800
2017-01-18,146.07143502746504,147.4621500277638,145.32971753122212,146.78533935546875,2087000
2017-01-19,147.29522309280088,148.2223662137165,146.4051736190874,147.41575622558594,3144000
2017-01-20,148.1667492270037,148.62105447783054,146.70186130599453,147.9071502685547,3384500
2017-01-23,147.3601341171067,147.8793320161381,145.83033943558726,146.34027099609375,3931200
2017-01-24,147.02637099455285,149.20514903580087,146.3402799306124,148.85284423828125,3927500
2017-01-25,151.67135317541135,156.36269551880886,151.34686154262812,155.16668701171875,7480000
2017-01-26,155.06469347354724,157.61433716294786,155.06469347354724,156.79844665527344,5436800
2017-01-27,156.88189828365802,157.4289093456291,154.84217204057646,155.48190307617188,4883200
2017-01-30,153.83158694524795,153.89649375516362,151.88459485400017,153.50709533691406,5456300
2017-01-31,152.94154129327367,153.0713407692769,151.32830710830618,151.51373291015625,5350700
2017-02-01,152.28326533709762,153.72960641557893,151.23558903023886,152.02366638183594,3138000
2017-02-02,151.32834205860334,152.02369958644996,149.10320362832817,150.4382781982422,3791700
2017-02-03,151.11509476840604,151.64355910414264,150.4846299545364,150.5680694580078,2981700
2017-02-06,150.58660254241013,152.12566370792615,150.54952303772387,152.03294372558594,3110500
2017-02-07,152.97863934491133,155.22232435765332,152.85810619290618,154.36935424804688,4243200
2017-02-08,154.29452527942,154.51895881658487,153.06952254353865,153.18173217773438,3041600
2017-02-09,153.9859572303838,154.37870527677475,153.41553439112602,153.6212615966797,3451100
2017-02-10,154.5283205996228,155.6504598621737,153.79892936552594,155.44473266601562,2689700
2017-02-13,155.6504712647848,158.10049143430265,155.5569679761744,157.12796020507812,3765000
2017-02-14,156.81936149135404,157.84799749570143,156.37050862980934,157.5674591064453,2580300
2017-02-15,157.4926581596109,158.92338834220303,157.42720728350088,158.31556701660156,4033200
2017-02-16,158.72703065103477,159.72760009765625,157.80125813322678,159.72760009765625,3070100
2017-02-17,159.3535428891613,162.00927593598678,159.34418257238673,161.5043182373047,4982900
2017-02-21,162.63577906042113,164.73979531351748,162.41134552333241,164.16937255859375,4231700
2017-02-22,163.62702651266233,164.34707173258,162.71996045178273,163.9823760986328,2832100
2017-02-23,164.5527854805283,165.51595628804722,164.30029951805244,165.38504028320312,3502600
2017-02-24,165.28217995068755,167.19917555634578,164.67435868808172,165.9274139404297,4197200
2017-02-27,166.45105672837533,168.20908369128907,166.03025634882783,167.78826904296875,2892600
2017-02-28,168.63925581092224,170.1260907039516,168.01272816924524,168.53639221191406,4785100
2017-03-01,170.05128896907243,172.80988543135604,170.02323655820788,171.97763061523438,5461800
2017-03-02,172.06178929663398,173.66084807324944,171.09861846544283,171.11732482910156,4909000
2017-03-03,171.11733649773475,171.66905297870414,169.67724604208072,170.35987854003906,3917500
2017-03-06,169.63043993382266,170.47205489573176,168.72337411606904,169.19093322753906,4244000
2017-03-07,168.91979807225462,170.97705583084792,168.90109170779436,170.21026611328125,2452000
2017-03-08,170.56559260047237,170.83678493040125,169.7146456900247,169.94842529296875,2321700
2017-03-09,169.65851240966364,170.74325310110453,167.92855205383268,168.8543243408203,3100500
2017-03-10,170.0980122893235,170.1634774190369,166.3762454674969,167.1056365966797,4595600
2017-03-13,165.6655796702575,167.5638688865049,165.58142243850847,167.43295288085938,3499000
2017-03-14,166.95600749895948,168.03140205688354,166.17987190136742,167.13368225097656,2346700
2017-03-15,167.38618353459663,167.61061707385957,166.42301278201674,167.11500549316406,3569000
2017-03-16,168.1529550586991,168.32126947916828,166.11439004191277,166.6287078857422,3100700
2017-03-17,166.74097066090172,168.6766727260761,166.61005464698476,168.4148406982422,5037400
2017-03-20,168.41482533542109,168.46156983923245,167.5171054156125,167.75088500976562,2062200
2017-03-21,168.31195221661596,168.5550778440154,164.11326580651706,164.54342651367188,3239600
2017-03-22,164.54342773545656,165.60946206162086,164.1132670251077,165.4972381591797,2505700
2017-03-23,165.83390542785577,166.31082497779641,165.13256657796703,165.75909423828125,2006400
2017-03-24,165.37569215771944,166.01156581074991,163.43064420392605,164.4125213623047,2386800
2017-03-27,163.05659701584577,164.99229902614945,162.47682815190163,164.6743621826172,2750700
2017-03-28,164.85203172675696,166.1518458523981,163.64573515728745,165.8526153564453,2412600
2017-03-29,165.89003025110495,166.44176105713197,165.48793611104128,166.10511779785156,1640600
2017-03-30,165.74974059286373,166.90929257495495,165.72168818165605,166.432373046875,1737200
2017-03-31,166.4697810483538,166.61938914762248,165.33828150959286,165.38504028320312,2032700
2017-04-03,165.59076799976913,166.1985892523163,164.11327921537776,165.18865966796875,2934800
2017-04-04,165.40372871817746,167.18979381879166,165.291504819922,167.1056365966797,2326500
2017-04-05,167.38620022291894,168.48963312956644,165.41309975009892,165.5907745361328,2567200
2017-04-06,166.03959797232756,166.65677945590323,165.62814364994378,165.86192321777344,2343600
2017-04-07,166.8157499560335,167.4703299004669,165.75906173009426,167.24591064453125,2806900
2017-04-10,167.38619990492046,168.29326592858877,165.9648158881245,166.0396270751953,2309300
2017-04-11,165.98350163260577,167.01213749107765,165.4785440185752,166.9840850830078,2266300
2017-04-12,166.68486703012138,166.68486703012138,164.52474565063133,164.6276092529297,2922700
2017-04-13,164.3377335685361,165.40376810881398,164.16940481545208,164.2255096435547,2024100
2017-04-17,164.43119319029714,167.46098152218693,164.2535184359741,167.40487670898438,2450200
2017-04-18,167.00281537435544,168.29328351582967,165.62818998942242,166.3108367919922,2960200
2017-04-19,166.8905841564164,168.2277966367671,166.60069973165645,166.8251190185547,2124500
2017-04-20,167.14305355341435,168.15298305066202,166.77835797958377,167.66671752929688,2335200
2017-04-21,167.7789462924815,169.19096997908198,167.7789462924815,168.67666625976562,3146600
2017-04-24,169.9577657314044,170.62170606011506,169.8268497288272,170.24765014648438,3141900
2017-04-25,170.6871646009149,171.9215277682306,170.6871646009149,171.60357666015625,3735400
2017-04-26,170.48145745595468,171.12669152668246,168.42419953725806,169.92039489746094,4471600
2017-04-27,170.74326829236853,171.837355127729,170.74326829236853,171.3323974609375,3129100
2017-04-28,171.51941602662785,172.9314396805446,171.14537437236928,172.8379364013672,2181600
2017-05-01,172.27685832284598,172.5199982381363,170.004527466636,170.55624389648438,3516700
2017-05-02,170.69651654287802,171.97763852933622,170.68717049508462,171.5381317138672,1979800
2017-05-03,171.54748361040342,171.82802201029781,170.42534427960152,171.4913787841797,2983200
2017-05-04,171.4352796085724,172.295586932836,170.35988475166073,171.19215393066406,2289300
2017-05-05,171.27626535180076,173.06234466777335,171.27626535180076,173.0062255859375,2636900
2017-05-08,173.35223895648886,174.2967033241775,172.99688942841226,173.95071411132812,1963400
2017-05-09,174.03487670932304,175.06351260195115,173.97877189132035,174.78297424316406,3004000
2017-05-10,174.45317737978542,174.93373351275005,167.8949226005826,172.60630798339844,7060100
2017-05-11,172.3424876862067,173.68995150839987,171.65462938176307,173.3224639892578,2883800
2017-05-12,173.1057255036524,173.36012995839982,172.08806455064195,172.67227172851562,3479200
2017-05-15,172.71938351215692,173.48262561056083,171.75825690994145,171.86190795898438,3365000
2017-05-16,172.1822588567903,172.57801344079712,171.5320854766345,172.15399169921875,2156100
2017-05-17,172.15403668356453,172.15403668356453,168.3660784211165,168.46031188964844,2535700
2017-05-18,168.17763426790475,168.196483838155,165.34138501063882,167.15997314453125,3118100
2017-05-19,167.47090555536255,170.94791036726357,166.5663275878156,170.3260040283203,4038900
2017-05-22,173.1717052678966,174.6228202293866,171.98444115413963,173.06805419921875,2946800
2017-05-23,173.37897836385437,173.81243213608704,172.30478309476382,172.89842224121094,2123800
2017-05-24,172.8701843578851,174.69819007923024,172.8701843578851,174.55685424804688,2424700
2017-05-25,174.91490818356002,176.60157791936467,174.87720904668834,176.27178955078125,2363300
2017-05-26,175.95142202042587,176.7806305785501,175.51798254904958,175.8195037841797,1735800
2017-05-30,175.97967514380292,176.60158151276823,175.4425846455207,176.09275817871094,2231600
2017-05-31,176.5544677294202,177.39309383079043,175.94199332363607,176.79946899414062,5186700
2017-06-01,176.59217149142918,177.06331008606315,173.87840858537464,176.5073699951172,2870200
2017-06-02,176.97849743394372,180.63452292080044,176.81829766921854,179.24937438964844,3034300
2017-06-05,179.09860346753317,179.7299273574682,177.91132519803767,178.04324340820312,2522100
2017-06-06,177.53442877081724,177.95845058283345,175.91371103679361,175.97024536132812,2725000
2017-06-07,176.06449363429755,177.65692996202827,175.63103981305156,177.24234008789062,2383500
2017-06-08,177.2423204404209,180.04088445417543,176.8654009902479,178.9666748046875,2340300
2017-06-09,179.03266118004407,179.96552074859156,178.32595330696495,179.06092834472656,3344900
2017-06-12,179.31535510466998,179.5320748361195,177.1952313920299,179.0326690673828,2730100
2017-06-13,179.0797610682274,180.50259427610098,178.42016999100147,180.05972290039062,1882700
2017-06-14,180.02205347104183,182.2175609691711,179.80533375107444,181.27528381347656,2210000
2017-06-15,180.3801171979104,184.2623090325721,180.32358286648483,184.16807556152344,2894100
2017-06-16,184.6957197631978,186.52373954432886,184.50726722842285,185.1009063720703,6939100
2017-06-19,186.4577866545937,187.95600370854802,185.62857825230148,187.58851623535156,2726400
2017-06-20,187.27757533897199,189.6238505155279,186.86297111069632,186.88182067871094,3077400
2017-06-21,188.0596463488727,188.18214696046223,186.15624277327905,187.67330932617188,3151100
2017-06-22,187.74871468191728,188.841759583234,187.68274838259288,187.92774963378906,3339300
2017-06-23,187.75812237435852,190.6697694259581,187.21159995252447,190.5566864013672,4310100
2017-06-26,191.06556130089672,192.59204583928158,188.39891496790915,188.4365997314453,3077600
2017-06-27,188.26696044306394,189.3223061547922,187.40948486328125,187.40948486328125,2296900
2017-06-28,187.98431292182963,189.35061206997028,187.7958603458809,188.09738159179688,2096800
2017-06-29,188.09738069364792,188.2292989339831,185.11036352619317,186.06207275390625,2428900
2017-06-30,187.04201977292144,187.92776262043833,185.99609153055704,186.33531188964844,2225600
2017-07-03,186.63684202999076,187.92775712472212,186.33530644050148,187.12681579589844,1511200
2017-07-05,187.7958241630528,190.47188760875036,187.3812199490419,190.1609344482422,2716700
2017-07-06,190.00077390613723,190.80171527680656,189.1904149395574,189.85000610351562,2737400
2017-07-07,190.5661276445126,191.54608951126264,189.64268572579712,190.68861389160156,3090400
2017-07-10,190.64152513743963,192.77106637897884,190.51902450360478,192.18685913085938,2701900
2017-07-11,192.22452190250547,194.73098235450493,192.22452190250547,194.36349487304688,2815800
2017-07-12,195.00425306922074,196.568436586956,194.41062824252032,194.52369689941406,2817400
2017-07-13,194.86291052178439,195.05136306943834,193.4966115787836,194.3258056640625,1943600
2017-07-14,194.8628964282926,196.68148422973474,194.80636210588605,196.47418212890625,3229000
2017-07-17,196.68149424414707,197.61435374537368,196.52130886317013,196.9359130859375,2416000
2017-07-18,197.03957939254516,197.1149632914292,195.55077974010496,196.2198028564453,1942300
2017-07-19,197.3410690233316,198.75448455065418,196.92647921284228,198.70738220214844,2258400
2017-07-20,198.91470293738305,199.0560387521579,197.80280847512657,198.14202880859375,2235100
2017-07-21,197.86877851300682,199.9512029060798,197.3222560555376,199.89466857910156,2098400
2017-07-24,199.76273955753106,200.3657963093769,199.19736756229747,199.93234252929688,2392700
2017-07-25,200.91232292437965,201.64729790669617,199.7156269903997,200.19619750976562,2889000
2017-07-26,210.5800899374487,220.4739998471254,210.1466505073759,219.97459411621094,14140000
2017-07-27,223.44219797401385,228.67182495353813,223.0370112997499,227.08880615234375,10860600
2017-07-28,226.91917886281368,228.0310589429929,224.78020581300217,227.34320068359375,4602400
2017-07-31,227.8897336808218,232.26189906639374,227.8614665166614,228.4645233154297,5777300
2017-08-01,229.3314095948638,229.90619921200187,225.35499900640204,225.61883544921875,5018400
2017-08-02,225.26077195594368,227.61646481815845,224.14889182642224,224.21484375,5119900
2017-08-03,223.3761704340069,225.7601299562471,222.41504392360807,224.4974822998047,5112700
2017-08-04,224.8084850187174,225.89209799409366,222.73547815651463,223.98870849609375,5590500
2017-08-07,223.885041257122,227.49394984179744,223.51755376891188,226.36322021484375,3674700
2017-08-08,226.06169104603333,226.6364806230007,225.13824918270424,225.67535400390625,4871500
2017-08-09,225.60899264140707,226.2630439809247,221.90272582374476,222.10177612304688,5680400
2017-08-10,221.83639871555005,223.85542454520564,219.82686111547966,220.74632263183594,6817700
2017-08-11,220.63256826884185,223.13501653878802,218.90740272020255,222.64212036132812,3461700
2017-08-14,223.71322097405212,225.10663106503773,223.4383371402671,224.7938232421875,2953500
2017-08-15,224.85071710259592,227.15410051914185,223.71322881101506,226.70858764648438,2851100
2017-08-16,227.21095538927167,227.74177550576596,225.04027717065824,225.2108917236328,3012700
2017-08-17,225.01186880179867,225.22040736777237,222.9928428965831,223.31512451171875,2810900
2017-08-18,222.75584811832542,224.8980906422105,222.3482592537368,223.48573303222656,2939500
2017-08-21,223.48571235991147,224.5947502761358,222.13970015909828,223.400390625,2545400
2017-08-22,223.8554292484803,227.39108211829446,223.80803149085241,227.2583770751953,2915700
2017-08-23,226.88864780603183,226.88864780603183,224.831712858513,225.684814453125,2518300
2017-08-24,226.09245632076045,226.45264744072085,224.2724953347949,226.30099487304688,2553100
2017-08-25,226.54744840431516,226.6327556876409,223.324603459383,223.5994873046875,2270300
2017-08-28,223.9122771562951,225.17298216465406,222.38616208973042,224.82225036621094,2395000
2017-08-29,224.8507066154971,228.6043715185958,223.77957812518076,227.95980834960938,3535500
2017-08-30,228.4337656156719,228.86031648939863,226.54744486361798,227.93138122558594,2801100
2017-08-31,228.44321337893865,228.5380088795387,225.9881632292813,227.17303466796875,3075800
2017-09-01,227.17304659749277,229.89350693517443,226.70857176218178,227.80813598632812,3270700
2017-09-05,227.77972104553555,227.83659256857482,223.9217721433703,224.6516571044922,3866600
2017-09-06,225.1540450209304,225.4668528662894,222.13025031289177,222.39566040039062,4252700
2017-09-07,222.5188717665069,224.21560142145853,222.0828326824824,223.99758911132812,2994500
2017-09-08,223.46678534223255,226.91713088731177,222.95492717146485,226.3389129638672,3404200
2017-09-11,227.02140660554187,229.24897107799165,226.84130380175677,228.0546112060547,3628100
2017-09-12,228.0545940047237,229.1162487512315,226.5000431062358,228.0451202392578,2702700
2017-09-13,227.49531823276814,230.7939962972897,224.73693402789277,229.3247528076172,4529100
2017-09-14,230.3390282970493,232.81304066101262,229.86507967915415,232.4528350830078,4995200
2017-09-15,234.47187722576447,236.92692776689734,233.3818011138566,236.02642822265625,9033300
2017-09-18,236.94588349440178,240.56684357146995,235.94111469496033,239.8938446044922,5193000
2017-09-19,239.89382872941943,241.8749304359926,238.51938066144447,239.30613708496094,4124700
2017-09-20,240.064455757789,243.31575089289686,239.10708472856638,242.14984130859375,3853200
2017-09-21,242.784938022279,243.60011580816433,241.16402728894312,242.6996307373047,2809400
2017-09-22,242.95552208772125,245.78972537806968,242.7849075391943,243.08824157714844,3475600
2017-09-25,243.58115098590173,243.58115098590173,238.39615200974183,241.06922912597656,3479200
2017-09-26,241.33463778194152,243.11668918235418,240.3298545800775,240.4815216064453,2173600
2017-09-27,241.96972850521945,245.28735432661952,240.73745922083438,241.9792022705078,3840100
2017-09-28,240.87015304821853,242.4721015970188,238.08333302412376,241.02182006835938,2586100
2017-09-29,240.62370699524195,241.96023103806147,239.42934728137507,240.96495056152344,2531100
2017-10-02,241.38202837513072,242.6522216796875,240.32038808596246,242.6522216796875,2685100
2017-10-03,242.65222570117007,244.8039565392653,241.41995636581208,242.14984130859375,3163400
2017-10-04,242.77543242201958,243.73281787522436,240.8322546835141,242.43418884277344,3031000
2017-10-05,241.97918402396277,245.49587436135118,241.5052354475348,245.40110778808594,3940200
2017-10-06,244.5574559116097,245.41055753044768,243.6664303084275,245.1072235107422,2736400
2017-10-09,245.5053732028302,245.5053732028302,243.71383362127244,244.9271697998047,2146100
2017-10-10,246.20679318324164,247.45802434707218,243.79915528233963,247.3347930908203,2740700
2017-10-11,247.70449427321228,248.01728760976914,245.52431343567582,247.8182373046875,2890300
2017-10-12,247.35377499680436,249.27800507079883,246.4532611255278,248.2637481689453,2577900
2017-10-13,249.2021395333697,250.04578182989252,247.15467834472656,247.15467834472656,2243900
2017-10-16,247.8751594903265,248.3491081700403,246.159467583965,246.21633911132812,1818900
2017-10-17,243.1261615641044,245.55277626148748,242.90816370558832,245.1451873779297,2515900
2017-10-18,245.0029901339701,247.1452470600932,243.28729851832298,246.49119567871094,2051700
2017-10-19,245.4864634347614,245.60020648711364,242.6901547118009,245.5433349609375,2589200
2017-10-20,246.79454251426617,251.03164486627327,245.92249314336775,250.95582580566406,3955900
2017-10-23,251.31596280494367,252.12168112562009,248.4817597321475,248.65237426757812,3302400
2017-10-24,249.52446508593857,253.28761835951408,249.52446508593857,252.1406707763672,4401600
2017-10-25,250.9841933445628,252.14062896533937,241.23981229954464,244.95558166503906,7895300
2017-10-26,246.18788737656672,247.8182718861147,243.90345141724174,245.76132202148438,3419100
2017-10-27,244.80394966815965,245.97933298515258,242.47211610123844,243.09771728515625,2899200
2017-10-30,242.14037307262646,246.84195025206122,242.02663002001424,245.7423858642578,3025900
2017-10-31,245.82765474059013,246.3869106135648,244.0550916167917,244.5385284423828,2742800
2017-11-01,244.83238278756664,245.89402305308147,242.88917611628713,245.03143310546875,2929500
2017-11-02,244.8513354963129,249.52446198023176,244.55748966401964,248.94625854492188,2529900
2017-11-03,248.74717961606655,250.04579406637797,246.52907485751314,248.11207580566406,2610800
2017-11-06,248.9367709382572,251.98900123755865,248.85146365713885,250.3112335205078,2911600
2017-11-07,250.31121958772917,253.3539614883657,250.31121958772917,252.26388549804688,3205400
2017-11-08,252.27335579147507,253.67622502874704,251.46763744633864,251.73304748535156,2841800
2017-11-09,252.55268408504395,254.21088259747677,247.35886060494482,250.3512725830078,3215900
2017-11-10,249.7889470397676,250.16062821869187,247.39695471402555,248.58819580078125,1740600
2017-11-13,249.36965172517972,250.98018288444356,248.24509805966417,250.0843963623047,2604100
2017-11-14,249.68410751943023,250.0652988135406,247.96873215441775,249.4553985595703,2358200
2017-11-15,249.1313792958795,252.32388176494865,247.92105988152264,250.503662109375,2510500
2017-11-16,251.36142224375575,252.58125201977157,250.9611524202499,251.3042449951172,2710200
2017-11-17,250.4656042463561,251.34234143936726,249.71273170222156,249.9319305419922,1724800
2017-11-20,250.63713812631784,253.13397492508892,250.40842913193754,252.19052124023438,2447400
2017-11-21,253.7248000600025,254.44908391254134,252.26672220315083,254.43954467773438,2267100
2017-11-22,254.4491083837308,254.9065554529652,252.09521471963103,252.68606567382812,1471400
2017-11-24,252.79089346924738,254.03931177991564,252.09519821673152,253.38174438476562,788900
2017-11-27,252.90527457207386,254.29663614048766,252.27629573300098,253.09585571289062,1772200
2017-11-28,254.4491395885166,255.41167185757757,252.76235239147564,255.39259338378906,2262100
2017-11-29,256.8125215080088,257.0031026265708,253.63903905794712,256.6409606933594,3029100
2017-11-30,257.222315709278,264.0171597020609,256.7648686499101,263.7884216308594,4820300
2017-12-01,264.46505017772387,265.6277025963614,257.87986621707535,258.6231994628906,4592500
2017-12-04,263.17849721029455,268.58195014234457,263.02601487113,264.9034118652344,5523000
2017-12-05,265.8945635936686,266.3043435688436,261.93961971403087,262.5876770019531,2806100
2017-12-06,263.57877068306476,266.0184593300783,261.12006173045984,265.1893310546875,2538100
2017-12-07,269.5158729559593,271.40280904043084,264.74137004885984,268.7153625488281,4264400
2017-12-08,271.61254471107327,273.813956218276,270.2306932254439,272.460693359375,4440500
2017-12-11,272.7560733236809,273.02291015627424,266.7426908138177,269.8494567871094,4065200
2017-12-12,277.644975390659,279.03633701869177,274.19514540555747,276.310791015625,5517600
2017-12-13,276.84439213875373,281.94290913588424,276.08200957674734,278.12139892578125,5003300
2017-12-14,279.5604666955813,282.8673531469546,278.84572203678044,280.0655517578125,3913400
2017-12-15,281.9620110579615,283.39150044034864,279.2459754148188,280.12274169921875,6933500
2017-12-18,282.0858968688517,283.1723227288116,280.6754569146148,282.2193298339844,2901600
2017-12-19,282.5623854756656,283.5916049769845,280.351435041088,283.2771301269531,2728400
2017-12-20,284.65901828858796,285.2593794436799,283.14373383852734,283.8966064453125,2533700
2017-12-21,284.0394963317373,284.3635394812834,280.30378079061404,281.1614685058594,5398300
2017-12-22,282.4003731024202,282.58144407996167,279.23645877929766,281.22821044921875,2257400
2017-12-26,281.6475129632829,283.458193548375,280.79933537315736,281.4759521484375,1394700
2017-12-27,282.4766274128884,282.8482795186496,280.94229372921654,281.7237548828125,1447800
2017-12-28,281.9048093175509,283.02933388740195,280.8851000001113,282.41943359375,1436800
2017-12-29,282.9817241509175,283.32478764730286,280.9708939369822,281.0471496582031,1824600
2018-01-02,281.8476547861883,283.0293566949503,281.5141014491241,282.88641357421875,2978900
2018-01-03,282.0287167249351,284.46837618399087,281.58080890564565,283.80126953125,3211200
2018-01-04,283.93468617650075,284.392133204921,281.580792722419,282.7243957519531,4171700
2018-01-05,282.8196952633389,294.3699937554494,282.7720572510813,294.32232666015625,6177700
2018-01-08,294.15082001403056,296.2473871438518,291.3776069209913,295.5707702636719,4124900
2018-01-09,295.9900863731544,304.87198793283255,295.89478125848086,303.4615478515625,5641300
2018-01-10,302.5656965122179,307.0066467693733,300.6692500104819,305.20550537109375,4479300
2018-01-11,306.98762640644514,312.96288178696096,306.0918106987201,312.696044921875,4635300
2018-01-12,314.8497954525183,321.04424923360375,314.8497954525183,320.4057312011719,6559300
2018-01-16,323.9222981293985,331.38424921995096,315.7551415618931,319.4051208496094,12305500
2018-01-17,321.8542959937748,335.67269276070783,320.59633841161536,334.5100402832031,9699900
2018-01-18,334.2145964982495,334.33846113617335,323.20751188221584,324.1700439453125,9458600
2018-01-19,325.60907263684703,327.8295331315816,319.9673422933969,321.8542785644531,7264400
2018-01-22,319.52900014674157,325.33272346432085,316.4317731969031,322.1116027832031,6792900
2018-01-23,322.43554928251285,323.0073507238261,319.0714861871391,319.8148193359375,4537800
2018-01-24,320.39621236846585,323.05504151806656,318.43304939613586,318.9571838378906,4205400
2018-01-25,320.4057090932462,327.4673894063933,319.53848213376847,326.9813537597656,4747500
2018-01-26,328.14402027807495,329.7164817711253,325.20881505158036,327.0862121582031,5236300
2018-01-29,325.1898334290841,328.287060884517,324.11294661437023,324.7991027832031,3324900
2018-01-30,323.22662621911985,323.99854816901166,318.45212231324064,321.8352355957031,4983100
2018-01-31,343.5538863430542,344.0017940988338,335.0913060705562,337.7120361328125,11409600
2018-02-01,336.35888324205246,344.4593235556241,335.49165614204674,340.16131591796875,6067600
2018-02-02,337.3594889497435,338.5030920709229,332.3086381777779,332.5087585449219,5486100
2018-02-05,326.5620992150632,333.54752457607776,302.47043917471825,313.4203186035156,10511300
2018-02-06,304.95768350359805,325.60904942989094,302.7181446987623,324.884765625,11935100
2018-02-07,324.51313790066195,336.9687623162864,323.89369832069667,331.7558898925781,7946700
2018-02-08,333.2786093034455,334.2363064566163,315.4654364091487,315.7144470214844,8295900
2018-02-09,319.4399094072553,323.51970908768556,305.7448502788283,318.7503662109375,8833000
2018-02-12,322.3321545501026,333.03920226266814,320.95306823998834,329.25628662109375,6885000
2018-02-13,326.0479901012041,333.1636725554376,325.89475505767626,328.6433410644531,4030200
2018-02-14,326.90031474817835,332.7326864040947,326.73752261298165,330.2618408203125,4340200
2018-02-15,333.7287459938704,341.46692654589356,333.3265003083097,341.3807373046875,5827500
2018-02-16,341.50520126717964,344.29210330179313,338.55550709442133,340.0207824707031,5211600
2018-02-20,337.1093857593678,342.65446025970897,336.5347616428677,338.40228271484375,4303400
2018-02-21,337.6457404505708,345.5467427707625,336.8700080154437,337.4637756347656,5258600
2018-02-22,339.6472923262067,342.9226294767504,337.7223409065536,340.86358642578125,3414300
2018-02-23,343.0279854045657,343.59302326073066,338.1341666083272,341.5722961425781,3355400
2018-02-26,344.29214488914124,348.6496554773488,343.05670731234994,348.1037902832031,4148100
2018-02-27,349.1764361223989,354.24266294590706,347.9314121153457,349.2147521972656,4774100
2018-02-28,351.28330816629443,355.88027209078456,346.8874816894531,346.8874816894531,5472900
2018-03-01,347.0023706374,347.39502994795805,331.7462631453693,334.8970947265625,8978000
2018-03-02,327.3600651807951,331.4494217189894,321.1158607076919,330.0895080566406,10021300
2018-03-05,323.7016051337704,339.76217425152566,322.3703921963187,337.82763671875,8140200
2018-03-06,339.25465603474646,340.1836235131647,331.38238366682504,334.15972900390625,4888300
2018-03-07,327.07271551396184,333.6712628127708,325.13817781993663,332.3592224121094,4575700
2018-03-08,334.7247247412964,337.5882297346197,329.3999311721206,333.97772216796875,4319900
2018-03-09,337.7319075652246,339.87716914082773,335.41429673673207,339.5227966308594,3538300
2018-03-12,340.17401495953635,340.2027447029108,328.7391094709846,329.6297607421875,6088800
2018-03-13,330.7119721554833,333.1636744124014,323.3281064139734,324.3432922363281,5443800
2018-03-14,325.41591495079797,326.1150151484516,308.6657723263046,316.2890625,13057900
2018-03-15,318.2427703678216,318.83656718682664,309.25000878705276,316.02093505859375,8766000
2018-03-16,315.86770650503126,316.8349608304629,311.8549527847378,316.4902038574219,9329000
2018-03-19,313.5979139475551,319.2291481092957,312.95624405773543,317.7255859375,6328900
2018-03-20,317.8022454095122,325.3297608378327,316.9977832432169,323.3473205566406,6500500
2018-03-21,322.8110224485291,327.44627367982235,320.9914034998158,322.8397521972656,4056300
2018-03-22,316.14538906853704,318.6066777343701,305.51497418868956,306.0895690917969,7282200
2018-03-23,306.60675840439256,317.1318707011083,304.85418535568795,307.4208068847656,7237500
2018-03-26,316.49981268841105,317.89804255617156,309.9012642946896,315.0536804199219,5392900
2018-03-27,317.4861930300924,320.7136277643928,305.5053922751904,307.53570556640625,5355500
2018-03-28,308.23484096294567,309.56602483553087,298.0066421701015,306.48223876953125,5634700
2018-03-29,309.70009808491284,316.49975345463525,308.3784713884213,314.0097351074219,3652100
2018-04-02,311.4431191607066,315.98259421596964,303.752812356263,308.79986572265625,5024900
2018-04-03,311.0217360226895,317.0935324511085,309.42236892127204,316.82537841796875,4783100
2018-04-04,299.08879991327325,313.9426916480342,298.68658348838505,313.5883483886719,8235700
2018-04-05,316.60509348727135,324.6210138596974,316.28906629129136,322.1693115234375,6220000
2018-04-06,316.6242390607029,320.4358842191495,308.57958888850465,312.3241882324219,5713600
2018-04-09,318.1948866875966,320.7136349364283,308.4263638029362,308.83819580078125,4931700
2018-04-10,317.33297341217747,322.44707295857546,315.60910091433374,320.6657409667969,5552000
2018-04-11,317.5723744591971,323.28982749986784,312.5061484531702,313.51171875,4573500
2018-04-12,317.9363395087982,324.03686623699,316.4806210023987,323.20367431640625,4325000
2018-04-13,324.6497877141189,325.3010440689515,312.7839337545853,315.3505554199219,4733500
2018-04-16,318.28109340923277,319.12387164656013,313.77034764649204,317.7351989746094,3901400
2018-04-17,320.5699915015622,325.36803455792557,319.53566216762357,322.4757995605469,3381800
2018-04-18,324.0177035036598,327.91553839496567,322.9163574918646,326.57476806640625,3117500
2018-04-19,325.7990050483725,327.9250939508111,323.22279730358787,326.22998046875,3006800
2018-04-20,326.31614593952634,326.95778663461704,320.8764041570553,324.3432922363281,3038000
2018-04-23,325.1860297370377,326.8237127764794,321.78621681548833,324.5060729980469,2765600
2018-04-24,328.65295394332315,332.9625912510024,309.60434301461356,315.13983154296875,7051800
2018-04-25,323.8165130085603,330.31928398355956,316.53800978241645,328.3559875488281,11023600
2018-04-26,329.4573931114691,331.0280011785577,324.01765129880556,328.28900146484375,5273600
2018-04-27,326.8141516179652,328.4135187141575,323.48135502274755,326.4598083496094,3390400
2018-04-30,326.73755348835647,328.0878807668293,319.29622783757463,319.449462890625,3721600
2018-05-01,318.434293120432,319.7846495698787,310.4662460496217,315.5995178222656,4313100
2018-05-02,315.5611994211083,316.72000474691635,310.2747218674038,310.475830078125,3436100
2018-05-03,309.3075032865331,318.55886286535673,305.62994910065464,316.700927734375,6383200
2018-05-04,314.1629542271117,321.68088205280736,314.1629542271117,320.2826232910156,3655100
2018-05-07,321.0488313855483,328.4709844198703,321.0296587372111,326.0288391113281,4192200
2018-05-08,325.39673935856274,327.47495496494656,322.37041295758644,324.05596923828125,4014100
2018-05-09,325.1286242873731,332.25389403921207,324.2571162981277,329.92669677734375,4347000
2018-05-10,331.0816159574138,335.48976591022165,329.5609190697506,331.15863037109375,3920400
2018-05-11,330.8698786676051,332.4579852363194,328.2519466123611,329.6090393066406,2332200
2018-05-14,331.0912316981099,334.6908769691509,330.9853736006751,331.6590881347656,2520300
2018-05-15,330.1287510521304,330.9468602455423,327.49158034084974,329.2817687988281,3009100
2018-05-16,329.1663049135386,330.6677629019493,327.53008638577137,328.1749572753906,2230100
2018-05-17,327.69371858181506,331.8323474909181,327.4819730011581,331.22601318359375,2483300
2018-05-18,332.6312206909218,338.8391641078969,332.23660258847207,338.0499572753906,4327700
2018-05-21,345.0086611122645,351.3032536624321,344.99905633881804,350.2637939453125,6785400
2018-05-22,350.3407559079349,351.158865195935,341.2164860866005,341.6977233886719,5389400
2018-05-23,339.06052728615975,346.10584791659124,338.4252905697381,345.73046875,4497500
2018-05-24,344.999032066694,347.12609270810145,341.0721192507483,345.52838134765625,3932100
2018-05-25,344.6814079450457,347.06835558868966,343.65155304710134,346.5774841308594,2463700
2018-05-29,344.28677503106223,347.424451572361,337.5013409665111,339.2530517578125,4249600
2018-05-30,342.30405528762475,345.4513657491073,340.81223153875675,344.7487487792969,2825200
2018-05-31,343.43980842144845,343.43980842144845,338.42532383623256,338.945068359375,4406300
2018-06-01,342.43885949393854,344.7102855396462,341.1587517775465,343.3339538574219,2657800
2018-06-04,345.4994559717337,349.7536059828124,345.38396373682116,347.19342041015625,2950300
2018-06-05,346.9720811199756,349.7343784254256,345.3840039602018,346.58709716796875,2567800
2018-06-06,348.85851079270884,357.65554211767545,347.4436720551719,357.6170349121094,4488400
2018-06-07,358.0405324912879,360.42747994862435,352.3137971715698,354.70074462890625,4517800
2018-06-08,354.3254479290426,357.48236375029865,351.7459934262385,355.6343994140625,3292900
2018-06-11,357.07807083230705,359.320623690231,354.96061499755166,357.02032470703125,2468500
2018-06-12,357.3090403087017,358.7431473524615,354.1809980407603,356.7123107910156,2440400
2018-06-13,356.76049536746115,357.0780990816042,349.65742767266966,350.1964111328125,3867600
2018-06-14,352.4100799312606,353.8441871033162,345.3647585896614,348.820068359375,4039500
2018-06-15,344.7102359586504,348.0885308494649,340.2058623524914,344.45037841796875,9946000
2018-06-18,339.93639880819,344.2290272050147,339.1471626042646,341.42822265625,3363200
2018-06-19,334.14232498112403,334.14232498112403,325.8650374184448,328.3193359375,6857300
2018-06-20,333.0162023056538,333.9594379613903,327.68408494620076,329.8304138183594,4540000
2018-06-21,328.34816227099486,328.34816227099486,323.5839312286804,324.9891357421875,4048300
2018-06-22,327.6552421721076,328.1461136489494,323.9689771400874,326.1922912597656,3192000
2018-06-25,320.0420199836901,321.32212755649806,315.30666174696495,318.7715759277344,5006200
2018-06-26,319.91698216573786,321.8515363548311,318.07865194948926,318.86785888671875,3112400
2018-06-27,322.2846051293321,328.6080698973993,317.3856132524745,317.443359375,4578900
2018-06-28,317.6166313645202,324.8736983781498,315.0083333130397,322.0921325683594,3348000
2018-06-29,324.53681111043096,327.24136237319436,322.7754661526465,322.91986083984375,3108500
2018-07-02,318.2807220972024,323.7090634698895,316.9621366185097,323.46844482421875,2820700
2018-07-03,325.4896679039913,326.94301401490765,319.54158165627047,320.4366760253906,1464400
2018-07-05,323.5358273164246,324.62342830190886,316.75039321086507,320.6772766113281,2427900
2018-07-06,320.350017245942,323.48769359533037,318.0497184057717,322.0824890136719,2105100
2018-07-09,324.8351442136694,330.1672611755499,323.8823038564744,329.08929443359375,3128700
2018-07-10,329.9170167893878,334.94113498912026,329.9170167893878,334.1326599121094,3278300
2018-07-11,328.9064486306814,331.4666345368704,326.46175497445097,327.81884765625,3056900
2018-07-12,332.323248986432,333.5937225853116,329.8785551290236,333.04510498046875,2030700
2018-07-13,333.97870816317135,338.05959133637316,333.2087401814941,337.6264953613281,2272300
2018-07-16,340.68713752402164,342.9681976410825,339.12793336159496,342.7372131347656,2889000
2018-07-17,344.19050264778133,345.52835634351396,341.7169654281727,343.4879150390625,2730500
2018-07-18,345.52836496253775,348.28102808883915,340.9662449747328,346.71221923828125,3090100
2018-07-19,344.267549126508,345.90376772922303,341.9287428496297,341.99609375,2711700
2018-07-20,339.7920257784558,343.593782654621,339.75351857191146,341.58221435546875,1816700
2018-07-23,341.67845821047445,341.67845821047445,339.16641378547786,340.01336669921875,1943700
2018-07-24,343.3627938947124,345.9807258317486,341.33198670371195,344.82574462890625,3182000
2018-07-25,338.32905320117504,342.9296805107059,332.5349668136784,342.56396484375,7378100
2018-07-26,342.04427300898357,346.68340824016803,341.93838551541995,345.83642578125,3191200
2018-07-27,347.51110373706274,350.8605261794637,345.98077252880256,347.1164855957031,2914700
2018-07-30,348.4061620790947,348.84892153181175,337.3184655468009,337.8863220214844,3080400
2018-07-31,341.08175272047987,345.54761958131496,340.77375379976195,342.9296875,2728400
2018-08-01,340.8026614290637,344.4793218155095,337.34738079666135,339.5225830078125,2717800
2018-08-02,335.5379305170792,337.5687674398198,333.04512452937183,336.6062927246094,2655900
2018-08-03,336.3849058854503,337.81898378176066,332.69864072764165,335.36468505859375,2285200
2018-08-06,334.3348178322987,334.3348178322987,330.2443005286729,333.5648498535156,3251100
2018-08-07,334.98929822022126,338.906577189075,332.53499955279864,337.5976257324219,2267400
2018-08-08,337.34736336390097,338.42533026764886,333.25684611911754,334.72943115234375,2333600
2018-08-09,334.72941815053116,335.474174902269,331.8760767782711,332.4564208984375,2301800
2018-08-10,329.82555141543355,329.82555141543355,325.4246651023854,328.28765869140625,2745700
2018-08-13,328.47141934834076,330.9378448330979,326.2854694010087,327.27203369140625,1877200
2018-08-14,328.00712576111823,329.00337176253106,326.55628035027286,328.0264892578125,2017300
2018-08-15,325.54074255818614,326.09207096996295,317.28058668372336,320.88836669921875,3798600
2018-08-16,327.94914745178124,336.32536652323716,327.21404287888436,334.64239501953125,5867900
2018-08-17,334.66169775175126,337.07977360255876,330.47360336586485,335.048583984375,3069200
2018-08-20,337.17651077845267,341.0550844659957,335.72566523251913,339.2463684082031,3018200
2018-08-21,339.4978758809161,342.8348326218003,338.1727749343281,342.1770935058594,2967200
2018-08-22,342.7090577297157,344.2082529347294,338.3758552234898,338.55963134765625,2682900
2018-08-23,337.70848944504024,338.8014645236916,334.1394068950767,336.0932312011719,1833400
2018-08-24,337.34091286801487,339.1399766378632,336.6928850742324,337.9309387207031,1954100
2018-08-27,340.57148101868756,343.3667910352477,339.5075511957003,342.1480712890625,2279500
2018-08-28,343.3667694925702,344.02447903725084,339.1206141464884,339.7009582519531,2475100
2018-08-29,340.7165905182797,340.8036377122704,337.76652008457006,338.71441650390625,1850100
2018-08-30,338.8691833162047,339.44952747130947,334.41991748377507,335.5322265625,3257700
2018-08-31,333.7428359034311,334.51663792975313,330.38654525292776,331.5569152832031,3462700
2018-09-04,330.4059183724816,334.97124714935836,328.1619367071034,334.9035339355469,2699400
2018-09-05,334.43918341049243,335.87069476611373,331.9147266981564,335.3193664550781,2959000
2018-09-06,336.16093470968565,341.7708890906024,335.22271998238335,339.759033203125,3585900
2018-09-07,337.38928032496113,338.54028674334535,333.1721408679131,337.8341979980469,3921900
2018-09-10,338.0373208223382,339.2560404918092,330.4832542564673,330.6573486328125,3065500
2018-09-11,327.90077134114426,335.26138015737746,326.2564679344092,333.936279296875,2731800
2018-09-12,333.6945067928185,343.40550882062547,333.3172727471596,341.82891845703125,4003800
2018-09-13,344.68220799142125,348.60919053527084,342.68971574723014,343.81170654296875,3166500
2018-09-14,344.7596109458837,350.3888990366044,344.4307561474006,348.0094909667969,2835800
2018-09-17,347.50653055681784,349.4603253026679,342.9218679905259,344.2953186035156,2554500
2018-09-18,345.59141311246594,353.8225533335155,344.4307543329098,351.6656188964844,3003500
2018-09-19,351.66565042701416,359.0649873286868,351.28844588303514,353.2519226074219,4753400
2018-09-20,356.65654132551435,359.5485803994572,353.6871663219785,355.4184875488281,4011100
2018-09-21,357.2948870939472,360.36102030581196,354.0546595024571,360.03216552734375,7144000
2018-09-24,358.8424641425289,359.70331333273987,355.2927157278541,355.93109130859375,2800200
2018-09-25,356.9854282922304,358.3202111362189,354.85753885303774,355.1960754394531,2969200
2018-09-26,355.45714480270254,356.48240658685376,352.3813594502489,353.0680847167969,2368600
2018-09-27,356.32765161517017,356.8789799935832,352.4587302523181,355.35076904296875,2355900
2018-09-28,356.55014937563504,361.9569638044219,354.21912055448934,359.7129821777344,3600500
2018-10-01,362.8661248896471,370.6523170405418,362.7113644986912,369.7624816894531,4755700
2018-10-02,368.36973022164926,375.88510034353794,367.325104784746,373.7088317871094,4622600
2018-10-03,376.15588069089904,381.3595847448372,374.01830986253447,379.4444580078125,4794300
2018-10-04,377.935566784876,378.2741033012715,372.6641792375324,377.21014404296875,3822300
2018-10-05,376.2526337766662,379.53155907233736,370.4782669824773,373.8055419921875,2899700
2018-10-08,371.2617313249482,374.0570414858749,364.98441516799664,373.12847900390625,3324000
2018-10-09,371.7743215872527,374.1440477306054,368.6501864758648,372.80926513671875,2862700
2018-10-10,370.4105512971042,371.2230213032356,355.06060934075407,355.42816162109375,6033100
2018-10-11,351.53020172144574,357.73015182391083,343.46350412261035,346.3748474121094,6266800
2018-10-12,354.015978144645,355.08958962923595,340.7165612718498,348.3092956542969,5509700
2018-10-15,347.68060951535693,350.6693477218238,343.850385636466,347.11962890625,2979800
2018-10-16,348.63820152913866,356.4921074750639,346.8004401970632,356.1825866699219,2822500
2018-10-17,355.94078103625174,356.4243962278771,350.8144718120346,353.522705078125,2238200
2018-10-18,352.865000722946,355.70866045318195,345.0691260799948,347.5742492675781,3254900
2018-10-19,348.0095154232392,348.0772286411492,342.6027005739669,344.5855407714844,3491600
2018-10-22,346.12338275940635,347.0035659101134,340.90999706310913,344.3146667480469,2263500
2018-10-23,338.04704506488764,341.9739983628942,331.59560492243065,338.5790100097656,4389600
2018-10-24,349.7408095747505,352.65218229777753,340.16523526349096,343.0282287597656,8442600
2018-10-25,345.5913838414007,352.4490728315103,343.3377501684331,351.849365234375,4003500
2018-10-26,348.8799879617278,351.3947631777653,342.5155959312251,347.496826171875,4073000
2018-10-29,348.7348961050885,349.856886869985,317.8609194008058,324.59283447265625,7462000
2018-10-30,319.52454984272117,339.54620024039826,318.96353971373895,338.4435729980469,5774000
2018-10-31,340.9583556965538,351.50115985272157,340.9583556965538,343.2313232421875,4175600
2018-11-01,345.75580681465584,352.6231476553615,341.6257441759162,351.17230224609375,3760700
2018-11-02,354.9445377485651,359.3647877194253,345.0691237218475,346.02667236328125,4029800
2018-11-05,347.97081983069086,351.3851419784846,344.7983052840653,350.1180725097656,2253900
2018-11-06,350.53395412905894,356.3663519495977,350.24376731400304,354.4609069824219,2471900
2018-11-07,355.5925961966099,360.6318582841305,347.7193266215222,359.82904052734375,4015300
2018-11-08,358.876785653581,363.1231258102083,355.2037727355707,360.2760314941406,2751800
2018-11-09,357.4192334183214,360.49952542992446,355.75764013518153,358.8865051269531,2590300
2018-11-12,359.7319158266856,359.99429297892135,345.9143841547938,346.9249572753906,3088700
2018-11-13,339.6565833352169,345.32159193105497,332.3591609882284,339.61773681640625,4960000
2018-11-14,342.1247496224829,345.77833936664604,334.1568530290199,334.9633483886719,3445800
2018-11-15,331.46522089890743,338.13107663290964,326.98571270598705,331.9024963378906,4863000
2018-11-16,329.40519148541887,330.5615129664795,321.78709268032196,326.4415283203125,4425200
2018-11-19,326.05282888147843,326.5289804481521,308.22221744544856,311.8563537597656,6782800
2018-11-20,293.5496226599704,313.0612822502257,288.2149868189535,308.7080993652344,6875900
2018-11-21,315.86948689378346,317.63798219230705,306.63836726453377,308.3388366699219,4401000
2018-11-23,306.0845177231964,308.0279114865183,303.043101738984,303.4803771972656,1599400
2018-11-26,306.62866022920787,309.5729005428725,301.86735152330533,307.406005859375,3362300
2018-11-27,306.3565509713847,309.54371513373667,302.1588138832632,309.0287170410156,2946400
2018-11-28,316.5010826559165,324.5564574252317,312.6240219159144,324.0608825683594,6117600
2018-11-29,326.46099273573475,333.5155213744393,324.60504818891343,332.8644714355469,5331900
2018-11-30,332.2620015306002,337.7423559861783,327.947665426461,336.9455871582031,5374000
2018-12-03,353.99885967706285,358.55612005220104,346.2835846944189,349.77197265625,6573400
2018-12-04,346.8957558736314,348.17840276016807,332.0676532901987,332.80615234375,5199100
2018-12-06,320.6502200895802,324.1872107035131,308.3193852273343,322.50616455078125,9297400
2018-12-07,322.94343483681024,328.05453979946674,312.29364629676553,314.07183837890625,4526300
2018-12-10,312.1770144737787,317.93919892787784,306.5800611741361,317.1132507324219,4400500
2018-12-11,323.8179984863933,325.02289317758004,309.72839315090135,312.9155578613281,3566400
2018-12-12,318.11410720610365,322.50616612301985,315.47109069007297,317.4436340332031,3424800
2018-12-13,319.1052433983236,319.4356167727863,314.994984652472,316.2581787109375,2247700
2018-12-14,313.3236840237589,314.7423532252802,306.6286780045313,309.7283935546875,3298400
2018-12-17,307.94044798100185,317.95863999194717,305.5403556089481,307.1825256347656,4968400
2018-12-18,316.24848431683614,322.69083990662324,314.05246935171874,318.77490234375,5881100
2018-12-19,320.0088690433899,324.041434170754,307.1533403642794,310.50567626953125,4871500
2018-12-20,308.0278809111542,312.7114665327799,299.282609844276,304.1896667480469,5368600
2018-12-21,300.34177938865116,306.0553616793808,295.4055723794899,295.9302673339844,7641700
2018-12-24,292.1406536892054,294.424147230506,285.8343505859375,285.8343505859375,3435300
2018-12-26,290.15836719516403,305.20024433355917,284.1921642635478,305.0447692871094,4843400
2018-12-27,300.29322007931376,308.1639709472656,293.6856633274002,308.1639709472656,4341100
2018-12-28,310.69033264756314,312.42967826353095,306.2302477891599,307.4254455566406,3725200
2018-12-31,311.42885959832245,314.4800021290086,309.7283900061319,313.37225341796875,3557700
2019-01-02,307.2408464551048,314.78122391954514,304.8310274577486,314.6451721191406,3292200
2019-01-03,310.44739673743936,310.6903209339922,300.6429797230267,302.10052490234375,5705600
2019-01-04,307.7266566433448,319.1440938459237,307.133906185601,317.82257080078125,4448800
2019-01-07,321.1652181576358,321.3304196626068,314.19816865361446,318.82342529296875,4030300
2019-01-08,324.65363024053977,331.5915601953921,323.2349610992613,330.8919372558594,4736500
2019-01-09,333.2531087974314,337.3731231785814,331.2222661500944,334.0984802246094,4213900
2019-01-10,336.70264795513714,343.4656489843282,333.29198289748496,342.6299743652344,5358100
2019-01-11,338.6946133876837,344.33044261924266,338.237914733642,342.9117736816406,3158900
2019-01-14,338.344886291399,342.82439494992263,337.18856456075906,340.4437255859375,2476400
2019-01-15,342.03727954809307,343.3199264633185,338.13106901954325,342.2704772949219,2940900
2019-01-16,342.5231300290162,344.9523720859596,341.60973264329886,342.0955810546875,2731100
2019-01-17,340.822657357937,353.532438631681,340.8032340970457,348.9266052246094,4270400
2019-01-18,353.58103421604324,356.92367356037835,351.0934927952124,354.406982421875,4256500
2019-01-22,352.5898712872964,353.891971038068,344.2041531770381,347.770263671875,4336500
2019-01-23,351.66679178683194,351.9485921613766,343.66001965907697,348.4601745605469,2924900
2019-01-24,348.7517219987629,352.9008568967576,346.7986018297971,348.12982177734375,2801300
2019-01-25,352.23037535652526,356.55443812308687,350.13150663966957,353.8919982910156,3185600
2019-01-28,350.44243372330214,352.8911285590352,347.3815948324678,352.69677734375,3128900
2019-01-29,352.7939601296682,357.37064370058647,352.1526366907764,354.5818786621094,3202700
2019-01-30,376.4353572612338,380.8760190239658,369.73065486462644,376.7463073730469,12705300
2019-01-31,376.2021710235339,377.98036328233724,371.26593422231775,374.70574951171875,6878500
2019-02-01,375.18186108212245,381.6825154599816,373.84094432203705,376.4645080566406,5625700
2019-02-04,377.9609170017614,385.8316672524151,377.13496876582127,385.7636413574219,4256600
2019-02-05,389.40752324753817,399.1244920122927,388.2414751342335,398.57061767578125,7230400
2019-02-06,399.86294559345765,402.1658621838474,394.17851358262095,399.4742431640625,5356000
2019-02-07,398.3756033423541,400.73893608738354,392.86771688802776,395.6802673339844,5211400
2019-02-08,390.63135759319107,395.47517808256055,388.4828732053055,395.4263610839844,4570900
2019-02-11,398.5416246983762,400.23108614508146,393.2583323267159,394.48883056640625,3046900
2019-02-12,397.4674381707345,401.57882519375806,395.9049066547102,401.1003112792969,3263300
2019-02-13,402.8581572276786,403.05348485129343,398.1217752845353,400.9635925292969,3078700
2019-02-14,399.3521749628436,402.56512605861366,398.24863666594104,400.2213439941406,2724300
2019-02-15,402.8191051169447,408.25862464034645,401.79367982372986,408.1805114746094,4017300
2019-02-19,405.76831945406485,408.15117310054677,404.8308125481267,406.5105285644531,3051500
2019-02-20,407.3699509825484,411.95985183889525,407.3406250182045,411.6766357421875,3990100
2019-02-21,411.7059354351398,412.5165122492332,405.94412846236656,407.79962158203125,2880500
2019-02-22,409.8699801693115,414.52824856477946,409.32309863116546,414.1180725097656,3132300
2019-02-25,417.4775136678135,419.85062196062427,416.5302313755384,416.8720397949219,3276100
2019-02-26,416.0223983883755,418.95213358829363,414.31338618842324,416.77435302734375,2503700
2019-02-27,417.16500982066736,426.11044177206503,417.1454591787965,425.2413024902344,4603800
2019-02-28,428.42495750298633,431.0812519524104,426.84287545508187,429.6554260253906,5063100
2019-03-01,435.5637598939369,435.5637598939369,429.8800662161222,430.29998779296875,5124200
2019-03-04,432.8390635578851,434.089082671328,416.63763208018963,422.5556945800781,5971000
2019-03-05,420.9443636825811,423.6885466141026,418.6005814731104,420.0458984375,2844300
2019-03-06,419.6357542637783,421.8818726833303,412.1942017529221,414.5184631347656,4159400
2019-03-07,413.4442146614212,424.176831479543,406.6863088631579,412.6629638671875,4893600
2019-03-08,407.00858645189385,413.51260245048974,405.76834255984363,412.6434631347656,3794900
2019-03-11,362.5742597077945,393.23884597554195,356.9882299464508,390.6411437988281,34742200
2019-03-12,375.6994457148424,380.8655534903042,359.3808299600819,366.6172790527344,36922600
2019-03-13,369.5665578947395,372.82832618442364,354.820218048873,368.3067932128906,32662300
2019-03-14,366.2071521819085,371.4806997802074,363.38485589140896,364.5567321777344,13514100
2019-03-15,362.1933974142755,376.6760417992543,357.8671623068624,370.1134338378906,26697700
2019-03-18,361.3340103358745,364.3321131959298,358.5996027193208,363.56060791015625,13119200
2019-03-19,362.4473420987779,369.89861067616533,362.32038213117676,364.6836853027344,9856100
2019-03-20,365.9239657371638,371.88107057993824,364.927836620952,367.3497619628906,8737600
2019-03-21,365.2794062044128,368.17007002748136,363.51180162113155,363.9707946777344,6951000
2019-03-22,360.1523836928672,361.1973000096843,353.062414436271,353.68743896484375,10143900
2019-03-25,356.4510937387889,362.5156368792578,354.3905277488238,361.783203125,7939600
2019-03-26,366.78329838588826,366.80284902747337,358.9902219120972,361.7051086425781,6479700
2019-03-27,363.17976475700345,367.83803311496547,356.98823131640023,365.4454040527344,9600000
2019-03-28,367.77945701254794,367.8380493364037,363.6094478803536,365.6700439453125,4921300
2019-03-29,367.70131393161824,373.2287516351709,365.96300545121414,372.486572265625,7694700
2019-04-01,376.7639567450857,383.69766974953063,374.12721279318197,382.3695373535156,7735700
2019-04-02,379.4006906461807,385.5824185156752,379.4006906461807,381.5979919433594,6401000
2019-04-03,380.55305939046525,382.3695106910718,375.0744689347087,375.728759765625,7350300
2019-04-04,376.94949366318406,387.76022389268616,376.08035436946295,386.58831787109375,9388100
2019-04-05,388.7465719087598,389.3227495900059,381.7933384501049,382.7503662109375,6857200
2019-04-08,367.3888434747951,370.90450223114635,363.1504665600099,365.7481689453125,14482600
2019-04-09,361.61723793936096,363.52154801065694,359.1367203635118,360.3965148925781,7980100
2019-04-10,359.7715007534892,360.1523806604081,354.4198698359926,356.3925476074219,8285000
2019-04-11,356.08001220023425,362.38870033292517,355.67961147904197,361.4902648925781,6598400
2019-04-12,366.94932578212746,371.0509668936293,363.28715686214616,370.74822998046875,7334600
2019-04-15,367.87711524319616,369.0489915053558,364.92782924072117,366.6661376953125,3822100
2019-04-16,367.6915453452853,375.6311325580845,366.24619857474465,372.7795104980469,7083800
2019-04-17,375.10378987521415,375.19167835967454,368.63884528278106,368.6778869628906,4424400
2019-04-18,368.67785910601776,373.21897241301457,368.67785910601776,371.16815185546875,4703100
2019-04-22,366.8907446136387,370.07439976172697,366.11923932626354,366.3829345703125,4147700
2019-04-23,366.74427547942963,368.0431116906041,363.88287800183446,365.2598571777344,4894500
2019-04-24,369.03924598673404,372.2228714782699,364.9083084006684,366.6661376953125,9855100
2019-04-25,367.2032521484634,375.7873547896831,364.0293723620545,373.8341979980469,6615000
2019-04-26,374.89870645576934,375.0061157773367,369.2833805033743,371.8713073730469,4259600
2019-04-29,369.6251460725636,376.2756425382437,367.93568452810257,370.1720275878906,5457300
2019-04-30,370.6115071283096,372.2131100283621,366.2657212764328,368.8439025878906,3732800
2019-05-01,369.66422281663733,372.271700273791,367.5645852043809,367.9747314453125,2765600
2019-05-02,366.7052073319499,368.80484503520614,364.5079058233031,366.9981689453125,2438800
2019-05-03,367.27159563074883,369.04897549112866,365.4551740919576,367.6427001953125,2953800
2019-05-06,359.2636725098833,363.7559391848371,357.0663710734958,362.89654541015625,4747600
2019-05-07,357.7499686700181,359.097651692667,346.7048688404776,348.8631286621094,9740300
2019-05-08,349.3904606235719,353.0526298036937,345.0544499300829,351.3240966796875,6030000
2019-05-09,348.44135462292417,349.315487184693,341.2811889258846,347.82257080078125,6075200
2019-05-10,345.6027890015511,349.20743530245477,341.35972593713757,348.3529357910156,4574100
2019-05-13,338.3739586958913,340.4561946829,330.9977093498472,331.3611145019531,7757800
2019-05-14,333.84602697367893,339.93561061496627,331.22359919301016,336.93011474609375,4747800
2019-05-15,333.74778545434333,342.58748579865056,331.62628374885367,339.4837951660156,4810000
2019-05-16,342.43037017379777,350.1503609390868,339.66059013894204,347.5082702636719,6036500
2019-05-17,345.2394219350579,353.5781966740335,344.9054812831279,348.69671630859375,5282900
2019-05-20,346.71272102622936,349.60035911768466,344.28671296909596,346.5064697265625,3219900
2019-05-21,351.6531132749201,354.3443014422412,348.5592240358271,352.36029052734375,4022600
2019-05-22,350.85756473565425,351.20133688923596,345.48498956954194,346.49664306640625,3841400
2019-05-23,339.75882564340145,345.2099625007033,335.0737650186216,344.30633544921875,5305400
2019-05-24,348.6770823131069,354.96308568957977,346.71270438458237,348.578857421875,5387500
2019-05-28,348.96193570313966,352.910324664207,348.5592346191406,348.5592346191406,3504300
2019-05-29,346.3099675619048,346.5064173240886,339.886444006018,342.58746337890625,4160500
2019-05-30,343.7661170879948,345.65193297602065,341.74281033962757,343.638427734375,2183900
2019-05-31,339.69004462396305,339.69004462396305,335.2799959824228,335.5255432128906,3217600
2019-06-03,332.1763216366201,333.07008722215613,324.78043989163695,332.8540344238281,5148000
2019-06-04,336.468488676357,340.2400907918627,334.0621136671221,338.4819641113281,3592300
2019-06-05,340.05345430645997,346.9582413211946,326.567989436999,342.53839111328125,3188400
2019-06-06,341.97856879886336,345.37696441926715,339.42487132958763,344.394775390625,2582300
2019-06-07,346.0251495499244,348.95208336466686,346.0251495499244,347.4002380371094,2470700
2019-06-10,349.6592713147349,351.03432987004334,347.2528963624238,347.4984436035156,2560800
2019-06-11,349.08962000162904,349.138717460953,341.9294539541061,343.1080627441406,2702700
2019-06-12,342.7839736590113,343.04915390815376,336.69438964451115,340.84906005859375,2738300
2019-06-13,341.065113514968,342.8428731198164,337.9712243115817,342.64642333984375,2621300
2019-06-14,341.80171960696356,342.95089374938556,339.72931552216596,340.9766845703125,2258400
2019-06-17,342.410711925269,349.7083687359709,340.8686680576105,348.578857421875,3746400
2019-06-18,351.2405818477448,367.9770902260692,351.2307803404213,367.29937744140625,9199200
2019-06-19,368.7137441051778,372.55410668685334,361.78932365417984,361.9955749511719,5716000
2019-06-20,366.35645252045174,369.0967678904767,362.38840104948684,368.2029724121094,3794500
2019-06-21,367.72173235468375,369.4110685597274,365.09927469117287,365.2171325683594,4923700
2019-06-24,366.3073720023862,368.8021102935425,365.4725054203415,367.3288269042969,2323200
2019-06-25,368.0753137860091,368.56640826737805,361.4750027574496,362.7420349121094,3005400
2019-06-26,364.41173844754985,372.2299841783195,363.4099164954289,368.2619323730469,4542000
2019-06-27,360.9937317259999,363.3411477082232,355.89616872487886,357.5364074707031,8980000
2019-06-28,357.4382179190023,359.70707200856987,355.1300678784819,357.526611328125,4737100
2019-07-01,358.38112858689414,358.7249007331111,347.0270260982112,350.111083984375,6392600
2019-07-02,349.29586977262426,350.42538109841377,346.40823178987574,347.85205078125,3774700
2019-07-03,348.1859586081188,348.5297307115639,345.9858651045118,348.156494140625,2164900
2019-07-05,347.6948715441967,350.8869854778652,345.1706388705756,349.521728515625,3208200
2019-07-08,344.1688042000728,346.6733738192585,343.1767838535283,344.86614990234375,3262300
2019-07-09,342.8330649159129,347.5475901891049,341.70355353945024,346.8011169433594,4828200
2019-07-10,348.1761426292686,350.1699849491897,344.99386010215034,346.025146484375,2946700
2019-07-11,346.3394646301326,352.8612136810105,344.45367862136834,352.6058349609375,5059200
2019-07-12,353.5880054126873,358.9409469286845,351.7611484389212,358.82305908203125,3592800
2019-07-15,354.0790962387786,356.3872461341695,352.6254458852071,355.1693115234375,4814600
2019-07-16,354.82558007816624,358.842729178204,354.76665114068123,356.2890319824219,2960400
2019-07-17,356.28903771677767,363.1643602916018,355.5523960123322,362.9384460449219,4010000
2019-07-18,361.0526801261142,361.8875467656742,353.34249052975565,354.6782531738281,4582800
2019-07-19,364.0679776912637,371.6602788078995,361.9366145607736,370.6387939453125,9504000
2019-07-22,370.2263375844142,375.66767323594564,365.2662949428072,366.76904296875,4265100
2019-07-23,367.6038406671867,369.72537235648707,364.07778599935835,366.42523193359375,3354900
2019-07-24,363.684932126424,364.7456830298666,353.6174951420198,354.9925537109375,7447900
2019-07-25,349.83604146497765,351.3191563221913,339.55252229909803,341.89013671875,9663700
2019-07-26,340.03383284346677,342.22409505958035,335.90862718665085,338.8551940917969,4441100
2019-07-29,338.845374935994,339.91595735358965,333.07009879598627,334.1505126953125,4116600
2019-07-30,333.787087342533,341.30082677406494,330.5655088031429,341.2713623046875,4528000
2019-07-31,342.28300909757775,345.03315607372974,334.9755210930438,335.10321044921875,5219700
2019-08-01,335.82021216150537,338.15782655163997,327.068905419611,328.3359375,6465300
2019-08-02,328.60114010054673,334.4746409442244,326.4010463947808,333.5120849609375,4675400
2019-08-05,326.5385412488982,327.43233682127914,321.136501836551,325.1634826660156,5876100
2019-08-06,328.0412970489609,329.7208618332191,323.27770434143616,326.52874755859375,3653300
2019-08-07,322.74729908621845,327.7073413574459,318.7890787661339,325.477783203125,4187600
2019-08-08,327.4296620267179,332.4997369644338,325.0181642779366,332.4206848144531,3673000
2019-08-09,330.1574394897988,335.1187839522711,329.2778523378545,333.6066589355469,3102900
2019-08-12,329.78188264397966,332.0846800527171,327.49887089470695,329.050537109375,2683400
2019-08-13,327.943637213326,333.4584375620654,326.63905040874084,328.9714660644531,3689700
2019-08-14,324.51417216147473,325.69027281615644,316.66692601761224,316.67681884765625,5110400
2019-08-15,319.2266543318586,324.2374328939278,315.81694580475437,324.1682434082031,4721800
2019-08-16,326.3623061742369,327.29132732211616,322.66600724186554,326.5896301269531,3866600
2019-08-19,330.2760584203092,331.98585919268106,327.52853594929684,329.8807373046875,2335600
2019-08-20,328.58604075060066,329.60400694190963,325.03798324572654,327.87445068359375,2039000
2019-08-21,331.56086520657925,338.5778974324276,329.31736450558594,336.0181579589844,3265600
2019-08-22,338.4296857652399,352.2760289710398,337.02629126021714,350.2697448730469,8320900
2019-08-23,351.19875030775677,365.3712245072307,350.2104324682308,351.8510437011719,11518700
2019-08-26,360.7755490692011,363.04866801352813,352.72076478778735,354.84564208984375,4661100
2019-08-27,355.2212116215283,357.0891166569398,349.48895004808156,350.58599853515625,3740300
2019-08-28,349.18257014001347,355.98220163687733,347.07744833612816,355.7647705078125,2402000
2019-08-29,359.5994287860741,361.76384712813604,355.96242660949207,358.50238037109375,2717500
2019-08-30,360.11336719356024,362.09000287717487,358.16637983875717,359.8366394042969,3147000
2019-09-03,349.97322628064137,351.16911261866863,346.51411373749704,350.2796325683594,4272200
2019-09-04,353.50151920518965,353.84743648280494,350.28948621217216,352.3649597167969,2737100
2019-09-05,355.9328075498304,360.4493972345758,354.9345968625714,356.0909118652344,3643300
2019-09-06,357.385592648467,360.64705955325667,354.92469092658604,358.7593688964844,3022600
2019-09-09,353.79801140117223,356.71353076920263,350.5859786011125,354.5886535644531,4183300
2019-09-10,354.8061088513451,365.1735534667969,354.36135375353905,365.1735534667969,4547200
2019-09-11,364.4323054718177,379.0198862336827,363.7009599321909,378.4664306640625,8437000
2019-09-12,379.22744704309275,379.51406767471707,369.9372649603524,371.2418518066406,4495300
2019-09-13,372.98126951750123,377.2903206539453,372.6452149233146,375.3235778808594,3628900
2019-09-16,373.7224971622006,377.1717165384545,370.61916487764734,374.4241943359375,3055500
2019-09-17,373.9893621465285,380.80874929588447,373.38647257280866,379.71173095703125,3269500
2019-09-18,378.77281651157256,382.2220361610758,375.36310786015304,381.8959045410156,4186400
2019-09-19,381.6290659699697,383.98123709852734,378.4268956525087,379.94891357421875,2928800
2019-09-20,379.62274746596086,380.23552985627964,373.5050878422204,374.9579162597656,6643000
2019-09-23,372.2103510180996,375.6596006388506,370.0459627910404,372.6254577636719,2674900
2019-09-24,375.1061616365466,377.428714593985,370.92556631315745,377.1914978027344,3533300
2019-09-25,380.4134160581407,386.43226796803356,378.6245632152149,381.6883544921875,4705500
2019-09-26,382.5778385924778,383.6946425678044,378.85186106477056,382.37030029296875,2520400
2019-09-27,383.6551106783142,385.13758746132805,376.8554790077866,378.3873596191406,2730800
2019-09-30,378.5257113422288,379.28670517806654,372.289428536917,376.0252685546875,3183300
2019-10-01,377.240944484116,378.37750400674304,370.2535298778747,370.5599060058594,2943800
2019-10-02,367.5059879379869,368.63265457068417,359.5203630504826,363.06842041015625,3698300
2019-10-03,361.93186107005033,367.90130915871816,358.98669326421947,367.7234191894531,2623900
2019-10-04,367.90129620911097,371.73597404842434,367.3774889884459,371.3110046386719,2008400
2019-10-07,369.6901657531172,373.73238206588286,368.7018479213095,372.1412048339844,1931800
2019-10-08,366.7153183358692,372.93184592452764,364.33349891004355,369.7297058105469,4030200
2019-10-09,371.6075098832566,373.445766598452,369.13671526967113,370.57965087890625,2774100
2019-10-10,369.3343943442266,370.16457772279796,366.0037378387857,366.6659240722656,2723700
2019-10-11,368.6425774898764,372.53655243710534,365.75667594482263,370.5401611328125,3935400
2019-10-14,369.8779418698923,374.2759682063856,368.32627566333866,368.8204345703125,2124500
2019-10-15,368.2274433477458,369.1663573494414,366.2014038633288,366.6263732910156,2836600
2019-10-16,365.89501920987203,373.0109194748945,364.92645690236276,368.0791931152344,3657100
2019-10-17,368.06935996845397,369.4332133143302,364.74859619140625,364.74859619140625,2397100
2019-10-18,364.68926824525346,365.0351855075095,339.9813232421875,339.9813232421875,13544300
2019-10-21,329.0011434378175,330.3353484059528,320.6103043850052,327.1925048828125,15493100
2019-10-22,332.1439820037884,337.4907851097691,330.5527746058912,333.0631103515625,7949700
2019-10-23,340.9696469748073,346.70187825082684,332.5689455276019,336.522216796875,10960800
2019-10-24,337.70819034164884,341.7009723723608,333.82407862606027,340.5248718261719,5382700
2019-10-25,338.9139751276224,339.35870006969503,334.94091801203433,335.86004638671875,4058000
2019-10-28,337.5105183046379,340.94987500068896,335.5239899362822,336.89776611328125,3234500
2019-10-29,336.2158411639569,345.6345087699359,335.2571716733538,344.8537292480469,6113600
2019-10-30,342.58059079484497,345.9112168282495,339.2598274295402,342.0172424316406,3997600
2019-10-31,340.6731682854974,342.0172660578537,335.4844996746456,335.9391174316406,3868400
2019-11-01,336.6111720549116,341.1574401855469,335.53390922048317,341.1574401855469,3538200
2019-11-04,342.4125786057095,347.34430496694455,342.0073646859405,346.9884948730469,3703000
2019-11-05,351.08015051450633,357.38559287903496,349.063973713978,354.1044006347656,5468900
2019-11-06,354.66773466973075,355.20143476209995,349.0046926045575,350.05230712890625,3815700
2019-11-07,354.01372162500064,357.2743208351131,352.9500428644524,355.1966857910156,2834500
2019-11-08,354.29206687429036,354.8885242429554,348.4766606196995,348.92401123046875,3218200
2019-11-11,346.9756163897338,367.56311889555906,343.51618787877885,364.78961181640625,11483400
2019-11-12,364.32236805530886,364.93869618239364,357.88071373395235,360.7337341308594,5769700
2019-11-13,359.72970884067234,364.45161488441556,358.9841447285023,360.3559875488281,3453700
2019-11-14,360.9524571661207,366.3006420996767,359.34204348306713,365.26678466796875,5339600
2019-11-15,367.81163310263963,371.27106154614364,367.11576112139653,369.481689453125,5493100
2019-11-18,369.47176153162104,373.37851016419427,365.72403987828307,367.2748107910156,3823800
2019-11-19,371.30088249313815,372.613052288758,359.47124084737914,364.8293762207031,6670200
2019-11-20,363.83528423078565,368.79576104836127,363.5867628617756,368.71624755859375,3774800
2019-11-21,367.56309497159526,368.5671309835078,364.0937464605269,364.2726745605469,2703800
2019-11-22,366.0918574983644,371.34062774401735,364.44167192189826,369.1437072753906,3915700
2019-11-25,370.31671829246125,372.0861892630233,367.01637749974975,370.9231262207031,3324400
2019-11-26,371.449979555495,372.55339986300436,369.16356477720245,371.3008728027344,2859000
2019-11-27,367.77185485254637,369.6307898419985,364.6305411024191,365.8234558105469,4145000
2019-11-29,365.32642133260265,366.12167759794966,364.01422119140625,364.01422119140625,1390900
2019-12-02,364.9088961865412,365.20714004221884,353.05941387908985,353.07928466796875,4794500
2019-12-03,350.00757019206065,353.4570481904535,345.55405610172096,349.99761962890625,4683500
2019-12-04,352.60212041449677,353.1886271881577,346.7568931284116,346.7767639160156,3014200
2019-12-05,348.14862418278153,348.34745341713415,343.54600347496273,343.6354675292969,4719600
2019-12-06,345.6832786096905,352.30389161401826,345.0569998970122,351.9957275390625,2856100
2019-12-09,350.5841381022248,351.50863031382863,347.5024670597976,349.13275146484375,2844600
2019-12-10,348.07903861044144,349.32164550990547,345.3950259098487,345.84234619140625,2920900
2019-12-11,340.07666210815313,347.9597529927109,336.49794817243304,347.929931640625,7369100
2019-12-12,346.19028144399283,348.9936098840371,338.98316144264624,344.24188232421875,5970000
2019-12-13,344.2517907441467,347.24399775685174,339.08256443305254,339.6492004394531,4526300
2019-12-16,326.5868980409919,334.2413682900284,324.49931248788374,325.0659484863281,16488200
2019-12-17,320.1551638406385,328.99259822520025,318.7137277752093,325.0659484863281,13526400
2019-12-18,326.7757830653986,333.2671600932545,326.1992268302571,328.72418212890625,7029300
2019-12-19,330.9310390027003,332.8297458455648,329.0224119345874,331.5274963378906,5492600
2019-12-20,332.6408689108496,333.51566896206,326.0600280761719,326.0600280761719,9489400
2019-12-23,334.75830206083845,338.57558685368804,332.22339609543354,335.5535583496094,9534800
2019-12-24,337.50196256343133,337.7405333647857,330.65269921610394,331.03045654296875,4120100
2019-12-26,330.73224533566565,331.3883150439416,327.3523304952682,327.96868896484375,4593400
2019-12-27,328.24705115155587,331.6766279965737,327.2231442784637,328.1874084472656,4124000
2019-12-30,328.54526970517907,328.67450567881485,323.78359149252714,324.4695129394531,4525500
2019-12-31,323.4853769842606,324.6385198431698,321.4077418604176,323.83331298828125,4958800
2020-01-02,326.60676473216284,331.37839312756773,325.76181636345586,331.34857177734375,4544400
2020-01-03,328.67449366617245,332.90930760335885,328.34642846245924,330.7919006347656,3875900
2020-01-06,327.35234074728356,332.8794536620254,325.94075633582884,331.7660827636719,5355000
2020-01-07,332.2830289611392,342.15429069593097,328.7540072336429,335.28515625,9898600
2020-01-08,330.434002028855,332.05436618843447,327.6505748656441,329.41009521484375,8239200
2020-01-09,332.96894496050135,339.7088433277258,330.0860727875837,334.3507080078125,8175600
2020-01-10,333.57531519513043,335.70267264556696,327.50146758422983,327.96868896484375,7161700
2020-01-13,330.4340057926857,332.12396323486524,328.1277202099949,328.26690673828125,5648500
2020-01-14,328.8037156243825,333.366564233772,326.33837276847987,330.3843078613281,6945300
2020-01-15,330.38433205642025,331.1398164302177,327.7400609054219,327.8493957519531,4578300
2020-01-16,329.0919836191797,330.90122646048485,327.36228460446,330.036376953125,4024100
2020-01-17,330.42410400301884,330.53343884956024,321.0896263110014,322.2328186035156,11061700
2020-01-21,320.69199121267803,324.66833324795715,303.94164432164825,311.5165710449219,19318000
2020-01-22,307.9875817200874,310.98970905581075,300.9295684920027,307.17242431640625,18792600
2020-01-23,306.6753683711369,316.2881882418153,305.8801121276974,315.9104309082031,9702100
2020-01-24,320.09553509063454,324.27070637882355,310.6616732829415,321.1393127441406,17798200
2020-01-27,314.3397701172677,319.35992013694477,312.71940588464,314.72747802734375,7468100
2020-01-28,316.16889135804905,317.47114097816836,312.1428570877693,314.6877136230469,5502200
2020-01-29,322.4316230593828,325.2448715457745,317.2524463386331,320.1153869628906,12454700
2020-01-30,318.6043902270497,323.4257107799609,315.7613203705977,321.3878173828125,6022000
2020-01-31,319.84700161692257,320.02592972154304,315.11514504752887,316.3875732421875,4999600
2020-02-03,316.8647470353525,318.842967434468,313.017641078221,314.1310119628906,4841800
2020-02-04,316.39752521751893,317.5904399278108,313.16674740898316,316.0595397949219,3779800
2020-02-05,318.60439905973817,327.73009656313934,317.34192141071037,327.6008605957031,6071800
2020-02-06,328.9528451968062,341.40873562969546,323.73389618296295,339.4106140136719,12845500
2020-02-07,338.3568855303699,338.72469232094755,333.70457255096903,334.75830078125,5337800
2020-02-10,335.22552046340985,343.89394741634914,334.3308495623045,342.6314697265625,5876400
2020-02-11,345.5838910312693,346.01134050701995,340.0766489744631,342.3829345703125,5311500
2020-02-12,344.371112678484,347.8802332842822,343.804476661893,345.39501953125,4421500
2020-02-13,344.32000732421875,347.8900146484375,342.6300048828125,342.82000732421875,3783100
2020-02-14,342.29998779296875,344.5,338.0,340.489990234375,4199800
2020-02-18,338.7699890136719,339.989990234375,336.1000061035156,338.8800048828125,2904600
2020-02-19,338.1199951171875,341.4700012207031,335.8599853515625,338.29998779296875,4935700
2020-02-20,338.2900085449219,341.239990234375,335.3900146484375,336.2799987792969,2807500
2020-02-21,334.04998779296875,334.6600036621094,330.2300109863281,330.3800048828125,3709900
2020-02-24,320.0,321.739990234375,316.3299865722656,317.8999938964844,6073200
2020-02-25,318.260009765625,320.6400146484375,303.6300048828125,304.1400146484375,8052500
2020-02-26,307.0,315.2200012207031,304.05999755859375,305.5899963378906,6987300
2020-02-27,300.3699951171875,301.0,284.2900085449219,287.760009765625,10982400
2020-02-28,278.07000732421875,282.8599853515625,269.6000061035156,275.1099853515625,15364300
2020-03-02,279.5400085449219,291.7099914550781,274.2900085449219,289.2699890136719,11012300
2020-03-03,292.0,297.44000244140625,278.0799865722656,280.6199951171875,7499300
2020-03-04,284.54998779296875,285.9100036621094,277.010009765625,283.1199951171875,6986100
2020-03-05,275.7900085449219,276.30999755859375,259.6499938964844,260.3699951171875,14669100
2020-03-06,253.6999969482422,264.2900085449219,249.8000030517578,262.3299865722656,12861800
2020-03-09,238.0,241.47999572753906,224.3699951171875,227.1699981689453,11585500
2020-03-10,237.0,237.8300018310547,215.0,231.00999450683594,13059600
2020-03-11,222.99000549316406,226.99000549316406,187.0,189.0800018310547,28503500
2020-03-12,160.52999877929688,189.85000610351562,154.80999755859375,154.83999633789062,31734400
2020-03-13,174.97000122070312,178.27999877929688,161.3800048828125,170.1999969482422,21168500
2020-03-16,149.4199981689453,151.0,128.75999450683594,129.61000061035156,26844400
2020-03-17,132.50999450683594,134.9600067138672,101.25,124.13999938964844,54492200
2020-03-18,99.86000061035156,107.8499984741211,89.0,101.88999938964844,61943200
2020-03-19,98.80000305175781,103.56999969482422,90.3499984741211,97.70999908447266,40210600
2020-03-20,99.8499984741211,107.0,94.27999877929688,95.01000213623047,41370700
2020-03-23,98.75,114.48999786376953,93.55999755859375,105.62000274658203,46140100
2020-03-24,123.68000030517578,127.95999908447266,116.12999725341797,127.68000030517578,43683100
2020-03-25,154.89999389648438,174.77000427246094,141.0,158.72999572753906,77826000
2020-03-26,172.2899932861328,186.47999572753906,167.17999267578125,180.5500030517578,63267300
2020-03-27,172.0,172.9199981689453,155.5399932861328,162.0,47880200
2020-03-30,153.80999755859375,153.80999755859375,140.67999267578125,152.27999877929688,51052500
2020-03-31,155.0,160.63999938964844,149.0,149.13999938964844,29954000
2020-04-01,138.91000366210938,144.3800048828125,130.0,130.6999969482422,41899700
2020-04-02,128.50999450683594,136.67999267578125,120.0199966430664,123.2699966430664,42372400
2020-04-03,125.0,131.2899932861328,122.5,124.5199966430664,37347400
2020-04-06,133.6999969482422,149.69000244140625,129.2100067138672,148.77000427246094,51085500
2020-04-07,162.0,164.8000030517578,140.25999450683594,141.5800018310547,56699100
2020-04-08,147.50999450683594,154.0,144.5500030517578,146.8699951171875,41351000
2020-04-09,154.7100067138672,157.97999572753906,150.08999633789062,151.83999633789062,37874200
2020-04-13,155.5,156.0,146.25999450683594,147.3300018310547,26034100
2020-04-14,150.50999450683594,152.39999389648438,140.0,141.0,33970500
2020-04-15,139.0,148.69000244140625,132.89999389648438,145.97999572753906,39297600
2020-04-16,141.4600067138672,143.24000549316406,134.0,134.24000549316406,41364800
2020-04-17,149.41000366210938,154.0,145.0,154.0,52389400
2020-04-20,147.2100067138672,151.6300048828125,142.5,143.61000061035156,34983800
2020-04-21,139.00999450683594,141.89999389648438,135.4499969482422,136.3300018310547,27043800
2020-04-22,140.4199981689453,140.82000732421875,134.52000427246094,134.97000122070312,22734500
2020-04-23,136.5,142.3800048828125,136.0500030517578,137.74000549316406,25936400
2020-04-24,137.0,137.57000732421875,128.3300018310547,128.97999572753906,35884700
2020-04-27,129.97000122070312,131.1999969482422,123.83000183105469,128.67999267578125,34563000
2020-04-28,133.8800048828125,137.1999969482422,127.73999786376953,131.3000030517578,37806900
2020-04-29,138.0800018310547,147.17999267578125,135.25,139.0,60454400
2020-04-30,137.6699981689453,144.64999389648438,132.30999755859375,141.02000427246094,37876600
2020-05-01,143.22999572753906,143.7100067138672,132.83999633789062,133.3699951171875,36613100
2020-05-04,127.12000274658203,131.5,124.3499984741211,131.4600067138672,30708900
2020-05-05,132.8800048828125,133.8000030517578,125.0,125.4000015258789,30621000
2020-05-06,125.80000305175781,126.86000061035156,121.37000274658203,121.86000061035156,29627700
2020-05-07,122.80999755859375,130.7100067138672,122.36000061035156,128.64999389648438,29525000
2020-05-08,132.57000732421875,135.5500030517578,131.55999755859375,133.44000244140625,22695700
2020-05-11,130.9199981689453,131.0,127.94999694824219,128.91000366210938,20055400
2020-05-12,129.72000122070312,133.1199951171875,125.19999694824219,125.22000122070312,22579000
2020-05-13,125.0,125.06999969482422,119.33000183105469,121.5,26002000
2020-05-14,118.9800033569336,122.61000061035156,113.88999938964844,122.5199966430664,37499200
2020-05-15,118.33000183105469,121.88999938964844,117.77999877929688,120.0,26756800
2020-05-18,126.18000030517578,136.1999969482422,125.80000305175781,135.44000244140625,43781800
2020-05-19,137.0,137.0399932861328,130.27999877929688,130.44000244140625,32373000
2020-05-20,133.27000427246094,135.4499969482422,131.30999755859375,133.32000732421875,21835500
2020-05-21,137.0,144.24000549316406,136.14999389648438,139.0,48263900
2020-05-22,141.00999450683594,141.0800018310547,135.77999877929688,137.52999877929688,21098800
2020-05-26,145.2100067138672,145.91000366210938,142.61000061035156,144.72999572753906,30338300
2020-05-27,149.13999938964844,149.64999389648438,141.24000549316406,149.52000427246094,32799900
2020-05-28,156.10000610351562,156.6999969482422,149.0500030517578,149.82000732421875,34734300
2020-05-29,145.3000030517578,152.0,142.94000244140625,145.85000610351562,33853900
2020-06-01,145.4499969482422,153.5500030517578,144.5500030517578,151.38999938964844,27127300
2020-06-02,154.0,155.85000610351562,151.80999755859375,153.30999755859375,24780500
2020-06-03,157.10000610351562,173.77999877929688,155.49000549316406,173.16000366210938,66486400
2020-06-04,181.27999877929688,188.60000610351562,177.39999389648438,184.3000030517578,67155600
2020-06-05,205.0,218.7899932861328,197.36000061035156,205.42999267578125,99846000
2020-06-08,222.94000244140625,234.1999969482422,218.92999267578125,230.5,80902800
2020-06-09,222.13999938964844,227.0,213.0800018310547,216.74000549316406,66688700
2020-06-10,211.1699981689453,213.02999877929688,197.39999389648438,203.41000366210938,90384900
2020-06-11,179.35000610351562,192.17999267578125,166.00999450683594,170.0,103212800
2020-06-12,187.14999389648438,191.3000030517578,176.25999450683594,189.50999450683594,89550100
2020-06-15,177.17999267578125,193.22999572753906,175.88999938964844,190.94000244140625,78612900
2020-06-16,207.14999389648438,208.3000030517578,192.60000610351562,197.77000427246094,76496900
2020-06-17,194.52000427246094,196.42999267578125,191.25,192.5399932861328,53085400
2020-06-18,188.24000549316406,198.02999877929688,187.1999969482422,192.2899932861328,60849900
2020-06-19,197.89999389648438,197.9600067138672,184.57000732421875,187.02000427246094,67262100
2020-06-22,184.55999755859375,188.6999969482422,181.89999389648438,188.52000427246094,53901500
2020-06-23,189.3000030517578,190.1199951171875,183.5500030517578,187.8800048828125,50281300
2020-06-24,183.61000061035156,185.1999969482422,176.07000732421875,176.69000244140625,56534800
2020-06-25,169.8699951171875,177.5,169.58999633789062,174.8800048828125,57335700
2020-06-26,173.4199981689453,173.85000610351562,167.60000610351562,170.00999450683594,50644400
2020-06-29,181.0,194.5,176.27000427246094,194.49000549316406,78499900
2020-06-30,188.02000427246094,188.49000549316406,180.3800048828125,183.3000030517578,65493100
2020-07-01,185.8800048828125,190.61000061035156,180.0399932861328,180.32000732421875,49036700
2020-07-02,185.5800018310547,187.7899932861328,180.42999267578125,180.80999755859375,41792300
2020-07-06,184.52000427246094,189.36000061035156,181.60000610351562,187.91000366210938,49471700
2020-07-07,185.07000732421875,185.07000732421875,178.64999389648438,178.8800048828125,37105300
2020-07-08,179.0500030517578,181.5800018310547,175.50999450683594,180.0800018310547,38116200
2020-07-09,179.6699981689453,180.75,172.80999755859375,173.27999877929688,33514500
2020-07-10,171.6999969482422,179.3300018310547,169.75,178.44000244140625,40955600
2020-07-13,180.1999969482422,183.25,174.36000061035156,175.64999389648438,43364700
2020-07-14,177.0,181.3000030517578,173.41000366210938,179.9600067138672,39256200
2020-07-15,185.5399932861328,189.52999877929688,181.25,187.94000244140625,48044800
2020-07-16,184.32000732421875,184.58999633789062,177.33999633789062,178.6999969482422,35050000
2020-07-17,178.41000366210938,181.10000610351562,175.5500030517578,175.66000366210938,26170500
2020-07-20,175.1300048828125,176.57000732421875,171.6199951171875,174.4199981689453,25294300
2020-07-21,178.42999267578125,182.64999389648438,176.75,178.6300048828125,40740500
2020-07-22,176.42999267578125,182.9499969482422,175.38999938964844,179.7899932861328,29790300
2020-07-23,178.0,182.5,175.4199981689453,176.4499969482422,29587200
2020-07-24,175.67999267578125,181.10000610351562,173.60000610351562,173.75999450683594,28548000
2020-07-27,173.19000244140625,174.13999938964844,169.0,170.2100067138672,30243800
2020-07-28,168.5,173.74000549316406,168.22999572753906,170.83999633789062,25349100
2020-07-29,172.89999389648438,173.00999450683594,162.25,166.00999450683594,51709600
2020-07-30,162.8800048828125,164.5500030517578,160.63999938964844,161.9499969482422,29140000
2020-07-31,161.5500030517578,163.39999389648438,156.25999450683594,158.0,30263100
2020-08-03,156.50999450683594,163.5800018310547,153.41000366210938,162.27000427246094,38520500
2020-08-04,164.6300048828125,167.39999389648438,163.00999450683594,165.07000732421875,30853500
2020-08-05,167.60000610351562,174.97999572753906,166.39999389648438,174.27999877929688,46189200
2020-08-06,172.8000030517578,175.57000732421875,170.60000610351562,172.1999969482422,32921600
2020-08-07,171.5,171.86000061035156,168.6999969482422,170.02000427246094,19318000
2020-08-10,171.36000061035156,179.7899932861328,171.3300018310547,179.41000366210938,35857700
2020-08-11,184.50999450683594,189.97000122070312,179.52999877929688,180.1300048828125,61036600
2020-08-12,184.00999450683594,184.14999389648438,173.19000244140625,175.44000244140625,40674400
2020-08-13,173.6199951171875,179.47000122070312,172.42999267578125,174.72999572753906,22958800
2020-08-14,173.08999633789062,179.47000122070312,172.35000610351562,178.0800018310547,32414100
2020-08-17,178.24000549316406,178.2899932861328,171.41000366210938,172.00999450683594,23352100
2020-08-18,172.00999450683594,173.24000549316406,169.00999450683594,170.22999572753906,21488500
2020-08-19,170.44000244140625,174.10000610351562,169.08999633789062,169.27000427246094,25601500
2020-08-20,168.5399932861328,170.83999633789062,165.86000061035156,169.5800018310547,23213400
2020-08-21,168.35000610351562,170.0800018310547,167.27000427246094,167.5,16945900
2020-08-24,168.77999877929688,178.27000427246094,167.92999267578125,178.27000427246094,39317100
2020-08-25,180.4600067138672,180.6300048828125,172.44000244140625,174.72999572753906,31318500
2020-08-26,173.8000030517578,174.42999267578125,171.35000610351562,171.89999389648438,16189800
2020-08-27,174.7100067138672,181.30999755859375,173.55999755859375,174.1999969482422,29548100
2020-08-28,175.11000061035156,177.27999877929688,172.57000732421875,175.8000030517578,20383900
2020-08-31,174.64999389648438,175.27000427246094,171.6999969482422,171.82000732421875,16264300
2020-09-01,170.7100067138672,175.49000549316406,169.25,172.10000610351562,18977300
2020-09-02,172.74000549316406,175.0,171.4499969482422,174.77999877929688,16552100
2020-09-03,175.0,180.85000610351562,168.1199951171875,168.77000427246094,27799400
2020-09-04,171.30999755859375,172.8300018310547,164.0,171.0500030517578,18867300
2020-09-08,165.8000030517578,166.89999389648438,160.5,161.0800018310547,22622700
2020-09-09,161.61000061035156,163.05999755859375,157.0,160.77999877929688,21951400
2020-09-10,160.9600067138672,163.77999877929688,157.57000732421875,157.69000244140625,14532600
2020-09-11,158.0,161.36000061035156,156.32000732421875,160.22999572753906,14722400
2020-09-14,161.75,165.94000244140625,158.89999389648438,165.35000610351562,17228400
2020-09-15,166.64999389648438,168.83999633789062,163.3300018310547,163.49000549316406,14881700
2020-09-16,161.9499969482422,170.57000732421875,160.30999755859375,167.4600067138672,21851400
2020-09-17,164.6300048828125,168.4600067138672,161.0500030517578,167.52999877929688,19717800
2020-09-18,165.66000366210938,169.72000122070312,161.02000427246094,161.13999938964844,22057100
2020-09-21,157.8300018310547,158.8300018310547,154.1999969482422,156.35000610351562,23125300
2020-09-22,156.80999755859375,160.07000732421875,154.9499969482422,156.8000030517578,17768900
2020-09-23,157.3300018310547,160.4199981689453,150.88999938964844,151.17999267578125,18247500
2020-09-24,150.2899932861328,150.30999755859375,145.02000427246094,146.0500030517578,27098100
2020-09-25,146.85000610351562,156.30999755859375,146.4199981689453,156.02999877929688,29123000
2020-09-28,160.3300018310547,168.0,159.1999969482422,166.0800018310547,38868200
2020-09-29,164.77000427246094,165.5,162.00999450683594,163.60000610351562,19874700
2020-09-30,164.5,170.97999572753906,164.11000061035156,165.25999450683594,38436700
2020-10-01,170.14999389648438,172.75999450683594,165.57000732421875,167.86000061035156,30677100
2020-10-02,161.86000061035156,169.77999877929688,161.8000030517578,168.0800018310547,31773800
2020-10-05,169.49000549316406,172.0800018310547,167.50999450683594,171.1999969482422,19082100
2020-10-06,173.0399932861328,175.55999755859375,159.3300018310547,159.5399932861328,47132500
2020-10-07,163.7100067138672,166.33999633789062,162.3800048828125,164.61000061035156,26019100
2020-10-08,166.22000122070312,168.08999633789062,163.5399932861328,168.0,20598600
2020-10-09,169.92999267578125,170.0,166.82000732421875,167.3300018310547,17406000
2020-10-12,167.75,169.1999969482422,165.9499969482422,167.35000610351562,12176600
2020-10-13,165.36000061035156,165.52999877929688,162.08999633789062,162.13999938964844,15182600
2020-10-14,162.6999969482422,165.1699981689453,162.49000549316406,163.24000549316406,10505500
2020-10-15,161.00999450683594,164.5399932861328,158.72999572753906,164.24000549316406,13226800
2020-10-16,171.22000122070312,173.4199981689453,167.27000427246094,167.35000610351562,31780600
2020-10-19,169.08999633789062,170.83999633789062,166.11000061035156,167.11000061035156,16519600
2020-10-20,168.2899932861328,169.2899932861328,166.17999267578125,167.24000549316406,12319900
2020-10-21,166.44000244140625,167.6300048828125,163.82000732421875,163.86000061035156,11450600
2020-10-22,164.6999969482422,169.6300048828125,164.10000610351562,169.07000732421875,14238200
2020-10-23,169.99000549316406,170.25999450683594,166.0500030517578,167.36000061035156,10024200
2020-10-26,164.9499969482422,165.5,159.0500030517578,160.8300018310547,16151100
2020-10-27,159.16000366210938,160.25,155.0,155.24000549316406,15491900
2020-10-28,153.0,153.9499969482422,148.0,148.13999938964844,20279800
2020-10-29,148.02999877929688,150.10000610351562,146.60000610351562,148.2899932861328,14554300
2020-10-30,147.1999969482422,149.1699981689453,141.5800018310547,144.38999938964844,15374700
2020-11-02,145.75,149.58999633789062,143.3800048828125,148.60000610351562,13854600
2020-11-03,151.8300018310547,154.82000732421875,150.63999938964844,153.64999389648438,12249800
2020-11-04,153.1699981689453,155.39999389648438,151.1699981689453,151.6300048828125,11344700
2020-11-05,152.47999572753906,157.6300048828125,152.10000610351562,157.08999633789062,12328300
2020-11-06,156.3300018310547,158.47000122070312,154.52000427246094,157.74000549316406,8995600
2020-11-09,179.0,184.4600067138672,172.16000366210938,179.36000061035156,49014400
2020-11-10,182.8000030517578,193.9499969482422,180.3800048828125,188.69000244140625,46404300
2020-11-11,189.88999938964844,190.0,180.41000366210938,182.14999389648438,29907800
2020-11-12,178.9499969482422,184.58999633789062,176.25,176.72000122070312,20288400
2020-11-13,179.0,187.27000427246094,178.7100067138672,187.11000061035156,19724500
2020-11-16,194.55999755859375,202.94000244140625,191.35000610351562,202.39999389648438,40562800
2020-11-17,200.25,211.1999969482422,196.0500030517578,210.0500030517578,38299300
2020-11-18,223.02000427246094,223.02000427246094,203.0,203.3000030517578,65990700
2020-11-19,200.4499969482422,209.44000244140625,199.89999389648438,205.6699981689453,34236100
2020-11-20,204.58999633789062,206.5800018310547,199.1699981689453,199.6199951171875,18230900
2020-11-23,203.24000549316406,214.2100067138672,201.8699951171875,211.52999877929688,28372400
2020-11-24,219.42999267578125,222.9499969482422,215.75999450683594,218.49000549316406,31132000
2020-11-25,217.7100067138672,221.0,213.08999633789062,217.61000061035156,19254100
2020-11-27,218.25,219.92999267578125,216.0399932861328,216.5,9970200
2020-11-30,215.6999969482422,217.77999877929688,208.52000427246094,210.7100067138672,16501900
2020-12-01,214.30999755859375,218.08999633789062,213.0,213.00999450683594,15754200
2020-12-02,213.00999450683594,224.99000549316406,210.3000030517578,223.85000610351562,25912300
2020-12-03,228.3000030517578,242.0,226.52999877929688,237.1999969482422,45945100
2020-12-04,236.36000061035156,238.17999267578125,230.25,232.7100067138672,29378400
2020-12-07,238.5,244.0800018310547,237.11000061035156,238.1699981689453,33246700
2020-12-08,238.6999969482422,241.6999969482422,234.4600067138672,236.57000732421875,19682000
2020-12-09,238.63999938964844,240.83999633789062,228.27999877929688,232.05999755859375,19043600
2020-12-10,228.10000610351562,237.00999450683594,228.02000427246094,234.42999267578125,16185000
2020-12-11,232.82000732421875,236.22000122070312,228.3300018310547,230.3300018310547,17311800
2020-12-14,235.0,237.6300048828125,228.3699951171875,228.6199951171875,19231200
2020-12-15,230.0,232.5,224.36000061035156,229.5,18993700
2020-12-16,229.3300018310547,232.3699951171875,225.3000030517578,225.8699951171875,17858400
2020-12-17,227.24000549316406,228.49000549316406,220.52999877929688,221.24000549316406,17465600
2020-12-18,222.0500030517578,223.4600067138672,218.61000061035156,219.75,19092800
2020-12-21,212.33999633789062,219.42999267578125,211.10000610351562,219.30999755859375,18726500
2020-12-22,223.27999877929688,223.88999938964844,217.6999969482422,218.77999877929688,13280000
2020-12-23,219.5500030517578,224.39999389648438,219.32000732421875,219.69000244140625,10869000
2020-12-24,219.6199951171875,219.8800048828125,216.0500030517578,217.14999389648438,6398500
2020-12-28,218.19000244140625,219.1999969482422,215.16000366210938,216.08999633789062,9090600
2020-12-29,218.3000030517578,221.67999267578125,215.39999389648438,216.25,14593800
2020-12-30,216.36000061035156,218.5500030517578,214.3699951171875,216.6699981689453,10812600
2020-12-31,216.24000549316406,216.89999389648438,212.6999969482422,214.05999755859375,10487600
2021-01-04,210.0,210.1999969482422,202.49000549316406,202.72000122070312,21225600
2021-01-05,204.74000549316406,213.35000610351562,204.60000610351562,211.6300048828125,19338300
2021-01-06,210.22000122070312,215.61000061035156,209.33999633789062,211.02999877929688,16202200
2021-01-07,213.38999938964844,216.60000610351562,211.77999877929688,212.7100067138672,14474100
2021-01-08,213.61000061035156,214.10000610351562,208.16000366210938,209.89999389648438,14144000
2021-01-11,203.02999877929688,207.77999877929688,201.00999450683594,206.7899932861328,16770300
2021-01-12,206.64999389648438,209.05999755859375,204.80999755859375,208.41000366210938,12836200
2021-01-13,207.14999389648438,208.7899932861328,204.85000610351562,207.2100067138672,8570500
2021-01-14,208.7899932861328,214.19000244140625,208.2100067138672,209.91000366210938,12446800
2021-01-15,208.9600067138672,209.25,204.1999969482422,204.32000732421875,11103300
2021-01-19,206.99000549316406,211.52000427246094,206.52000427246094,210.7100067138672,11947200
2021-01-20,213.24000549316406,215.58999633789062,211.2100067138672,211.4499969482422,9727000
2021-01-21,211.72000122070312,211.92999267578125,206.33999633789062,207.41000366210938,11091300
2021-01-22,205.5500030517578,206.6999969482422,204.27000427246094,205.83999633789062,7514600
2021-01-25,203.27000427246094,203.8000030517578,199.3000030517578,203.36000061035156,14276200
2021-01-26,205.33999633789062,208.35000610351562,201.7899932861328,202.05999755859375,11011800
2021-01-27,196.89999389648438,199.47000122070312,191.85000610351562,194.02999877929688,20948500
2021-01-28,198.0500030517578,200.4199981689453,196.0,197.22999572753906,10403200
2021-01-29,198.3000030517578,201.57000732421875,193.1199951171875,194.19000244140625,13683700
2021-02-01,196.0,197.3800048828125,192.86000061035156,195.83999633789062,9061900
2021-02-02,198.97999572753906,203.02999877929688,198.08999633789062,200.94000244140625,11130600
2021-02-03,202.0,208.16000366210938,201.25999450683594,207.38999938964844,11836900
2021-02-04,209.8699951171875,212.47999572753906,208.02000427246094,210.63999938964844,11869900
2021-02-05,212.25,213.1999969482422,206.66000366210938,207.92999267578125,9546100
2021-02-08,209.5500030517578,211.99000549316406,208.3000030517578,211.9499969482422,11182100
2021-02-09,210.60000610351562,216.72999572753906,208.89999389648438,215.1199951171875,13615700
2021-02-10,215.64999389648438,217.49000549316406,211.1199951171875,211.9199981689453,11510700
2021-02-11,212.24000549316406,213.99000549316406,208.57000732421875,210.66000366210938,7140200
2021-02-12,210.36000061035156,213.16000366210938,209.6699981689453,210.97999572753906,6010800
2021-02-16,213.0800018310547,217.39999389648438,212.3300018310547,217.17999267578125,10171100
2021-02-17,215.52000427246094,218.7100067138672,212.67999267578125,215.52000427246094,9276000
2021-02-18,213.4499969482422,214.33999633789062,208.0800018310547,208.47999572753906,9121300
2021-02-19,209.97000122070312,217.63999938964844,209.14999389648438,217.47000122070312,12415300
2021-02-22,211.88999938964844,220.38999938964844,210.8000030517578,212.8800048828125,21413700
2021-02-23,214.14999389648438,214.75,206.60000610351562,212.1199951171875,15996700
2021-02-24,212.10000610351562,229.61000061035156,211.60000610351562,229.33999633789062,30709300
2021-02-25,227.8000030517578,228.5,214.7100067138672,216.4499969482422,19283000
2021-02-26,218.50999450683594,220.66000366210938,211.2899932861328,212.00999450683594,12838400
2021-03-01,219.60000610351562,226.97999572753906,219.02000427246094,224.38999938964844,18735400
2021-03-02,224.7899932861328,227.19000244140625,222.14999389648438,223.13999938964844,11114400
2021-03-03,226.36000061035156,235.39999389648438,225.0399932861328,228.55999755859375,30426000
2021-03-04,232.72999572753906,237.10000610351562,218.6999969482422,224.7100067138672,26645100
2021-03-05,229.00999450683594,229.9199981689453,213.8000030517578,223.22000122070312,20026600
2021-03-08,226.6699981689453,229.88999938964844,223.7100067138672,224.02999877929688,13836800
2021-03-09,226.80999755859375,234.05999755859375,222.5800018310547,230.61000061035156,21001200
2021-03-10,233.80999755859375,246.8000030517578,232.8800048828125,245.33999633789062,27753400
2021-03-11,248.77000427246094,256.6499938964844,246.5500030517578,252.0,30139200
2021-03-12,253.86000061035156,269.7200012207031,253.5,269.19000244140625,35264300
2021-03-15,274.1499938964844,278.57000732421875,264.3299865722656,265.6300048828125,34816700
2021-03-16,263.2300109863281,264.1700134277344,254.02000427246094,255.2100067138672,28785800
2021-03-17,254.6999969482422,263.6099853515625,253.67999267578125,263.5899963378906,23785500
2021-03-18,261.32000732421875,267.3699951171875,254.72999572753906,256.05999755859375,24595500
2021-03-19,257.75,258.8800048828125,251.30999755859375,255.82000732421875,17330800
2021-03-22,255.82000732421875,257.6700134277344,250.16000366210938,251.22999572753906,15230000
2021-03-23,249.25999450683594,251.3000030517578,239.42999267578125,241.25,21358200
2021-03-24,243.75,248.8000030517578,239.05999755859375,239.24000549316406,24055100
2021-03-25,234.33999633789062,247.5800018310547,231.6999969482422,247.19000244140625,27553600
2021-03-26,249.6199951171875,250.89999389648438,240.3000030517578,244.8699951171875,17157100
2021-03-29,251.3000030517578,254.7100067138672,248.02999877929688,250.52000427246094,22198800
2021-03-30,251.24000549316406,253.5,248.91000366210938,252.00999450683594,12577300
2021-03-31,254.6999969482422,257.8800048828125,253.36000061035156,254.72000122070312,14138500
2021-04-01,256.6700134277344,257.8800048828125,251.30999755859375,252.9600067138672,10934500
2021-04-05,256.55999755859375,260.4800109863281,256.25,259.3599853515625,13750300
2021-04-06,257.2099914550781,259.3500061035156,254.66000366210938,255.1699981689453,11180300
2021-04-07,255.30999755859375,255.89999389648438,250.8300018310547,252.5800018310547,9925700
2021-04-08,251.6999969482422,254.9499969482422,249.30999755859375,254.9499969482422,9899900
2021-04-09,250.50999450683594,252.83999633789062,249.44000244140625,252.36000061035156,12255900
2021-04-12,250.57000732421875,251.5500030517578,246.2899932861328,249.52000427246094,10383600
2021-04-13,248.3300018310547,254.49000549316406,246.10000610351562,253.27000427246094,15901400
2021-04-14,255.32000732421875,258.3699951171875,251.27999877929688,252.42999267578125,12661800
2021-04-15,253.55999755859375,254.1199951171875,249.42999267578125,251.11000061035156,9479000
2021-04-16,252.0,253.0500030517578,246.22999572753906,248.17999267578125,14606000
2021-04-19,247.0,247.0,242.22000122070312,244.14999389648438,9249300
2021-04-20,241.02999877929688,241.08999633789062,232.33999633789062,234.05999755859375,19483600
2021-04-21,232.22000122070312,236.75999450683594,230.22000122070312,235.9199981689453,12847000
2021-04-22,235.9600067138672,239.64999389648438,233.3800048828125,234.3300018310547,13854400
2021-04-23,233.88999938964844,238.5800018310547,233.11000061035156,238.3800048828125,11533100
2021-04-26,240.24000549316406,244.64999389648438,240.10000610351562,241.44000244140625,10599600
2021-04-27,241.8800048828125,243.49000549316406,239.41000366210938,242.47000122070312,10583300
2021-04-28,239.0,239.64999389648438,232.85000610351562,235.4600067138672,19054100
2021-04-29,237.0,237.67999267578125,231.8000030517578,235.94000244140625,12296100
2021-04-30,233.67999267578125,236.77000427246094,232.6999969482422,234.30999755859375,10380400
2021-05-03,234.11000061035156,237.10000610351562,233.80999755859375,235.19000244140625,9887800
2021-05-04,235.75,236.64999389648438,225.64999389648438,233.6300048828125,17807200
2021-05-05,232.4499969482422,233.49000549316406,227.55999755859375,228.17999267578125,14913500
2021-05-06,229.3000030517578,231.1699981689453,226.5500030517578,229.80999755859375,11857100
2021-05-07,229.8000030517578,235.91000366210938,227.99000549316406,235.47000122070312,12823000
2021-05-10,236.83999633789062,241.10000610351562,232.5,232.92999267578125,14813900
2021-05-11,226.55999755859375,230.1300048828125,223.85000610351562,228.8800048828125,16273200
2021-05-12,227.25,229.74000549316406,220.6300048828125,220.77999877929688,14931200
2021-05-13,223.0,229.27000427246094,219.07000732421875,222.63999938964844,16503400
2021-05-14,225.99000549316406,228.80999755859375,224.35000610351562,228.47000122070312,10162400
2021-05-17,226.24000549316406,228.25999450683594,223.5800018310547,227.97999572753906,9559300
2021-05-18,227.25,232.27000427246094,226.42999267578125,227.5500030517578,10081100
2021-05-19,223.17999267578125,225.1199951171875,220.27999877929688,224.4199981689453,13162700
2021-05-20,225.1300048828125,228.44000244140625,223.77000427246094,227.64999389648438,9218900
2021-05-21,232.89999389648438,236.3000030517578,231.38999938964844,234.82000732421875,16579000
2021-05-24,235.13999938964844,238.5,232.60000610351562,237.44000244140625,10106000
2021-05-25,240.0,243.77999877929688,239.22999572753906,240.74000549316406,12908000
2021-05-26,241.6999969482422,242.49000549316406,239.8699951171875,241.3699951171875,7240200
2021-05-27,248.11000061035156,252.60000610351562,247.19000244140625,250.6999969482422,18404400
2021-05-28,247.47999572753906,248.97999572753906,245.3699951171875,247.02000427246094,11197400
2021-06-01,253.0,255.63999938964844,251.52000427246094,254.72999572753906,13562800
2021-06-02,255.60000610351562,258.3999938964844,254.6199951171875,255.6199951171875,10820400
2021-06-03,252.97999572753906,254.8000030517578,249.69000244140625,250.32000732421875,10402000
2021-06-04,251.50999450683594,251.8000030517578,248.49000549316406,249.9199981689453,8799000
2021-06-07,251.5,253.1999969482422,248.80999755859375,252.66000366210938,10606000
2021-06-08,256.260009765625,256.30999755859375,250.0,252.75999450683594,15113900
2021-06-09,251.1999969482422,253.1699981689453,247.91000366210938,248.05999755859375,10693200
2021-06-10,251.72000122070312,255.13999938964844,248.10000610351562,248.33999633789062,14519200
2021-06-11,250.35000610351562,251.1199951171875,245.77999877929688,247.27999877929688,9934200
2021-06-14,246.44000244140625,249.1999969482422,244.39999389648438,245.13999938964844,9344400
2021-06-15,245.36000061035156,248.50999450683594,244.94000244140625,246.5399932861328,10630900
2021-06-16,245.25,246.05999755859375,241.5500030517578,242.27000427246094,10529200
2021-06-17,241.9600067138672,243.5,237.3300018310547,239.22000122070312,10774400
2021-06-18,237.7899932861328,239.30999755859375,235.8000030517578,237.35000610351562,11965000
2021-06-21,238.66000366210938,245.6199951171875,237.25,245.27999877929688,15301800
2021-06-22,244.5,244.6300048828125,241.0800018310547,243.77999877929688,10042500
2021-06-23,244.8000030517578,246.8699951171875,243.1699981689453,243.57000732421875,9874700
2021-06-24,245.1999969482422,250.74000549316406,243.6999969482422,250.57000732421875,13755600
2021-06-25,250.75,252.3000030517578,248.25,248.3800048828125,9625800
2021-06-28,244.72999572753906,245.0800018310547,238.8800048828125,239.9600067138672,18152000
2021-06-29,243.74000549316406,244.3699951171875,235.66000366210938,235.75999450683594,16743900
2021-06-30,236.24000549316406,241.1699981689453,236.0,239.55999755859375,12089100
2021-07-01,240.36000061035156,241.8000030517578,238.61000061035156,239.72999572753906,9516200
2021-07-02,239.5500030517578,240.11000061035156,233.47000122070312,236.67999267578125,15706600
2021-07-06,236.85000610351562,237.1699981689453,233.47000122070312,236.13999938964844,11045800
2021-07-07,235.1699981689453,238.00999450683594,230.52000427246094,231.77999877929688,11497000
2021-07-08,227.47999572753906,237.47000122070312,226.16000366210938,236.77000427246094,17964300
2021-07-09,237.77000427246094,240.3800048828125,236.22000122070312,239.58999633789062,12385400
2021-07-12,237.99000549316406,240.77000427246094,236.4600067138672,238.2899932861328,9071500
2021-07-13,232.27000427246094,234.49000549316406,228.16000366210938,228.1999969482422,21029500
2021-07-14,229.02000427246094,230.52000427246094,224.3000030517578,224.4499969482422,12137000
2021-07-15,222.8800048828125,226.6699981689453,220.8000030517578,222.75999450683594,12228600
2021-07-16,223.11000061035156,224.0,217.02999877929688,217.74000549316406,12413400
2021-07-19,211.17999267578125,211.5500030517578,204.8000030517578,206.99000549316406,24123600
2021-07-20,208.10000610351562,217.3699951171875,206.6199951171875,217.14999389648438,17027300
2021-07-21,219.5,224.08999633789062,218.89999389648438,222.5399932861328,11437600
2021-07-22,221.52000427246094,222.25,218.30999755859375,220.8699951171875,9768900
2021-07-23,222.97000122070312,224.6300048828125,220.94000244140625,221.52000427246094,9379500
2021-07-26,220.0,226.1199951171875,219.88999938964844,225.85000610351562,8933200
2021-07-27,223.1699981689453,225.6999969482422,220.4199981689453,222.27000427246094,8784200
2021-07-28,234.0500030517578,237.49000549316406,231.3300018310547,231.57000732421875,19330500
2021-07-29,233.69000244140625,234.82000732421875,231.1199951171875,231.6300048828125,8667900
2021-07-30,229.38999938964844,231.17999267578125,225.39999389648438,226.47999572753906,9940100
2021-08-02,227.19000244140625,230.47000122070312,224.8699951171875,225.33999633789062,8889100
2021-08-03,225.89999389648438,229.10000610351562,221.3000030517578,229.08999633789062,7326400
2021-08-04,226.4199981689453,232.35000610351562,225.3300018310547,226.6300048828125,9756300
2021-08-05,226.67999267578125,231.5399932861328,226.49000549316406,229.94000244140625,8362600
2021-08-06,231.5500030517578,233.57000732421875,230.4199981689453,231.3300018310547,6061900
2021-08-09,229.0,233.57000732421875,226.88999938964844,232.27000427246094,8358600
2021-08-10,231.97000122070312,236.85000610351562,231.6199951171875,235.77999877929688,9603500
2021-08-11,236.61000061035156,239.58999633789062,234.5800018310547,239.49000549316406,9664000
2021-08-12,240.0,241.14999389648438,236.50999450683594,238.17999267578125,6810000
2021-08-13,238.00999450683594,239.69000244140625,234.27999877929688,234.4600067138672,6390300
2021-08-16,231.89999389648438,232.02999877929688,227.13999938964844,229.05999755859375,7622000
2021-08-17,226.1999969482422,226.24000549316406,219.8000030517578,222.22000122070312,13124000
2021-08-18,221.72999572753906,223.64999389648438,218.89999389648438,219.0,9000900
2021-08-19,216.3000030517578,218.3000030517578,211.72999572753906,212.16000366210938,11404400
2021-08-20,212.30999755859375,214.74000549316406,210.94000244140625,212.6699981689453,9335700
2021-08-23,215.8300018310547,220.17999267578125,215.3800048828125,219.39999389648438,10392100
2021-08-24,220.11000061035156,223.10000610351562,219.8000030517578,221.42999267578125,8942600
2021-08-25,221.5,222.3000030517578,219.10000610351562,221.02999877929688,6528900
2021-08-26,221.41000366210938,222.89999389648438,215.91000366210938,216.5,8341400
2021-08-27,217.47000122070312,222.42999267578125,216.86000061035156,221.75,7684900
2021-08-30,222.35000610351562,222.3699951171875,217.52999877929688,217.66000366210938,7587800
2021-08-31,217.3300018310547,221.3300018310547,217.08999633789062,219.5,6764500
2021-09-01,220.0,221.75999450683594,217.6199951171875,218.1199951171875,7157400
2021-09-02,218.9499969482422,223.83999633789062,218.0800018310547,220.8300018310547,8899500
2021-09-03,219.4499969482422,221.17999267578125,217.4600067138672,218.1699981689453,6393500
2021-09-07,215.91000366210938,216.7100067138672,212.1699981689453,214.24000549316406,13196100
2021-09-08,213.60000610351562,216.0800018310547,210.50999450683594,211.3800048828125,8877600
2021-09-09,211.14999389648438,216.61000061035156,210.72000122070312,213.94000244140625,9242800
2021-09-10,215.16000366210938,215.88999938964844,210.1199951171875,210.3000030517578,6959700
2021-09-13,211.35000610351562,215.63999938964844,209.8800048828125,214.47999572753906,10175900
2021-09-14,215.83999633789062,216.11000061035156,210.7100067138672,211.57000732421875,9947000
2021-09-15,211.7899932861328,214.35000610351562,210.32000732421875,214.22000122070312,7916300
2021-09-16,213.9600067138672,216.30999755859375,213.30999755859375,213.36000061035156,6370900
2021-09-17,213.1199951171875,215.3699951171875,211.91000366210938,213.36000061035156,7932700
2021-09-20,210.80999755859375,212.42999267578125,206.52999877929688,209.5,10567400
2021-09-21,210.25,211.75999450683594,207.72000122070312,208.50999450683594,7139000
2021-09-22,210.0,217.99000549316406,209.64999389648438,216.97999572753906,10953000
2021-09-23,217.80999755859375,222.6199951171875,217.14999389648438,221.10000610351562,9344600
2021-09-24,219.1300048828125,222.41000366210938,218.66000366210938,221.38999938964844,6498200
2021-09-27,224.0,228.60000610351562,223.8800048828125,224.16000366210938,9749200
2021-09-28,222.89999389648438,224.5800018310547,216.4199981689453,218.41000366210938,9639800
2021-09-29,227.8000030517578,229.94000244140625,224.86000061035156,225.36000061035156,16808000
2021-09-30,226.0800018310547,226.14999389648438,219.4600067138672,219.94000244140625,10366900
2021-10-01,222.85000610351562,226.72000122070312,220.60000610351562,226.0,9113600
2021-10-04,225.67999267578125,227.97000122070312,222.0,223.7899932861328,6946100
2021-10-05,224.27000427246094,226.4499969482422,222.4199981689453,224.4199981689453,5687300
2021-10-06,221.0800018310547,225.07000732421875,219.1999969482422,224.99000549316406,7157600
2021-10-07,227.33999633789062,229.0,225.89999389648438,226.47999572753906,7748500
2021-10-08,226.75,228.7100067138672,225.39999389648438,226.38999938964844,4515000
2021-10-11,226.5,232.10000610351562,225.32000732421875,226.4499969482422,7287000
2021-10-12,226.0,228.66000366210938,223.1199951171875,223.57000732421875,8486800
2021-10-13,224.0,224.3000030517578,219.36000061035156,221.77999877929688,8240200
2021-10-14,221.07000732421875,222.17999267578125,217.0399932861328,217.44000244140625,10427300
2021-10-15,218.1699981689453,219.61000061035156,216.27999877929688,217.0399932861328,8773400
2021-10-18,216.0,217.27999877929688,214.0500030517578,216.97999572753906,6553500
2021-10-19,217.47000122070312,217.66000366210938,215.27999877929688,215.97000122070312,5963400
2021-10-20,215.49000549316406,218.66000366210938,214.35000610351562,216.1699981689453,8485200
2021-10-21,216.5399932861328,218.11000061035156,213.80999755859375,214.33999633789062,8691500
2021-10-22,214.60000610351562,216.72000122070312,212.5800018310547,212.97000122070312,7077600
2021-10-25,213.25,213.97999572753906,211.6999969482422,212.8699951171875,7239100
2021-10-26,213.19000244140625,214.85000610351562,208.17999267578125,209.80999755859375,11014500
2021-10-27,212.85000610351562,212.89999389648438,205.63999938964844,206.61000061035156,14761700
2021-10-28,206.0,208.74000549316406,204.60000610351562,207.85000610351562,8825500
2021-10-29,206.83999633789062,208.24000549316406,205.2899932861328,207.02999877929688,8559500
2021-11-01,207.0,214.69000244140625,206.80999755859375,214.5800018310547,9284900
2021-11-02,213.8300018310547,215.72000122070312,210.6999969482422,212.77000427246094,6160200
2021-11-03,211.47000122070312,213.75999450683594,210.8699951171875,213.3800048828125,4636100
2021-11-04,213.8000030517578,214.82000732421875,211.8699951171875,213.02999877929688,5849600
2021-11-05,217.6999969482422,224.5800018310547,217.6999969482422,224.4600067138672,16936300
2021-11-08,225.24000549316406,226.99000549316406,222.11000061035156,222.67999267578125,9456100
2021-11-09,222.49000549316406,222.85000610351562,217.5399932861328,220.7899932861328,6863700
2021-11-10,219.36000061035156,225.67999267578125,217.27000427246094,218.5,8197600
2021-11-11,220.5,222.64999389648438,218.89999389648438,219.3800048828125,6567300
2021-11-12,219.72000122070312,223.75,218.89999389648438,220.9600067138672,6419900
2021-11-15,227.3699951171875,233.94000244140625,226.9199981689453,233.08999633789062,21921900
2021-11-16,232.94000244140625,232.9499969482422,225.50999450683594,225.8000030517578,10120200
2021-11-17,229.5399932861328,231.32000732421875,224.1999969482422,226.6199951171875,10750900
2021-11-18,230.3000030517578,231.5,224.9499969482422,227.25,10983700
2021-11-19,225.07000732421875,225.3300018310547,213.22999572753906,214.1300048828125,20844100
2021-11-22,215.0,215.02000427246094,208.9499969482422,209.89999389648438,10764300
2021-11-23,211.5,212.99000549316406,207.77000427246094,209.1300048828125,8882800
2021-11-24,207.52000427246094,211.22000122070312,206.8699951171875,210.60000610351562,5437600
2021-11-26,197.57000732421875,199.4199981689453,194.0,199.2100067138672,17636600
2021-11-29,201.8699951171875,204.27999877929688,195.3300018310547,198.5,12276200
2021-11-30,196.02000427246094,198.82000732421875,193.85000610351562,197.85000610351562,12638900
2021-12-01,200.80999755859375,201.6199951171875,188.0,188.19000244140625,13268700
2021-12-02,196.8000030517578,202.5399932861328,192.41000366210938,202.3800048828125,20435400
2021-12-03,198.6999969482422,199.89999389648438,195.4199981689453,198.49000549316406,10742700
2021-12-06,199.77000427246094,206.4199981689453,199.1999969482422,205.8800048828125,11587900
2021-12-07,207.05999755859375,211.64999389648438,206.3800048828125,208.8300018310547,10387900
2021-12-08,209.17999267578125,212.67999267578125,207.7100067138672,211.02999877929688,6986800
2021-12-09,207.52999877929688,208.5500030517578,205.1999969482422,207.55999755859375,7011000
2021-12-10,208.80999755859375,209.0,203.47999572753906,205.05999755859375,6040000
2021-12-13,202.5,202.80999755859375,195.5500030517578,197.39999389648438,10619600
2021-12-14,195.60000610351562,200.5,195.17999267578125,195.5,8445100
2021-12-15,195.27999877929688,196.5800018310547,190.32000732421875,195.42999267578125,10535900
2021-12-16,197.0,198.32000732421875,190.44000244140625,190.7899932861328,8216800
2021-12-17,190.27000427246094,194.77000427246094,187.8800048828125,192.6300048828125,12618300
2021-12-20,188.11000061035156,190.36000061035156,185.25999450683594,188.47999572753906,10256400
2021-12-21,190.27999877929688,199.69000244140625,190.0399932861328,199.52000427246094,12082300
2021-12-22,199.4600067138672,202.92999267578125,197.94000244140625,201.69000244140625,8145300
2021-12-23,202.1300048828125,205.1300048828125,201.32000732421875,204.22000122070312,7415200
2021-12-27,201.99000549316406,203.42999267578125,199.10000610351562,203.1699981689453,7818900
2021-12-28,202.22999572753906,208.94000244140625,201.64999389648438,206.1300048828125,8879700
2021-12-29,205.36000061035156,205.41000366210938,202.60000610351562,203.66000366210938,6119000
2021-12-30,203.0,206.0,202.60000610351562,202.7100067138672,7012600
2021-12-31,202.1999969482422,203.69000244140625,200.02999877929688,201.32000732421875,8053000
2022-01-03,204.0,210.5500030517578,203.33999633789062,207.86000061035156,9060200
2022-01-04,211.3000030517578,214.55999755859375,209.77999877929688,213.6300048828125,11414600
2022-01-05,216.63999938964844,218.92999267578125,211.80999755859375,213.07000732421875,11564700
2022-01-06,214.63999938964844,216.0,207.86000061035156,211.33999633789062,7142200
2022-01-07,212.97999572753906,218.32000732421875,212.3800048828125,215.5,9526400
2022-01-10,214.25999450683594,215.27999877929688,207.1300048828125,209.30999755859375,8229000
2022-01-11,209.0,217.02999877929688,208.41000366210938,216.02000427246094,8098400
2022-01-12,217.08999633789062,221.24000549316406,216.3000030517578,217.4499969482422,9134500
2022-01-13,222.25,226.88999938964844,220.0500030517578,223.89999389648438,17628000
2022-01-14,222.16000366210938,226.1999969482422,220.25,225.9600067138672,8053500
2022-01-18,224.5,229.6699981689453,224.25999450683594,225.00999450683594,8930700
2022-01-19,225.10000610351562,225.4199981689453,216.94000244140625,217.0800018310547,9382800
2022-01-20,217.3800048828125,221.9499969482422,213.4199981689453,214.19000244140625,7636800
2022-01-21,213.7899932861328,213.7899932861328,204.57000732421875,205.44000244140625,11548500
2022-01-24,199.85000610351562,204.8000030517578,192.50999450683594,204.1999969482422,13796500
2022-01-25,200.10000610351562,205.6300048828125,197.5500030517578,204.10000610351562,8824500
2022-01-26,206.2100067138672,206.2100067138672,191.9199981689453,194.27000427246094,19974400
2022-01-27,196.3800048828125,199.7100067138672,188.63999938964844,189.75,12670100
2022-01-28,188.77999877929688,190.72000122070312,183.77000427246094,190.57000732421875,10966700
2022-01-31,190.72999572753906,200.33999633789062,190.0,200.24000549316406,15504600
2022-02-01,202.47999572753906,208.88999938964844,200.5,208.33999633789062,12265100
2022-02-02,205.42999267578125,208.38999938964844,203.2100067138672,207.52000427246094,7843700
2022-02-03,206.05999755859375,209.10000610351562,204.25999450683594,206.38999938964844,7054700
2022-02-04,205.0,208.25,203.10000610351562,206.4499969482422,5952600
2022-02-07,205.7899932861328,214.3699951171875,205.4199981689453,211.9199981689453,11816900
2022-02-08,212.67999267578125,213.8699951171875,209.69000244140625,213.27000427246094,7356200
2022-02-09,214.91000366210938,217.0399932861328,213.3000030517578,215.86000061035156,7587700
2022-02-10,213.7100067138672,223.22999572753906,213.6999969482422,218.75,11695900
2022-02-11,217.8699951171875,221.4199981689453,210.27000427246094,212.3000030517578,11443700
2022-02-14,213.0,215.6300048828125,208.75999450683594,210.0399932861328,6481400
2022-02-15,214.83999633789062,219.5399932861328,213.69000244140625,217.72999572753906,10448500
2022-02-16,216.10000610351562,219.67999267578125,215.27999877929688,218.92999267578125,5698900
2022-02-17,218.47000122070312,218.5800018310547,212.6699981689453,213.5800018310547,6176600
2022-02-18,212.55999755859375,214.72999572753906,208.60000610351562,209.02999877929688,6973600
2022-02-22,205.0,206.89999389648438,197.82000732421875,198.74000549316406,10382100
2022-02-23,201.1300048828125,203.25,195.91000366210938,196.4199981689453,7326300
2022-02-24,189.2899932861328,198.86000061035156,186.8800048828125,198.42999267578125,12207600
2022-02-25,201.08999633789062,204.07000732421875,199.10000610351562,201.47999572753906,8730300
2022-02-28,198.5800018310547,207.30999755859375,196.75,205.33999633789062,9859300
2022-03-01,203.11000061035156,203.5,192.92999267578125,194.91000366210938,11799500
2022-03-02,196.27000427246094,199.85000610351562,194.63999938964844,197.80999755859375,7463400
2022-03-03,197.94000244140625,198.5,188.7100067138672,188.85000610351562,12424500
2022-03-04,187.3699951171875,188.32000732421875,178.97000122070312,180.83999633789062,13084000
2022-03-07,181.02999877929688,182.72000122070312,169.05999755859375,169.1699981689453,12847500
2022-03-08,169.72999572753906,180.82000732421875,167.5800018310547,173.8000030517578,13715500
2022-03-09,179.8000030517578,182.8699951171875,177.41000366210938,178.55999755859375,10062100
2022-03-10,175.75999450683594,182.02000427246094,175.38999938964844,178.38999938964844,8364100
2022-03-11,183.58999633789062,184.86000061035156,175.9499969482422,176.22999572753906,9373600
2022-03-14,175.8800048828125,178.22999572753906,172.57000732421875,175.52000427246094,8138900
2022-03-15,176.3000030517578,180.5,175.60000610351562,179.88999938964844,8051500
2022-03-16,183.38999938964844,189.60000610351562,182.3000030517578,188.99000549316406,12077500
2022-03-17,186.36000061035156,190.24000549316406,185.27000427246094,190.19000244140625,8126600
2022-03-18,192.07000732421875,193.3800048828125,190.10000610351562,192.8300018310547,12849600
2022-03-21,184.39999389648438,187.27000427246094,180.61000061035156,185.89999389648438,27369600
2022-03-22,185.24000549316406,192.86000061035156,184.52000427246094,191.0399932861328,14378500
2022-03-23,189.6699981689453,190.16000366210938,185.02999877929688,186.0399932861328,8297800
2022-03-24,186.35000610351562,189.19000244140625,184.72000122070312,189.0500030517578,7094400
2022-03-25,187.75999450683594,191.6999969482422,186.92999267578125,188.9499969482422,6365600
2022-03-28,188.42999267578125,189.25999450683594,184.47000122070312,188.16000366210938,6904100
2022-03-29,191.6199951171875,196.36000061035156,191.1999969482422,193.8000030517578,8438700
2022-03-30,192.32000732421875,197.4499969482422,191.36000061035156,194.91000366210938,9959300
2022-03-31,195.0,197.5800018310547,191.4499969482422,191.5,6447900
2022-04-01,192.5800018310547,192.6199951171875,188.77999877929688,190.75999450683594,4862100
2022-04-04,190.02000427246094,191.83999633789062,186.91000366210938,191.17999267578125,7792100
2022-04-05,189.6999969482422,192.35000610351562,182.52000427246094,182.64999389648438,9371600
2022-04-06,180.39999389648438,180.57000732421875,176.5800018310547,178.72000122070312,8173900
2022-04-07,178.1300048828125,178.66000366210938,173.8699951171875,177.97000122070312,7517800
2022-04-08,176.5399932861328,178.1300048828125,174.24000549316406,175.1999969482422,6524100
2022-04-11,173.83999633789062,179.6699981689453,173.39999389648438,175.02999877929688,6001100
2022-04-12,175.5,178.5,174.52999877929688,176.27999877929688,6125100
2022-04-13,176.9600067138672,183.4600067138672,176.9600067138672,182.8699951171875,7399900
2022-04-14,182.75,185.5399932861328,181.63999938964844,181.94000244140625,5144600
2022-04-18,181.4499969482422,182.4600067138672,178.5500030517578,179.85000610351562,5042600
2022-04-19,180.36000061035156,187.61000061035156,180.27999877929688,185.97999572753906,7485600
2022-04-20,187.24000549316406,187.33999633789062,182.86000061035156,183.5500030517578,6824300
2022-04-21,188.72999572753906,189.85000610351562,180.5500030517578,181.02000427246094,7446100
2022-04-22,180.77999877929688,182.6699981689453,176.5,176.9199981689453,6372400
2022-04-25,174.50999450683594,176.0800018310547,172.4499969482422,175.91000366210938,6293100
2022-04-26,174.75999450683594,174.8699951171875,166.85000610351562,167.0399932861328,9277300
2022-04-27,161.25,161.25,146.0,154.4600067138672,40371700
2022-04-28,156.61000061035156,156.7899932861328,149.0,154.22000122070312,13518800
2022-04-29,153.44000244140625,157.02999877929688,148.52000427246094,148.83999633789062,10880300
2022-05-02,148.02000427246094,149.4499969482422,143.3800048828125,148.61000061035156,12399200
2022-05-03,149.08999633789062,154.4499969482422,147.91000366210938,153.5800018310547,10149500
2022-05-04,152.91000366210938,157.13999938964844,150.77000427246094,156.97000122070312,9550600
2022-05-05,155.69000244140625,157.99000549316406,149.0500030517578,150.47000122070312,7950800
2022-05-06,149.9600067138672,150.89999389648438,145.85000610351562,148.89999389648438,7697900
2022-05-09,146.0,146.9499969482422,132.64999389648438,133.30999755859375,12593800
2022-05-10,136.75999450683594,137.83999633789062,130.3300018310547,132.9499969482422,11781400
2022-05-11,132.9499969482422,138.9600067138672,129.11000061035156,129.38999938964844,11388400
2022-05-12,126.88999938964844,128.52999877929688,120.27999877929688,123.13999938964844,15891300
2022-05-13,124.9800033569336,130.8000030517578,122.37999725341797,127.19999694824219,20891500
2022-05-16,127.05000305175781,131.1199951171875,122.3499984741211,124.05000305175781,10631600
2022-05-17,126.91000366210938,132.8300018310547,125.79000091552734,132.0500030517578,12154200
2022-05-18,130.33999633789062,132.10000610351562,124.36000061035156,125.5199966430664,9567600
2022-05-19,124.4000015258789,128.39999389648438,123.69999694824219,127.13999938964844,8075800
2022-05-20,128.77000427246094,128.85000610351562,117.08000183105469,120.69999694824219,18822200
2022-05-23,121.69999694824219,124.4800033569336,120.33999633789062,124.06999969482422,9341500
2022-05-24,122.44000244140625,122.69999694824219,117.29000091552734,119.4000015258789,9092400
2022-05-25,119.16999816894531,122.5999984741211,118.76000213623047,122.05999755859375,7707900
2022-05-26,123.0999984741211,128.83999633789062,122.73999786376953,127.7300033569336,8333900
2022-05-27,128.77000427246094,132.22999572753906,128.32000732421875,132.22999572753906,7261500
2022-05-31,131.02999877929688,132.99000549316406,128.86000061035156,131.39999389648438,7953700
2022-06-01,133.0,134.3300018310547,127.01000213623047,130.64999389648438,9991600
2022-06-02,132.13999938964844,140.5500030517578,131.8699951171875,140.5,12777000
2022-06-03,138.52000427246094,140.6999969482422,137.58999633789062,139.25,10091800
2022-06-06,139.99000549316406,141.13999938964844,136.8300018310547,139.24000549316406,6354800
2022-06-07,137.49000549316406,141.24000549316406,135.91000366210938,140.82000732421875,5436100
2022-06-08,139.1300048828125,142.2100067138672,138.44000244140625,139.6300048828125,5833700
2022-06-09,139.35000610351562,139.66000366210938,133.6999969482422,133.72999572753906,6010100
2022-06-10,130.27000427246094,132.19000244140625,126.8499984741211,127.0,7770700
2022-06-13,123.0,123.25,114.13999938964844,115.86000061035156,16778500
2022-06-14,116.6500015258789,122.19000244140625,113.0199966430664,122.16000366210938,17549800
2022-06-15,124.3499984741211,134.99000549316406,123.83000183105469,133.72000122070312,25997800
2022-06-16,131.6999969482422,135.33999633789062,131.25999450683594,133.36000061035156,19543600
2022-06-17,132.25,138.97999572753906,131.5,136.8000030517578,16042500
2022-06-21,139.1699981689453,140.94000244140625,135.83999633789062,136.75,10519900
2022-06-22,134.02999877929688,138.7899932861328,133.27999877929688,137.16000366210938,7713300
2022-06-23,136.4199981689453,137.4199981689453,130.08999633789062,133.97000122070312,10746900
2022-06-24,135.00999450683594,141.8699951171875,134.9499969482422,141.52999877929688,13626200
2022-06-27,140.27999877929688,140.57000732421875,136.22000122070312,138.72000122070312,8457400
2022-06-28,140.88999938964844,147.17999267578125,138.5399932861328,138.6999969482422,12125400
2022-06-29,138.61000061035156,138.9199981689453,134.83999633789062,138.4499969482422,7489200
2022-06-30,134.3000030517578,137.49000549316406,131.60000610351562,136.72000122070312,8455100
2022-07-01,135.8800048828125,141.7899932861328,135.39999389648438,139.83999633789062,7627100
2022-07-05,136.25,138.07000732421875,131.2899932861328,137.6999969482422,10065900
2022-07-06,137.5399932861328,138.7100067138672,134.4600067138672,136.30999755859375,6608000
2022-07-07,137.92999267578125,142.27999877929688,137.89999389648438,139.97000122070312,7674400
2022-07-08,139.6999969482422,140.74000549316406,137.3699951171875,139.07000732421875,5655500
2022-07-11,137.77000427246094,139.24000549316406,134.88999938964844,136.99000549316406,6176500
2022-07-12,136.86000061035156,149.32000732421875,136.80999755859375,147.14999389648438,18598200
2022-07-13,142.7899932861328,146.41000366210938,142.17999267578125,143.9499969482422,9038700
2022-07-14,141.11000061035156,147.49000549316406,140.61000061035156,147.14999389648438,9456100
2022-07-15,149.1699981689453,149.74000549316406,144.64999389648438,147.74000549316406,7910400
2022-07-18,153.30999755859375,155.94000244140625,147.1999969482422,147.72000122070312,13948500
2022-07-19,149.61000061035156,156.27999877929688,148.97000122070312,156.1300048828125,14183000
2022-07-20,156.0,159.39999389648438,154.25999450683594,158.3800048828125,8668600
2022-07-21,158.88999938964844,161.66000366210938,156.19000244140625,161.41000366210938,8044100
2022-07-22,161.8000030517578,163.33999633789062,157.77000427246094,158.16000366210938,7594900
2022-07-25,156.94000244140625,157.30999755859375,152.83999633789062,156.63999938964844,5764700
2022-07-26,155.24000549316406,158.17999267578125,154.5,155.9199981689453,6053100
2022-07-27,161.1199951171875,162.74000549316406,152.8000030517578,156.08999633789062,16356600
2022-07-28,154.02000427246094,160.10000610351562,153.02999877929688,159.08999633789062,8729100
2022-07-29,157.9499969482422,159.83999633789062,155.5399932861328,159.30999755859375,5743500
2022-08-01,165.9499969482422,171.75999450683594,164.25,169.07000732421875,18321600
2022-08-02,167.0,167.3300018310547,163.13999938964844,163.27999877929688,10874300
2022-08-03,164.50999450683594,167.52000427246094,162.3300018310547,166.63999938964844,6709100
2022-08-04,165.77000427246094,168.1199951171875,164.41000366210938,166.5,5039600
2022-08-05,164.39999389648438,167.07000732421875,163.92999267578125,165.0399932861328,4709100
2022-08-08,166.41000366210938,171.08999633789062,164.7100067138672,165.88999938964844,11293200
2022-08-09,166.50999450683594,166.50999450683594,163.4499969482422,164.85000610351562,6064800
2022-08-10,168.35000610351562,171.13999938964844,167.25,169.02000427246094,7181700
2022-08-11,170.5,171.75999450683594,167.0500030517578,167.8800048828125,4996800
2022-08-12,168.38999938964844,170.11000061035156,167.57000732421875,169.99000549316406,4345200
2022-08-15,169.2899932861328,172.5500030517578,168.32000732421875,170.47000122070312,4734700
2022-08-16,170.0,173.85000610351562,169.14999389648438,172.0800018310547,5259600
2022-08-17,169.61000061035156,169.85000610351562,166.08999633789062,167.1999969482422,6533500
2022-08-18,167.1999969482422,169.17999267578125,165.77000427246094,168.69000244140625,4404600
2022-08-19,166.3300018310547,166.83999633789062,162.5800018310547,162.9199981689453,5736100
2022-08-22,159.39999389648438,160.27000427246094,157.91000366210938,158.97999572753906,5312300
2022-08-23,159.13999938964844,161.69000244140625,159.0800018310547,160.07000732421875,3425200
2022-08-24,162.27000427246094,164.13999938964844,161.3800048828125,163.60000610351562,4211300
2022-08-25,164.55999755859375,169.64999389648438,163.6999969482422,169.3800048828125,4949400
2022-08-26,170.0,171.3699951171875,164.27000427246094,164.52999877929688,4957400
2022-08-29,162.27999877929688,166.89999389648438,162.1999969482422,165.4199981689453,4727600
2022-08-30,167.27000427246094,169.9199981689453,160.72000122070312,162.2100067138672,6248600
2022-08-31,163.0,163.5500030517578,160.13999938964844,160.25,4123500
2022-09-01,158.0,158.89999389648438,150.82000732421875,153.66000366210938,7652000
2022-09-02,155.19000244140625,156.99000549316406,151.47999572753906,151.82000732421875,5262800
2022-09-06,152.38999938964844,154.47999572753906,150.4600067138672,152.38999938964844,5210500
2022-09-07,151.25999450683594,156.35000610351562,150.8699951171875,155.9499969482422,5298600
2022-09-08,155.0,158.3000030517578,153.83999633789062,157.7899932861328,4949100
2022-09-09,158.0,159.75,156.9499969482422,157.52000427246094,5775800
2022-09-12,158.4600067138672,160.97000122070312,157.4499969482422,158.72000122070312,5363100
2022-09-13,153.60000610351562,155.19000244140625,147.1300048828125,147.30999755859375,8724900
2022-09-14,146.89999389648438,149.6999969482422,144.3000030517578,149.25999450683594,8478000
2022-09-15,147.8800048828125,153.4499969482422,147.27999877929688,149.77999877929688,9792800
2022-09-16,145.22999572753906,145.6300048828125,141.35000610351562,144.2899932861328,10310700
2022-09-19,142.6199951171875,146.99000549316406,142.35000610351562,144.8800048828125,5150700
2022-09-20,145.25999450683594,147.6699981689453,143.89999389648438,145.94000244140625,6737600
2022-09-21,146.77000427246094,149.8699951171875,143.2100067138672,143.2899932861328,6244300
2022-09-22,143.1300048828125,143.6999969482422,138.2899932861328,138.7100067138672,6311800
2022-09-23,135.64999389648438,136.19000244140625,129.5,131.25999450683594,8927900
2022-09-26,129.77000427246094,132.4499969482422,126.87999725341797,127.33999633789062,7095100
2022-09-27,129.32000732421875,130.4499969482422,125.5999984741211,127.51000213623047,6682300
2022-09-28,128.0399932861328,133.88999938964844,127.4000015258789,133.44000244140625,10257200
2022-09-29,131.1999969482422,131.61000061035156,123.80000305175781,125.33000183105469,8905400
2022-09-30,123.13999938964844,125.4800033569336,120.98999786376953,121.08000183105469,8383000
2022-10-03,122.0,127.1500015258789,121.0199966430664,126.05000305175781,7962400
2022-10-04,129.39999389648438,133.57000732421875,129.3300018310547,133.50999450683594,7235700
2022-10-05,130.27999877929688,133.5500030517578,128.25999450683594,132.11000061035156,6268300
2022-10-06,131.1300048828125,133.30999755859375,129.74000549316406,132.1999969482422,4454700
2022-10-07,130.36000061035156,130.61000061035156,128.02000427246094,129.7899932861328,5097400
2022-10-10,131.4199981689453,135.74000549316406,130.1999969482422,131.89999389648438,6829900
2022-10-11,132.9600067138672,135.36000061035156,129.50999450683594,131.57000732421875,8508400
2022-10-12,128.42999267578125,131.33999633789062,127.86000061035156,130.4199981689453,6393000
2022-10-13,126.5,134.6999969482422,124.16999816894531,132.39999389648438,7842300
2022-10-14,135.58999633789062,136.41000366210938,131.3699951171875,133.14999389648438,6093900
2022-10-17,136.97999572753906,137.27999877929688,133.25999450683594,136.08999633789062,9073500
2022-10-18,139.0,139.4199981689453,135.22000122070312,137.33999633789062,6146300
2022-10-19,137.1699981689453,141.1999969482422,136.6300048828125,138.38999938964844,6321900
2022-10-20,138.36000061035156,141.8800048828125,138.36000061035156,139.1300048828125,4331700
2022-10-21,138.47999572753906,141.3300018310547,136.6199951171875,141.32000732421875,5451300
2022-10-24,142.85000610351562,142.8800048828125,139.27999877929688,142.0500030517578,5177800
2022-10-25,142.08999633789062,146.8800048828125,141.8800048828125,146.64999389648438,6515600
2022-10-26,147.0500030517578,150.13999938964844,132.2100067138672,133.7899932861328,29406500
2022-10-27,137.10000610351562,143.10000610351562,136.6199951171875,139.75999450683594,13754900
2022-10-28,141.16000366210938,144.72999572753906,139.92999267578125,143.83999633789062,7941100
2022-10-31,141.8800048828125,144.4499969482422,139.52000427246094,142.50999450683594,6212200
2022-11-01,143.99000549316406,145.25,141.83999633789062,143.3800048828125,5758600
2022-11-02,142.1199951171875,153.58999633789062,141.5399932861328,147.41000366210938,20236100
2022-11-03,148.7899932861328,158.69000244140625,147.5,156.75,16212600
2022-11-04,156.66000366210938,160.97999572753906,154.5,160.00999450683594,9396200
2022-11-07,161.39999389648438,166.6999969482422,160.6300048828125,164.91000366210938,10220300
2022-11-08,166.0,170.5500030517578,164.91000366210938,169.6199951171875,11274500
2022-11-09,169.2899932861328,171.6199951171875,166.86000061035156,168.74000549316406,8893800
2022-11-10,172.13999938964844,179.32000732421875,171.75,177.5800018310547,12375000
2022-11-11,176.39999389648438,178.02999877929688,172.99000549316406,177.49000549316406,8894300
2022-11-14,176.5,178.19000244140625,173.5,173.5500030517578,5598300
2022-11-15,175.49000549316406,176.69000244140625,172.75,175.35000610351562,7207900
2022-11-16,174.11000061035156,174.7899932861328,171.85000610351562,172.69000244140625,4438600
2022-11-17,169.3000030517578,173.14999389648438,168.52000427246094,172.77999877929688,4878600
2022-11-18,173.97999572753906,175.19000244140625,171.52999877929688,173.88999938964844,4693200
2022-11-21,172.52999877929688,174.72000122070312,171.1199951171875,172.94000244140625,3501800
2022-11-22,173.64999389648438,174.99000549316406,171.0,172.5,4370600
2022-11-23,172.08999633789062,175.0,171.77000427246094,174.85000610351562,3523500
2022-11-25,174.35000610351562,178.4600067138672,174.02999877929688,178.36000061035156,3476900
2022-11-28,176.1699981689453,177.13999938964844,171.6999969482422,171.8300018310547,5355500
2022-11-29,172.8800048828125,175.9499969482422,172.55999755859375,175.32000732421875,5077800
2022-11-30,178.0,179.97999572753906,174.1999969482422,178.8800048828125,6778700
2022-12-01,178.8800048828125,179.6999969482422,174.69000244140625,175.77999877929688,4517500
2022-12-02,173.1199951171875,183.4499969482422,172.85000610351562,182.8699951171875,10563800
2022-12-05,182.0,188.4499969482422,180.8000030517578,185.10000610351562,10456300
2022-12-06,184.00999450683594,184.7899932861328,177.00999450683594,178.42999267578125,8236900
2022-12-07,176.27999877929688,178.42999267578125,174.6199951171875,176.5,5871200
2022-12-08,179.32000732421875,184.8800048828125,178.61000061035156,179.0800018310547,6707700
2022-12-09,180.75,183.88999938964844,179.25,179.5399932861328,6359000
2022-12-12,180.8000030517578,186.69000244140625,180.5,186.27000427246094,8098400
2022-12-13,191.11000061035156,191.11000061035156,184.85000610351562,187.1300048828125,10975300
2022-12-14,187.3300018310547,189.6699981689453,185.41000366210938,188.25,5814900
2022-12-15,186.25,187.97999572753906,181.27999877929688,183.72000122070312,5343200
2022-12-16,182.7899932861328,186.61000061035156,181.3000030517578,184.6999969482422,7906800
2022-12-19,184.9199981689453,188.0399932861328,184.7100067138672,185.67999267578125,6605400
2022-12-20,186.17999267578125,189.91000366210938,185.74000549316406,188.2899932861328,6156800
2022-12-21,190.0399932861328,196.39999389648438,189.72000122070312,196.0,9175400
2022-12-22,193.82000732421875,194.1699981689453,185.6699981689453,188.25,6924800
2022-12-23,188.25,189.42999267578125,184.72000122070312,189.05999755859375,3983600
2022-12-27,189.5800018310547,192.44000244140625,187.6199951171875,189.39999389648438,5014800
2022-12-28,189.32000732421875,191.32000732421875,187.42999267578125,188.3800048828125,4426300
2022-12-29,189.0,190.25,186.19000244140625,188.91000366210938,4518900
2022-12-30,187.5,190.64999389648438,187.0399932861328,190.49000549316406,4007400
2023-01-03,192.9499969482422,197.17999267578125,192.39999389648438,195.38999938964844,8624600
2023-01-04,195.17999267578125,203.75999450683594,195.17999267578125,203.63999938964844,9746900
2023-01-05,201.72000122070312,204.99000549316406,200.77999877929688,204.99000549316406,6913300
2023-01-06,205.3000030517578,213.0399932861328,203.5500030517578,213.0,11256400
2023-01-09,212.36000061035156,213.8800048828125,207.91000366210938,208.57000732421875,9005600
2023-01-10,203.89999389648438,209.60000610351562,203.4600067138672,206.69000244140625,8183200
2023-01-11,209.8699951171875,210.47000122070312,206.69000244140625,208.02999877929688,7190700
2023-01-12,209.5800018310547,214.9199981689453,207.3699951171875,214.32000732421875,8208100
2023-01-13,212.0,216.63999938964844,211.5800018310547,214.1300048828125,6213200
2023-01-17,212.7100067138672,213.33999633789062,209.07000732421875,211.41000366210938,6150700
2023-01-18,212.89999389648438,213.4199981689453,209.1999969482422,209.41000366210938,5403100
2023-01-19,206.77000427246094,209.6699981689453,204.82000732421875,207.08999633789062,5813500
2023-01-20,207.47000122070312,207.99000549316406,204.77999877929688,206.75999450683594,5475400
2023-01-23,208.36000061035156,211.08999633789062,206.99000549316406,209.97000122070312,5481900
2023-01-24,205.0,212.14999389648438,205.0,211.97999572753906,4753700
2023-01-25,205.8000030517578,214.75,203.11000061035156,212.67999267578125,16106500
2023-01-26,213.47999572753906,213.7899932861328,207.1999969482422,212.72999572753906,7288100
2023-01-27,211.32000732421875,212.8800048828125,209.4199981689453,211.1699981689453,5237900
2023-01-30,209.19000244140625,211.36000061035156,207.7100067138672,209.6699981689453,6066800
2023-01-31,210.14999389648438,213.11000061035156,208.24000549316406,213.0,5163000
2023-02-01,212.11000061035156,218.97000122070312,211.89999389648438,214.75,8462100
2023-02-02,215.14999389648438,215.2899932861328,208.3000030517578,209.33999633789062,6513400
2023-02-03,207.7100067138672,210.75,205.6199951171875,206.00999450683594,5400300
2023-02-06,205.19000244140625,208.2100067138672,203.69000244140625,206.80999755859375,3903000
2023-02-07,208.0399932861328,215.14999389648438,206.9199981689453,214.75999450683594,7311200
2023-02-08,213.07000732421875,215.77000427246094,211.77999877929688,213.5,4229800
2023-02-09,214.4600067138672,215.4499969482422,210.05999755859375,211.99000549316406,5018900
2023-02-10,212.00999450683594,214.5,210.5,212.88999938964844,4862900
2023-02-13,213.60000610351562,216.36000061035156,211.5,215.64999389648438,5193300
2023-02-14,214.02000427246094,221.3300018310547,213.14999389648438,218.4499969482422,10033100
2023-02-15,217.16000366210938,218.25,214.60000610351562,217.44000244140625,4846800
2023-02-16,215.0,216.52000427246094,212.1699981689453,212.2100067138672,4388000
2023-02-17,211.2100067138672,211.75999450683594,207.6199951171875,211.66000366210938,4985700
2023-02-21,208.99000549316406,210.83999633789062,205.0500030517578,205.52000427246094,4663800
2023-02-22,205.30999755859375,207.6699981689453,204.64999389648438,205.75999450683594,2920000
2023-02-23,207.4499969482422,209.69000244140625,205.75999450683594,208.1300048828125,4139400
2023-02-24,200.0,201.6999969482422,197.36000061035156,198.14999389648438,9658700
2023-02-27,199.8699951171875,203.1300048828125,199.05999755859375,200.4600067138672,4318900
2023-02-28,201.0,202.3800048828125,199.32000732421875,201.5500030517578,3589900
2023-03-01,201.47000122070312,205.44000244140625,200.85000610351562,204.5500030517578,4402300
2023-03-02,203.77999877929688,210.3300018310547,203.14999389648438,210.05999755859375,5451500
2023-03-03,210.25,216.1199951171875,209.39999389648438,215.11000061035156,7496800
2023-03-06,214.1199951171875,214.75,209.60000610351562,211.9199981689453,7004400
2023-03-07,211.30999755859375,213.17999267578125,207.77999877929688,207.9199981689453,4619700
2023-03-08,208.25,208.8800048828125,205.94000244140625,207.1999969482422,2406900
2023-03-09,208.32000732421875,209.02000427246094,200.3000030517578,201.24000549316406,4284000
2023-03-10,201.42999267578125,205.0,197.7899932861328,203.07000732421875,8547100
2023-03-13,200.1999969482422,207.0800018310547,197.11000061035156,203.3699951171875,6671200
2023-03-14,207.52999877929688,213.55999755859375,205.0,207.27999877929688,8245700
2023-03-15,201.9199981689453,202.2100067138672,192.41000366210938,198.2100067138672,10894200
2023-03-16,196.2100067138672,203.91000366210938,194.42999267578125,203.19000244140625,6747300
2023-03-17,201.35000610351562,202.8300018310547,199.0,201.0500030517578,9858900
2023-03-20,201.1199951171875,205.8699951171875,200.8699951171875,204.77000427246094,4764000
2023-03-21,207.3000030517578,207.86000061035156,203.88999938964844,204.6999969482422,4673300
2023-03-22,203.67999267578125,203.8300018310547,196.00999450683594,196.16000366210938,7311600
2023-03-23,197.89999389648438,201.5,195.13999938964844,197.89999389648438,6266900
2023-03-24,195.5,197.57000732421875,193.9199981689453,197.52999877929688,4511600
2023-03-27,198.6300048828125,201.5500030517578,198.6300048828125,200.57000732421875,3891700
2023-03-28,200.82000732421875,206.3000030517578,200.49000549316406,204.9600067138672,5460600
2023-03-29,206.5,208.64999389648438,205.8800048828125,207.97000122070312,3572200
2023-03-30,208.97000122070312,212.8699951171875,206.52000427246094,211.0399932861328,6583400
2023-03-31,211.75,214.8000030517578,211.38999938964844,212.42999267578125,5147500
2023-04-03,212.8000030517578,218.57000732421875,212.52999877929688,215.38999938964844,6085900
2023-04-04,212.0,213.99000549316406,209.1199951171875,213.89999389648438,6192300
2023-04-05,212.22999572753906,214.22999572753906,208.6699981689453,210.0,4138400
2023-04-06,210.0,212.3699951171875,208.22000122070312,211.3699951171875,5618100
2023-04-10,211.0,214.10000610351562,209.72999572753906,210.77999877929688,3729300
2023-04-11,213.2899932861328,214.5,211.86000061035156,212.32000732421875,5277500
2023-04-12,213.66000366210938,214.3000030517578,210.1300048828125,212.33999633789062,4600300
2023-04-13,213.0,213.67999267578125,211.5,213.58999633789062,4501600
2023-04-14,202.58999633789062,204.27999877929688,198.14999389648438,201.7100067138672,19066500
2023-04-17,202.0,206.10000610351562,200.8000030517578,205.02999877929688,6306800
2023-04-18,205.5,208.94000244140625,203.72000122070312,208.3699951171875,7445800
2023-04-19,207.1199951171875,210.8699951171875,206.94000244140625,208.7100067138672,4757400
2023-04-20,207.4199981689453,209.8800048828125,206.0800018310547,207.22999572753906,3322900
2023-04-21,208.0,208.3800048828125,204.17999267578125,205.14999389648438,3432300
2023-04-24,204.8699951171875,206.5,203.25,205.77000427246094,3058900
2023-04-25,204.5399932861328,204.94000244140625,201.1199951171875,202.19000244140625,4699500
2023-04-26,208.25,211.6999969482422,202.67999267578125,203.02999877929688,9137200
2023-04-27,204.64999389648438,209.08999633789062,203.52999877929688,206.0399932861328,5105200
2023-04-28,204.50999450683594,206.9499969482422,202.89999389648438,206.77999877929688,3716100
2023-05-01,206.25,208.52000427246094,203.6199951171875,203.8699951171875,3776800
2023-05-02,203.0,204.19000244140625,200.08999633789062,203.25,3970800
2023-05-03,204.36000061035156,206.10000610351562,200.5500030517578,200.92999267578125,4537900
2023-05-04,200.64999389648438,201.25,193.27000427246094,197.0500030517578,6934100
2023-05-05,198.08999633789062,199.0399932861328,196.75999450683594,198.33999633789062,3872200
2023-05-08,199.16000366210938,199.66000366210938,196.39999389648438,197.25999450683594,4677400
2023-05-09,201.2100067138672,204.61000061035156,198.77999877929688,201.8800048828125,9329500
2023-05-10,203.13999938964844,203.1999969482422,198.25,200.83999633789062,3923700
2023-05-11,199.38999938964844,202.5500030517578,198.07000732421875,201.83999633789062,3322000
2023-05-12,201.83999633789062,203.11000061035156,198.82000732421875,200.6999969482422,3169800
2023-05-15,200.00999450683594,203.32000732421875,198.64999389648438,202.77000427246094,2842700
2023-05-16,201.82000732421875,202.36000061035156,199.94000244140625,200.8699951171875,3012100
2023-05-17,202.7100067138672,208.5800018310547,202.7100067138672,206.8699951171875,6641900
2023-05-18,206.4499969482422,208.1699981689453,204.00999450683594,207.24000549316406,4349700
2023-05-19,208.11000061035156,208.3699951171875,204.6300048828125,205.49000549316406,3896200
2023-05-22,205.50999450683594,206.97999572753906,203.89999389648438,205.91000366210938,3094300
2023-05-23,204.5800018310547,207.49000549316406,202.4499969482422,202.60000610351562,4011100
2023-05-24,201.32000732421875,201.32000732421875,197.5,199.27000427246094,4371600
2023-05-25,199.99000549316406,201.75,196.60000610351562,200.8699951171875,3909200
2023-05-26,201.60000610351562,204.8000030517578,201.17999267578125,203.6300048828125,3820300
2023-05-30,204.08999633789062,207.8000030517578,203.30999755859375,204.69000244140625,3978200
2023-05-31,203.5,206.19000244140625,200.91000366210938,205.6999969482422,5461600
2023-06-01,206.4600067138672,210.22999572753906,206.0,207.9600067138672,5125100
2023-06-02,210.0,215.24000549316406,210.0,213.32000732421875,7486300
2023-06-05,213.27999877929688,213.27999877929688,207.5,208.77999877929688,4996800
2023-06-06,208.3699951171875,211.67999267578125,200.61000061035156,207.2899932861328,10957200
2023-06-07,207.99000549316406,212.3800048828125,207.1999969482422,211.92999267578125,6462400
2023-06-08,212.33999633789062,220.0,212.0500030517578,218.11000061035156,9359300
2023-06-09,217.99000549316406,219.16000366210938,215.69000244140625,217.30999755859375,5297800
2023-06-12,217.16000366210938,223.91000366210938,216.6300048828125,221.55999755859375,8065400
2023-06-13,222.35000610351562,223.1199951171875,219.35000610351562,220.3800048828125,5881000
2023-06-14,221.39999389648438,221.58999633789062,216.02999877929688,216.89999389648438,5629100
2023-06-15,217.1699981689453,220.61000061035156,215.30999755859375,219.41000366210938,5001400
2023-06-16,220.72000122070312,223.8699951171875,218.97999572753906,219.99000549316406,7803900
2023-06-20,218.88999938964844,219.2899932861328,211.8800048828125,212.3699951171875,8226400
2023-06-21,211.8300018310547,212.99000549316406,209.38999938964844,212.0800018310547,5356400
2023-06-22,205.61000061035156,208.5,203.64999389648438,205.61000061035156,7057500
2023-06-23,204.02000427246094,205.61000061035156,202.5500030517578,205.41000366210938,6338200
2023-06-26,206.11000061035156,207.08999633789062,204.66000366210938,205.5800018310547,3444900
2023-06-27,206.14999389648438,209.66000366210938,206.0800018310547,209.42999267578125,4465500
2023-06-28,211.2100067138672,212.19000244140625,209.4499969482422,210.72000122070312,4276100
2023-06-29,211.1199951171875,213.22000122070312,210.22999572753906,211.8300018310547,3443600
2023-06-30,213.13999938964844,213.24000549316406,209.3800048828125,211.16000366210938,5488700
2023-07-03,210.5,212.1699981689453,210.24000549316406,210.9199981689453,2143000
2023-07-05,210.0,214.27999877929688,207.88999938964844,213.30999755859375,4921000
2023-07-06,212.47999572753906,213.61000061035156,209.5800018310547,212.6199951171875,4674700
2023-07-07,212.94000244140625,215.66000366210938,211.8300018310547,212.10000610351562,4893600
2023-07-10,211.83999633789062,213.58999633789062,211.22000122070312,213.30999755859375,3497100
2023-07-11,212.9199981689453,218.97999572753906,211.35000610351562,218.75999450683594,7451400
2023-07-12,219.50999450683594,221.55999755859375,216.9199981689453,217.11000061035156,5123200
2023-07-13,218.1300048828125,218.89999389648438,216.3000030517578,216.85000610351562,4291700
2023-07-14,217.0,217.02000427246094,212.80999755859375,213.1199951171875,4294800
2023-07-17,212.5,214.22999572753906,211.74000549316406,211.8699951171875,3621500
2023-07-18,211.0,213.0399932861328,209.57000732421875,211.57000732421875,5895800
2023-07-19,211.1199951171875,211.8699951171875,208.24000549316406,208.60000610351562,4814100
2023-07-20,208.8300018310547,215.10000610351562,208.8000030517578,213.61000061035156,5782200
2023-07-21,213.88999938964844,215.60000610351562,211.63999938964844,211.8000030517578,4056800
2023-07-24,212.05999755859375,215.94000244140625,211.4600067138672,215.8699951171875,4898300
2023-07-25,214.1999969482422,214.82000732421875,210.80999755859375,214.1199951171875,6513300
2023-07-26,222.16000366210938,233.08999633789062,221.77000427246094,232.8000030517578,24923800
2023-07-27,235.25,238.6699981689453,231.8300018310547,233.75,12018300
2023-07-28,236.1199951171875,240.1300048828125,235.6999969482422,238.69000244140625,7054600
2023-07-31,238.99000549316406,239.07000732421875,236.2100067138672,238.85000610351562,4894900
2023-08-01,237.5500030517578,243.10000610351562,237.30999755859375,238.00999450683594,4975200
2023-08-02,234.99000549316406,236.67999267578125,230.69000244140625,231.3800048828125,5326700
2023-08-03,231.0,233.5800018310547,230.39999389648438,231.36000061035156,3282900
2023-08-04,232.2899932861328,234.91000366210938,230.0800018310547,231.36000061035156,3500700
2023-08-07,232.74000549316406,238.97999572753906,232.74000549316406,238.25,6068000
2023-08-08,236.52000427246094,240.72999572753906,236.0,238.0399932861328,5149200
2023-08-09,238.5399932861328,241.24000549316406,236.41000366210938,237.86000061035156,4044400
2023-08-10,238.4499969482422,241.5800018310547,237.0399932861328,238.25999450683594,3710800
2023-08-11,237.61000061035156,238.25999450683594,235.1199951171875,235.72000122070312,2652100
2023-08-14,237.0,238.64999389648438,235.75,236.7100067138672,2486300
2023-08-15,235.0,235.55999755859375,231.5399932861328,232.25999450683594,3201900
2023-08-16,231.5,234.6699981689453,229.60000610351562,229.9499969482422,2273300
2023-08-17,230.57000732421875,231.63999938964844,224.25999450683594,224.5399932861328,4359400
2023-08-18,222.22999572753906,226.7899932861328,221.67999267578125,226.64999389648438,3583200
2023-08-21,226.8000030517578,227.69000244140625,225.10000610351562,227.22000122070312,2734600
2023-08-22,228.0800018310547,230.47999572753906,226.92999267578125,230.07000732421875,3011000
2023-08-23,230.0,230.5399932861328,227.11000061035156,228.5800018310547,3004500
2023-08-24,222.50999450683594,224.1999969482422,217.08999633789062,217.30999755859375,9132600
2023-08-25,218.41000366210938,223.77000427246094,212.8800048828125,223.41000366210938,12352300
2023-08-28,224.2100067138672,227.4499969482422,223.2899932861328,227.05999755859375,4641800
2023-08-29,225.8800048828125,229.39999389648438,225.66000366210938,227.25,3716700
2023-08-30,227.0800018310547,231.1699981689453,226.64999389648438,228.85000610351562,3328300
2023-08-31,229.3300018310547,230.42999267578125,222.92999267578125,224.02999877929688,6953800
2023-09-01,226.0,226.22999572753906,221.9499969482422,223.39999389648438,3658400
2023-09-05,223.10000610351562,224.08999633789062,221.1999969482422,222.57000732421875,3246500
2023-09-06,221.77000427246094,222.7899932861328,216.4199981689453,217.9499969482422,4233500
2023-09-07,217.5,220.5500030517578,214.86000061035156,216.0500030517578,4929600
2023-09-08,215.8300018310547,216.0,210.50999450683594,211.27000427246094,5752000
2023-09-11,213.75999450683594,214.1999969482422,208.77000427246094,211.00999450683594,4522300
2023-09-12,209.35000610351562,212.25999450683594,208.5800018310547,210.64999389648438,3256500
2023-09-13,210.0,212.17999267578125,207.75,208.39999389648438,3538100
2023-09-14,209.13999938964844,210.44000244140625,208.10000610351562,209.0500030517578,3974800
2023-09-15,209.27999877929688,209.8300018310547,206.8800048828125,208.11000061035156,4670600
2023-09-18,207.91000366210938,207.91000366210938,204.97999572753906,205.1199951171875,4299200
2023-09-19,205.39999389648438,205.66000366210938,202.38999938964844,204.47999572753906,4039900
2023-09-20,205.8699951171875,206.25,202.30999755859375,202.3699951171875,3738800
2023-09-21,201.0,203.60000610351562,199.7100067138672,199.9499969482422,4745700
2023-09-22,199.9600067138672,200.74000549316406,197.13999938964844,197.7100067138672,4450900
2023-09-25,196.83999633789062,198.97999572753906,195.19000244140625,198.77999877929688,3527100
2023-09-26,197.7899932861328,199.38999938964844,195.4199981689453,195.63999938964844,3666300
2023-09-27,196.00999450683594,196.39999389648438,192.77000427246094,195.4600067138672,4015500
2023-09-28,193.6999969482422,195.25999450683594,190.02999877929688,190.42999267578125,8009500
2023-09-29,191.9199981689453,192.9499969482422,190.1699981689453,191.67999267578125,5158400
2023-10-02,191.47000122070312,192.44000244140625,186.92999267578125,187.8300018310547,5244700
2023-10-03,188.6300048828125,192.49000549316406,188.1999969482422,188.9199981689453,7285500
2023-10-04,188.85000610351562,190.6300048828125,184.33999633789062,186.72999572753906,7419800
2023-10-05,186.16000366210938,188.10000610351562,184.13999938964844,186.2899932861328,4331700
2023-10-06,185.3699951171875,188.63999938964844,182.5500030517578,187.3800048828125,5364300
2023-10-09,188.0,189.49000549316406,185.67999267578125,188.49000549316406,4575800
2023-10-10,190.00999450683594,194.3000030517578,188.75999450683594,193.52999877929688,8062400
2023-10-11,195.47000122070312,199.6199951171875,194.27000427246094,196.07000732421875,7394000
2023-10-12,195.10000610351562,195.6999969482422,189.9600067138672,191.3000030517578,5668300
2023-10-13,186.27000427246094,187.2899932861328,183.17999267578125,184.91000366210938,8215700
2023-10-16,185.91000366210938,186.22999572753906,182.5,184.92999267578125,4701000
2023-10-17,183.75,188.3300018310547,183.3000030517578,185.60000610351562,5121800
2023-10-18,187.22000122070312,190.25,185.0500030517578,185.69000244140625,6268100
2023-10-19,185.5,187.0500030517578,182.5399932861328,182.7899932861328,4043700
2023-10-20,182.67999267578125,183.38999938964844,179.85000610351562,180.0399932861328,4523500
2023-10-23,179.44000244140625,183.72000122070312,178.42999267578125,181.02999877929688,4146200
2023-10-24,183.2100067138672,184.35000610351562,181.8000030517578,182.36000061035156,4652900
2023-10-25,186.0,187.0,176.25,177.72999572753906,13806400
2023-10-26,177.11000061035156,182.9499969482422,176.52999877929688,179.08999633789062,6961800
2023-10-27,180.0,182.3300018310547,179.00999450683594,179.69000244140625,4606300
2023-10-30,179.4199981689453,184.16000366210938,179.4199981689453,182.35000610351562,5507100
2023-10-31,183.3800048828125,187.2899932861328,181.32000732421875,186.82000732421875,5043000
2023-11-01,189.69000244140625,190.77999877929688,187.5,189.3800048828125,5832200
2023-11-02,190.89999389648438,192.94000244140625,190.33999633789062,192.00999450683594,4313000
2023-11-03,194.0,197.13999938964844,193.7100067138672,195.0500030517578,4485100
2023-11-06,195.8800048828125,196.14999389648438,192.4600067138672,192.9499969482422,4222200
2023-11-07,192.1699981689453,192.1699981689453,189.57000732421875,191.41000366210938,4012900
2023-11-08,191.4499969482422,192.44000244140625,190.13999938964844,191.8300018310547,2984200
2023-11-09,193.02999877929688,197.07000732421875,192.55999755859375,193.3300018310547,4576300
2023-11-10,195.0,197.25999450683594,194.2100067138672,196.64999389648438,4788500
2023-11-13,203.49000549316406,206.85000610351562,202.50999450683594,204.5399932861328,13040300
2023-11-14,207.25,208.55999755859375,205.97999572753906,207.47000122070312,7280100
2023-11-15,208.2100067138672,211.08999633789062,207.60000610351562,208.7100067138672,5205900
2023-11-16,207.5,207.88999938964844,204.80999755859375,206.60000610351562,4655100
2023-11-17,208.36000061035156,209.4199981689453,206.82000732421875,208.0399932861328,3564600
2023-11-20,211.00999450683594,218.8800048828125,210.94000244140625,217.7100067138672,11568100
2023-11-21,216.5,219.3800048828125,216.07000732421875,218.27000427246094,5362100
2023-11-22,218.0,221.5,217.6999969482422,219.91000366210938,5384400
2023-11-24,220.61000061035156,221.58999633789062,218.9600067138672,220.0,2312100
2023-11-27,218.80999755859375,219.52999877929688,217.66000366210938,219.3000030517578,3691200
2023-11-28,222.00999450683594,224.8000030517578,219.41000366210938,222.3699951171875,7817800
2023-11-29,223.35000610351562,224.99000549316406,221.33999633789062,224.42999267578125,5424400
2023-11-30,225.0,233.0,225.0,231.6300048828125,8736200
2023-12-01,231.77000427246094,235.3800048828125,231.3800048828125,233.8699951171875,6956200
2023-12-04,231.3000030517578,234.94000244140625,230.07000732421875,234.8699951171875,5228500
2023-12-05,233.5399932861328,234.74000549316406,231.49000549316406,234.16000366210938,3589800
2023-12-06,234.77999877929688,239.22999572753906,234.42999267578125,236.88999938964844,4740600
2023-12-07,236.89999389648438,238.3000030517578,230.0,237.3300018310547,6363700
2023-12-08,237.32000732421875,244.6999969482422,237.32000732421875,244.6999969482422,7171200
2023-12-11,243.5,248.0800018310547,243.30999755859375,248.0800018310547,7545000
2023-12-12,247.9499969482422,250.57000732421875,247.39999389648438,248.6300048828125,5719200
2023-12-13,249.10000610351562,251.8699951171875,247.52999877929688,250.91000366210938,5513400
2023-12-14,250.91000366210938,257.1199951171875,249.25999450683594,256.239990234375,7883600
2023-12-15,255.6999969482422,265.5199890136719,255.6999969482422,264.2699890136719,14995900
2023-12-18,260.6300048828125,263.1300048828125,260.25,260.4100036621094,6140100
2023-12-19,261.0400085449219,265.3399963378906,260.79998779296875,263.510009765625,6089500
2023-12-20,262.25,266.1300048828125,260.1499938964844,260.25,5151700
2023-12-21,265.95001220703125,267.5400085449219,260.19000244140625,262.0199890136719,6487200
2023-12-22,261.8299865722656,262.8399963378906,259.20001220703125,260.44000244140625,4434000
2023-12-26,259.79998779296875,263.760009765625,259.5400085449219,262.7900085449219,3938600
2023-12-27,262.6300048828125,264.6600036621094,260.8999938964844,262.1000061035156,3484900
2023-12-28,261.5299987792969,262.1000061035156,257.67999267578125,260.3500061035156,5096400
2023-12-29,260.6700134277344,262.2200012207031,259.55999755859375,260.6600036621094,3686600
2024-01-02,257.2799987792969,258.5899963378906,250.8699951171875,251.75999450683594,5815200
2024-01-03,248.32000732421875,250.1300048828125,243.0,243.91000366210938,7219900
2024-01-04,244.5800018310547,248.27999877929688,244.17999267578125,244.94000244140625,5170700
2024-01-05,245.0399932861328,250.19000244140625,245.0399932861328,249.0,3849700
2024-01-08,228.0,233.85000610351562,225.7899932861328,229.0,40730400
2024-01-09,225.66000366210938,228.7899932861328,223.1999969482422,225.75999450683594,20687500
2024-01-10,226.89999389648438,231.61000061035156,226.63999938964844,227.83999633789062,12883700
2024-01-11,228.07000732421875,228.27999877929688,222.6199951171875,222.66000366210938,11830500
2024-01-12,219.97000122070312,222.07000732421875,217.0399932861328,217.6999969482422,11285500
2024-01-16,210.07000732421875,210.97999572753906,199.5,200.52000427246094,35290000
2024-01-17,202.6300048828125,206.3000030517578,201.64999389648438,203.05999755859375,20140100
2024-01-18,205.63999938964844,213.0399932861328,203.32000732421875,211.61000061035156,20046800
2024-01-19,210.88999938964844,215.16000366210938,209.22999572753906,215.02000427246094,14345400
2024-01-22,213.07000732421875,217.0,212.36000061035156,214.92999267578125,10760800
2024-01-23,215.35000610351562,216.85000610351562,211.1300048828125,211.5,9076900
2024-01-24,209.8300018310547,217.58999633789062,209.36000061035156,214.1300048828125,15119100
2024-01-25,208.1999969482422,208.72999572753906,198.32000732421875,201.8800048828125,22112500
2024-01-26,203.0800018310547,206.75,203.0,205.47000122070312,9911200
2024-01-29,206.05999755859375,207.0399932861328,203.85000610351562,205.19000244140625,7535400
2024-01-30,203.64999389648438,203.97999572753906,199.13999938964844,200.44000244140625,13321200
2024-01-31,204.9199981689453,213.77000427246094,203.25,211.0399932861328,22409400
2024-02-01,213.83999633789062,214.6300048828125,206.80999755859375,209.80999755859375,10679200
2024-02-02,209.05999755859375,209.5399932861328,206.35000610351562,209.3800048828125,6275300
2024-02-05,204.63999938964844,207.33999633789062,202.0,206.6300048828125,8682500
2024-02-06,206.02000427246094,210.63999938964844,203.88999938964844,208.5800018310547,7556900
2024-02-07,208.75999450683594,213.77000427246094,207.99000549316406,211.9199981689453,7747700
2024-02-08,212.39999389648438,213.10000610351562,208.72000122070312,209.22000122070312,5787700
2024-02-09,209.77000427246094,211.44000244140625,207.89999389648438,209.1999969482422,4349700
2024-02-12,208.6999969482422,209.8000030517578,207.60000610351562,209.3300018310547,4077400
2024-02-13,206.89999389648438,207.80999755859375,202.3300018310547,204.4600067138672,8263600
2024-02-14,205.9499969482422,206.5800018310547,202.2100067138672,203.3800048828125,6503000
2024-02-15,204.1199951171875,206.5500030517578,203.39999389648438,205.3300018310547,5309100
2024-02-16,204.8800048828125,205.0500030517578,202.80999755859375,203.88999938964844,5986500
2024-02-20,203.5500030517578,205.5800018310547,202.7100067138672,203.3699951171875,5248400
2024-02-21,202.89999389648438,203.6300048828125,201.2100067138672,201.57000732421875,4171600
2024-02-22,202.0,204.10000610351562,200.39999389648438,201.5,6513500
2024-02-23,200.99000549316406,202.07000732421875,197.14999389648438,200.8300018310547,7433400
2024-02-26,201.00999450683594,202.75,200.0,200.5399932861328,4807200
2024-02-27,200.92999267578125,202.0,200.0399932861328,201.39999389648438,3932900
2024-02-28,201.13999938964844,208.10000610351562,200.17999267578125,207.0,9654700
2024-02-29,206.44000244140625,206.6199951171875,202.6999969482422,203.72000122070312,6670300
2024-03-01,204.0,205.05999755859375,199.00999450683594,200.0,11609500
2024-03-04,199.5,201.5399932861328,196.9199981689453,200.5399932861328,7213900
2024-03-05,199.49000549316406,202.85000610351562,198.6999969482422,201.13999938964844,5034700
2024-03-06,201.77000427246094,202.35000610351562,199.86000061035156,201.0,4736600
2024-03-07,200.6999969482422,203.72999572753906,200.57000732421875,203.02999877929688,5965300
2024-03-08,201.83999633789062,203.8000030517578,198.4600067138672,198.49000549316406,9010200
2024-03-11,194.2100067138672,196.07000732421875,189.8000030517578,192.49000549316406,14160600
2024-03-12,188.24000549316406,188.5800018310547,183.16000366210938,184.24000549316406,18714800
2024-03-13,183.16000366210938,185.97000122070312,182.0800018310547,182.35000610351562,10196100
2024-03-14,182.0,184.94000244140625,180.52000427246094,181.14999389648438,10016200
2024-03-15,180.99000549316406,184.17999267578125,180.91000366210938,182.52999877929688,10800700
2024-03-18,180.25999450683594,181.19000244140625,177.52000427246094,179.83999633789062,9497800
2024-03-19,180.11000061035156,181.86000061035156,179.74000549316406,181.13999938964844,7648000
2024-03-20,178.99000549316406,188.3000030517578,178.60000610351562,187.77999877929688,12770000
2024-03-21,189.7899932861328,190.3800048828125,187.5500030517578,187.6999969482422,7436400
2024-03-22,188.75,192.94000244140625,188.19000244140625,188.85000610351562,7827000
2024-03-25,196.00999450683594,196.17999267578125,189.5,191.41000366210938,12953000
2024-03-26,192.02000427246094,192.02999877929688,186.80999755859375,187.5,8972200
2024-03-27,188.83999633789062,191.99000549316406,188.3300018310547,191.9499969482422,7372800
2024-03-28,192.0,193.3800048828125,191.1999969482422,192.99000549316406,4471700
2024-04-01,192.24000549316406,192.8699951171875,189.02999877929688,189.5,5107800
2024-04-02,189.0,189.22999572753906,187.1300048828125,188.0399932861328,4477200
2024-04-03,187.67999267578125,188.77999877929688,184.27000427246094,184.9199981689453,6609300
2024-04-04,185.92999267578125,188.0,182.80999755859375,183.2899932861328,6513800
2024-04-05,184.16000366210938,184.66000366210938,182.44000244140625,183.13999938964844,4130400
2024-04-08,182.13999938964844,184.5500030517578,181.49000549316406,181.55999755859375,6176400
2024-04-09,181.50999450683594,183.0500030517578,176.57000732421875,178.1199951171875,11427800
2024-04-10,176.30999755859375,178.10000610351562,172.44000244140625,174.6300048828125,9727700
2024-04-11,174.47000122070312,174.6999969482422,171.3800048828125,173.36000061035156,7625100
2024-04-12,172.1999969482422,173.24000549316406,169.3699951171875,169.5500030517578,7568300
2024-04-15,170.74000549316406,171.17999267578125,167.52999877929688,167.82000732421875,6490700
2024-04-16,168.13999938964844,170.63999938964844,167.75,170.5500030517578,7986700
2024-04-17,170.0,170.85000610351562,168.1199951171875,170.2100067138672,8162600
2024-04-18,169.47999572753906,172.0399932861328,169.10000610351562,170.22999572753906,5123000
2024-04-19,170.0,172.0,169.64999389648438,169.82000732421875,4693900
2024-04-22,169.82000732421875,172.14999389648438,168.16000366210938,170.47999572753906,4724900
2024-04-23,170.9499969482422,171.17999267578125,168.42999267578125,169.17999267578125,7632100
2024-04-24,176.5,177.63999938964844,162.74000549316406,164.3300018310547,20889300
2024-04-25,163.58999633789062,168.1300048828125,159.6999969482422,166.80999755859375,12504700
2024-04-26,165.97999572753906,168.64999389648438,164.92999267578125,167.22000122070312,7208100
2024-04-29,167.89999389648438,173.80999755859375,167.5500030517578,173.49000549316406,7788600
2024-04-30,171.49000549316406,174.07000732421875,167.75999450683594,167.83999633789062,8248800
2024-05-01,167.5,173.86000061035156,167.5,171.4600067138672,6191900
2024-05-02,173.0,178.89999389648438,172.25,178.85000610351562,10223700
2024-05-03,179.58999633789062,180.49000549316406,177.89999389648438,179.7899932861328,5416300
2024-05-06,180.8800048828125,183.97999572753906,174.7100067138672,178.35000610351562,11913400
2024-05-07,177.22000122070312,178.35000610351562,176.1300048828125,176.7100067138672,5097500
2024-05-08,175.9499969482422,181.66000366210938,175.9499969482422,180.35000610351562,4956800
2024-05-09,179.5500030517578,181.75,179.30999755859375,181.25,5107400
2024-05-10,181.25,181.8800048828125,177.9199981689453,178.50999450683594,3715500
2024-05-13,179.0399932861328,180.75,178.07000732421875,178.44000244140625,3105200
2024-05-14,180.22999572753906,183.66000366210938,179.6300048828125,180.75999450683594,4686500
2024-05-15,180.13999938964844,180.6699981689453,176.1699981689453,176.99000549316406,5858900
2024-05-16,177.60000610351562,183.75999450683594,177.25,182.9600067138672,6993200
2024-05-17,183.25,185.3800048828125,181.22000122070312,184.9499969482422,5562400
2024-05-20,184.64999389648438,188.6300048828125,184.00999450683594,186.61000061035156,6228600
2024-05-21,185.3000030517578,186.38999938964844,183.11000061035156,184.77999877929688,4349100
2024-05-22,184.60000610351562,186.82000732421875,183.41000366210938,186.27999877929688,3785400
2024-05-23,185.7899932861328,186.0,171.61000061035156,172.2100067138672,17116000
2024-05-24,173.1999969482422,174.86000061035156,169.57000732421875,174.52000427246094,9489400
2024-05-28,174.72999572753906,178.49000549316406,173.3800048828125,175.0800018310547,5274400
2024-05-29,173.61000061035156,175.8300018310547,171.61000061035156,171.64999389648438,3666400
2024-05-30,172.63999938964844,174.67999267578125,171.5500030517578,172.75,3924700
2024-05-31,173.1199951171875,177.89999389648438,172.2100067138672,177.61000061035156,5774500
2024-06-03,178.08999633789062,186.00999450683594,178.02000427246094,184.57000732421875,8951600
2024-06-04,185.0500030517578,188.83999633789062,183.25,188.6199951171875,7176800
2024-06-05,187.89999389648438,190.33999633789062,186.52999877929688,189.85000610351562,5944000
2024-06-06,188.8300018310547,192.10000610351562,187.35000610351562,191.4199981689453,5942200
2024-06-07,190.4600067138672,191.97999572753906,189.66000366210938,190.24000549316406,3374500
2024-06-10,190.0,192.6300048828125,189.60000610351562,190.1199951171875,4385000
2024-06-11,189.32000732421875,189.32000732421875,182.75,185.5,5010100
2024-06-12,186.5,187.16000366210938,181.7100067138672,182.6699981689453,5245200
2024-06-13,181.74000549316406,183.8699951171875,178.99000549316406,180.6999969482422,4201000
2024-06-14,178.89999389648438,180.2899932861328,175.22000122070312,177.27000427246094,5106000
2024-06-17,176.75,180.4499969482422,176.32000732421875,178.38999938964844,4790000
2024-06-18,177.61000061035156,178.0,173.82000732421875,174.99000549316406,6179900
2024-06-20,173.02000427246094,176.64999389648438,172.0500030517578,176.3000030517578,5479300
2024-06-21,176.8300018310547,178.41000366210938,175.66000366210938,176.55999755859375,8628200
2024-06-24,176.14999389648438,180.60000610351562,175.58999633789062,179.10000610351562,7388300
2024-06-25,176.2899932861328,178.75999450683594,173.2899932861328,175.10000610351562,7434000
2024-06-26,174.9600067138672,178.82000732421875,173.75999450683594,178.5,6553900
2024-06-27,178.91000366210938,183.67999267578125,178.00999450683594,182.50999450683594,8199000
2024-06-28,182.60000610351562,184.44000244140625,180.64999389648438,182.00999450683594,5899900
2024-07-01,182.1999969482422,189.47000122070312,182.1999969482422,186.6999969482422,9056700
2024-07-02,186.33999633789062,189.22999572753906,184.52000427246094,185.4199981689453,4110500
2024-07-03,185.0500030517578,185.4199981689453,182.85000610351562,184.30999755859375,2764800
2024-07-05,184.0,185.3800048828125,182.22999572753906,184.8300018310547,3290400
2024-07-08,186.94000244140625,191.5,182.27999877929688,185.83999633789062,9878100
2024-07-09,185.11000061035156,186.25,183.14999389648438,183.24000549316406,3942900
2024-07-10,183.60000610351562,184.89999389648438,182.8000030517578,183.72999572753906,3583200
2024-07-11,184.1699981689453,186.10000610351562,183.39999389648438,183.91000366210938,4840600
2024-07-12,183.72999572753906,184.49000549316406,180.4499969482422,182.30999755859375,5129300
2024-07-15,183.5,183.72000122070312,178.8800048828125,179.11000061035156,5189000
2024-07-16,180.0500030517578,187.44000244140625,179.1999969482422,186.0500030517578,8546400
2024-07-17,185.32000732421875,188.4499969482422,183.7899932861328,184.83999633789062,4899600
2024-07-18,184.24000549316406,187.3699951171875,179.8800048828125,180.22999572753906,5354800
2024-07-19,181.39999389648438,181.5,177.38999938964844,179.6699981689453,5121300
2024-07-22,181.36000061035156,182.72000122070312,177.22999572753906,178.89999389648438,4883500
2024-07-23,179.10000610351562,187.0399932861328,179.0,186.47999572753906,7614300
2024-07-24,185.6199951171875,187.0,179.97000122070312,180.07000732421875,5109100
2024-07-25,179.4499969482422,188.35000610351562,179.4499969482422,184.35000610351562,6128000
2024-07-26,185.86000061035156,189.58999633789062,184.6300048828125,186.88999938964844,6272000
2024-07-29,186.6999969482422,187.0800018310547,183.8300018310547,185.42999267578125,3608600
2024-07-30,186.10000610351562,188.1300048828125,185.14999389648438,186.86000061035156,4789000
2024-07-31,189.8800048828125,196.9499969482422,183.86000061035156,190.60000610351562,15417000
2024-08-01,190.0,191.1699981689453,176.69000244140625,178.30999755859375,13887000
2024-08-02,175.22000122070312,175.4600067138672,167.25,169.9499969482422,11742800
2024-08-05,162.52000427246094,167.67999267578125,162.5,167.02999877929688,9255100
2024-08-06,168.88999938964844,169.19000244140625,163.38999938964844,165.0399932861328,5817300
2024-08-07,167.0,167.97999572753906,162.99000549316406,163.24000549316406,5186400
2024-08-08,164.22999572753906,169.35000610351562,164.0,168.8699951171875,6063800
2024-08-09,168.38999938964844,169.85000610351562,166.89999389648438,167.91000366210938,3635600
2024-08-12,167.72999572753906,168.0500030517578,163.52000427246094,164.1300048828125,4715600
2024-08-13,164.5,168.8800048828125,162.6199951171875,168.75999450683594,6475500
2024-08-14,167.88999938964844,169.75,167.3300018310547,168.5,3852700
2024-08-15,170.0,176.55999755859375,169.97999572753906,176.41000366210938,5942200
2024-08-16,176.3000030517578,180.50999450683594,176.3000030517578,179.99000549316406,6731500
2024-08-19,180.0399932861328,180.6999969482422,177.6300048828125,179.63999938964844,3894200
2024-08-20,176.49000549316406,177.5,170.0399932861328,172.10000610351562,9549100
2024-08-21,173.0,174.1999969482422,171.0399932861328,173.42999267578125,4493600
2024-08-22,173.0,175.2100067138672,172.3000030517578,172.75999450683594,2788000
2024-08-23,173.8800048828125,176.9199981689453,173.1699981689453,174.9600067138672,4405900
2024-08-26,173.0,174.9199981689453,172.3000030517578,173.47999572753906,4034300
2024-08-27,173.6199951171875,173.92999267578125,171.25,173.0500030517578,3295800
2024-08-28,172.3000030517578,174.25,170.14999389648438,170.7100067138672,4550300
2024-08-29,171.7100067138672,175.27999877929688,170.6199951171875,172.25999450683594,4119500
2024-08-30,173.13999938964844,174.36000061035156,171.49000549316406,173.74000549316406,4146200
2024-09-03,167.02999877929688,169.60000610351562,158.3000030517578,161.02000427246094,17925400
2024-09-04,160.27999877929688,166.6999969482422,160.27999877929688,163.22000122070312,7316300
2024-09-05,164.14999389648438,164.6199951171875,160.10000610351562,162.14999389648438,4717500
2024-09-06,162.5,162.85000610351562,156.6999969482422,157.6199951171875,7328600
2024-09-09,162.3000030517578,164.5500030517578,161.11000061035156,162.91000366210938,9091500
2024-09-10,162.61000061035156,163.89999389648438,157.92999267578125,160.07000732421875,6367100
2024-09-11,159.7899932861328,161.8699951171875,156.10000610351562,161.3300018310547,6664800
2024-09-12,159.4199981689453,163.5,159.05999755859375,162.77000427246094,4742700
2024-09-13,159.77999877929688,162.88999938964844,155.60000610351562,156.77000427246094,19003400
2024-09-16,156.25,157.75999450683594,154.02000427246094,155.5500030517578,9955200
2024-09-17,156.1699981689453,158.8800048828125,155.13999938964844,156.38999938964844,8123200
2024-09-18,157.0,158.4499969482422,154.8000030517578,155.11000061035156,7714400
2024-09-19,157.0,157.17999267578125,154.27000427246094,154.58999633789062,9570000
2024-09-20,154.00999450683594,154.63999938964844,152.60000610351562,153.2899932861328,13919400
2024-09-23,153.0,158.42999267578125,151.64999389648438,156.3000030517578,12476800
2024-09-24,155.8000030517578,155.89999389648438,153.69000244140625,155.80999755859375,7414900
2024-09-25,156.4199981689453,157.22000122070312,152.0399932861328,152.22000122070312,9587700
2024-09-26,153.94000244140625,157.3300018310547,152.66000366210938,154.5800018310547,11414400
2024-09-27,155.3699951171875,157.3300018310547,154.38999938964844,156.32000732421875,7637000
2024-09-30,154.7899932861328,155.3000030517578,151.24000549316406,152.0399932861328,10902200
2024-10-01,151.4600067138672,156.39999389648438,149.49000549316406,154.22000122070312,12588800
2024-10-02,153.75999450683594,154.85000610351562,152.83999633789062,152.88999938964844,4357000
2024-10-03,152.1199951171875,152.74000549316406,150.50999450683594,150.52000427246094,5704800
2024-10-04,152.25999450683594,155.0,150.85000610351562,155.0,6657500
2024-10-07,155.0,158.75999450683594,154.67999267578125,155.91000366210938,6267900
2024-10-08,155.99000549316406,156.6999969482422,154.13999938964844,154.64999389648438,5336300
2024-10-09,152.0500030517578,152.19000244140625,148.8000030517578,149.3699951171875,12488500
2024-10-10,149.07000732421875,149.11000061035156,146.25999450683594,146.6199951171875,11275800
2024-10-11,146.3000030517578,151.1199951171875,146.3000030517578,151.02000427246094,10688600
2024-10-14,148.0,150.08999633789062,146.02000427246094,148.99000549316406,9737000
2024-10-15,150.5,153.9499969482422,148.5500030517578,152.35000610351562,11241700
2024-10-16,151.91000366210938,154.99000549316406,151.33999633789062,154.89999389648438,8356200
2024-10-17,155.0,157.13999938964844,154.25,155.30999755859375,6291800
2024-10-18,155.83999633789062,156.3699951171875,153.89999389648438,155.0,6030200
2024-10-21,160.25,163.44000244140625,158.36000061035156,159.82000732421875,13277600
2024-10-22,160.5,160.66000366210938,158.3699951171875,159.8800048828125,7380800
2024-10-23,160.0,161.47000122070312,153.52999877929688,157.05999755859375,15931500
2024-10-24,152.61000061035156,155.88999938964844,151.97999572753906,155.1999969482422,9774400
2024-10-25,156.1999969482422,157.47999572753906,154.52000427246094,155.00999450683594,8153000
2024-10-28,153.5,155.1999969482422,150.61000061035156,150.69000244140625,20992500
2024-10-29,147.86000061035156,155.99000549316406,147.5800018310547,152.97999572753906,66387700
2024-10-30,152.50999450683594,156.91000366210938,152.50999450683594,154.2899932861328,50738400
2024-10-31,154.30999755859375,154.47999572753906,147.8800048828125,149.30999755859375,29388200
2024-11-01,152.77999877929688,156.0,151.22999572753906,154.58999633789062,18894500
2024-11-04,154.6199951171875,156.72000122070312,152.4600067138672,155.07000732421875,10290400
2024-11-05,157.47000122070312,157.66000366210938,150.64999389648438,151.0,23126600
2024-11-06,152.3000030517578,153.1999969482422,144.1300048828125,147.16000366210938,28069300
2024-11-07,148.8000030517578,152.8000030517578,148.02999877929688,150.97999572753906,14709200
2024-11-08,151.1199951171875,152.60000610351562,149.42999267578125,151.67999267578125,12996800
2024-11-11,152.0,152.5,148.07000732421875,148.9600067138672,12799100
2024-11-12,148.39999389648438,148.5,143.85000610351562,145.1699981689453,16746700
2024-11-13,145.5800018310547,145.5800018310547,139.10000610351562,139.97000122070312,21249600
2024-11-14,140.8000030517578,141.5500030517578,137.22000122070312,138.13999938964844,15646700
2024-11-15,138.13999938964844,140.32000732421875,137.02999877929688,140.19000244140625,12120100
2024-11-18,140.25999450683594,144.69000244140625,138.1999969482422,143.8699951171875,12251600
2024-11-19,143.0,145.99000549316406,142.69000244140625,145.60000610351562,8247300
2024-11-20,146.0399932861328,147.3000030517578,145.02000427246094,146.0800018310547,9232100
2024-11-21,146.38999938964844,146.4199981689453,141.33999633789062,143.41000366210938,7845100
2024-11-22,143.61000061035156,150.33999633789062,143.49000549316406,149.2899932861328,13353100
2024-11-25,150.6999969482422,153.27999877929688,150.25999450683594,153.10000610351562,11479400
2024-11-26,152.5,153.13999938964844,149.8000030517578,150.75999450683594,8235000
2024-11-27,151.11000061035156,152.91000366210938,150.25,152.39999389648438,5210100
2024-11-29,153.0,157.5,152.85000610351562,155.44000244140625,7100100
2024-12-02,155.91000366210938,160.35000610351562,155.6999969482422,156.5399932861328,10097900
2024-12-03,156.0,156.64999389648438,154.4199981689453,155.0,6130300
2024-12-04,155.8800048828125,160.1999969482422,154.2100067138672,158.27999877929688,9269300
2024-12-05,158.5,160.02000427246094,156.0500030517578,156.6699981689453,7119800
2024-12-06,157.02999877929688,158.9499969482422,153.3699951171875,153.92999267578125,8182700
2024-12-09,154.27000427246094,161.9499969482422,154.27000427246094,157.0399932861328,13540000
2024-12-10,160.0,166.67999267578125,159.4199981689453,164.10000610351562,17149200
2024-12-11,165.52000427246094,169.3000030517578,164.3800048828125,165.9600067138672,13116600
2024-12-12,168.22999572753906,168.82000732421875,165.64999389648438,167.75,10617700
2024-12-13,168.0,170.42999267578125,166.3300018310547,169.64999389648438,9754900
2024-12-16,168.08999633789062,175.1999969482422,166.10000610351562,173.1699981689453,13050700
2024-12-17,173.0399932861328,175.7899932861328,171.7100067138672,173.02999877929688,13557100
2024-12-18,173.27999877929688,177.94000244140625,171.0,172.6199951171875,15437200
2024-12-19,175.0,179.5800018310547,173.72000122070312,177.0399932861328,14777100
2024-12-20,176.86000061035156,182.0,175.30999755859375,177.35000610351562,23233700
2024-12-23,178.1199951171875,179.64999389648438,174.2899932861328,177.69000244140625,8486400
2024-12-24,177.69000244140625,180.9499969482422,177.5,179.33999633789062,4317000
2024-12-26,178.97999572753906,182.57000732421875,178.3300018310547,180.3800048828125,5905700
2024-12-27,180.00999450683594,181.42999267578125,179.39999389648438,180.72000122070312,6806900
2024-12-30,173.72000122070312,178.1699981689453,170.14999389648438,176.5500030517578,18082300
2024-12-31,177.5399932861328,179.35000610351562,175.82000732421875,177.0,9748600
2025-01-02,178.30999755859375,179.19000244140625,169.82000732421875,171.8699951171875,12450000
2025-01-03,171.39999389648438,173.97999572753906,169.8000030517578,169.89999389648438,10513800
2025-01-06,173.5,173.94000244140625,170.19000244140625,170.77999877929688,11133400
2025-01-07,171.1699981689453,175.02000427246094,170.8000030517578,172.50999450683594,7045000
2025-01-08,171.14999389648438,173.77999877929688,169.61000061035156,171.75999450683594,5108700
2025-01-10,171.49000549316406,173.5399932861328,167.41000366210938,172.0,7556800
2025-01-13,171.17999267578125,172.5,167.91000366210938,170.57000732421875,6049600
2025-01-14,171.3699951171875,171.8800048828125,164.6199951171875,167.02000427246094,7966900
2025-01-15,169.00999450683594,169.99000549316406,165.97000122070312,166.1999969482422,6451000
2025-01-16,166.7899932861328,170.63999938964844,166.57000732421875,168.92999267578125,5812300
2025-01-17,169.8000030517578,171.77000427246094,169.4499969482422,171.08999633789062,9557100
2025-01-21,172.3800048828125,177.08999633789062,171.92999267578125,175.55999755859375,8755300
2025-01-22,175.2899932861328,176.22999572753906,173.8800048828125,174.8000030517578,5134400
2025-01-23,174.00999450683594,178.6699981689453,173.75,178.5,7097300
2025-01-24,176.0,180.42999267578125,174.3699951171875,176.05999755859375,9304200
2025-01-27,175.5500030517578,178.17999267578125,174.39999389648438,175.16000366210938,7148600
2025-01-28,181.30999755859375,188.47999572753906,174.02000427246094,177.77999877929688,22768900
2025-01-29,179.1300048828125,182.5500030517578,170.64999389648438,173.66000366210938,12263500
2025-01-30,174.58999633789062,179.94000244140625,173.72000122070312,179.52999877929688,6996300
2025-01-31,180.50999450683594,181.77999877929688,175.74000549316406,176.52000427246094,6104000
2025-02-03,174.11000061035156,178.1999969482422,173.1300048828125,175.8699951171875,6501700
2025-02-04,176.89999389648438,177.4499969482422,174.25,176.22999572753906,4503600
2025-02-05,176.0,181.86000061035156,175.50999450683594,181.83999633789062,7430400
2025-02-06,182.0,185.85000610351562,182.0,184.8000030517578,6919400
2025-02-07,185.25999450683594,186.11000061035156,180.92999267578125,181.49000549316406,5392300
2025-02-10,183.1199951171875,183.5500030517578,179.89999389648438,180.5500030517578,3989100
2025-02-11,179.77999877929688,182.13999938964844,177.60000610351562,180.44000244140625,4366700
2025-02-12,178.33999633789062,186.27000427246094,178.25,186.25,7686800
2025-02-13,187.0,188.24000549316406,185.08999633789062,185.44000244140625,6846300
2025-02-14,186.75,186.82000732421875,183.5800018310547,184.4199981689453,5044700
2025-02-18,185.67999267578125,188.66000366210938,184.22000122070312,184.97000122070312,6929600
2025-02-19,185.30999755859375,187.22999572753906,181.8300018310547,186.14999389648438,7264800
2025-02-20,185.5800018310547,185.8000030517578,180.11000061035156,180.8800048828125,7863000
2025-02-21,181.27999877929688,182.1999969482422,174.7100067138672,177.14999389648438,8980300
2025-02-24,177.47999572753906,183.0399932861328,176.5500030517578,179.91000366210938,8392900
2025-02-25,180.4499969482422,181.8800048828125,176.33999633789062,178.27000427246094,5613900
2025-02-26,179.49000549316406,179.49000549316406,171.8300018310547,173.0399932861328,7111700
2025-02-27,174.52000427246094,177.14999389648438,173.58999633789062,173.8300018310547,4695200
2025-02-28,174.36000061035156,176.3000030517578,173.47999572753906,174.6300048828125,5803300
2025-03-03,177.02000427246094,178.39999389648438,169.4600067138672,170.05999755859375,6045600
2025-03-04,167.3699951171875,168.3800048828125,156.69000244140625,158.89999389648438,15870200
2025-03-05,159.9600067138672,164.3300018310547,158.80999755859375,163.16000366210938,7355800
2025-03-06,161.4199981689453,162.69000244140625,157.94000244140625,158.42999267578125,6892600
2025-03-07,157.19000244140625,158.36000061035156,149.0500030517578,154.17999267578125,12526700
2025-03-10,150.02999877929688,150.38999938964844,146.3000030517578,148.14999389648438,10204000
2025-03-11,148.0,155.00999450683594,145.4499969482422,154.05999755859375,10030500
2025-03-12,157.0,159.5399932861328,153.61000061035156,158.8000030517578,8706900
2025-03-13,159.22000122070312,161.74000549316406,157.25,159.32000732421875,5701600
2025-03-14,160.9199981689453,162.32000732421875,159.1999969482422,161.80999755859375,5215100
2025-03-17,160.5,162.77000427246094,159.6199951171875,161.85000610351562,5602700
2025-03-18,161.44000244140625,162.22999572753906,158.7899932861328,161.57000732421875,4195200
2025-03-19,165.32000732421875,174.1999969482422,165.0,172.6199951171875,14114800
2025-03-20,171.13999938964844,173.10000610351562,170.30999755859375,172.8300018310547,4934400
2025-03-21,172.05999755859375,183.4600067138672,170.77000427246094,178.11000061035156,26802400
2025-03-24,182.02999877929688,184.39999389648438,180.44000244140625,180.89999389648438,9986100
2025-03-25,182.16000366210938,183.85000610351562,180.36000061035156,182.58999633789062,7174400
2025-03-26,182.52999877929688,183.22999572753906,177.27999877929688,178.5500030517578,6615900
2025-03-27,178.52999877929688,182.22000122070312,178.02999877929688,179.11000061035156,4788600
2025-03-28,177.75,178.5,172.4499969482422,173.30999755859375,8211100
2025-03-31,170.64999389648438,172.2100067138672,166.7899932861328,170.5500030517578,7477500
2025-04-01,170.0,170.97999572753906,164.22000122070312,168.1699981689453,8252800
2025-04-02,166.39999389648438,170.3800048828125,165.5500030517578,168.55999755859375,5826600
2025-04-03,160.0,160.2100067138672,150.41000366210938,150.91000366210938,15877400
2025-04-04,143.3000030517578,146.0,132.7899932861328,136.58999633789062,22282000
2025-04-07,132.0500030517578,143.97000122070312,128.8800048828125,138.86000061035156,18825000
2025-04-08,146.85000610351562,147.77000427246094,137.39999389648438,139.38999938964844,14527900
2025-04-09,138.85000610351562,162.42999267578125,137.94000244140625,160.82000732421875,16775200
2025-04-10,154.97999572753906,157.35000610351562,149.41000366210938,155.52000427246094,10375000
2025-04-11,154.6199951171875,157.58999633789062,152.0,156.83999633789062,8810700
2025-04-14,159.82000732421875,162.5500030517578,157.60000610351562,159.27999877929688,7288700
2025-04-15,155.27999877929688,159.1199951171875,155.27999877929688,155.52000427246094,11541100
2025-04-16,154.3699951171875,157.66000366210938,153.5399932861328,156.47000122070312,6809600
2025-04-17,157.1300048828125,163.89999389648438,157.0,161.89999389648438,9227300
2025-04-21,160.0,160.0,156.47000122070312,159.33999633789062,5703800
2025-04-22,162.5,163.08999633789062,158.5,162.52000427246094,9147300
2025-04-23,174.0,176.5800018310547,169.91000366210938,172.3699951171875,16264700
2025-04-24,171.1999969482422,177.39999389648438,169.0,176.25999450683594,10984200
2025-04-25,176.5,180.3300018310547,175.86000061035156,177.9499969482422,7644200
2025-04-28,182.75,184.52999877929688,180.75,182.3000030517578,9302600
2025-04-29,182.52000427246094,184.25,181.1999969482422,182.0,6795000
2025-04-30,178.47000122070312,183.7899932861328,177.6300048828125,183.24000549316406,6266800
2025-05-01,182.85000610351562,184.75,182.02999877929688,182.88999938964844,7322900
2025-05-02,185.0,187.5800018310547,184.0800018310547,185.4600067138672,8695900
2025-05-05,184.38999938964844,187.5800018310547,184.38999938964844,186.4600067138672,5413700
2025-05-06,184.7100067138672,186.1999969482422,183.6300048828125,185.9600067138672,4948000
2025-05-07,185.0,186.72000122070312,183.5,185.55999755859375,6094800
2025-05-08,186.75999450683594,194.75,186.22000122070312,191.6999969482422,15344100
2025-05-09,193.5500030517578,195.3000030517578,192.17999267578125,194.85000610351562,7669900
2025-05-12,198.16000366210938,198.77999877929688,193.05999755859375,198.52999877929688,9340700
2025-05-13,200.3000030517578,205.72999572753906,199.6699981689453,203.4199981689453,13509500
2025-05-14,205.8000030517578,209.66000366210938,204.0500030517578,204.72000122070312,16872300
2025-05-15,207.35000610351562,208.60000610351562,205.4199981689453,206.24000549316406,9583900
2025-05-16,205.69000244140625,206.24000549316406,203.02000427246094,205.82000732421875,8496800
2025-05-19,203.0,205.60000610351562,202.3000030517578,205.25,5740200
2025-05-20,205.0,208.6199951171875,205.0,207.6699981689453,5876000
2025-05-21,206.60000610351562,207.1199951171875,202.42999267578125,203.2100067138672,6616300
2025-05-22,202.52999877929688,204.72999572753906,201.85000610351562,203.41000366210938,3634500
2025-05-23,199.9499969482422,203.1999969482422,198.75,202.36000061035156,5255200
2025-05-27,204.27999877929688,205.0,200.8800048828125,201.02999877929688,5857900
2025-05-28,201.9499969482422,202.4499969482422,200.22000122070312,201.5,5481500
2025-05-29,201.77999877929688,212.27999877929688,201.5,208.17999267578125,16334000
2025-05-30,206.77000427246094,207.6999969482422,204.35000610351562,207.32000732421875,7485100
2025-06-02,210.97999572753906,212.33999633789062,207.89999389648438,211.47000122070312,7561800
2025-06-03,212.0,215.8000030517578,211.77000427246094,213.42999267578125,8106100
2025-06-04,214.77000427246094,214.99000549316406,211.02999877929688,211.97999572753906,5705300
2025-06-05,212.5,212.99000549316406,208.22000122070312,209.02000427246094,4733800
2025-06-06,210.24000549316406,211.11000061035156,208.0399932861328,210.8000030517578,6079700
2025-06-09,211.22999572753906,218.8000030517578,211.08999633789062,217.50999450683594,9419200
2025-06-10,217.5800018310547,217.89999389648438,213.25,215.72999572753906,8190100
2025-06-11,215.5,216.2100067138672,212.2100067138672,214.0,5398800
2025-06-12,202.1699981689453,206.33999633789062,201.27999877929688,203.75,30586600
2025-06-13,200.67999267578125,202.22999572753906,195.27999877929688,200.32000732421875,16093500
2025-06-16,200.57000732421875,204.0,199.0800018310547,201.6999969482422,6902700
2025-06-17,201.30999755859375,205.30999755859375,198.8699951171875,200.25999450683594,10844600
2025-06-18,199.0,201.05999755859375,196.8000030517578,197.67999267578125,7928300
2025-06-20,198.66000366210938,200.67999267578125,197.4499969482422,198.75,8934700
2025-06-23,197.8300018310547,202.1999969482422,197.47000122070312,201.30999755859375,5875200
2025-06-24,203.0,203.50999450683594,200.17999267578125,200.94000244140625,5900900
2025-06-25,201.0,201.1300048828125,198.3000030517578,198.89999389648438,4690900
2025-06-26,200.41000366210938,204.38999938964844,199.75999450683594,202.5800018310547,6931700
2025-06-27,205.11000061035156,214.80999755859375,204.3800048828125,214.5500030517578,14805400
2025-06-30,213.8800048828125,214.7100067138672,208.02000427246094,209.52999877929688,9087100
2025-07-01,209.5,211.86000061035156,206.77000427246094,209.7899932861328,5978900
2025-07-02,210.39999389648438,214.39999389648438,208.25,212.02999877929688,5870900
2025-07-03,211.7899932861328,217.67999267578125,211.6699981689453,215.9199981689453,4476100
2025-07-07,215.60000610351562,218.6300048828125,214.5,218.6300048828125,5807400
2025-07-08,219.0,220.0,214.72000122070312,218.52000427246094,6769600
2025-07-09,220.1199951171875,230.1999969482422,220.00999450683594,226.60000610351562,16462300
2025-07-10,226.64999389648438,228.5,223.92999267578125,226.08999633789062,6116600
2025-07-11,225.42999267578125,228.74000549316406,225.42999267578125,226.83999633789062,6632000
2025-07-14,231.39999389648438,233.0399932861328,227.27000427246094,230.50999450683594,8750200
2025-07-15,230.1199951171875,233.61000061035156,228.4199981689453,230.0,9156800
2025-07-16,232.1300048828125,233.57000732421875,227.3000030517578,229.89999389648438,7474300
2025-07-17,230.11000061035156,232.58999633789062,227.75,231.0,7892600
2025-07-18,231.42999267578125,232.25,227.52000427246094,229.33999633789062,5974500
2025-07-21,229.39999389648438,232.5,228.02000427246094,229.32000732421875,4183300
2025-07-22,228.3000030517578,230.30999755859375,225.5500030517578,228.47999572753906,4737700
2025-07-23,230.32000732421875,235.27000427246094,229.30999755859375,233.8800048828125,7302900
2025-07-24,233.91000366210938,235.22999572753906,231.0500030517578,231.27000427246094,6160200
2025-07-25,232.02000427246094,233.30999755859375,228.83999633789062,233.05999755859375,4628500
2025-07-28,233.24000549316406,236.6300048828125,232.91000366210938,236.41000366210938,7923800
2025-07-29,239.5,242.69000244140625,225.25999450683594,226.0800018310547,20163600
2025-07-30,227.83999633789062,231.72000122070312,224.35000610351562,225.83999633789062,9354600
2025-07-31,224.02000427246094,225.0,221.14999389648438,221.83999633789062,7825000
2025-08-01,219.4499969482422,222.4600067138672,215.89999389648438,221.89999389648438,8572200
2025-08-04,220.14999389648438,222.85000610351562,218.02999877929688,222.33999633789062,5997300
2025-08-05,222.3699951171875,226.02999877929688,221.07000732421875,224.86000061035156,5687400
2025-08-06,225.6999969482422,226.57000732421875,224.0399932861328,225.0399932861328,3898800
2025-08-07,226.14999389648438,230.38999938964844,224.5800018310547,227.3300018310547,4563100
2025-08-08,227.5,230.89999389648438,227.3800048828125,229.1199951171875,4724200
2025-08-11,229.0,229.32000732421875,225.1699981689453,225.9600067138672,4872700
2025-08-12,226.9499969482422,232.61000061035156,226.4600067138672,232.61000061035156,7396400
2025-08-13,233.25,235.60000610351562,229.3300018310547,233.3699951171875,6670400
2025-08-14,231.64999389648438,233.97000122070312,230.86000061035156,233.19000244140625,5320800
2025-08-15,233.36000061035156,236.4499969482422,231.42999267578125,235.25999450683594,6291400
2025-08-18,234.47000122070312,235.16000366210938,229.11000061035156,232.41000366210938,8456000
2025-08-19,232.0,232.42999267578125,223.75,225.0,9061100
2025-08-20,224.49000549316406,226.3699951171875,223.60000610351562,225.6199951171875,5016000
2025-08-21,227.1300048828125,227.5800018310547,223.7100067138672,224.4600067138672,6101100
2025-08-22,225.41000366210938,233.6999969482422,225.24000549316406,230.1199951171875,8678400
2025-08-25,229.60000610351562,230.25,226.60000610351562,226.8699951171875,4757600
2025-08-26,228.0,234.8300018310547,227.97999572753906,234.8300018310547,7380200
2025-08-27,235.36000061035156,236.33999633789062,232.39999389648438,235.6199951171875,4757400
2025-08-28,235.85000610351562,237.35000610351562,234.5,236.16000366210938,4039600
2025-08-29,236.1300048828125,238.0500030517578,233.1699981689453,234.67999267578125,5008600
2025-09-02,231.27999877929688,238.3300018310547,230.8000030517578,237.3800048828125,6339100
2025-09-03,237.05999755859375,237.05999755859375,230.75999450683594,232.3800048828125,5999000
2025-09-04,233.00999450683594,233.10000610351562,229.2100067138672,230.75,4093200
2025-09-05,231.8000030517578,232.22999572753906,225.5,229.61000061035156,8203600
2025-09-08,231.6999969482422,232.1999969482422,228.08999633789062,230.9499969482422,5955000
2025-09-09,231.00999450683594,232.27999877929688,228.4499969482422,229.52000427246094,5510400
2025-09-10,229.60000610351562,230.10000610351562,226.58999633789062,227.52000427246094,4949500
2025-09-11,228.0,229.69000244140625,219.64999389648438,219.99000549316406,12010800
2025-09-12,219.88999938964844,220.0,215.6999969482422,215.94000244140625,11094900
2025-09-15,216.25,217.25999450683594,214.07000732421875,215.75,6896200
2025-09-16,216.86000061035156,217.1300048828125,213.75,215.02000427246094,6330600
2025-09-17,215.58999633789062,218.0500030517578,213.1300048828125,214.6300048828125,6019500
2025-09-18,215.22999572753906,217.39999389648438,213.6999969482422,215.66000366210938,6414000
2025-09-19,217.72999572753906,217.72999572753906,213.6199951171875,215.64999389648438,10513700
2025-09-22,215.1699981689453,215.89999389648438,211.42999267578125,212.08999633789062,7467700
2025-09-23,217.1199951171875,219.82000732421875,214.00999450683594,216.33999633789062,12760900
2025-09-24,217.55999755859375,218.17999267578125,214.77000427246094,215.10000610351562,7354800
2025-09-25,214.8699951171875,216.86000061035156,211.97999572753906,213.52999877929688,6649300
2025-09-26,223.36000061035156,224.10000610351562,219.11000061035156,221.25999450683594,17281700
2025-09-29,222.3699951171875,222.80999755859375,215.1199951171875,217.0800018310547,11290600
2025-09-30,217.10000610351562,217.67999267578125,212.8300018310547,215.8300018310547,9289300
2025-10-01,214.00999450683594,215.6300048828125,213.6999969482422,215.1999969482422,7178000
2025-10-02,215.4499969482422,218.86000061035156,215.30999755859375,217.42999267578125,8281100
2025-10-03,216.75,218.8300018310547,215.25,216.3000030517578,6634100
2025-10-06,217.8699951171875,221.8000030517578,215.89999389648438,219.72999572753906,7665300
2025-10-07,220.11000061035156,223.9499969482422,219.1999969482422,221.82000732421875,7610600
2025-10-08,222.72999572753906,226.19000244140625,221.47000122070312,225.32000732421875,6189700
2025-10-09,225.6999969482422,225.6999969482422,215.89999389648438,216.0,12974800
2025-10-10,217.0,217.89999389648438,210.72999572753906,210.72999572753906,10647900
2025-10-13,212.08999633789062,215.8000030517578,212.05999755859375,215.55999755859375,5657300
2025-10-14,213.5399932861328,217.9499969482422,212.24000549316406,214.3000030517578,5975700
2025-10-15,215.0399932861328,215.92999267578125,212.47999572753906,214.0,5055600
2025-10-16,214.66000366210938,214.9600067138672,210.66000366210938,211.88999938964844,5555200
2025-10-17,210.91000366210938,214.67999267578125,210.75,212.94000244140625,6482700
2025-10-20,215.1300048828125,217.3800048828125,214.55999755859375,216.82000732421875,5865100
2025-10-21,217.2100067138672,217.6999969482422,215.5500030517578,217.25999450683594,4209500
2025-10-22,216.67999267578125,217.39999389648438,213.8000030517578,216.58999633789062,6310300
2025-10-23,216.39999389648438,219.3000030517578,216.25,217.77000427246094,5356200
2025-10-24,219.0399932861328,221.74000549316406,218.50999450683594,221.35000610351562,5238100
2025-10-27,222.77999877929688,223.5800018310547,221.82000732421875,223.0,6084300
2025-10-28,224.36000061035156,225.55999755859375,222.60000610351562,223.3300018310547,7027200
2025-10-29,221.36000061035156,221.89999389648438,212.5,213.5800018310547,20940100
2025-10-30,210.00999450683594,210.27999877929688,200.02000427246094,200.0800018310547,19417000
2025-10-31,201.25,202.60000610351562,198.3000030517578,201.02000427246094,10696600
2025-11-03,202.0399932861328,205.66000366210938,201.5800018310547,204.5500030517578,8103900
2025-11-04,201.8000030517578,202.22000122070312,197.57000732421875,198.0500030517578,8619600
2025-11-05,197.75,198.50999450683594,195.30999755859375,197.6199951171875,9885700
2025-11-06,198.10000610351562,201.27000427246094,195.4499969482422,196.5,7740500
2025-11-07,195.5,195.85000610351562,191.49000549316406,194.61000061035156,7869500
2025-11-10,195.88999938964844,196.44000244140625,193.19000244140625,194.80999755859375,7447400
2025-11-11,194.74000549316406,196.39999389648438,194.35000610351562,195.2100067138672,5783400
2025-11-12,195.75,196.66000366210938,193.8000030517578,195.5,8288300
2025-11-13,195.6300048828125,196.1999969482422,193.11000061035156,194.5800018310547,6739300
2025-11-14,192.8800048828125,197.02999877929688,192.14999389648438,194.52000427246094,6189800
2025-11-17,194.83999633789062,194.83999633789062,190.22999572753906,191.80999755859375,5877800
2025-11-18,190.0,191.16000366210938,187.85000610351562,189.6300048828125,8195800
2025-11-19,189.2100067138672,189.2100067138672,183.00999450683594,185.6999969482422,12550400
2025-11-20,187.74000549316406,188.10000610351562,178.4199981689453,179.3800048828125,13706400
2025-11-21,180.55999755859375,181.42999267578125,176.77000427246094,179.6999969482422,10134000
2025-11-24,180.30999755859375,180.30999755859375,177.3000030517578,179.1199951171875,9386000
2025-11-25,179.49000549316406,183.47999572753906,177.52000427246094,182.44000244140625,9676200
2025-11-26,184.0,188.17999267578125,183.02999877929688,186.9199981689453,7644500
2025-11-28,187.8699951171875,189.75,186.91000366210938,189.0,3757000
2025-12-01,188.9600067138672,189.9499969482422,186.41000366210938,186.4600067138672,6763700
2025-12-02,198.3000030517578,205.77999877929688,195.50999450683594,205.3800048828125,22624000
2025-12-03,204.60000610351562,205.85000610351562,197.39999389648438,202.5399932861328,14139900
2025-12-04,202.85000610351562,202.88999938964844,198.52999877929688,201.8699951171875,9513300
2025-12-05,201.39999389648438,202.9499969482422,200.55999755859375,201.88999938964844,6857200
2025-12-08,203.61000061035156,206.86000061035156,202.55999755859375,206.27000427246094,8823900
2025-12-09,205.35000610351562,207.10000610351562,200.02000427246094,200.3699951171875,9101900
2025-12-10,200.3699951171875,201.35000610351562,198.35000610351562,198.72000122070312,15159600
2025-12-11,198.72999572753906,201.86000061035156,198.0500030517578,200.7100067138672,7917800
2025-12-12,202.1999969482422,206.1199951171875,201.5800018310547,204.3800048828125,7069700
2025-12-15,204.3800048828125,206.6300048828125,203.1699981689453,205.5,6721600
2025-12-16,205.0,208.64999389648438,204.38999938964844,206.7100067138672,6120200
2025-12-17,206.77999877929688,210.66000366210938,205.82000732421875,206.3300018310547,7301100
2025-12-18,207.99000549316406,210.5500030517578,207.66000366210938,208.27000427246094,5652100
2025-12-19,209.75999450683594,215.97999572753906,209.27000427246094,214.0800018310547,14793700
2025-12-22,215.33999633789062,217.14999389648438,214.22000122070312,216.83999633789062,5458900
2025-12-23,216.89999389648438,217.55999755859375,215.32000732421875,216.85000610351562,4496300
2025-12-24,217.0,219.27000427246094,216.19000244140625,218.16000366210938,2943500
2025-12-26,218.0500030517578,218.6699981689453,216.13999938964844,216.44000244140625,2801500
2025-12-29,215.89999389648438,218.13999938964844,215.11000061035156,217.25,5292000
2025-12-30,219.13999938964844,221.8800048828125,218.39999389648438,218.5,5653500
2025-12-31,218.92999267578125,219.32000732421875,216.13999938964844,217.1199951171875,5563000
