date,Open,High,Low,Close,Volume
2016-01-04,37.797605354813236,37.797605354813236,37.07061220664022,37.660736083984375,67382000
2016-01-05,37.891826124773026,38.14473310359051,37.472788854840516,37.76437759399414,45216000
2016-01-06,37.21095157135138,37.97265381949493,37.09342319132927,37.655277252197266,48206000
2016-01-07,37.01853991923657,37.455922991439444,36.4626334310664,36.74628829956055,63132000
2016-01-08,37.083504854463264,37.19855509533496,36.14724280023346,36.24592971801758,47506000
2016-01-11,36.29749808043595,36.45271695387139,35.68307711304533,36.3530387878418,50896000
2016-01-12,36.73389116544408,37.110281623679796,36.519662174684946,36.961509704589844,46816000
2016-01-13,37.15987570253287,37.341378072128926,35.54522232933326,35.68357849121094,51728000
2016-01-14,35.925085876574194,36.69125273251061,34.961053306872444,36.269737243652344,55558000
2016-01-15,35.20849886076103,35.91119095575997,34.78797474408008,35.23329544067383,76676000
2016-01-19,35.71233380217857,35.97020461123329,35.201556040131216,35.659271240234375,48724000
2016-01-20,35.005673403288476,36.049547377625125,34.10710194024875,35.633487701416016,82440000
2016-01-21,35.71333452906147,36.58116208240251,35.26404868491561,36.03567123413086,51938000
2016-01-22,36.79588223031551,37.12119645318262,36.72150004733301,36.967464447021484,47146000
2016-01-25,36.88713048466049,37.31459724254527,36.32477697420802,36.38031768798828,45340000
2016-01-26,36.45916910451323,36.66992493193549,36.0505438036441,36.38874816894531,30940000
2016-01-27,36.49288453769845,36.49288453769845,35.380084007391744,35.58489227294922,42428000
2016-01-28,36.606945962310576,37.25012863220827,36.230555463886446,37.10830307006836,62104000
2016-01-29,37.141030202687276,37.94190984183688,36.904978400370666,37.75545120239258,75808000
2016-02-01,38.2468885694867,38.56079573905824,37.75693853330035,38.222591400146484,111522000
2016-02-02,39.696903895891936,40.185367019887565,38.71005750235272,38.725433349609375,135846000
2016-02-03,38.99174304514782,39.24713201969185,36.51124424113453,37.161869049072266,131114000
2016-02-04,36.92431488361528,36.95654967895893,35.83382916090233,36.2022819519043,104922000
2016-02-05,35.977646590955466,36.03814359303884,34.720039149084826,34.89955520629883,109556000
2016-02-08,34.10214113381509,34.93724180868752,33.820964417183745,34.91938781738281,89410000
2016-02-09,34.36349122891852,35.752512478189,34.14281522756152,34.7636833190918,84300000
2016-02-10,35.29776469654601,35.8645788531209,34.98038811650769,35.05278778076172,60314000
2016-02-11,34.53159931735835,35.32404954034548,34.276210399786976,35.02849197387695,65004000
2016-02-12,35.3185897869384,35.50653530579859,34.79144490524922,35.054771423339844,46538000
2016-02-16,35.637952748698396,35.847721097299775,35.217924205934025,35.587867736816406,43444000
2016-02-17,36.05203620740171,36.38726685000631,35.536797624908374,36.298500061035156,49154000
2016-02-18,36.397176913862154,36.498338185105204,35.48422084399777,35.581417083740234,47276000
2016-02-19,35.50158389697247,35.904753541639096,35.36372335088322,35.809539794921875,34918000
2016-02-22,36.176500621712016,36.44131405319691,35.8759867696209,36.153690338134766,37516000
2016-02-23,36.00739829970938,36.245428835425884,35.49017354088412,35.57050704956055,41332000
2016-02-24,35.23924857483918,35.765402270604724,34.813272472455864,35.74953079223633,37092000
2016-02-25,35.8501971322816,36.17649880893466,35.3691722013329,36.157161712646484,36146000
2016-02-26,36.3793256728897,36.50627479219468,35.80110448008465,35.94590759277344,42474000
2016-02-29,35.75448939760654,36.230554277133685,35.54819423813538,35.567039489746094,45068000
2016-03-01,35.7693684159964,36.81225132208263,35.63745921205402,36.804317474365234,60112000
2016-03-02,36.83902266903829,36.85141717530995,36.36196281409154,36.6709098815918,36292000
2016-03-03,36.67091474737662,36.746291969969896,36.18245157917267,36.27964782714844,40534000
2016-03-04,36.43883480475191,36.44875116757251,35.983593920971344,36.21171188354492,48516000
2016-03-07,35.96028544373709,36.06244175560961,34.967987132698084,35.34784698486328,61690000
2016-03-08,35.129158978228716,35.81647912998505,34.91146055622317,35.38405227661133,52530000
2016-03-09,35.465374868244666,36.01433876506363,35.3409039057751,35.97317886352539,39544000
2016-03-10,36.09120409724842,36.52511777944269,35.86805000263362,36.30841064453125,44616000
2016-03-11,36.69422005557142,36.93968879105776,36.533049854230754,36.938201904296875,35380000
2016-03-14,36.94316947087796,37.40386232088396,36.878204234872406,37.20450973510742,32824000
2016-03-15,36.99523492674588,37.341872547672736,36.83753788813147,37.22087097167969,29832000
2016-03-16,37.14549199055474,37.638915222062195,37.01903850161791,37.557586669921875,29306000
2016-03-17,37.57196494514587,37.9533116855653,37.5575841391422,37.61312484741211,44564000
2016-03-18,37.76933555142435,37.79462397783317,37.28285493435395,37.46088409423828,56222000
2016-03-21,37.386499070206696,37.85413444883395,37.255581140686395,37.79561996459961,28774000
2016-03-22,37.611144936649374,37.93645536239399,37.58337458059102,37.690982818603516,22096000
2016-03-23,37.854632974291675,37.955798040479515,37.49163202902848,37.5675048828125,24678000
2016-03-24,37.25211747995343,37.567507798854024,37.21740453054168,37.43262481689453,31116000
2016-03-28,37.49856754774568,37.60419703838977,37.293763092444784,37.355255126953125,21676000
2016-03-29,37.37509487734354,38.04456479477911,37.107807079475975,37.9805908203125,40062000
2016-03-30,38.09563815367206,38.54691020969638,38.06439839574429,38.10208511352539,40396000
2016-03-31,38.10208707180649,38.13878253356185,37.60172123944539,37.83231735229492,32554000
2016-04-01,37.54766890303258,38.18638706729147,37.45046887721825,38.16804122924805,31674000
2016-04-04,38.16010409929226,38.30540661925344,37.77727045556589,37.942405700683594,26924000
2016-04-05,37.59577283294784,37.83082960126046,37.470306818416816,37.617591857910156,24478000
2016-04-06,37.58138336729655,38.10605007340617,37.5050148981217,38.08869171142578,25312000
2016-04-07,37.952325072995734,38.15266890712352,37.564531325513435,37.6944580078125,25498000
2016-04-08,37.97960041671229,38.042083722175875,37.47874271499384,37.66222381591797,23434000
2016-04-11,37.958763536202284,38.04653903355468,37.55658907098405,37.566505432128906,31774000
2016-04-12,37.6106447026036,37.932481902721314,37.27045409911469,37.90272903442383,27388000
2016-04-13,38.19978298180247,38.4695527297932,37.91612805401389,38.27912902832031,35426000
2016-04-14,38.45021141628466,38.66096723532075,38.3440862798703,38.451698303222656,26992000
2016-04-15,38.457151385783874,38.72642545688462,38.428881618750985,38.68030548095703,31712000
2016-04-18,38.68973061373029,39.10430724842004,38.56179022953772,39.061161041259766,33540000
2016-04-19,39.20100763516768,39.22332229040227,38.19779778990652,38.494346618652344,43952000
2016-04-20,38.638654486784844,38.66345107068384,38.24738754743505,38.42839050292969,34262000
2016-04-21,38.54690940948412,38.76361654493779,38.26126823289834,38.68030548095703,77628000
2016-04-22,36.890599455022155,37.38699647032671,36.21915082425063,36.586116790771484,140798000
2016-04-25,36.46610665327489,36.938698297116204,36.45370836315738,36.80629348754883,49442000
2016-04-26,36.91589054247626,36.97390939873623,35.72076642178343,35.97119903564453,55864000
2016-04-27,35.96871671908137,36.059466003152295,35.16337262850262,35.77730178833008,66262000
2016-04-28,35.86805077268634,36.1641039461714,34.87178360521308,34.964019775390625,62590000
2016-04-29,34.917411732063755,35.31363496531506,34.9005489954883,35.1038703918457,58278000
2016-05-02,35.30421649526662,35.47728561606224,35.028495411690606,35.427696228027344,33476000
2016-05-03,35.33296881537294,35.376111231101774,35.07658868212303,35.13163375854492,38620000
2016-05-04,35.048817615667,35.459421566947285,34.9139308863642,35.27693176269531,34172000
2016-05-05,35.45694672425798,35.58340020718488,35.18172132212421,35.44256591796875,29668000
2016-05-06,35.31809843914861,36.001945382557324,35.30570014741897,35.96177673339844,39952000
2016-05-09,36.03715548540521,36.4135459970618,35.87846718145269,36.15766143798828,38074000
2016-05-10,36.446773118112404,36.696706352834255,36.28064659066157,36.66596221923828,32634000
2016-05-11,36.72248758116569,36.73637275837127,36.0966595656053,36.22807312011719,29834000
2016-05-12,36.299975380588464,36.467096911273465,35.916646139305676,36.10508728027344,27094000
2016-05-13,36.03318662984244,36.26477020884887,35.87895900339875,35.944419860839844,25244000
2016-05-16,35.91913033901647,36.33370318908895,35.70490132454565,36.21567916870117,22538000
2016-05-17,36.25336486459901,36.49089976086906,35.60571783365897,35.714317321777344,33404000
2016-05-18,35.63051382153782,35.98111646459101,35.45794035111021,35.79317092895508,32536000
2016-05-19,35.62059685429264,35.72969576269237,35.224369867887525,35.472320556640625,30598000
2016-05-20,35.52935812734678,36.08674786172503,35.457450296364776,35.789703369140625,34798000
2016-05-23,35.70390577640298,35.87846174929392,35.55315134295884,35.56852340698242,24816000
2016-05-24,35.697460558330654,36.40907781629918,35.68754041217357,36.35105895996094,37884000
2016-05-25,36.44874981704337,36.69124479417943,36.32973455046976,36.60247802734375,32216000
2016-05-26,36.49834793851743,36.75125875106414,36.34957976552314,36.54446792602539,27202000
2016-05-27,36.57321595953789,37.08895375787286,36.5484193815363,37.07358169555664,34802000
2016-05-31,37.13111752529876,37.36518307545,36.97292483815358,37.135581970214844,42484000
2016-06-01,37.11672563989267,37.26053747469422,36.91191739877006,37.11623001098633,20788000
2016-06-02,36.99919653823685,37.05870605666059,36.54792453623356,36.908447265625,33916000
2016-06-03,36.77059208732676,36.77059208732676,36.39469724086927,36.491397857666016,24608000
2016-06-06,36.62231898807054,36.62231898807054,36.11600557705552,36.20377731323242,29992000
2016-06-07,36.36295993915317,36.53354709751744,36.24047148874412,36.254852294921875,24314000
2016-06-08,36.67190373879671,36.885637102022976,36.48693577174352,36.84199905395508,32314000
2016-06-09,36.55141274826523,36.89159969904347,36.52314675583611,36.821678161621094,19180000
2016-06-10,36.495862795917674,36.67884825680012,36.22609307985645,36.35899353027344,29050000
2016-06-13,36.19187292359751,36.647109993122605,36.19187292359751,36.294029235839844,23354000
2016-06-14,36.16658523294777,36.498342637148184,36.02723781595203,36.361968994140625,26584000
2016-06-15,36.4447810548374,36.55536684597205,36.265760634052604,36.30940246582031,23234000
2016-06-16,36.099637586057966,36.22014353461452,35.483729643717986,35.9156608581543,45002000
2016-06-17,35.77382821617117,35.77382821617117,34.768635946528406,34.92385482788086,82262000
2016-06-20,35.22436861959818,35.500089654650886,34.98137801259093,35.01708221435547,45654000
2016-06-21,35.2114764995057,35.475794298716586,34.944188709851076,35.15345764160156,30318000
2016-06-22,35.40984099345797,35.41777484125465,35.00468885938305,35.23230743408203,29058000
2016-06-23,35.23627528462499,35.45099993198801,34.72549743121206,35.450504302978516,42500000
2016-06-24,34.22562795004853,34.96105061399816,33.96478331508947,33.979164123535156,95436000
2016-06-27,33.84477596698144,33.88643150426429,33.35730402822835,33.777828216552734,58146000
2016-06-28,34.28513786213569,34.35307687295187,33.961809916190404,34.27968215942383,38246000
2016-06-29,34.42844740763184,34.68829695346316,34.35009263565463,34.47456359863281,43124000
2016-06-30,34.59656051250518,34.900051924044455,34.46018687222227,34.88814926147461,42250000
2016-07-01,34.9660046966552,35.33445751731709,34.898065698230106,35.22139358520508,30984000
2016-07-05,34.96154444049597,35.11576829328428,34.66995568759762,34.95559310913086,28440000
2016-07-06,34.705161889897475,35.35776902803737,34.663506356617944,35.157920837402344,28902000
2016-07-07,35.21444999704518,35.2174237705734,34.74631902224402,35.073116302490234,21174000
2016-07-08,35.236769615941654,35.600761817162095,35.11527241139529,35.594810485839844,29946000
2016-07-11,35.676139452037354,36.147739901193745,35.64886472349586,36.06195068359375,28822000
2016-07-12,36.29601436340188,36.478504194121754,36.07682528820751,36.32527160644531,26468000
2016-07-13,36.474537033417846,36.474537033417846,36.15220039950056,36.175010681152344,20436000
2016-07-14,36.39617863693498,36.50527752833431,36.23005215536842,36.48841857910156,21408000
2016-07-15,36.74629226191535,36.74629226191535,36.43089819075422,36.47999572753906,32342000
2016-07-18,36.593055044872514,37.447492820416564,36.52362916168582,37.351287841796875,38698000
2016-07-19,37.18615476278416,37.519399021382256,37.11772013347532,37.3617057800293,30436000
2016-07-20,37.39343856053964,37.72023962001864,37.39343856053964,37.543697357177734,22502000
2016-07-21,37.539729022096616,37.59676039889288,37.2679768195528,37.411293029785156,19062000
2016-07-22,37.55560145992534,37.66122717428025,37.324509740146084,37.65279769897461,20920000
2016-07-25,37.573451271824965,37.67957639742075,37.39443085942511,37.56551742553711,21466000
2016-07-26,37.56551730443537,37.65180592231987,37.3289736696409,37.571964263916016,23792000
2016-07-27,37.63742951484033,37.90918175235793,37.48667506795926,37.786197662353516,32172000
2016-07-28,38.12688319509839,38.133330155205364,37.643376320784256,37.978111267089844,73464000
2016-07-29,39.558554056526994,39.8674974028494,39.17621221505224,39.2426643371582,101810000
2016-08-01,39.011074854323425,40.04354191939921,38.93024192831115,39.718727111816406,60594000
2016-08-02,39.539698681627094,39.787153699487206,39.400846924797094,39.67805480957031,39928000
2016-08-03,39.49705593897711,39.649297258183886,39.32596936986431,39.61854934692383,29206000
2016-08-04,39.5848298354815,39.68202608054632,39.37060083648168,39.535736083984375,21520000
2016-08-05,39.67756561496506,40.03015076539793,39.56350663425749,40.015769958496094,36146000
2016-08-08,39.969655130847045,40.04900117694204,39.75592173222037,39.93147277832031,24426000
2016-08-09,39.894776347184,40.33315458093729,39.87345294706116,40.043052673339844,32154000
2016-08-10,40.02171980145878,40.21164784135088,39.99394944662197,40.0931282043457,18370000
2016-08-11,40.191315100155975,40.36041915480617,39.96964789374153,40.0787467956543,25646000
2016-08-12,39.92452464166716,40.02866347512785,39.8526168244554,40.02172088623047,17946000
2016-08-15,40.02965811702832,40.235457656536525,39.87196107490603,39.96767044067383,18596000
2016-08-16,39.845671881558154,39.88336238101851,39.52333525412157,39.73112106323242,21158000
2016-08-17,39.6721127925022,39.951307041789796,39.488627908802975,39.94089126586914,21322000
2016-08-18,39.93792182214594,40.06883977828864,39.752950031381644,39.80849075317383,17292000
2016-08-19,39.66168959744993,39.73310177824422,39.51738591598369,39.654747009277344,22416000
2016-08-22,39.59821849911361,39.63739588701339,39.390932093681144,39.52085876464844,17056000
2016-08-23,39.69590775294846,39.72169559054514,39.4732492977838,39.50300216674805,18350000
2016-08-24,39.51639840253241,39.59574444443538,39.21389823877548,39.354736328125,25672000
2016-08-25,39.27538219080895,39.41026892087024,39.038838567725755,39.24066925048828,24054000
2016-08-26,39.299691888546334,39.64236070790431,39.14695491713737,39.33589172363281,24978000
2016-08-29,39.327463581399044,39.59872021438645,39.19208118770639,39.46482849121094,15474000
2016-08-30,39.319022567336084,39.57292454292385,39.14991853209684,39.27141571044922,23348000
2016-08-31,39.15637154554596,39.25406341884714,39.037356276639436,39.16876983642578,21428000
2016-09-01,39.274393783780425,39.319522501186384,38.99421209636444,39.24563217163086,26070000
2016-09-02,39.437549226140746,39.528298512721626,39.337871051194526,39.51689147949219,26998000
2016-09-06,39.59226867828846,40.21214540241337,39.44548305044499,40.06982421875,39790000
2016-09-07,40.065358929616714,40.19776374760975,39.85658563376365,40.068336486816406,22906000
2016-09-08,39.930970295705485,40.08965857723117,39.72219322322258,39.81294250488281,23554000
2016-09-09,39.61111224275351,39.758892905676326,39.07950668293214,39.100830078125,37752000
2016-09-12,38.904462456527234,39.68054565655493,38.8538780264699,39.61360168457031,37274000
2016-09-13,39.375063413723495,39.463334549811115,38.89502975873551,39.11273193359375,36180000
2016-09-14,39.053721640598,39.490117288444864,39.053721640598,39.19902038574219,25842000
2016-09-15,39.17670633103821,39.85311505544717,39.10975858250415,39.73310852050781,31144000
2016-09-16,39.62351678061481,39.62351678061481,39.35572955096431,39.57144546508789,42612000
2016-09-19,39.72715541149446,39.86997600750059,39.352751232306396,39.44350051879883,22990000
2016-09-20,39.67210525050568,39.80847886898965,39.585816635808385,39.66119384765625,20984000
2016-09-21,39.73459266546319,39.96518876853298,39.475234948986504,39.921546936035156,26970000
2016-09-22,40.168011803845225,40.61729757663681,40.054452234070325,40.46307373046875,35186000
2016-09-23,40.4229074968412,40.515143675980205,40.30339658882024,40.41398239135742,28234000
2016-09-26,40.15908288107403,40.171976800014576,39.69442130399534,39.80352020263672,29454000
2016-09-27,39.76286025686579,40.34108145584214,39.76286025686579,40.2042121887207,27346000
2016-09-28,39.874437357579566,40.180410693029,39.80997153921569,40.17098617553711,29406000
2016-09-29,40.030642820692655,40.36190454568348,39.71475315916564,39.80302429199219,27000000
2016-09-30,39.85063332153985,40.07329178970308,39.7464944906586,39.873443603515625,33204000
2016-10-03,39.79856435558325,39.84765810849905,39.485156586603146,39.690956115722656,29784000
2016-10-04,39.920061304868916,39.99444726895475,39.655747290474906,39.81046676635742,25174000
2016-10-05,39.96965218742491,40.093627537747835,39.707320679083224,39.73310852050781,24276000
2016-10-06,39.87443755737931,40.01676252758669,39.697403424625215,39.82484817504883,21998000
2016-10-07,39.966183275553064,39.966678904553675,39.51441554978678,39.70732116699219,23262000
2016-10-10,39.86699760521317,40.533985551315936,39.78319090953712,40.37480163574219,29922000
2016-10-11,40.374804560718644,40.65697258095822,40.037591454310316,40.146690368652344,34432000
2016-10-12,40.265207629577795,40.39116548922834,40.09610734911758,40.25578689575195,18158000
2016-10-13,39.973126162770036,39.9974233342632,39.603678249481995,39.87443923950195,27380000
2016-10-14,40.04155648128074,40.17247440941919,39.78715884269366,39.90022277832031,22238000
2016-10-17,39.969159409287585,40.34108548678451,39.86204678742056,40.01131057739258,21128000
2016-10-18,40.37678220965238,41.10079771896165,40.33314416254673,40.73780059814453,45786000
2016-10-19,40.80674156074314,41.14990604721814,40.80674156074314,41.003116607666016,30002000
2016-10-20,41.038814054720824,41.083942776470344,40.69118896392038,40.744747161865234,27878000
2016-10-21,40.6639107485067,40.876652851654306,40.580104055872475,40.8652458190918,32316000
2016-10-24,41.16427631898356,41.55355690969719,41.11220501274694,41.4444580078125,28952000
2016-10-25,41.581333001019736,41.581333001019736,40.926743282825875,41.087913513183594,37814000
2016-10-26,41.01699692821822,41.046257956904626,40.482913161281594,40.7680549621582,35898000
2016-10-27,40.81317851020371,40.9902126297614,40.39661940613847,40.53249740600586,59470000
2016-10-28,41.156844146689444,41.60612995611763,40.51514456045022,40.64209747314453,87098000
2016-10-31,40.78441521557222,40.794335361866395,40.06883291599354,40.16305160522461,44854000
2016-11-01,40.21115832740182,40.364394714683094,39.585825836102025,39.94386672973633,47118000
2016-11-02,40.00734138767822,40.00734138767822,38.92825873267209,39.09785842895508,47014000
2016-11-03,38.90345691082415,39.17620414928483,38.61236383578009,38.78890609741211,43504000
2016-11-04,38.24886688601086,39.10082649137992,38.23399045197834,38.7348518371582,39412000
2016-11-07,39.42168309064155,39.92006263479361,39.32002239578502,39.77278137207031,39852000
2016-11-08,39.77277024246821,40.46752460917176,39.6532555870462,40.26618957519531,35382000
2016-11-09,39.76285928752729,40.25280933150319,39.277373687692986,39.949317932128906,61970000
2016-11-10,40.16801016326997,40.17098393698969,38.096629213823995,38.69468688964844,118192000
2016-11-11,38.52211510799207,38.54591664906911,37.963234795669976,38.27119064331055,71852000
2016-11-14,38.27168658399166,38.27267784194953,36.87473171458264,37.3522834777832,73766000
2016-11-15,37.95976302390478,38.69221187384428,37.94736851564315,38.44029235839844,58878000
2016-11-16,38.20523510608127,38.85387346355575,38.002413130908955,38.679317474365234,35968000
2016-11-17,38.80428024808149,39.12165680622231,38.67286669432445,38.98577880859375,30674000
2016-11-18,39.035868182676,39.240177027686165,38.44971317756701,38.4804573059082,36126000
2016-11-21,38.58608200287654,39.00511923996202,38.49681961045935,38.918338775634766,32616000
2016-11-22,39.126126495505844,39.363165796299874,38.865777497779675,38.928260803222656,27884000
2016-11-23,39.15240745114739,39.15240745114739,38.31581979576557,38.63071823120117,26260000
2016-11-25,38.809739256102695,38.82412006339192,38.590550177046076,38.691715240478516,12270000
2016-11-28,38.59848168523095,39.659214658057756,38.586083394615024,38.96743392944336,51508000
2016-11-29,39.095866753406405,39.495563093787545,38.945112329313915,39.148433685302734,31240000
2016-11-30,39.13158268627295,39.25109359617068,38.34061931970273,38.47599792480469,45582000
2016-12-01,38.60839895306005,38.610877097627665,37.35922113621521,37.90322494506836,57342000
2016-12-02,37.78273028415342,38.209205806714394,37.638918418784954,37.9096794128418,34376000
2016-12-05,38.1844107297002,38.680312167748255,38.03415189782094,38.592041015625,33770000
2016-12-06,38.689728367066834,38.942143501208534,38.34904587457742,38.49087142944336,34682000
2016-12-07,38.67782501074588,39.275383228959,38.35945342575898,39.24910354614258,40588000
2016-12-08,39.32249270600432,39.62251465744497,39.07255954023717,39.43258285522461,32250000
2016-12-09,39.63739604608283,40.165532207710385,39.57540837578578,40.1407356262207,38090000
2016-12-12,39.911140130691045,40.234963704932305,39.89675932211889,40.06387710571289,32572000
2016-12-13,40.286536976605205,40.87715653989558,40.26422231945155,40.43282699584961,42564000
2016-12-14,40.46158471019402,40.87516625794876,40.305870201888204,40.55927658081055,35994000
2016-12-15,40.53299436488209,40.81268422036397,40.2671896872104,40.44819641113281,35394000
2016-12-16,40.58011236120299,40.624246046800025,40.07478639040175,40.16008377075195,51978000
2016-12-19,40.13230881964824,40.47646450909607,39.89526574314572,40.291988372802734,25272000
2016-12-20,40.33513114188209,40.48985440647992,40.21760275231205,40.425880432128906,25438000
2016-12-21,40.4516632080779,40.4516632080779,39.92501774314116,40.27710723876953,29192000
2016-12-22,40.1233875826191,40.221079470772125,39.97114244961582,40.15214920043945,22632000
2016-12-23,40.06932996020436,40.216115593068096,39.92551810127754,40.05891418457031,15310000
2016-12-27,40.10255166351089,40.46555260028408,39.95973484802999,40.1645393371582,19520000
2016-12-28,40.33314821026562,40.33314821026562,39.79311313528553,39.898738861083984,24296000
2016-12-29,39.78765904771357,39.95725497065917,39.579876990598294,39.81493377685547,21148000
2016-12-30,39.83129470831845,39.83526352357039,39.15736415123438,39.297706604003906,34718000
2017-01-03,39.702854194904596,40.23941984674428,39.51788622033972,40.06932830810547,39180000
2017-01-04,40.1625565476015,40.33810757528948,39.87592787720034,40.05742645263672,30306000
2017-01-05,40.04403340203686,40.353476112126216,39.96568241249987,40.317771911621094,26810000
2017-01-06,40.41546657695587,41.108242374195086,40.24239748074538,40.922279357910156,40342000
2017-01-09,40.97980510527993,41.18114019886735,40.74425269352273,41.01997375488281,28178000
2017-01-10,41.01451533275923,41.130556829441424,40.81962721252851,40.96194839477539,23948000
2017-01-11,40.99219937898795,41.154852694030204,40.73681048196341,41.152870178222656,26508000
2017-01-12,41.07947755844788,41.178660105260526,40.713998480740365,41.13650894165039,26990000
2017-01-13,41.20940230155456,41.390405238780495,41.13601138212753,41.20642852783203,25804000
2017-01-17,41.15981329531637,41.168738399991994,40.82260021577669,41.03385543823242,28818000
2017-01-18,41.149895441987034,41.15039107092733,40.866236784204396,41.11121368408203,20554000
2017-01-19,41.110223893139775,41.308585195718834,40.86029069494082,40.880619049072266,21410000
2017-01-20,41.114689478853236,41.122131480968704,40.89203098037969,41.069068908691406,26124000
2017-01-23,41.23965612545367,41.93044562655304,41.09534864255038,41.87540054321289,49148000
2017-01-24,42.001850081379125,42.226990466708926,41.76877584981214,42.1283073425293,33768000
2017-01-25,42.327661405847955,42.58751095898606,42.13872084245832,42.57065200805664,33108000
2017-01-26,42.600408910411446,42.69710953150405,42.17740659261196,42.49775695800781,69866000
2017-01-27,42.59793101150635,42.994649861401655,41.749940071620735,41.905155181884766,75050000
2017-01-30,41.509924101168345,41.51835357765872,40.71499193064889,40.85384750366211,70338000
2017-01-31,40.6391110879907,40.81614897663042,40.33661098437903,40.6733283996582,40404000
2017-02-01,40.862277255504374,40.862277255504374,40.279591580894134,40.4278678894043,45020000
2017-02-02,40.415963207605486,40.890045571153436,40.26967320585819,40.5776252746582,33784000
2017-02-03,40.81913249418466,40.967900639756444,40.63167880428613,40.67036056518555,30562000
2017-02-06,40.70953830527926,40.782433600042616,40.380754685087716,40.7442512512207,27018000
2017-02-07,40.93665983419373,41.25502766801395,40.82706529787356,41.12162780761719,33332000
2017-02-08,41.18609679896117,41.37057292412029,40.91731834970197,41.15386199951172,26044000
2017-02-09,41.24560383092649,41.258002122135224,40.98624989062791,41.16278839111328,23884000
2017-02-10,41.30610711108008,41.514384795626334,41.18510931581262,41.40032958984375,28302000
2017-02-13,41.54165415463763,41.742001749220194,41.46975012406314,41.60414123535156,25914000
2017-02-14,41.64430975388923,41.75489555205995,41.44892599840214,41.657203674316406,27266000
2017-02-15,41.59670225604755,41.74349166835377,41.468266249563726,41.5228157043457,27144000
2017-02-16,41.58133436194617,41.78911642656534,41.51984231190419,41.76333236694336,20102000
2017-02-17,41.72068022980646,41.999874481419,41.64480737399382,41.980533599853516,29224000
2017-02-21,42.05194672997789,42.2607200495014,41.98053453364208,42.115421295166016,25206000
2017-02-22,42.0524406595054,42.33956497001687,41.988466684456796,42.21906280517578,24488000
2017-02-23,42.205175022443974,42.28154350116454,41.77969079569566,42.20120620727539,27734000
2017-02-24,42.03508067927258,42.07028925393276,41.80250205149641,42.04301452636719,26924000
2017-02-27,41.901188394748345,42.18484328748124,41.80498340612028,42.13525390625,20206000
2017-02-28,42.02021022187179,42.09360493893764,41.727130766085985,41.90019989013672,27662000
2017-03-01,42.22005449939924,42.548342504149474,42.10302173633667,42.48635482788086,36374000
2017-03-02,42.46452681776513,42.47345570558734,42.08814014521589,42.1441764831543,25018000
2017-03-03,42.099052588802756,42.19228380868571,41.889288019207335,42.105995178222656,20100000
2017-03-06,41.99590321317,42.099050792067395,41.71373520399392,42.0162353515625,20958000
2017-03-07,42.01574305780184,42.31675634233,41.929458207599495,42.208648681640625,20774000
2017-03-08,42.306338775894645,42.495279359597134,42.21360696895922,42.33212661743164,20576000
2017-03-09,42.334609515705885,42.6827302507208,42.284025089466375,42.5404052734375,26954000
2017-03-10,42.78141556967632,42.85728842947138,42.529004188344544,42.717445373535156,26732000
2017-03-13,42.688678401756775,43.00109490777939,42.68818277278567,42.87464141845703,23332000
2017-03-14,42.83348114251216,43.023412972764405,42.653965087417475,42.94059753417969,21234000
2017-03-15,43.04126871736553,43.13747371728028,42.71198943654988,43.06358337402344,26658000
2017-03-16,43.169704643064435,43.27781229685549,43.0204370828692,43.1434211730957,22090000
2017-03-17,43.325909627095676,43.362608871455045,43.062586873676324,43.260948181152344,37366000
2017-03-20,43.11762739147145,43.16027417895793,42.87910124552709,43.039772033691406,30844000
2017-03-21,43.14639569391614,43.31549976676178,42.03706450117131,42.15856170654297,50760000
2017-03-22,42.12582926727601,42.416926160608924,42.002845180784206,42.141700744628906,27334000
2017-03-23,41.72464769885976,41.73952413545238,41.30858796954817,41.63835906982422,65754000
2017-03-24,41.754894042196646,41.85407658673176,41.11518460122445,41.41470718383789,42114000
2017-03-27,41.06509234598481,41.724146394759245,40.87714683132068,41.58182144165039,38692000
2017-03-28,41.64034651723007,41.92350579956987,41.27238549049056,41.68696212768555,30384000
2017-03-29,41.792087537760835,42.23046188484788,41.724148537435966,42.14516830444336,29146000
2017-03-30,42.24980312939076,42.25079438729793,41.99144045777014,42.12582778930664,18988000
2017-03-31,41.99441612107076,42.12979850003322,41.91556949620484,42.042518615722656,28820000
2017-04-03,42.08963218639071,42.59793188847887,42.0291313971322,42.48635482788086,39388000
2017-04-04,42.05243689345709,42.300387573764205,42.02813594100939,42.2790641784668,26970000
2017-04-05,42.385188414042496,42.67677716272042,42.0286344337109,42.097564697265625,37104000
2017-04-06,42.126824424764145,42.32965019548455,41.854080911819246,41.90863037109375,30672000
2017-04-07,41.9036690402863,41.947307093025614,41.521826620248596,41.759857177734375,22232000
2017-04-10,41.73208690447786,41.9899577562754,41.694895812116435,41.740020751953125,20924000
2017-04-11,41.740014850291004,41.88531357959938,41.38792535315097,41.64976119995117,19486000
2017-04-12,41.579343169696955,41.84018775306361,41.53620075289303,41.72811508178711,22716000
2017-04-13,41.707289127586236,41.8406889941235,41.54910024475379,41.664642333984375,21474000
2017-04-17,41.724149114766554,42.43130569924211,41.70679075101963,42.40601348876953,20982000
2017-04-18,42.27757567030453,42.51808814517669,42.21360548114079,42.349483489990234,18724000
2017-04-19,42.518087207486694,42.657434616117435,42.326668489768906,42.474449157714844,21606000
2017-04-20,42.634626521743776,42.84240857293472,42.52354509231196,42.6514892578125,23776000
2017-04-21,42.678262980271256,42.76852042174209,42.534950537888896,42.5954475402832,23458000
2017-04-24,43.066063164962536,43.63734180430054,42.950517288308454,43.58626174926758,33930000
2017-04-25,43.75138851215543,44.24679419965189,43.60361164510902,44.077693939208984,40760000
2017-04-26,44.20415594899179,44.28350199098391,43.894713195392065,44.09257888793945,26466000
2017-04-27,44.135218492672465,44.302831871446905,43.99537546738555,44.206626892089844,46846000
2017-04-28,46.06923926718595,46.41140864894672,45.782606814790455,45.847076416015625,76918000
2017-05-01,45.82872591991536,46.40744273241571,45.662599413681235,46.258670806884766,46556000
2017-05-02,46.28098462364727,46.76300077145855,46.16841254108988,46.47041702270508,35026000
2017-05-03,46.41885480391298,47.120551994682266,46.37719926559129,47.03377151489258,36496000
2017-05-04,47.12501134273626,47.56388511814019,46.98020823231259,47.344696044921875,38752000
2017-05-05,47.44387462481954,47.52917199142288,47.01640788415368,47.124515533447266,32310000
2017-05-08,46.9841753592796,47.65562394932024,46.98169343110504,47.541568756103516,37534000
2017-05-09,47.67248766438514,47.71563008444086,47.328827623964095,47.44337844848633,33758000
2017-05-10,47.41908542404373,47.44338259547366,47.10270008245912,47.350650787353516,22920000
2017-05-11,47.17460339933577,47.506860214208146,47.0417029434433,47.40271759033203,20622000
2017-05-12,47.49991541203768,47.506358588677905,47.212787333116125,47.36552429199219,24298000
2017-05-15,47.37296389248894,47.740425493350756,47.250475431059215,47.56785202026367,26754000
2017-05-16,47.78257707538277,47.899110413907586,47.62388879195865,47.835140228271484,22030000
2017-05-17,47.591661664099476,47.65563186004673,46.6177089989754,46.722347259521484,48982000
2017-05-18,46.773412126361,47.317911561233295,46.677702778584404,47.13542175292969,36010000
2017-05-19,47.250471573982466,47.58471087173579,47.20980729982092,47.34122085571289,27206000
2017-05-22,47.457762216999214,47.84555974302487,47.43594319112979,47.80836486816406,27748000
2017-05-23,48.10045009405609,48.326082340687556,47.82968534461485,48.12970733642578,30908000
2017-05-24,48.36327930777506,48.505104865122426,48.18326761826349,48.47981643676758,22660000
2017-05-25,48.54874689789366,49.38087012749625,48.490228626953694,49.18647384643555,39082000
2017-05-26,49.19341072470701,49.411112893017176,48.96331404981225,49.25639343261719,32728000
2017-05-30,49.21821711290627,49.47211916056889,49.16168513662626,49.400211334228516,30324000
2017-05-31,49.4021916056007,49.57030062685248,48.681645460182665,48.949928283691406,34482000
2017-06-01,49.14184620402956,49.24995386101215,48.66230812047207,49.00944137573242,26128000
2017-06-02,49.02431504481306,49.41558195960664,48.94893782326675,49.397727966308594,34710000
2017-06-05,49.48550256057955,49.95710297789331,49.36450099180219,49.78254699707031,27578000
2017-06-06,49.754286420123485,50.01711356956461,49.332275337280144,49.42550277709961,31042000
2017-06-07,49.54500939385229,49.78403497945871,49.38532984527418,49.66452407836914,27482000
2017-06-08,49.79990530911829,49.8678443164769,49.4225273345688,49.80238723754883,33758000
2017-06-09,49.86239546518964,49.86289109422075,47.2777543862518,48.10839080810547,72958000
2017-06-12,47.543056479016165,48.00325364185304,46.456040021132644,47.6962890625,84042000
2017-06-13,48.20360007931239,48.4946931975367,47.70620801702307,48.12723159790039,40108000
2017-06-14,48.37518563311959,48.58346332407486,47.58223595357626,47.999786376953125,30110000
2017-06-15,47.012445428990574,47.640256025476745,46.63308116116803,47.61545944213867,48552000
2017-06-16,47.50289261957261,47.604057688648595,47.04616859684755,47.53810119628906,51184000
2017-06-19,48.08507713936887,48.56362395480943,48.01317310151894,48.361297607421875,29376000
2017-06-20,48.365756857459786,48.637512873246415,48.013171700930485,48.05234909057617,25946000
2017-06-21,48.141613193262096,48.576022547275464,48.07516107389255,48.52841567993164,23232000
2017-06-22,48.44311960624691,48.623135088158875,48.26658109423568,48.43072509765625,20190000
2017-06-23,48.37518239707593,48.92662450391331,48.32360671509279,48.90034103393555,31280000
2017-06-26,49.09424102322371,49.29210672068234,48.11880149870865,48.20608139038086,30358000
2017-06-27,47.685876593994784,47.96457140280664,46.966321722979984,47.01591110229492,48872000
2017-06-28,47.14336403741157,47.767205827386036,46.42430472810103,47.656620025634766,54912000
2017-06-29,47.17757135519111,47.19294341777534,46.09898451156939,46.506614685058594,64134000
2017-06-30,46.81258952922118,46.86267453322809,46.09948167869757,46.10295486450195,45754000
2017-07-03,46.278513366526404,46.329097795202735,45.39035370820411,45.596153259277344,33896000
2017-07-05,45.83121099349262,46.43075566353201,45.5549942799669,46.23090744018555,41882000
2017-07-06,45.870872582059434,46.42330587139221,45.61548370224968,46.004268646240234,40298000
2017-07-07,46.167919534397264,46.84581886255221,46.10841001006058,46.6548957824707,33266000
2017-07-10,46.711434728811206,47.26585443061606,46.711434728811206,47.16022491455078,29030000
2017-07-11,47.136422708071954,47.35312987294375,46.86863548745565,47.28568649291992,29224000
2017-07-12,47.649176092919355,48.08408102934724,47.45974368524639,47.98638916015625,32042000
2017-07-13,48.142106959478454,48.53386950434933,47.84456688766295,48.045406341552734,30492000
2017-07-14,48.30079140501328,48.47633863354186,48.10986832923066,48.445098876953125,21592000
2017-07-17,48.415845173651554,48.76446151150761,48.14210664466334,48.39799118041992,33210000
2017-07-18,48.269058760287045,49.13639059596176,48.20360168122749,48.942989349365234,28266000
2017-07-19,49.09473244937052,49.37194038363207,48.945960521392344,49.23160171508789,28242000
2017-07-20,49.441361232310015,49.52467229278483,48.82743589851954,49.20283508300781,28368000
2017-07-21,49.04464731069936,49.34764308459168,48.80512609631996,49.284664154052734,29266000
2017-07-24,49.29756289090254,49.897107537177526,49.107631039352995,49.5063362121582,79690000
2017-07-25,48.13715199644024,48.43617898692198,47.79497879664308,48.05433654785156,118672000
2017-07-26,48.24029311170584,48.298311967463555,47.617938258242155,47.86985397338867,44432000
2017-07-27,48.06177114366829,48.07863387958749,46.468936858231274,47.235103607177734,74358000
2017-07-28,47.010955652473044,47.69529817946804,46.87805142208544,47.52371597290039,36276000
2017-07-31,47.606533375916996,47.665547275688176,46.70051981236371,46.88747787475586,45670000
2017-08-01,47.002024441726235,47.33328617654758,46.86069452596659,46.94003677368164,28052000
2017-08-02,47.02979877062842,47.06600238669588,46.24379552740567,46.99359893798828,40788000
2017-08-03,47.06600380879144,47.11063311885888,46.58696136020735,46.629608154296875,22478000
2017-08-04,46.81060677422712,46.98863593588124,46.604811041169754,46.90185546875,25092000
2017-08-07,46.98764733959947,47.059059529941955,46.78829477158166,46.899871826171875,28916000
2017-08-08,46.82747365367446,47.234112649723684,46.737715621479595,46.822513580322266,30102000
2017-08-09,46.53786138898923,46.80118412012238,46.313216631395555,46.61869430541992,28018000
2017-08-10,46.36678349475481,46.43124931832855,45.711202503418164,45.800960540771484,54148000
2017-08-11,45.8069057051772,46.28544870248275,45.683425993885166,46.123291015625,32334000
2017-08-14,46.56861480050015,46.66630668682234,46.3414918529843,46.56167221069336,23012000
2017-08-15,46.665802163601505,46.766967217259534,46.448103775947395,46.51951217651367,22130000
2017-08-16,46.676717679241115,47.1056713162166,46.616712522265445,46.826480865478516,26906000
2017-08-17,46.761025326399924,46.803672123775854,46.001801100333104,46.00279235839844,33914000
2017-08-18,45.969062970150496,46.1694067852082,45.79401136523501,45.92938995361328,26748000
2017-08-21,45.90906726416016,46.032047577115684,45.553504525158544,45.666072845458984,26024000
2017-08-22,45.96807115334627,46.71192317895294,45.928893766235085,46.63456344604492,35502000
2017-08-23,46.46596347452611,46.88400953914702,46.378687363437045,46.742679595947266,22690000
2017-08-24,46.798706948541536,46.92763857425652,46.15552057307429,46.46050262451172,25892000
2017-08-25,46.57555459593632,46.650931821234515,46.12379065657195,46.14362716674805,23746000
2017-08-28,46.21206702093271,46.35934830175127,45.92593015320183,46.02610397338867,20988000
2017-08-29,45.620447528143664,46.524970378782186,45.58870835761556,46.403968811035156,23172000
2017-08-30,46.40000625624222,46.90532838288006,46.31966895942855,46.794742584228516,22406000
2017-08-31,46.92714896244938,47.46768346553586,46.924670817438766,47.370487213134766,33866000
2017-09-01,47.48106844305831,47.52371523369903,47.1245144866378,47.209312438964844,20858000
2017-09-05,46.9549139384626,47.179558703783755,46.39652928844489,46.6881217956543,29148000
2017-09-06,46.80663768785879,46.837877442623125,46.25172248484503,46.71489715576172,27830000
2017-09-07,46.825488942567944,47.13542730257057,46.49224088730193,47.10517501831055,22332000
2017-09-08,47.09575768667482,47.14534707117215,46.615228340858096,46.684654235839844,19998000
2017-09-11,46.97177848336426,47.24353070952721,46.664318271199875,46.77788162231445,26748000
2017-09-12,46.957897148866586,47.01591600986999,46.490757353099404,46.94450759887695,25696000
2017-09-13,46.887476971137396,47.25196478794652,46.84978646862486,47.132450103759766,21908000
2017-09-14,46.912266952261305,47.012936379145025,46.53339835113722,46.62117385864258,28548000
2017-09-15,46.619195067805805,46.70151488008592,46.18081690762232,46.381160736083984,39886000
2017-09-18,46.367270827618626,46.45901136464132,45.89071036723513,46.10642623901367,29474000
2017-09-19,46.287935896352124,46.51257690784219,45.95320092623724,46.45901870727539,24854000
2017-09-20,46.502159177528064,47.11062884010076,46.49075214483627,46.9886360168457,40080000
2017-09-21,47.01789350683437,47.24947706191445,46.58397985277418,46.98912811279297,27414000
2017-09-22,46.75209671931639,47.11063322132889,46.65638735519029,46.77639389038086,21496000
2017-09-25,46.58745392106083,46.60233035677024,45.846575641943474,46.33107376098633,37468000
2017-09-26,46.45058252599253,46.81705283360065,46.372727164860606,46.48727798461914,33454000
2017-09-27,46.75060923698249,47.87580811223857,46.71143184626798,47.6015739440918,46692000
2017-09-28,47.42056550302476,47.91299365566856,47.385852560660275,47.84505844116211,28018000
2017-09-29,47.90406977893534,48.39055039686221,47.90406977893534,48.28690719604492,40622000
2017-10-02,48.38261838684529,48.4862615915967,47.70323214774161,47.97697067260742,30782000
2017-10-03,47.981436311939255,48.22343947455166,47.74092760322641,48.20558547973633,21666000
2017-10-04,48.18970842825002,48.32062634786163,47.88472638912361,47.9427490234375,21156000
2017-10-05,48.2407923937289,48.92116993789947,48.115825784612824,48.855709075927734,35618000
2017-10-06,48.59834098059266,49.305497672968436,48.52445063715228,49.274749755859375,31060000
2017-10-09,49.342189725585996,49.612950711892005,49.16862499077445,49.20879364013672,25910000
2017-10-10,49.35706013252644,49.46467214667661,48.653376761440235,48.98513412475586,23268000
2017-10-11,49.046633202132725,49.96554073338551,48.99208374382419,49.87032699584961,36300000
2017-10-12,49.78056896083007,50.16241138556229,49.644690944066795,49.87032699584961,30614000
2017-10-13,50.04190738984053,50.32208910626672,49.94024669548672,49.98041534423828,26552000
2017-10-16,50.067687667759934,50.18521604777467,49.665513148471184,50.053802490234375,21420000
2017-10-17,49.95908925000116,50.312170026590096,49.89015898984371,50.13562774658203,20260000
2017-10-18,50.138109503109504,50.398950323668224,49.85395520422401,50.22191619873047,25596000
2017-10-19,49.825688703861445,49.953137230765876,49.456244609722525,49.68138122558594,34284000
2017-10-20,49.9397478654726,50.01909011648272,49.70270480350427,49.84156036376953,32120000
2017-10-23,49.84701473350631,49.87726701857971,48.752064375047425,48.87306594848633,32786000
2017-10-24,48.920672638766945,49.05754190601021,48.45353286580902,49.01935577392578,28902000
2017-10-25,48.90926222716537,49.31391866974858,48.48526868881252,49.1666374206543,30574000
2017-10-26,49.51426515906701,49.91297029240875,49.117542541618604,49.16465377807617,47396000
2017-10-27,51.126937649734316,52.74506415043374,50.92163374493934,51.25983810424805,103682000
2017-10-30,51.03618451573967,51.56531193241497,50.69748455295272,51.23305892944336,46804000
2017-10-31,51.226613217782514,51.623332045146604,50.89435642328823,51.22859573364258,30326000
2017-11-01,51.39124964083282,51.96351945533554,51.276199409840444,51.702674865722656,43262000
2017-11-02,51.57324667705165,51.84748082988711,51.01138882256397,51.72102355957031,26694000
2017-11-03,51.71011690424196,52.1023750755153,51.45720614231456,52.069149017333984,27770000
2017-11-06,52.025021437948745,52.198090554738,51.67292808916766,51.70664978027344,18294000
2017-11-07,52.052281947392004,52.23874436085637,51.7225108881764,52.18815994262695,26104000
2017-11-08,52.07212952188472,52.69894891390455,51.923361359436484,52.48075485229492,24276000
2017-11-09,51.9704624781529,52.11327928093476,51.36794037649405,51.95657730102539,35892000
2017-11-10,51.76565965173881,51.90252892161213,51.63424608418629,51.779544830322266,19442000
2017-11-13,51.61341468168787,52.00715972762755,51.53704620485674,51.63325119018555,18814000
2017-11-14,51.46068256847816,51.68780550451338,51.04461904670121,51.65507507324219,21012000
2017-11-15,51.32579228739249,51.55539335267362,51.115528318717686,51.395713806152344,18106000
2017-11-16,51.51175441091312,52.15692332926445,51.474563321821236,51.993770599365234,23768000
2017-11-17,52.059732345725266,52.119238094285166,51.26281764986963,51.369930267333984,26712000
2017-11-20,51.37538159051283,51.509277080214154,51.21074197113325,51.30893325805664,17526000
2017-11-21,51.57573071568679,52.08899050660321,51.53110140348238,52.08452606201172,22206000
2017-11-22,52.127165456433545,52.33891630339723,51.93326860187306,52.16485595703125,14538000
2017-11-24,52.287345319683965,52.56901768746949,52.1648568657483,52.39297103881836,16492000
2017-11-27,52.49463282792565,53.21220141941328,52.30618788455397,53.1611213684082,35430000
2017-11-28,53.25931305287393,53.55734875155658,52.29478502530567,52.72869873046875,36424000
2017-11-29,52.37611037638018,52.50455016630256,51.060484068236356,51.443817138671875,55866000
2017-11-30,51.5707700105157,51.7790476831608,51.08131558808607,51.383811950683594,45092000
2017-12-01,51.098172210575164,51.436872173526986,50.42821050239636,50.8333625793457,37762000
2017-12-04,50.968740158844284,51.144291173897486,50.04735460285429,50.178768157958984,38778000
2017-12-05,50.13513216130668,51.409102902921646,49.705187277347164,50.562103271484375,38998000
2017-12-06,50.40937254111852,51.5529211214147,50.3493673782627,51.21273422241211,28710000
2017-12-07,51.37885764265905,52.016088976422,51.343649066884396,51.80037307739258,30866000
2017-12-08,52.1594044449779,52.38801426138552,51.864342509952124,52.038902282714844,31170000
2017-12-11,52.12469634218395,52.36719135963325,51.778062476241935,52.16734313964844,23254000
2017-12-12,52.06964815176121,52.68952491547265,51.81525048579467,52.00865173339844,33882000
2017-12-13,52.17279382474139,52.34139848224902,51.900046545329204,52.13857650756836,27680000
2017-12-14,52.34189504817109,52.91664303619711,52.248168206925044,52.44008255004883,30962000
2017-12-15,52.752995226952784,53.3217956733948,52.57000977004066,53.16062545776367,63760000
2017-12-18,53.38130306778893,53.87919075347387,53.07979796083422,53.80976486206055,30292000
2017-12-19,53.70711472156282,53.80381534382026,53.174018443228746,53.54644012451172,26350000
2017-12-20,53.60297862933039,53.618350695857906,52.99202694955412,53.23799514770508,28728000
2017-12-21,53.32873612749289,53.434361844055864,53.01185519437691,53.10359573364258,25640000
2017-12-22,53.06144911669449,53.14674270355998,52.94441635753417,53.00491714477539,17788000
2017-12-26,52.993996543242304,53.004907945913956,52.49809523569069,52.85564041137695,18376000
2017-12-27,52.89284270344113,52.97565814262383,52.48520868414274,52.575462341308594,22324000
2017-12-28,52.67712829828397,52.80556809957497,52.2372632182235,52.36471176147461,19884000
2017-12-29,52.34189390273837,52.46884301517318,52.20353397421298,52.23824691772461,23606000
2018-01-02,52.21940716939454,53.357995537474515,52.21940716939454,53.22063064575195,31766000
2018-01-03,53.25633966895291,54.35575453121397,53.23154686819996,54.128631591796875,31318000
2018-01-04,54.404838927468575,54.751472716786864,54.264500273399186,54.33888244628906,26052000
2018-01-05,54.720237383951606,55.22258571487363,54.63841320373191,55.05943298339844,30250000
2018-01-08,55.09463841939119,55.499294853339755,55.045049041804695,55.253822326660156,24644000
2018-01-09,55.46359230752594,55.46359230752594,54.95578828833966,55.183406829833984,26808000
2018-01-10,54.89627981139507,55.182912254345965,54.74652041343671,55.05199432373047,20734000
2018-01-11,55.15960717685105,55.28556503634139,54.87049658472819,55.14671325683594,22424000
2018-01-12,55.05001429043601,56.10132281445176,54.94637108166763,56.069091796875,38586000
2018-01-16,56.54813187080861,56.97312049204504,55.871227516712395,56.071571350097656,36462000
2018-01-17,56.352243042290404,56.49902865220567,55.71401677385196,56.488121032714844,27830000
2018-01-18,56.50052202410961,56.5620140670971,55.762125662718006,56.332908630371094,27498000
2018-01-19,56.43506511586326,56.720206894332954,56.16083095816857,56.706321716308594,30552000
2018-01-22,56.72219609151508,57.865744604493074,56.62301354096879,57.730857849121094,29550000
2018-01-23,58.051209652613295,58.44247659523314,57.884091874682795,58.32643508911133,39138000
2018-01-24,58.763325166375935,58.86597712030096,57.891528893223416,58.084434509277344,37128000
2018-01-25,58.551569524647675,58.76431163354587,58.11170450023698,58.62248229980469,29984000
2018-01-26,58.88977135293771,58.891258239746094,57.9227652477068,58.891258239746094,42170000
2018-01-29,58.91308855982993,59.408989965944905,58.71770101469446,58.837711334228516,31494000
2018-01-30,58.40329891610791,58.90961228811915,58.24411121339858,58.38594055175781,37338000
2018-01-31,58.70530002463101,58.82977478286543,58.12460068518997,58.6264533996582,36022000
2018-02-01,58.31751125615229,58.88581613611775,57.98872761220366,58.59521484375,73514000
2018-02-02,55.908919663364095,56.10132966807469,55.10307980723462,55.50128936767578,117842000
2018-02-05,54.579401181234864,55.29250913268484,52.403885060973224,52.68406677246094,83550000
2018-02-06,51.275209521008335,53.92332093628484,51.07833510949319,53.77703094482422,76630000
2018-02-07,53.803809994563316,53.88116972799256,52.298747569900236,52.33792495727539,51942000
2018-02-08,52.55910434558178,52.76043944735816,49.82321701800605,49.97248458862305,66792000
2018-02-09,50.873530413868025,52.154939421196886,49.44136696056784,51.884674072265625,98360000
2018-02-12,52.40041847621347,52.841770464459245,51.846002531166064,52.29578399658203,56240000
2018-02-13,52.069644225040435,52.62604638340829,51.91690726786351,52.27494812011719,31586000
2018-02-14,52.28387374049977,53.33270409658668,52.05972837561951,53.19533920288086,41304000
2018-02-15,53.728435037863214,54.256571212523454,52.9240821910196,54.12069320678711,37396000
2018-02-16,54.22086252426643,54.96124517382604,54.13011323977028,54.32599639892578,39948000
2018-02-20,54.190122977680886,55.35697742181171,54.05325370420619,54.7271842956543,33754000
2018-02-21,55.00042193417786,56.3443141726212,54.921571529083906,55.231014251708984,41486000
2018-02-22,55.49979401074562,55.811714885519635,54.80454007218007,55.04009246826172,28010000
2018-02-23,55.47449948727988,55.987263575328406,54.96769051344741,55.942134857177734,25292000
2018-02-26,56.12908987357392,56.74103272715342,56.004123275614624,56.71623992919922,30912000
2018-02-27,56.716240141035705,56.74351486728619,55.38176863743762,55.41747283935547,42964000
2018-02-28,55.64013458167167,55.92032007840852,54.69792496509287,54.74354553222656,49292000
2018-03-01,55.02224036000283,55.108029569544456,52.92705409936514,53.13136672973633,55338000
2018-03-02,52.465376601770885,53.899030812436955,52.07510469721638,53.762657165527344,50162000
2018-03-05,53.46461403558384,54.60766301593922,53.174012787298004,54.2892951965332,28648000
2018-03-06,54.65329004456819,54.82834543933603,54.27640394048558,54.593780517578125,23382000
2018-03-07,54.19309005252428,55.352509918281086,54.048782578410666,55.29498291015625,30748000
2018-03-08,55.40210212118872,56.108263680275236,55.40210212118872,56.00611114501953,33862000
2018-03-09,56.507964384844236,57.57415317734512,56.24960168630339,57.566219329833984,42662000
2018-03-12,57.77498838527019,58.42511738881455,57.484886534640694,57.81863021850586,44306000
2018-03-13,58.11121150101052,58.41718483569654,56.26348396423701,56.52829360961914,43140000
2018-03-14,56.82038115055427,57.512657541407506,56.64929456873817,56.97361373901367,41870000
2018-03-15,57.007330847302676,57.648530918307635,56.317532656728815,57.058902740478516,33382000
2018-03-16,57.29396517219304,57.366364833295336,56.10429678609737,56.25604248046875,58656000
2018-03-19,55.42987575383927,55.50971364000211,53.99969477458665,54.55262756347656,63656000
2018-03-20,54.46980535202091,54.82437680342682,53.6773551646342,54.34087371826172,54598000
2018-03-21,54.18070083702967,54.980589276264126,53.91489614445986,54.25161361694336,44898000
2018-03-22,53.55785036083692,53.75174724594238,52.05179643848939,52.225860595703125,69312000
2018-03-23,52.13758183628975,52.901766014173454,50.82344247471146,50.90675354003906,49880000
2018-03-26,52.0994032660003,52.52935198705263,50.11480627877751,52.2724723815918,65984000
2018-03-27,52.75894557229753,52.790684742551996,49.472112163939144,49.93429183959961,60816000
2018-03-28,49.68485388033702,50.82939354831861,48.79669436686432,49.84701156616211,77698000
2018-03-29,50.14604189126443,51.972941540520445,49.79047919799269,51.43191146850586,69338000
2018-04-02,50.959817615214966,51.55043709116375,49.304995725569974,50.216461181640625,65068000
2018-04-03,50.39101345606064,50.82988720002528,49.45376022890019,50.516475677490234,51322000
2018-04-04,49.50236615694031,51.213723943837955,49.41707256609332,51.0634651184082,50724000
2018-04-05,51.89062756065063,51.90649525559335,50.78030509168495,51.208763122558594,35836000
2018-04-06,50.73567254614326,51.37538582535566,49.90007987275958,50.08356475830078,40134000
2018-04-09,50.58392096488634,51.80135970518827,50.542265432473954,50.586402893066406,33220000
2018-04-10,51.090734279213066,51.633746876732836,50.35432045290916,51.400177001953125,36620000
2018-04-11,51.177022357273046,51.36893671133409,50.54226917817933,50.83286666870117,34060000
2018-04-12,51.15074275127111,51.804337399767896,50.881964286050106,51.439353942871094,32896000
2018-04-13,51.915421443053674,52.21742217739098,51.085280740933705,51.37736511230469,25410000
2018-04-16,51.8489726768016,52.140561438040635,51.272238331440306,51.87624740600586,29776000
2018-04-17,52.62506153321611,53.8053055839923,52.421244500222585,53.52561569213867,54584000
2018-04-18,53.5082513959267,53.65652390011302,53.087231639206756,53.3287353515625,31126000
2018-04-19,53.012848144162085,54.425670654393286,53.012848144162085,54.02597427368164,39884000
2018-04-20,53.76909739769455,54.28880029452689,53.165584023727696,53.42444610595703,42434000
2018-04-23,53.70512676619585,53.954072501464275,52.89680886618381,53.25038528442383,69590000
2018-04-24,52.52587867655048,52.78821020067303,50.22787389638653,50.71286392211914,128220000
2018-04-25,51.06544760978405,51.37885918160674,50.43366817604129,50.730220794677734,57860000
2018-04-26,51.23751872622358,52.16981568812195,50.60425248870009,51.737884521484375,50926000
2018-04-27,51.84847693764193,52.15395087733861,50.95833480625479,51.149749755859375,40746000
2018-04-30,51.29703568793298,51.492915085401805,50.49764283582104,50.51152801513672,34492000
2018-05-01,50.39845274921856,51.659529516826396,50.11628476049857,51.610931396484375,35326000
2018-05-02,51.27619866007237,51.77110873590693,50.738641795958564,50.8819580078125,34698000
2018-05-03,50.8482433914451,51.11206178747579,49.98140719485577,50.89435958862305,39282000
2018-05-04,50.562601539773475,52.16287782750015,50.485241799708824,52.11923599243164,36892000
2018-05-07,52.262552084785746,52.81349856487074,52.08303602194404,52.53876876831055,34400000
2018-05-08,52.79464766280065,52.82489994498031,52.150969446253896,52.49562072753906,26030000
2018-05-09,52.76887475661845,54.25161902281373,52.67018782626687,54.00118637084961,47160000
2018-05-10,54.30120058047087,55.01579540037232,54.24565986859183,54.82040786743164,36414000
2018-05-11,54.56948509726962,54.995960595802366,54.411292432619845,54.716766357421875,30504000
2018-05-14,54.82537334346097,55.44921893906917,54.78719099199496,54.8764533996582,39338000
2018-05-15,54.395421806679366,54.50551196997934,53.49684650754425,53.798851013183594,35738000
2018-05-16,53.80976314670501,54.27045594367207,53.63818093955972,53.760169982910156,25628000
2018-05-17,53.62975123129193,54.10283853372992,53.379814247827525,53.61983108520508,25738000
2018-05-18,52.86307943919217,53.24641245730837,52.79762237243837,53.04358673095703,35482000
2018-05-21,53.50776019100628,54.21689932279822,53.45817080919839,53.75620651245117,25180000
2018-05-22,54.043335542942394,54.142514308298246,53.173521804708045,53.324771881103516,22226000
2018-05-23,53.061450116078554,53.954074154766744,52.91069566583666,53.852909088134766,23740000
2018-05-24,53.899525468439535,53.91043308993885,53.175509863785784,53.82761764526367,20604000
2018-05-25,53.88216635075408,54.03192954305403,53.686286961229406,53.75967788696289,22224000
2018-05-29,53.358981963082684,53.62379535982759,52.7182775401866,52.96573257446289,36076000
2018-05-30,53.23401909347628,53.5072619843756,52.890359056796385,53.431884765625,28686000
2018-05-31,53.65652836749955,55.04505375948819,53.45817084015315,54.54915237426758,79368000
2018-06-01,55.18737684111706,56.44151106851261,55.14472626643727,56.28480529785156,63202000
2018-06-04,56.458374825242416,57.418442256234876,56.38398885698652,57.17941665649414,44754000
2018-06-05,57.25974998898025,57.579109082894355,56.90270039283215,57.07923889160156,32964000
2018-06-06,57.16602203245919,57.26222701862071,56.35026594935218,56.87740707397461,34934000
2018-06-07,56.75987768476072,56.823847870270626,55.84444344559635,56.25604248046875,36108000
2018-06-08,56.096863422878286,56.472258876258145,55.70113204704333,56.17124938964844,27284000
2018-06-11,56.182648642397005,56.9165843277191,56.1062801650855,56.57738494873047,24796000
2018-06-12,56.583333495222035,56.96666653321866,56.583333495222035,56.93889617919922,26092000
2018-06-13,57.14172396484692,57.308349889397284,56.7003720290939,56.742523193359375,34302000
2018-06-14,57.138251505751114,57.821602769454735,57.05840984235322,57.53001403808594,35422000
2018-06-15,57.520592376234816,57.71845805977032,57.21164904913898,57.48836135864258,44438000
2018-06-18,57.162051906971335,58.72116815848394,57.07824521357775,58.69389343261719,33038000
2018-06-19,58.025916529943856,58.65570961097429,57.604401118221695,58.45140075683594,47282000
2018-06-20,58.680010706447035,59.582055430097064,58.61703177653395,58.71819305419922,51686000
2018-06-21,58.7896056767175,59.028627478081944,57.69713348494236,57.99269104003906,44966000
2018-06-22,58.094351288368564,58.268411642139256,57.50720121442879,57.985252380371094,34220000
2018-06-25,57.27661135364629,57.32570510767071,55.535996390812166,56.49705505371094,57682000
2018-06-26,56.73806097837221,56.87343957261279,55.98726632248707,56.16678237915039,34688000
2018-06-27,56.33439303520849,56.840710163752625,55.377303271033774,55.38920593261719,34538000
2018-06-28,55.163570834243025,56.235215221429016,54.8501630802286,55.877174377441406,29726000
2018-06-29,56.1514121055337,56.600202261509295,55.889080601193115,55.99668884277344,31562000
2018-07-02,55.31036435023385,56.68103578672124,54.87645062613455,56.637393951416016,23216000
2018-07-03,56.999894409332576,57.02419157816207,55.264735289782664,55.356475830078125,16448000
2018-07-05,55.76907048507362,56.73806299233003,55.69567577703907,56.59672927856445,28594000
2018-07-06,56.62053323618329,57.336119326097574,56.39588845660684,57.28057861328125,21820000
2018-07-09,57.5245597123931,57.91780914101105,57.387194819139,57.88557434082031,21584000
2018-07-10,58.01996147583568,58.194021818057855,57.65150487130604,57.87862777709961,21334000
2018-07-11,57.30735736449312,58.538185792117275,57.294962855903464,58.09286880493164,33252000
2018-07-12,58.261472599257694,59.606851842127064,58.17419271086194,59.57065200805664,44148000
2018-07-13,59.647014850950164,60.02588345893193,59.27459320277427,59.727352142333984,32612000
2018-07-16,59.69710032807328,59.940094719942486,59.180866827730966,59.3350944519043,26784000
2018-07-17,58.652236340079845,60.43847167207757,58.61553709831687,60.15679931640625,40162000
2018-07-18,59.93116989766514,60.578817000428316,59.734299252775074,60.14837646484375,38948000
2018-07-19,59.8379394825147,60.325411378483885,59.3955963063549,59.46353530883789,38338000
2018-07-20,59.47048140239475,60.042255657242656,59.33906405036968,59.403038024902344,37938000
2018-07-23,59.29295026134349,60.256982745158574,59.111943518550284,60.05366134643555,65446000
2018-07-24,63.02906942804267,63.22743075179263,61.69707970330851,62.39183807373047,107600000
2018-07-25,62.11760535515817,63.388103061588694,61.94056742499312,63.2740478515625,51104000
2018-07-26,62.83963524850404,63.842349461078776,62.632348824886364,63.74812698364258,54686000
2018-07-27,63.927648179381094,64.04269465078256,61.71443752402484,62.13099670410156,48362000
2018-07-30,61.742200025261354,62.13098879607649,60.70675921387237,60.99785232543945,43896000
2018-07-31,61.080671646133155,61.551780257659935,60.311035469464436,60.85801315307617,39382000
2018-08-01,61.44763736763537,61.78435104457093,60.744945203814524,61.14414596557617,36994000
2018-08-02,60.425580751599156,61.71046288718155,60.40376172708883,61.54780578613281,34704000
2018-08-03,61.748644838272185,61.81509695272373,60.96710607545385,61.4005241394043,21264000
2018-08-06,61.571612050334366,61.61376321311959,61.022152480370046,61.376224517822266,22114000
2018-08-07,62.087354673023654,62.78509063539643,62.07694267985348,62.277286529541016,42506000
2018-08-08,62.32091263658967,63.06476465719997,62.09279847094709,62.54952621459961,34344000
2018-08-09,62.61895322230275,63.07666844860864,62.488530923546634,62.704742431640625,27326000
2018-08-10,62.44291060517788,62.54308441078744,61.84683919504169,62.112144470214844,26602000
2018-08-13,62.0471875938313,62.779632696299316,61.84039679062254,61.92023468017578,27500000
2018-08-14,62.11164848408736,62.5128317663453,61.468961469423846,62.39133834838867,28080000
2018-08-15,61.70401855503376,62.085860958793766,60.809412028021946,61.105960845947266,37052000
2018-08-16,61.59045622905311,61.675257970750934,60.48162067754189,60.7013053894043,32176000
2018-08-17,60.60113114205357,60.844617378706886,59.70652466244601,60.294166564941406,33092000
2018-08-20,60.5326980557905,60.79304703382085,59.93960043624194,60.5966682434082,22218000
2018-08-21,60.64973160024402,61.13273906052275,60.25350461148751,60.37152862548828,23082000
2018-08-22,60.21333713228483,60.823793135762685,60.163747749963264,60.586753845214844,22296000
2018-08-23,60.4940129326713,61.25224575840759,60.46772946516041,60.55748748779297,24666000
2018-08-24,60.797512082349854,61.36283938682492,60.570389145868326,61.33060836791992,24454000
2018-08-27,61.69707216823736,62.37794527634453,61.52548996574035,62.29859924316406,28580000
2018-08-28,62.280251594971496,62.31298202386681,61.639051483139156,61.78236770629883,27330000
2018-08-29,62.23562551505126,62.83913893962649,62.12652660202709,62.714168548583984,36926000
2018-08-30,62.65218478299539,62.95418932862266,61.84932251767292,62.20785903930664,30104000
2018-08-31,62.09726750466906,62.114126456740365,60.78511059701387,61.08513259887695,42308000
2018-09-04,60.62493731993848,60.89024638459833,59.83347835374634,60.06903076171875,41458000
2018-09-05,59.96538422822053,60.24556971398544,58.28527013841559,59.46353530883789,53988000
2018-09-06,59.43725776135782,59.4580855302462,57.703585303195204,58.7142333984375,46854000
2018-09-07,58.11963887580411,58.94035881876421,57.98426028412957,58.3968505859375,32658000
2018-09-10,58.72463977492341,58.846632602500165,58.05070923287639,58.271385192871094,27670000
2018-09-11,58.07501442262224,59.058883395055936,57.8196254991691,59.01177215576172,29254000
2018-09-12,58.61554184719363,59.04648178265225,57.83003423960073,58.09980773925781,35716000
2018-09-13,58.501484515976244,58.90614096728705,57.98177782832389,58.62248229980469,40068000
2018-09-14,58.913083692868184,58.913083692868184,58.195015701265106,58.41618728637695,24176000
2018-09-17,58.40577882192011,58.60661828158501,57.44819334906225,57.51613235473633,34096000
2018-09-18,57.656475502647545,58.58232565841368,57.59547908150244,57.87715148925781,32314000
2018-09-19,57.96888931276128,58.3313908288517,57.456125199601075,58.23221206665039,25962000
2018-09-20,58.54959151062882,59.21062817046431,58.33040242500614,59.09012222290039,29244000
2018-09-21,59.25624581376571,59.338565624059825,58.12261750425086,58.12559127807617,91222000
2018-09-24,57.49530773446376,58.77373927041255,57.103049527865714,58.49454879760742,31150000
2018-09-25,58.72711850835852,59.352447110201226,58.22327953166191,59.20516586303711,33152000
2018-09-26,59.195254319561855,59.86719858045819,58.784150889168416,59.213600158691406,37650000
2018-09-27,59.50816642084424,60.344254675953586,59.41146580174746,59.87314987182617,36274000
2018-09-28,59.71098426888042,59.92719955893277,59.400550294566635,59.85926055908203,35612000
2018-10-01,60.15283860556352,60.70824572698339,59.66635796192312,59.93116760253906,33164000
2018-10-02,59.83893287455786,60.72411867083924,59.49130778630442,59.88703536987305,40180000
2018-10-03,60.10324289211977,60.211350537994456,59.61477975331187,60.07993698120117,26246000
2018-10-04,59.75759838457997,59.80074080235531,57.71547854209041,58.37105941772461,46576000
2018-10-05,58.31800536091535,58.615545451768625,57.242891461684266,57.9128532409668,31852000
2018-10-08,57.524557624559634,58.31105645324983,56.30464073584316,57.32223129272461,46190000
2018-10-09,57.093625296475594,57.60142938449433,56.739553222854816,56.78914260864258,33690000
2018-10-10,56.35422379681201,56.38497170552921,54.12812363354834,54.16035842895508,58980000
2018-10-11,53.50973925718462,55.34556779109662,53.35352912030459,54.089942932128906,67696000
2018-10-12,55.523096861347575,55.83006142952288,54.30268437302985,55.56772994995117,49370000
2018-10-15,55.44177314614731,55.63021429950224,54.460878053892145,54.67015075683594,30074000
2018-10-16,55.21762424560735,56.35274318145139,55.131835035843245,56.18959045410156,38378000
2018-10-17,56.532759256237064,56.87988872075528,55.24341638076275,55.9173469543457,35652000
2018-10-18,56.036858277452815,56.15339540928809,53.871754093826716,54.44551086425781,46152000
2018-10-19,54.73313116691298,55.588064644030325,54.40186941514952,54.806026458740234,41286000
2018-10-22,55.16952330250244,55.62476039910742,54.54915095810386,55.11299133300781,27116000
2018-10-23,54.11722105929459,55.44177625930868,53.50825573348647,55.28853988647461,37686000
2018-10-24,55.29299983985142,55.373337128787426,52.32056555034306,52.42272186279297,49286000
2018-10-25,53.57222873103137,55.432850277026816,53.33667631790497,54.7271842956543,72956000
2018-10-26,51.98682652307984,55.39217950296379,51.68432639569695,53.743309020996094,106438000
2018-10-29,54.37757102202303,54.98703577121266,49.94718891468537,51.31240463256836,81290000
2018-10-30,50.582434003073345,52.11427175000046,50.2829114299939,52.04534149169922,59768000
2018-10-31,52.97218913611362,54.94587843763183,52.97218913611362,54.08201599121094,70916000
2018-11-01,54.122675548098016,54.54419095847466,53.449240636057006,53.85389709472656,40132000
2018-11-02,54.00366474790069,54.44997677724087,52.945409798528566,53.13534164428711,43438000
2018-11-05,53.1869046711628,53.22756894354027,51.27619841548097,52.353790283203125,45358000
2018-11-06,52.31858558730312,53.54842264477756,52.248664069488854,53.040122985839844,28660000
2018-11-07,53.73041618700617,55.04157799583169,53.58660433801506,54.95777130126953,43388000
2018-11-08,54.91115830633009,54.95677886980131,53.77355745838438,54.2828483581543,33694000
2018-11-09,53.75670205685472,53.97142669030988,52.77680195086009,53.40957260131836,34860000
2018-11-12,53.216671387507866,53.264773886277624,51.59110657655754,52.03791046142578,34002000
2018-11-13,52.308178293181584,52.89631588540383,51.59358341935655,51.96897888183594,25750000
2018-11-14,52.565542813210634,52.85267087372335,51.628785198438855,52.2967643737793,34666000
2018-11-15,52.14204716151676,53.50131148140594,51.637712533591234,53.11351776123047,41584000
2018-11-16,52.824903973568865,53.18244920128964,52.312635487457975,52.97565841674805,35366000
2018-11-19,52.73365903127733,52.962272640624455,50.7242693123681,50.94990158081055,45684000
2018-11-20,49.9516463854331,51.44232802676677,49.69973067309953,51.100154876708984,54458000
2018-11-21,51.83706669619646,52.303215207880605,51.546964840550686,51.743839263916016,29698000
2018-11-23,51.2514102979892,51.7225189105899,51.004450849399845,51.08280563354492,14178000
2018-11-26,51.77210565786005,52.41677519212862,51.56233731257599,52.36421203613281,31558000
2018-11-27,52.13610072756611,52.900780619151305,51.846494482637375,52.18271255493164,33048000
2018-11-28,52.439588587382175,54.195079932226704,51.72003368504357,54.14201736450195,46042000
2018-11-29,53.73239993732191,54.556589291132255,53.656527087727646,54.280372619628906,31004000
2018-11-30,54.33244454037789,55.02769470214844,53.71504596151759,55.02769470214844,59668000
2018-12-03,56.14397201390017,56.28480631004417,55.13084208010113,55.36044692993164,57532000
2018-12-04,55.193328765578826,55.25531643727826,52.60422736109533,52.68803405761719,45630000
2018-12-06,51.821697913253566,53.528591251073834,51.6967313013768,53.46213912963867,47436000
2018-12-07,53.17203169584198,53.80678483588291,51.542498271462186,51.90004348754883,42682000
2018-12-10,51.71954044563596,52.54571236714273,51.22661659854662,52.22734451293945,33652000
2018-12-11,52.90969704277266,53.08127923725199,52.074600134734276,52.64736557006836,33852000
2018-12-12,53.41254067652612,54.13903431075496,53.15913430930719,53.24641418457031,28960000
2018-12-13,53.34262520473422,53.97490023035937,52.81300212951065,53.236995697021484,24986000
2018-12-14,52.56653650781619,53.14674020302357,52.03840033776918,52.154441833496094,36358000
2018-12-17,51.92136773015582,52.683569409654616,50.414822147604106,50.862125396728516,49932000
2018-12-18,51.276203307045996,52.5501740698166,51.101643539839884,51.74284744262695,43640000
2018-12-19,51.93524909395202,53.344602111324576,50.55367021371119,51.34859848022461,58264000
2018-12-20,50.87948606483592,51.94270112404546,49.97992316930965,50.75947952270508,53674000
2018-12-21,51.17900616560844,51.458196608978,48.65734815338162,49.15622329711914,104656000
2018-12-24,48.81256335838148,50.19116856445792,48.48229286368024,48.82992172241211,36360000
2018-12-26,49.49046000831835,51.99277700934326,49.225646602209785,51.9630241394043,46318000
2018-12-27,50.8894031809876,52.23527804094149,49.93726961475843,52.21345901489258,45996000
2018-12-28,52.54075084153076,52.775311987505624,51.672923407636674,51.905006408691406,34398000
2018-12-31,52.457932318095075,52.713820629058745,51.22859468884806,51.81970977783203,33110000
2019-01-02,50.938997204138,52.60473073848045,50.84378346049996,52.301734924316406,31868000
2019-01-03,52.1028687333839,52.8759780134997,50.699466979891106,50.85319519042969,41960000
2019-01-04,51.700692372040024,53.55734876361941,51.41802873823579,53.461639404296875,46022000
2019-01-07,53.60545126402301,53.69124047708747,52.696463948265446,53.35502243041992,47446000
2019-01-08,53.85489011971535,54.21937794351435,52.9796244703007,53.82365036010742,35414000
2019-01-09,53.95357439752464,54.13457733639377,53.2781531970929,53.6391716003418,26998000
2019-01-10,53.306426813330056,53.54793055338616,52.79763149181819,53.499332427978516,26598000
2019-01-11,53.05648645219858,53.228564287913436,52.38850724708884,52.78721237182617,30864000
2019-01-14,52.2352805449362,52.48868696018829,51.99774560855751,52.14453125,28490000
2019-01-15,52.46685849321779,53.96745642029301,52.28982059636427,53.88017654418945,37518000
2019-01-16,54.05325069106837,54.666184830089556,53.95456755691764,54.02894973754883,38280000
2019-01-17,53.95358208360552,54.583870871208035,53.71901713298496,54.50551986694336,24896000
2019-01-18,54.97513352063556,55.44177767329486,54.51344944130372,54.911163330078125,44892000
2019-01-22,54.35079086117299,54.498075902626475,53.10558170056644,53.489410400390625,39632000
2019-01-23,53.89753635595871,54.19954087399449,52.94094594559311,53.77604293823242,25194000
2019-01-24,53.68182026674649,53.95407191142613,53.06243916780323,53.75571060180664,29114000
2019-01-25,54.263016457589686,54.71577542869572,54.14251429554499,54.6240348815918,23260000
2019-01-28,54.05672457402515,54.22036915695017,53.29005842382145,53.55040740966797,29334000
2019-01-29,53.6089221228322,53.7919113705398,52.86407877841263,53.064422607421875,19704000
2019-01-30,53.426431833040915,54.525351001051796,53.390727629345626,54.44947814941406,29452000
2019-01-31,55.1561302445522,55.92130565019333,54.80949644829899,55.83303451538086,40232000
2019-02-01,55.654509292670554,56.25504886866578,55.25580797748585,55.47251510620117,33116000
2019-02-04,55.491862423764644,56.64880046780075,55.41747645791283,56.60317611694336,78408000
2019-02-05,56.01850335517409,57.16602057091122,55.719476412753856,57.12138748168945,82296000
2019-02-06,56.992453086597685,57.22701420367227,55.45962038153027,55.68426513671875,48256000
2019-02-07,55.13530738050181,55.14373685655709,54.23128012441886,54.84223175048828,38298000
2019-02-08,54.29524926151284,54.80206204094916,54.263513873819036,54.66717529296875,21766000
2019-02-11,54.73511453956528,55.21514822312965,54.54915152300957,54.65428161621094,18498000
2019-02-12,55.095139799771296,56.178686919455295,55.095139799771296,55.91685104370117,35036000
2019-02-13,56.187611297106514,56.67409195109993,55.83849553947913,55.96891784667969,28042000
2019-02-14,55.78890707502711,56.34084481447658,55.39664888901063,55.99718475341797,21106000
2019-02-15,56.49804534986026,56.49804534986026,55.37829841032092,55.522605895996094,27826000
2019-02-19,55.37433038810258,56.01899988835893,55.37433038810258,55.86378479003906,21980000
2019-02-20,55.98131675352632,56.08297744721995,55.1318389376627,55.570213317871094,24090000
2019-02-21,55.48045563907056,55.498805261978845,54.44897982598099,54.75792694091797,33272000
2019-02-22,55.030174478552766,55.40457864300607,54.57394613575661,55.370361328125,29436000
2019-02-25,55.636672106199164,55.808749970913546,55.24887832014106,55.4085578918457,26208000
2019-02-26,55.261763980299094,55.86031734873191,54.88140844418567,55.64063262939453,35026000
2019-02-27,55.24390451380886,55.82509941937734,54.97363919714667,55.68426513671875,22092000
2019-02-28,55.491360469824755,56.23471684777212,55.462103229177416,55.86576461791992,27422000
2019-03-01,56.08644635618862,57.02865975225924,56.08644635618862,56.955265045166016,34086000
2019-03-04,57.254789415718996,57.79829765213025,56.44597212936097,57.19825744628906,35490000
2019-03-05,57.32619922743179,58.34230294891412,57.17842234025884,57.98029327392578,40094000
2019-03-06,58.10774323810325,58.255520128917794,57.67581203241563,57.76953887939453,23602000
2019-03-07,57.54935135086205,57.70208829592201,56.61755005004229,57.070804595947266,30086000
2019-03-08,56.23025744721806,57.19974555782496,56.04677257369768,57.02717208862305,23694000
2019-03-11,57.12783401426146,58.51189486390087,57.106510619417605,58.47966384887695,30032000
2019-03-12,58.63042169944413,59.791324739143484,58.63042169944413,59.37179183959961,42220000
2019-03-13,59.802241788380144,59.861251909060215,59.404527876352894,59.46155548095703,25888000
2019-03-14,59.459566851406144,59.74123922576075,59.07326001338981,59.137725830078125,27302000
2019-03-15,59.40898775828328,59.593460108295844,58.86398883406654,59.02714157104492,51886000
2019-03-18,58.99688917576434,59.25773377275096,58.589754587087576,58.94035720825195,24442000
2019-03-19,59.09756063530561,59.67727252410539,58.98548794714954,59.63016128540039,29788000
2019-03-20,59.57758831206408,60.99537085692639,59.48783028814234,60.81882858276367,41508000
2019-03-21,60.49996589969895,61.3152263429642,60.33036621206726,61.29985427856445,28150000
2019-03-22,60.9388435932107,61.17588288459507,59.805707096855926,59.88753128051758,34422000
2019-03-25,59.48634632853268,59.97629637539744,59.01226397560031,59.378238677978516,27576000
2019-03-26,59.765536323392006,59.88752915106915,58.60364203693624,59.004329681396484,30752000
2019-03-27,59.10747706719448,59.10747706719448,57.73432377537689,58.41767883300781,29428000
2019-03-28,58.293205073603154,58.37998553960002,57.69465178230228,58.133026123046875,22402000
2019-03-29,58.525285785823435,58.713235095709805,57.8409432687041,58.36213684082031,30890000
2019-04-01,58.890274595087455,59.51808520124541,58.83176010564364,59.45758819580078,27706000
2019-04-02,59.51064629415848,59.79628749892426,59.07375879410385,59.78289794921875,18288000
2019-04-03,60.13795828936731,60.52972083098244,59.76008470919259,60.04423522949219,22180000
2019-04-04,60.06804171665994,60.52724767027451,59.95646465439694,60.47269821166992,21022000
2019-04-05,60.46525792625682,60.51931175400298,60.00555635934501,60.07597351074219,20012000
2019-04-08,60.059108496061306,60.19994278464062,59.741236305443195,59.91876983642578,21750000
2019-04-09,59.601894179377005,59.862735013703436,59.42783003559365,59.641563415527344,19668000
2019-04-10,59.76058241007699,59.95150172266338,59.540897699099844,59.82802200317383,15510000
2019-04-11,59.94951681497526,60.13994427440462,59.7333052989614,59.983734130859375,16998000
2019-04-12,60.282764136523824,60.65122078299202,60.16722204644514,60.635353088378906,24312000
2019-04-15,60.702782319318075,60.96114875051745,60.23019069713081,60.82378387451172,23796000
2019-04-16,60.99587332322984,61.29242215401881,60.74990513467327,61.09059143066406,22622000
2019-04-17,61.342999928729455,61.7446826240801,61.13968232787188,61.498714447021484,30366000
2019-04-18,61.73971835147511,61.786333956338936,61.46251043387367,61.564666748046875,24750000
2019-04-22,61.3266379946004,62.20289491593463,61.1629896255075,62.17413330078125,19084000
2019-04-23,62.31695486172242,63.19916312795564,62.08536748310274,63.00873565673828,31868000
2019-04-24,63.008733957122125,63.1778380265798,62.47415458773735,62.486053466796875,23396000
2019-04-25,62.994350322114855,63.11832566441089,62.38439375673757,62.847564697265625,31344000
2019-04-26,63.147091165017436,63.42132533520761,62.731527063292226,63.347434997558594,27228000
2019-04-29,63.50066293959323,64.31692221345482,63.06427110185339,64.27873229980469,72368000
2019-04-30,59.04350283921932,59.55675875734026,58.665129875689885,59.45658874511719,133178000
2019-05-01,59.38418971821205,59.470973972298495,58.10377200341703,58.18510055541992,74340000
2019-05-02,58.149397554904354,58.48561939060794,57.441745308851296,57.84739303588867,45098000
2019-05-03,58.38792554656024,59.08169263592699,58.19651060217276,58.989952087402344,41588000
2019-05-06,58.1196430747011,59.28154121522016,58.077987538341475,59.1838493347168,31774000
2019-05-07,58.80448254772637,59.24880824988982,57.772511133831586,58.45983123779297,36604000
2019-05-08,58.38197156478098,58.72811354197233,57.902932921424046,58.05914306640625,25520000
2019-05-09,57.653495645746986,58.22229232054152,57.25875554325852,57.91979217529297,29556000
2019-05-10,57.9629366500334,58.331885117699095,56.84864546235913,57.90342712402344,31650000
2019-05-13,56.79261636580089,57.12635630275624,55.81370742782174,56.3636589050293,45626000
2019-05-14,56.64781213207497,56.774265632147156,55.71601067004945,55.78196716308594,40392000
2019-05-15,55.66740844227234,58.43206092531707,55.61038084252998,58.06013488769531,59302000
2019-05-16,58.11170663709032,59.21855964212482,57.94359761215228,58.73951721191406,35308000
2019-05-17,58.30956848230212,58.82828011356767,57.842924374026744,57.959957122802734,25362000
2019-05-20,57.1774327504438,57.1774327504438,56.44052324213396,56.763851165771484,30602000
2019-05-21,57.25082284796915,57.42538261961597,56.69690259812097,57.24884033203125,20562000
2019-05-22,57.090645739951604,57.712009344986775,57.07824744890352,57.31875991821289,18826000
2019-05-23,56.83377289198655,57.03113916733557,56.19356400273092,56.797569274902344,25214000
2019-05-24,57.12784332757595,57.244876095538366,56.36961037265467,56.46383285522461,18554000
2019-05-28,56.60614664415445,57.350494272362056,56.46679546395051,56.51093292236328,20948000
2019-05-29,56.170749826952495,56.28480881348524,55.14175593690512,55.53798294067383,36230000
2019-05-30,55.548394687102004,55.878169570146916,55.33763507998775,55.610877990722656,18088000
2019-05-31,54.828839872947505,55.2136560321265,54.71527652351709,54.87148666381836,31582000
2019-06-03,52.90920711845489,52.912676521319256,50.930561642121816,51.511260986328125,96890000
2019-06-04,51.79640737589112,52.4881919915279,51.37687443191578,52.29230880737305,60512000
2019-06-05,52.31759986722469,52.40735790327319,51.226618255402414,51.8038444519043,46988000
2019-06-06,51.88170064785095,52.069646185885304,51.35108630948426,51.95856475830078,29020000
2019-06-07,52.28189037260562,53.23154195089518,52.126671488166366,52.980613708496094,43828000
2019-06-10,53.40857649267084,54.29326663277335,53.323282909136985,53.694217681884766,28510000
2019-06-11,54.39988048817252,54.748004958142666,53.53602194802196,53.608917236328125,33508000
2019-06-12,53.5548731804683,53.68231793371937,53.04161341422099,53.51272201538086,23670000
2019-06-13,53.79091982164258,54.380048643008536,53.68479846818787,54.103336334228516,20814000
2019-06-14,54.04035336322797,54.28929529672534,53.63074063290041,53.8697624206543,24582000
2019-06-17,54.00862367387797,54.61262895010507,53.954074216816096,54.246158599853516,19770000
2019-06-18,55.11943973209184,55.480454366679965,54.588329772186036,54.80900573730469,34526000
2019-06-19,54.908182821098876,55.016786098910686,54.35227629556519,54.77280044555664,26714000
2019-06-20,55.62526225263157,55.67584668019963,54.89628654836042,55.2037467956543,24018000
2019-06-21,55.038106748909904,55.866756716615136,55.03116416034196,55.8072509765625,50774000
2019-06-24,55.54095626027802,55.71799417825217,55.2091988625177,55.3773078918457,24236000
2019-06-25,55.29697156523066,55.32771569465771,53.78546213142027,53.93324279785156,31644000
2019-06-26,54.10283468717502,54.30714730765367,53.24443187066268,53.573211669921875,34698000
2019-06-27,53.89209250603287,53.97689047499141,53.351557948983924,53.39023971557617,24078000
2019-06-28,53.41998464668975,53.69620132446289,53.24988932159318,53.69620132446289,33672000
2019-07-01,54.60072427201799,54.975132239253035,54.317565004800876,54.54915237426758,29196000
2019-07-02,54.788676547996936,55.18837296498841,54.53279199449286,55.17399215698242,20630000
2019-07-03,55.4665734058655,55.93718639875586,55.28557044583023,55.68923568725586,20154000
2019-07-05,55.50971594510009,56.267453260468955,55.416984134318625,56.16926574707031,29794000
2019-07-08,55.83204812175117,55.89850023897379,55.132333508714034,55.381771087646484,29888000
2019-07-09,55.060916875496474,55.93073052665118,54.90371548356918,55.753692626953125,29472000
2019-07-10,56.151908609835765,56.64880126928357,56.06958879558915,56.57788848876953,30710000
2019-07-11,56.83823211312122,57.189330386367295,56.50945227772339,56.735084533691406,26004000
2019-07-12,56.67805836922192,56.90468567231984,56.46135121284725,56.797569274902344,21878000
2019-07-15,56.797567312446006,57.06238073945204,56.53275766886727,57.053951263427734,21164000
2019-07-16,56.86649740090158,57.454143110765386,56.86649740090158,57.20024108886719,25352000
2019-07-17,57.07427935063654,57.44719661941484,56.86104161971904,56.86699295043945,19538000
2019-07-18,56.63193513480286,56.93790846039602,56.17868433807798,56.891788482666016,25450000
2019-07-19,56.99493690261568,57.10700958518703,56.09884350416264,56.11371994018555,23184000
2019-07-22,56.30811247619203,56.533748511850774,55.79932096005546,56.49357986450195,28914000
2019-07-23,56.70384306743946,56.972125891678026,56.17818882306759,56.93195724487305,20648000
2019-07-24,56.166782066704464,56.80351773742075,55.9629650578798,56.51936721801758,27192000
2019-07-25,56.480684667806266,56.710785142445566,55.72493373698606,56.3314208984375,54762000
2019-07-26,60.89669100249889,62.899633620136136,60.89669100249889,61.750633239746094,121216000
2019-07-29,61.615745870948935,61.937586892558215,61.0057855147217,61.58301544189453,41382000
2019-07-30,60.847097204406246,61.33853791873472,60.76378613660804,60.896690368652344,28616000
2019-07-31,60.74147552949135,61.23935945357767,59.913816715019806,60.410709381103516,39960000
2019-08-01,60.38244041742566,61.30828669649501,59.85529549111367,60.09233856201172,35426000
2019-08-02,59.65694156007643,59.97927445212376,59.01226820912673,59.325679779052734,34910000
2019-08-05,58.16774134419946,58.361641987549525,56.669129618729926,57.26420974731445,47840000
2019-08-06,57.7982955394837,58.58578561785265,57.600429870284124,58.07401657104492,36014000
2019-08-07,57.41546170450556,58.50991642354329,57.07031476456262,58.313541412353516,30686000
2019-08-08,58.835231980116845,59.81959661699975,58.21882838192546,59.81513595581055,30116000
2019-08-09,59.5076692799245,59.72933649805951,58.75885714546131,58.95771408081055,20418000
2019-08-12,58.51636146272874,58.794560647257406,57.95698553647479,58.243614196777344,22064000
2019-08-13,58.23617396205058,59.777436208924264,58.16873437476789,59.34600067138672,28434000
2019-08-14,58.32147609646405,58.65472037886696,57.57762400887697,57.735321044921875,35430000
2019-08-15,57.94260643286453,58.33882964015556,57.67333234515644,57.98674011230469,28506000
2019-08-16,58.55553907300545,58.706789142255424,58.169232238556425,58.4771842956543,24916000
2019-08-19,59.10301619731981,59.973821209229875,59.03210341664599,59.52998733520508,24450000
2019-08-20,59.27757269477436,59.40898625651532,58.667612338630086,58.69141387939453,20206000
2019-08-21,59.30087828655485,59.53593505282947,58.909115748288066,59.090614318847656,14152000
2019-08-22,59.20071043475852,59.447669887888416,58.4623140038741,59.087646484375,17352000
2019-08-23,58.77273885572667,59.29343678132842,57.02865467291314,57.2061882019043,36254000
2019-08-26,57.49728131019381,58.11269354773847,57.26916714544354,58.07897186279297,21166000
2019-08-27,58.66513575010437,58.764314514394854,57.75069271231088,58.061126708984375,23460000
2019-08-28,57.76606404377272,58.44197711290288,57.53695860411005,58.206424713134766,16810000
2019-08-29,58.834732838328584,59.46799913570808,58.778200865886134,59.222530364990234,19636000
2019-08-30,59.52552378949316,59.52552378949316,58.80001756048857,59.03854751586914,18064000
2019-09-03,58.6081026279347,58.96663910917383,57.70853983655242,57.998146057128906,25908000
2019-09-04,58.48908990958668,58.758364003989946,58.09633609536328,58.62893295288086,21312000
2019-09-05,59.19376717840037,60.20243274849439,59.145664680442096,60.112674713134766,26394000
2019-09-06,59.96142202276999,60.150358819891544,59.66982949021051,59.82157897949219,18972000
2019-09-09,59.85926639431514,60.5272456419033,59.16946812070186,59.769508361816406,31854000
2019-09-10,59.31426820929978,60.00406644767936,59.31029939412183,59.790828704833984,27922000
2019-09-11,59.70106854982847,60.622454120354114,59.62122688756313,60.49996566772461,23522000
2019-09-12,60.67205268326003,61.611784234078705,60.62692395788182,61.242340087890625,31644000
2019-09-13,61.10050940901822,61.54384767162575,60.85107181085259,61.493263244628906,23676000
2019-09-16,61.01769203079815,61.44317628509797,60.7573430356787,61.07670593261719,28218000
2019-09-17,61.0767058291929,61.24382360408933,60.666098012436215,60.98992156982422,20806000
2019-09-18,61.007770292284484,61.30531035330873,60.324914660454276,61.127281188964844,17440000
2019-09-19,61.11091940299707,61.70699079794406,61.11042377402852,61.42978286743164,16554000
2019-09-20,61.1763790958977,61.63062495673353,60.677503925418364,60.987937927246094,37692000
2019-09-23,60.82577681081877,61.47590584591397,60.68742065329418,61.228450775146484,20798000
2019-09-24,61.49176671272495,61.84435184221623,60.035801848501244,60.41714859008789,35804000
2019-09-25,60.30210031254571,61.88948256524728,59.96439160709541,61.78633499145508,26798000
2019-09-26,61.597893202784334,61.72335921962047,61.08612412271206,61.60533142089844,23166000
2019-09-27,61.63211203323862,61.739228430196306,60.261936228243556,60.7950325012207,34122000
2019-09-30,60.529720383312835,60.86742909728757,60.17366583073107,60.55649948120117,24470000
2019-10-01,60.62344843370685,61.1376994390325,59.78339136996081,59.80570602416992,24504000
2019-10-02,59.33460512951932,59.44667782034563,58.15088793600991,58.4132194519043,33030000
2019-10-03,58.68199283402586,59.06185271029427,57.68027372624603,58.9839973449707,28368000
2019-10-04,59.22500261671592,60.12605603347726,59.06036300568549,60.05167007446289,24282000
2019-10-07,59.855294432634274,60.445913908386466,59.72437649993777,59.91728210449219,17040000
2019-10-08,59.44717293719252,59.84885186964598,58.98648010235407,59.018714904785156,20086000
2019-10-09,59.57412322169878,59.927699641137494,59.41493551600524,59.62718200683594,15948000
2019-10-10,59.438743185067274,60.282765324995786,59.402047721765705,59.977787017822266,12842000
2019-10-11,60.699817951472276,60.933883468749734,60.18457567938561,60.287227630615234,22330000
2019-10-14,60.19696763225043,60.791552096971074,60.09729324885146,60.38937759399414,13296000
2019-10-15,60.57435740883413,61.845350682590826,60.545595793212456,61.60285568237305,27584000
2019-10-16,61.58152336884119,62.19544870511377,61.418866278631654,61.64053726196289,22986000
2019-10-17,62.05709998659484,62.66953850932055,61.98122713403828,62.12652587890625,20958000
2019-10-18,62.22024718869601,62.38984308906814,61.498709818420544,61.7104606628418,31624000
2019-10-21,61.92320671511835,62.161732887897436,61.4912755232847,61.704017639160156,18094000
2019-10-22,61.71393429825658,61.92469389924961,61.48433322932572,61.5512809753418,22862000
2019-10-23,61.502192048052436,62.38638286010281,61.502192048052436,62.366050720214844,21282000
2019-10-24,62.4394416809082,62.62738721875629,62.10421109911762,62.4394416809082,20224000
2019-10-25,62.08685509100352,62.88030037467045,61.945525156371076,62.696815490722656,27104000
2019-10-28,63.22742858237016,64.42949157988647,63.094032497897665,63.92069625854492,65428000
2019-10-29,63.27701503448946,63.515049360480866,62.26587139899458,62.51630401611328,52654000
2019-10-30,62.243062237785296,62.881288593585026,62.01990812718135,62.518287658691406,29204000
2019-10-31,62.48357798246875,62.806905915329345,61.96188872789895,62.424068450927734,31904000
2019-11-01,62.77119828011663,63.128247882999425,62.469193761287805,63.0910530090332,28812000
2019-11-04,63.28247250724453,64.09525485772615,63.28247250724453,63.95193862915039,30632000
2019-11-05,64.03079142816,64.33031783464558,63.94054154310155,64.04269409179688,25148000
2019-11-06,63.97574936306113,64.11955744935278,63.587955592244974,64.02136993408203,24626000
2019-11-07,64.18352592571782,65.59040103941366,64.1572462377244,64.81134033203125,45140000
2019-11-08,64.54255550304146,65.3156686315191,64.54255550304146,64.91349029541016,30392000
2019-11-11,64.6655328055786,64.71016967774435,64.26237082066733,64.38188171386719,17234000
2019-11-12,64.39626264933645,64.93084578823698,64.1815380183125,64.32881927490234,28852000
2019-11-13,64.12898378090732,64.59215860533331,64.07790750270772,64.27775573730469,20538000
2019-11-14,64.21923179805225,65.2467425940979,64.16666485694327,64.92092895507812,28948000
2019-11-15,65.21351851896138,66.13043975830078,65.05680894885906,66.13043975830078,39286000
2019-11-18,66.07092657964729,66.14928136486101,65.26855995871942,65.4510498046875,27984000
2019-11-19,65.78777136657258,65.78777136657258,65.05086556402681,65.0915298461914,21864000
2019-11-20,65.03052251032652,65.12226305261011,63.93210279744531,64.55941772460938,28892000
2019-11-21,64.42999125851563,65.01862446800423,64.00847203948294,64.47412872314453,25546000
2019-11-22,64.61594984719095,64.80935107828645,63.93954116731855,64.15327453613281,27776000
2019-11-25,64.28171464407943,64.9834117548011,64.2494798442598,64.74686431884766,23590000
2019-11-26,64.95861817732126,65.1619395649303,64.66752884126126,65.11185455322266,21910000
2019-11-27,65.23186685461462,65.34195702798004,64.93680491082387,65.06871032714844,18808000
2019-11-29,64.79448056426496,64.96060330050324,64.62735900315724,64.67000579833984,12802000
2019-12-02,64.59412779237636,64.73695217046216,63.4942173937447,63.91474533081055,26538000
2019-12-03,63.40892668143017,64.32982047875444,63.32908879632184,64.20633697509766,25270000
2019-12-04,64.76968214417802,65.6707356536874,64.61842828244268,65.40641784667969,35506000
2019-12-05,65.80610544051169,65.85470734274854,65.17730745296996,65.80412292480469,24408000
2019-12-06,66.09125298585175,66.57326918477894,66.01587954811114,66.4205322265625,32968000
2019-12-09,66.3942555651881,67.32109691536094,66.25589562423183,66.59906005859375,30842000
2019-12-10,66.44781095349515,66.84750734354655,66.15324087344685,66.59410095214844,17606000
2019-12-11,66.86238425419971,66.9412308789754,66.50533465375199,66.66154479980469,20480000
2019-12-12,66.60995982163881,67.17379634548595,66.36151731972679,66.87179565429688,29114000
2019-12-13,66.84254966147614,67.01363625823237,66.53311068368981,66.79147338867188,33170000
2019-12-16,67.19463514036022,67.61763743195066,66.9769367408565,67.47730255126953,28128000
2019-12-17,67.56209574408568,67.65730947093114,66.98486583558378,67.18917846679688,32948000
2019-12-18,67.29381221564596,67.4143143680724,66.96949684654093,67.04139709472656,23330000
2019-12-19,67.04139984132713,67.32010222500082,66.88469785220087,67.26604461669922,28922000
2019-12-20,67.59631951614024,67.64094882668455,66.9828897183772,67.00718688964844,50090000
2019-12-23,67.37961473379353,67.5343342225845,66.84751347435298,66.97793579101562,19936000
2019-12-24,66.9570960026882,67.04636218280068,66.65757720914816,66.67046356201172,13468000
2019-12-26,66.7755984844462,67.60127850432504,66.72402280476463,67.56507110595703,23662000
2019-12-27,67.64095444804676,67.79220832437919,67.09546739562148,67.17679595947266,23212000
2019-12-30,67.28439606964862,67.29381680371453,66.34366956318935,66.4364013671875,19994000
2019-12-31,66.24200742818745,66.48351115662122,66.06050885599129,66.4205322265625,19514000
2020-01-02,66.86785055633585,67.87303924560547,66.77263680999941,67.87303924560547,27278000
2020-01-03,66.84750602902096,68.12445054033702,66.81378055903824,67.51795959472656,23408000
2020-01-06,67.02751070483214,69.34287723228258,66.99627473144326,69.31758880615234,46768000
2020-01-07,69.44900962487809,69.59976407326137,69.00765768436452,69.18370056152344,34330000
2020-01-08,69.16931180182212,70.01383328257931,69.06071230813146,69.6761245727539,35314000
2020-01-09,70.51370271406968,70.84843766453115,69.93250773983897,70.40758514404297,33200000
2020-01-10,70.88761594044897,71.15887253591534,70.39816153236073,70.86231994628906,26258000
2020-01-13,71.17423856104631,71.48318564833806,70.68429232295442,71.41128540039062,30730000
2020-01-14,71.4097937019993,71.54021599791382,70.80330278532237,70.94315338134766,26076000
2020-01-15,71.06365964443332,71.44847959482189,70.99621627063644,71.37012481689453,21550000
2020-01-16,71.68006159560105,71.94041435124791,71.40979626083083,71.91363525390625,26080000
2020-01-17,72.52755882003636,73.42067465653932,72.23051437982828,73.36959838867188,52424000
2020-01-21,73.34383083740128,73.88337797984266,72.90793449655817,73.5050048828125,48930000
2020-01-22,73.87590926772613,74.4139579504841,73.52530667909919,73.5853042602539,28458000
2020-01-23,73.76780967939291,74.06287159574599,73.4092694223647,73.6259765625,26650000
2020-01-24,74.02913898316754,74.09757360680229,72.55928524517289,72.70756530761719,29786000
2020-01-27,70.99027408970458,71.2402073113937,70.3932038265922,70.99969482421875,34132000
2020-01-28,71.49607551541948,72.14372252373562,70.93173956635746,71.93048858642578,29724000
2020-01-29,72.32522928653594,72.60690544755049,71.67709035915647,72.23795318603516,21566000
2020-01-30,71.3155792213507,72.1660483074748,71.16185099783613,72.11646270751953,27110000
2020-01-31,72.79138548923828,72.88114352752272,70.7681067350012,71.05176544189453,43822000
2020-02-03,72.48342482845398,73.70582753071683,72.23349161238843,73.5223388671875,71636000
2020-02-04,72.12835848746417,72.76558597572388,70.51866160482743,71.6780776977539,95880000
2020-02-05,72.5806094341786,72.62871192281361,70.89802115663437,71.70980834960938,36376000
2020-02-06,72.00389677738615,73.47077712052415,71.92951458765228,73.19356536865234,37822000
2020-02-07,72.7680635245262,73.65374104853788,72.66987603102721,73.34925842285156,28360000
2020-02-10,73.25605339560026,74.82557815384178,73.15538394851609,74.81466674804688,38302000
2020-02-11,75.0432628919805,75.86696037630945,74.65546917942103,74.88407897949219,34852000
2020-02-12,75.17170572454793,75.39188605793423,74.81515553865327,75.30907440185547,31042000
2020-02-13,74.88110442539049,75.67206769006663,74.58356058636251,75.0492172241211,22914000
2020-02-14,75.10575582931537,75.379494369369,74.66043128930994,75.31403350830078,23198000
2020-02-18,75.09633617170891,75.90068528400265,74.93119712969819,75.3492431640625,25642000
2020-02-19,75.73405324495363,75.90960425641619,75.42560557770153,75.6185073852539,22746000
2020-02-20,75.32790743593482,75.72760378166284,74.5964499569271,75.22773742675781,25962000
2020-02-21,74.6123229813126,74.92821644497522,73.31851954400152,73.56497955322266,42520000
2020-02-24,70.56924154888083,71.23028195609393,69.76290996883232,70.41104888916016,49560000
2020-02-25,70.96349127440813,71.25358934741597,68.45522273304678,68.747802734375,51580000
2020-02-26,69.17724388929183,70.10408510430565,68.26329659306435,68.9535903930664,49776000
2020-02-27,67.39994084412521,67.90873614395468,65.17334092529835,65.20854949951172,62290000
2020-02-28,63.193204492422396,66.5722739739755,62.89070436777219,66.41358947753906,80198000
2020-03-02,67.01562107182778,68.80482655090657,65.71685370908082,68.747802734375,55430000
2020-03-03,69.31115659442902,69.83234647642158,65.9172024061507,66.33773040771484,56602000
2020-03-04,67.39101599549596,68.57225502928063,66.30201692418471,68.51374053955078,47598000
2020-03-05,66.72600490557134,67.1267001116849,64.54850635828724,65.19912719726562,54380000
2020-03-06,62.976989720868964,64.60354166751632,62.34521040783532,64.25592041015625,64640000
2020-03-09,59.754129850992335,62.12305079959445,59.41096545267935,60.29119110107422,69252000
2020-03-10,62.20537437076088,63.26957678968302,60.22771640855486,63.23585510253906,54872000
2020-03-11,61.901881557171805,62.331330808488026,59.06879454018304,60.0486946105957,54732000
2020-03-12,55.67088167650658,58.95027701384307,54.96918076424431,55.121917724609375,94326000
2020-03-13,58.26791891565671,60.2222672728443,55.15861501655473,60.2158203125,79400000
2020-03-16,54.03391030090798,56.804014722190885,52.91664529324998,53.21022033691406,96520000
2020-03-17,54.084991706538645,55.838496815004454,52.02501762640033,55.44475173950195,83194000
2020-03-18,52.56257095894629,54.79660524805218,51.424970078900834,54.11226272583008,93044000
2020-03-19,53.96498677866292,57.15809769138862,52.34487759251586,55.12787628173828,74064000
2020-03-20,56.08148743290861,56.45738229776542,52.669687167629704,52.97268295288086,82878000
2020-03-23,52.385533632275504,52.90821410094761,50.030002120502026,52.274452209472656,83672000
2020-03-24,54.74652747937438,56.201996968618325,53.876218046602105,56.037357330322266,72468000
2020-03-25,55.768078303487016,56.83872770368654,53.70661738665387,54.62948989868164,90324000
2020-03-26,55.279113043764426,58.09385023001346,54.15391431981258,57.66935729980469,76562000
2020-03-27,55.911395704558494,57.08073204784074,54.74751506360393,55.05794906616211,62794000
2020-03-30,56.16777321835151,57.078247414984624,54.474269571410154,56.84566879272461,58736000
2020-03-31,56.96568442953883,58.189070873217354,56.37010482578881,57.62126541137695,65228000
2020-04-01,55.73931501110959,56.008093464132045,54.22631868304361,54.653289794921875,51970000
2020-04-02,54.54914768908642,55.67831525812242,54.20846522221107,55.39366912841797,56410000
2020-04-03,55.27862233919662,55.48094867701905,53.31336646721793,54.18714141845703,51374000
2020-04-06,56.18562904604569,59.049456548881885,55.78890642035224,58.674556732177734,63320000
2020-04-07,60.35168668267904,60.538644724889906,58.379984000621846,58.643306732177734,61620000
2020-04-08,59.66189584651864,60.24705964616023,58.71224421750471,59.85529708862305,40334000
2020-04-09,60.40971598898934,60.59865278435294,59.132272009251324,59.8339729309082,54028000
2020-04-13,59.582551251526766,60.228215813461446,58.63190840184953,60.02439880371094,38702000
2020-04-14,61.49029147762071,63.26462449371434,60.923473469967675,62.74293899536133,63358000
2020-04-15,61.81460308752658,63.23288132977035,61.194230736716015,62.34968185424805,42236000
2020-04-16,62.83764929137025,63.14610078349134,61.4025120129918,62.35612869262695,57896000
2020-04-17,63.55967676795776,63.971275807142504,62.78111177962652,63.425785064697266,51050000
2020-04-20,62.97402173117988,63.31768179285646,62.307033746712925,62.54060363769531,35292000
2020-04-21,61.62616202853529,61.98767228700058,59.756116084668555,60.111183166503906,49648000
2020-04-22,61.546816874331455,63.469426000735105,61.35292000771885,62.404727935791016,46296000
2020-04-23,62.76821677257481,63.879534159122194,62.50985410412235,63.03749084472656,34202000
2020-04-24,62.23561780583257,63.36181158869509,61.69012709170987,63.306766510009766,37402000
2020-04-27,64.07045614945028,64.1745987676371,62.73449772386327,63.02212142944336,44186000
2020-04-28,63.63406872473429,63.71142467884531,61.0147150018543,61.12430953979492,80700000
2020-04-29,66.69874197813101,67.45003233788705,65.79273212855323,66.55889892578125,108358000
2020-04-30,66.02233182914512,66.9466912833189,65.53336921837345,66.78304290771484,55842000
2020-05-01,65.66179120018717,67.01758966464936,64.94620903970105,65.32606506347656,48872000
2020-05-04,64.87034957246755,65.68065376658639,64.26931430979212,65.60279083251953,30806000
2020-05-05,66.3267965827604,67.98856075253813,66.20431193209996,66.8980712890625,39666000
2020-05-06,67.34340449678658,67.87352315827798,66.70517819138973,66.72005462646484,31732000
2020-05-07,67.50753910772514,68.23602278801522,67.07263420682175,67.90277099609375,30652000
2020-05-08,68.52463821205002,69.25956128997706,68.03815763461286,68.64960479736328,33326000
2020-05-11,68.27520548318408,70.19632388908829,68.2112352957633,69.60421752929688,32718000
2020-05-12,69.83383223606998,70.13682424784653,68.16214747442724,68.19537353515625,33918000
2020-05-13,68.24394907481845,68.6986942402572,65.8561832058867,66.86385345458984,40368000
2020-05-14,66.1294392946917,67.3121612901518,65.62262654118136,67.28687286376953,36660000
2020-05-15,66.86040707156998,68.16561392304912,66.40119733074029,68.09024047851562,41544000
2020-05-18,67.52093388071376,69.06715231053478,67.15495543988825,68.6912612915039,47094000
2020-05-19,68.70614443587316,69.05376572383527,68.12494948842443,68.15668487548828,31586000
2020-05-20,68.88862946707506,70.02275708211047,68.80234463314515,69.88043212890625,38262000
2020-05-21,69.9711931242331,70.24244974483369,69.14799496101227,69.76093292236328,30894000
2020-05-22,69.61959655312397,70.26922616998684,69.22535585205502,70.08277130126953,28544000
2020-05-26,71.5069951861751,71.6632053320512,70.38824330390248,70.48593139648438,44590000
2020-05-27,70.41800721469514,70.68331631144378,69.1584208375953,70.43189239501953,31684000
2020-05-28,69.426192345688,71.63096943029363,69.38057178014799,70.33071899414062,35170000
2020-05-29,70.4393174660561,71.24763911516013,70.2186452926417,71.08845520019531,37044000
2020-06-01,70.70066543276502,71.48815557585249,70.53106194988158,71.15540313720703,25162000
2020-06-02,71.16184772780194,71.55857034348811,70.49783354301282,71.52435302734375,23442000
2020-06-03,71.5436985914345,71.85661074693132,70.99423898126727,71.37261199951172,27732000
2020-06-04,71.25010932295427,71.4752534941647,69.72422296477501,70.13532257080078,26982000
2020-06-05,70.201772677835,71.72221085779697,69.80405884772759,71.41078186035156,42642000
2020-06-08,70.72943087648002,71.85611291261435,70.64016468589004,71.80850982666016,33878000
2020-06-09,71.66965065277674,72.78840250945899,71.52682627591334,72.00884246826172,33624000
2020-06-10,72.47648141459497,73.0348622998667,72.1219137520516,72.63467407226562,31762000
2020-06-11,71.46088343383067,71.98505464439063,69.34735477136469,69.52042388916016,47144000
2020-06-12,70.70858643432881,71.13754380958245,68.7220073373794,70.06689453125,36676000
2020-06-15,68.90499734928308,70.66594045276953,68.79143400610754,70.4546890258789,30468000
2020-06-16,71.85611030985311,72.26126242222357,70.86381565770579,71.73065185546875,30648000
2020-06-17,72.0514946495563,72.51069676200414,71.16829143028149,72.03165435791016,30610000
2020-06-18,71.8982617395041,72.05298121424725,70.72743476994945,71.11820983886719,34862000
2020-06-19,71.40979643273978,71.63295053322123,70.36840054135394,70.6480941772461,52784000
2020-06-22,70.66644253665869,71.95280774652628,70.37782758468947,71.93842315673828,29442000
2020-06-23,72.00487961496944,73.15537446068053,71.65775015871338,72.59896850585938,37752000
2020-06-24,72.5642562323238,73.18462478275211,70.91389504036651,71.04779052734375,31592000
2020-06-25,70.97438643224383,71.52483720537171,70.39517404816455,71.46434020996094,23958000
2020-06-26,71.04431642722474,71.26201482286062,67.19463394651147,67.56854248046875,97640000
2020-06-29,67.45943898586187,69.32700657961172,67.02849910104547,69.28584289550781,45074000
2020-06-30,69.27147878140379,70.61635863988086,68.77805172682511,70.32129669189453,40286000
2020-07-01,70.3768421161721,71.83032898693156,70.12938326370785,71.50897979736328,42182000
2020-07-02,71.99694685942596,73.81591270905315,71.9587569455247,72.89402770996094,57218000
2020-07-06,73.79756767696199,74.88111101976311,73.24364363672055,74.36785125732422,44712000
2020-07-07,74.19328600350485,75.44246001179413,73.87441879746366,73.88533020019531,42364000
2020-07-08,74.42488417311117,74.93913520411024,74.0033649498385,74.56373596191406,31766000
2020-07-09,74.87763207288506,75.83026118715777,74.16651424532147,75.31055450439453,41836000
2020-07-10,75.04228097916123,76.43527091513984,74.42092109962981,76.3197250366211,35918000
2020-07-13,76.86174923666793,78.17191999043621,74.71053006647314,74.99170684814453,42954000
2020-07-14,74.02767136950519,75.51586747193137,73.68748069578344,75.41966247558594,38108000
2020-07-15,75.53718469026553,76.18681428524529,74.2775985185989,75.2222900390625,31026000
2020-07-16,74.45958671679637,75.17418530345144,73.80351018131975,75.12509155273438,26484000
2020-07-17,75.22377608107477,75.54710778770762,74.29098718634621,75.2208023071289,34264000
2020-07-20,75.12905704307107,77.8074208084694,74.51910048084655,77.55104064941406,30166000
2020-07-21,78.60186132798782,78.70203135101997,76.99463868090396,77.15828704833984,27486000
2020-07-22,77.14787303751817,77.70675334704666,76.52898757148118,77.60112762451172,24482000
2020-07-23,77.65469369706234,77.87388279477673,74.81119054190296,75.21585083007812,33910000
2020-07-24,74.34504365729109,75.15038400386956,73.76979622867519,74.79234313964844,29902000
2020-07-27,75.04276793316431,76.24780455339922,74.99664795853083,75.84463500976562,27124000
2020-07-28,75.62496226274747,75.67504727423581,74.41099662396583,74.56621551513672,30910000
2020-07-29,74.63315872892666,76.03804366539825,74.53447181046977,75.55107116699219,22676000
2020-07-30,74.28454085408097,76.41295336384728,74.14568906688521,76.2879867553711,36042000
2020-07-31,74.2389308474193,74.63416286815898,72.10407107357666,73.78765869140625,91468000
2020-08-03,73.93889871670713,74.27263483646993,72.982796377369,73.5302734375,45482000
2020-08-04,73.72616272675874,74.0435393333621,72.6014556409733,73.0611572265625,37212000
2020-08-05,73.23569446922863,73.88928895066769,72.95798340292208,73.34825897216797,29134000
2020-08-06,73.20247794748174,74.6961294926301,72.99171836772238,74.63066864013672,33306000
2020-08-07,74.83351747807848,75.38148647344788,73.70434585673274,74.30438995361328,27718000
2020-08-10,73.92897345317232,74.73976942853685,73.26892434364396,74.22750854492188,20546000
2020-08-11,74.08765336389034,74.9029212995285,73.30363653343107,73.42017364501953,31098000
2020-08-12,73.74648196265801,74.96392064558853,73.64134809525314,74.74423217773438,22512000
2020-08-13,74.79233862250962,76.21855444545622,74.79233862250962,75.21087646484375,22388000
2020-08-14,75.06013175554337,75.36660452613891,74.33562050081562,74.61481475830078,21942000
2020-08-17,75.17716599131961,75.56446789757864,74.63316208489026,75.1905517578125,19990000
2020-08-18,75.68050663430974,77.23019855885632,75.45983443901895,77.15135192871094,28378000
2020-08-19,76.98819489670538,77.79998980713675,76.36881754336467,76.59742736816406,30472000
2020-08-20,76.36731743172305,78.36084298271476,76.09407832961335,78.16645050048828,26382000
2020-08-21,77.94576675479895,78.94154200457511,77.47516142101985,78.13272857666016,34838000
2020-08-24,78.97080047471435,79.7796215208328,78.10644628557537,78.60780334472656,25638000
2020-08-25,78.35737106631586,79.78457814472273,78.24728090400605,79.63432312011719,25150000
2020-08-26,79.65663374936909,81.96208008160359,79.39281538968537,81.53262329101562,52188000
2020-08-27,81.65561820356022,81.72405283891463,80.27701291660559,80.75853729248047,31350000
2020-08-28,80.80564922534911,81.3947742823975,80.61423049630892,81.299560546875,22418000
2020-08-31,81.50487342900215,81.55099341484878,80.6003541922264,80.80863189697266,26422000
2020-09-01,80.93903580626339,82.280941701102,80.80861351008971,82.07563781738281,22652000
2020-09-02,82.71684094466416,85.5975348157348,82.32904722784718,85.16560363769531,49522000
2020-09-03,84.27943415274483,84.30323947854686,79.72656344056428,80.80763244628906,63726000
2020-09-04,79.79052021748116,81.07936727771299,76.26813467762842,78.41241455078125,55850000
2020-09-08,75.62496025313807,77.13993533300419,75.20344105449351,75.55553436279297,54032000
2020-09-09,76.81016761668064,77.2971401284128,75.63339304854327,76.72735595703125,39242000
2020-09-10,76.87363960393168,78.0380120006391,75.37700663755594,75.6770248413086,33024000
2020-09-11,75.78116136551324,76.3043336256025,74.03905978761586,75.16674041748047,30706000
2020-09-14,75.95472771220844,77.21183946322891,74.63860963235427,74.82308197021484,42660000
2020-09-15,75.7682678763048,76.91379872037813,75.48114361362637,76.12680053710938,23042000
2020-09-16,76.49180937083169,77.0814339097154,74.95996751261251,74.9847640991211,22128000
2020-09-17,73.68153439611216,74.31876961174397,72.52360868177398,73.7425308227539,40008000
2020-09-18,73.80500039329375,74.14717354274497,70.99423184511045,71.95974731445312,63056000
2020-09-21,70.99424359270485,71.41278150456299,69.55910621020328,70.92085266113281,56908000
2020-09-22,71.92156489906783,72.59847297958909,70.88909790425686,72.39266967773438,33950000
2020-09-23,72.00933895714364,72.05843270651947,69.55909323170627,69.89183807373047,37726000
2020-09-24,69.55909799295081,71.31012111863477,69.53281074002145,70.55982208251953,34552000
2020-09-25,70.66842379721632,71.70435638288463,69.80704340057243,71.3631820678711,30326000
2020-09-28,72.99619210723424,73.04577770670436,71.72123004229934,72.33515167236328,30784000
2020-09-29,72.59549981591418,72.99667929784022,72.10405532889749,72.70013427734375,31816000
2020-09-30,72.44821428907602,73.7008616762661,72.19134227406526,72.67930603027344,40924000
2020-10-01,73.57490368942042,74.14073037908443,73.23471303836575,73.78516387939453,32884000
2020-10-02,72.38325120895068,73.34530108822473,71.77428589367447,72.18340301513672,31222000
2020-10-05,72.53301318921578,73.62647661219141,72.40606407362094,73.53374481201172,21602000
2020-10-06,73.17025692104377,73.61755643574848,71.65825547079119,71.95629119873047,26096000
2020-10-07,72.36737722907078,72.84641961122173,71.07406570647528,72.35894775390625,36108000
2020-10-08,72.67187424954838,73.79161750074745,72.67187424954838,73.56350708007812,26076000
2020-10-09,74.03112767666134,74.97284538187411,73.74053020813113,74.9034194946289,32966000
2020-10-12,76.26962637160483,78.76995701320932,75.83818706732326,77.58822631835938,55344000
2020-10-13,78.2041474056117,78.60830825072733,77.29268191848519,77.71121978759766,39072000
2020-10-14,78.08463641146828,78.54333914498373,76.66139427283109,77.53120422363281,33174000
2020-10-15,76.59196719094011,77.92594312364784,76.42485320690311,77.13597106933594,31210000
2020-10-16,77.45135766010404,78.2388477100898,77.24457067731333,77.7424545288086,34194000
2020-10-19,78.150595991625,78.54731865297327,75.5218250273045,75.87043762207031,29734000
2020-10-20,75.53123918577117,78.04694597778177,75.40180813556019,76.91827392578125,41670000
2020-10-21,77.84907582540164,80.09501655041937,77.71468849305327,78.64945983886719,60322000
2020-10-22,78.60037683033812,80.00972633668317,78.22745949895982,79.67449951171875,30512000
2020-10-23,80.0905474515832,81.03623014633379,79.93482916601648,80.97969818115234,30548000
2020-10-26,80.08808319872774,80.81110381138859,77.74643651983753,78.56517028808594,35826000
2020-10-27,78.7952539907842,79.4433928628806,78.203147671929,79.2886734008789,25902000
2020-10-28,76.86520815058896,77.05364551687353,74.80572991828615,74.9207763671875,45174000
2020-10-29,75.22922035595008,78.78582318752815,75.20591444663212,77.20588684082031,55406000
2020-10-30,82.68857929063469,83.37689063114517,79.42207419697557,80.14311218261719,99878000
2020-11-02,80.51158068776404,82.23235921213355,80.050388434645,80.55026245117188,44228000
2020-11-03,80.86961702118651,82.27003752125272,79.94475820536469,81.60850524902344,31432000
2020-11-04,84.57994366770366,87.77603157159547,84.4520032958134,86.57694244384766,71342000
2020-11-05,87.79685909810694,88.85660464736164,86.33791656920567,87.40261840820312,39758000
2020-11-06,86.8491952834686,87.70016376285554,86.12220215146095,87.2652587890625,28622000
2020-11-09,89.06289964750782,90.09982356156625,87.15714949334874,87.34906005859375,53440000
2020-11-10,85.77953403684037,87.24789727172411,85.10262594054147,86.17377471923828,43022000
2020-11-11,86.70340081963118,87.42245635168302,86.43859116132685,86.6453857421875,31838000
2020-11-12,86.38601724295751,87.5256006507518,86.18616905114561,86.42668151855469,26474000
2020-11-13,86.68356532652022,88.12812330500522,86.08749390814062,87.8866195678711,29744000
2020-11-16,87.48395764257096,88.98158211488364,87.34460643181245,87.97440338134766,25468000
2020-11-17,87.66843365802636,88.12863469453356,87.25336891641155,87.36097717285156,21314000
2020-11-18,87.11201051019275,87.52658328875724,86.21591343184126,86.31856536865234,20108000
2020-11-19,85.9511281733209,87.45172648237379,85.79194422768198,87.2077407836914,20106000
2020-11-20,87.37781251074621,87.69320654241716,86.03888043804935,86.10731506347656,27694000
2020-11-23,86.29775148895854,86.58388452691703,84.80806483367506,85.66993713378906,22530000
2020-11-24,85.66695766916568,87.59997863727754,85.33123148878767,87.47203826904297,27984000
2020-11-25,87.66593396009755,87.79337490877796,86.7014022627697,87.48343658447266,19600000
2020-11-27,87.50377401389918,89.11397029438973,87.50377401389918,88.61856079101562,14790000
2020-11-30,88.05473655890232,88.28731141843316,86.67563180881602,87.00094604492188,32418000
2020-12-01,87.60892319923718,90.33935486908295,87.42890770924123,89.03215789794922,37350000
2020-12-02,89.03214790983743,90.88583053694929,88.52682579597574,90.5005111694336,29424000
2020-12-03,90.28082916707561,91.4357808641382,90.10527814356266,90.34529876708984,24728000
2020-12-04,90.26495497057907,90.72514832522789,89.93616760104676,90.44050598144531,20544000
2020-12-07,90.03337488446918,90.71474746268916,89.41300629000888,90.10677337646484,22288000
2020-12-08,89.68476067965364,90.05420479386552,88.82982716744417,89.82410430908203,19936000
2020-12-09,89.77599364104356,90.6691169876544,87.3778154633778,88.16431427001953,31728000
2020-12-10,87.40757975682408,88.02200081653986,85.9659955088699,87.65801239013672,28688000
2020-12-11,87.27864133152798,88.13704799737961,86.91861796512762,88.0125732421875,18628000
2020-12-14,87.81025159464944,88.75642621466821,86.7395946512999,86.89481353759766,33050000
2020-12-15,87.27169452904377,87.47699842212751,86.36965738505812,87.33219909667969,21352000
2020-12-16,87.73041263553134,87.73041263553134,86.7361354479269,87.13929748535156,24676000
2020-12-17,87.4735323654879,87.61139288477847,85.84796774736196,86.31212615966797,34880000
2020-12-18,86.59281350662172,86.7014130032397,85.04708672490963,85.60348510742188,85256000
2020-12-21,84.75599762207898,86.13807616732389,84.00569852253668,86.01707458496094,33974000
2020-12-22,85.7577025849054,85.92035967123091,84.5898570912219,85.30593872070312,20370000
2020-12-23,85.48992918586241,86.49065326644407,85.35454302432285,85.70316314697266,22974000
2020-12-24,85.74134982606715,86.40635530459163,85.51075748898015,85.99723815917969,9312000
2020-12-28,86.5303163813266,88.61756486730043,86.37708759430448,87.97090911865234,27650000
2020-12-29,88.62898889546618,88.69047715763739,87.03615082463631,87.16756439208984,19726000
2020-12-30,87.52659230132683,87.66346156450165,85.69175873529313,86.10087585449219,21026000
2020-12-31,86.15145649430762,87.15466244553635,86.09293444461045,86.91365814208984,21070000
2021-01-04,87.2786364939041,87.40211241746897,84.65730423081347,85.5990219116211,37324000
2021-01-05,85.54745991038807,86.62554760631905,85.14131652388939,86.2893295288086,20360000
2021-01-06,84.31612534175449,86.48371128165162,84.10983019384653,85.43785095214844,46588000
2021-01-07,85.63026481011545,88.16233866820387,85.63026481011545,87.9897689819336,41936000
2021-01-08,88.12960383731487,89.23050541250267,87.3391324437346,89.15463256835938,35484000
2021-01-11,88.1226681566943,88.4876553992653,86.8888697766191,87.09466552734375,34796000
2021-01-12,86.55264274953645,87.67040339276643,85.11552300350571,86.15939331054688,29528000
2021-01-13,85.65804789774742,87.09963985146747,85.65804789774742,86.6463851928711,23432000
2021-01-14,86.72670521887984,87.65305472805,85.59605062771794,85.83656311035156,29212000
2021-01-15,85.74234612510028,86.66472309453243,84.8839469178489,85.67292022705078,31444000
2021-01-19,86.43560673566675,89.45267036457545,85.93127591068698,88.49211120605469,41660000
2021-01-20,90.56993747642771,94.20737744445935,90.2297543947526,93.2329330444336,64152000
2021-01-21,93.90636166357693,95.81210413081008,93.20019257350067,93.43524932861328,58634000
2021-01-22,93.79776072604933,94.43896084883245,93.05589117003073,93.85231018066406,32744000
2021-01-25,94.8530372036717,95.30331799676104,92.19599688493652,93.9375991821289,50586000
2021-01-26,93.52650995574975,95.00231152937288,93.03755491647793,94.61550903320312,31462000
2021-01-27,92.97704477868687,93.2527658262995,89.12736210402838,90.20148468017578,82512000
2021-01-28,90.79954993985909,93.62568701190574,90.79954993985909,91.90045166015625,55278000
2021-01-29,90.94930432506192,91.61976549487935,89.33961486968028,90.61903381347656,44530000
2021-02-01,91.47348314014071,94.99190444693383,91.47348314014071,93.87761688232422,40252000
2021-02-02,94.87238152496506,96.6695245972113,94.53714717102395,95.16942596435547,66332000
2021-02-03,102.43389477343386,104.46758545300014,99.85222758060932,102.10015106201172,97882000
2021-02-04,102.18642035715034,102.61686084448914,100.92087916656516,101.83979034423828,48596000
2021-02-05,102.13386099437315,103.9379504485251,101.6597824251192,103.58536529541016,29866000
2021-02-08,104.13928516789632,104.88313720480986,102.32181002045341,103.37162780761719,28828000
2021-02-09,102.88960799433205,104.0653911621258,102.6515774696433,102.91886901855469,21892000
2021-02-10,103.30320303558659,104.08375438993346,101.77086950936979,103.46883392333984,25102000
2021-02-11,103.69297120693396,103.84173555256167,102.5950434217079,103.58139038085938,20480000
2021-02-12,103.13608390402558,104.1144933325463,102.82861990262512,103.89282989501953,18990000
2021-02-16,103.73017895489284,106.37779882279371,103.73017895489284,104.66991424560547,31004000
2021-02-17,103.84074940988165,105.25208878200296,103.56156275847486,105.06265258789062,20294000
2021-02-18,104.38723382023842,105.22977275348802,103.80851325413042,104.42739868164062,22546000
2021-02-19,104.52560706749125,105.06068208751414,103.31758892872503,103.58438110351562,37938000
2021-02-22,101.83830606942489,103.1638524951323,101.56060251176662,101.87103271484375,29466000
2021-02-23,99.87404002469421,102.77555788180933,98.69577487059935,102.16162872314453,34658000
2021-02-24,100.66996455548863,103.56007930549984,100.54549736259403,103.33642578125,22608000
2021-02-25,101.95385918325073,103.296264656048,99.50212250444032,99.97124481201172,41548000
2021-02-26,100.66548976778884,101.98309847376467,99.23035268675075,100.26678466796875,40042000
2021-03-01,101.5606048992847,102.96053353696968,100.88716997270484,102.63472747802734,26060000
2021-03-02,102.39570360453789,103.87845154552576,101.99055905326092,102.37785339355469,25564000
2021-03-03,101.75648597138567,102.94862875695728,98.88273085300933,99.74610137939453,33892000
2021-03-04,99.91767835282445,102.87920137299997,99.44954734195224,100.86286926269531,49216000
2021-03-05,102.21271269276662,104.44674319929116,100.55788705118852,103.99398803710938,53100000
2021-03-08,103.34880828211642,104.82063691027619,99.43763046704724,99.55218505859375,36868000
2021-03-09,101.6473888421462,102.35007722648686,100.94568414890182,101.18173217773438,33920000
2021-03-10,102.2251105144304,102.2251105144304,100.13885303854282,100.97494506835938,27100000
2021-03-11,102.06740957578127,104.69816257525414,101.97963406928115,104.16606140136719,27702000
2021-03-12,102.96946888396107,103.02897463234642,100.78799753105496,101.6597900390625,33818000
2021-03-15,101.41083684371416,101.90723004915033,100.5583853117007,101.87995910644531,26168000
2021-03-16,102.45272538765994,104.81767759960309,102.12047238189682,103.34039306640625,31900000
2021-03-17,102.57570402029985,104.08968771643904,101.36818547416158,103.257568359375,26382000
2021-03-18,101.56952763068206,102.58960018110442,100.13141662467372,100.23853302001953,31700000
2021-03-19,100.65458057278605,101.01707825730794,99.32556112185357,100.5172119140625,46072000
2021-03-22,100.55044851754279,101.57745981871109,99.87453168948488,100.70219421386719,33536000
2021-03-23,101.1614008768052,102.35949880770968,100.56880265494154,101.2298355102539,28510000
2021-03-24,101.74706227764077,102.53256990725708,100.61839021612809,100.79344940185547,25218000
2021-03-25,100.62086633670765,101.44356501016514,98.9863728269257,100.78997039794922,35616000
2021-03-26,100.75674996559889,101.1336323017579,99.37119832005897,100.40664672851562,27978000
2021-03-29,100.27919338600256,101.6206075032876,99.45053959162658,101.45100402832031,26492000
2021-03-30,101.80756587150155,102.28809141391507,100.97296449597272,101.48473358154297,27312000
2021-03-31,101.87797712697532,103.45792116829037,101.51100739464236,102.28064727783203,42570000
2021-04-01,103.7549829720786,105.91214972011062,103.71431869033437,105.61609649658203,39880000
2021-04-05,106.47746082606572,110.53592048261828,106.38125583923181,110.03852844238281,48510000
2021-04-06,109.63982255502079,110.48682596318324,109.18706739203486,109.55750274658203,35240000
2021-04-07,109.74793996872023,111.30507009532337,109.74793996872023,111.0338134765625,24134000
2021-04-08,112.27207955187752,112.65839021229614,111.23118294546491,111.5991439819336,28664000
2021-04-09,111.35167993918043,112.76648496837154,110.94602844319752,112.60283660888672,26146000
2021-04-12,111.78211703998792,111.91947814319695,110.4778940603642,111.3110122680664,25024000
2021-04-13,111.62689819177633,112.24578362522868,111.23314936962267,111.7974853515625,25682000
2021-04-14,112.44216174007808,112.44216174007808,110.88453990540746,111.17662048339844,21002000
2021-04-15,112.1704155210859,113.8589591031954,111.63583238423234,113.32585906982422,29174000
2021-04-16,113.52373007572085,113.77168077567667,112.61523834787371,113.20188903808594,26282000
2021-04-19,112.5785359848576,114.26013311386431,112.5785359848576,113.54950714111328,30290000
2021-04-20,113.93284788352207,114.00772947962533,111.93090021599527,113.01642608642578,22288000
2021-04-21,112.67128329657372,113.06552401835194,111.32094015527258,112.98370361328125,23204000
2021-04-22,112.83740129654701,113.50587995571698,111.09778136352259,111.7027816772461,24146000
2021-04-23,112.42085284760091,114.36082051609826,112.1357110382655,114.0538558959961,29066000
2021-04-26,114.28146844023216,115.27377066190553,113.92441882355446,114.54975128173828,32038000
2021-04-27,114.93159741163268,114.97226168999597,113.37099411833077,113.61002349853516,44386000
2021-04-28,118.6444129864384,120.57247792112227,116.6965153246631,116.9851303100586,81106000
2021-04-29,118.48224361950828,119.22262247919515,117.71954253961522,118.65729522705078,41234000
2021-04-30,117.43044257709242,118.1162720240264,116.36624012534263,116.71039581298828,44856000
2021-05-03,117.2762089404866,118.10138954221922,115.81776586416933,116.19365692138672,28242000
2021-05-04,114.72925560951428,115.29656536605839,111.90906636547629,114.39601135253906,44818000
2021-05-05,115.47709216813345,115.79297809431026,114.46793099267961,114.7897720336914,26636000
2021-05-06,114.3712116819427,115.90950012207031,113.71216140342943,115.90950012207031,25190000
2021-05-07,117.22562773950987,117.59060737920674,116.34638956282501,116.63252258300781,28898000
2021-05-10,115.45278230823058,115.59461543086714,113.29065197517465,113.64820098876953,30914000
2021-05-11,111.23415327092532,113.07939883944981,110.78039927471382,112.57258605957031,34186000
2021-05-12,110.39706768816423,111.47763718701425,108.78191506462665,109.1106948852539,46376000
2021-05-13,110.39359185483993,111.05413282086089,109.43154201842614,110.53839874267578,33204000
2021-05-14,112.00130340485505,113.2995712389846,111.5778017225358,112.98516845703125,31996000
2021-05-17,112.25074645700623,113.55050506879931,111.85105006420112,113.50785827636719,21598000
2021-05-18,114.17383997116994,114.4381577338712,112.1822970746416,112.19618225097656,22204000
2021-05-19,110.50815409240448,112.81706629241613,110.35988157512777,112.64399719238281,23684000
2021-05-20,113.61101419771367,114.65240260155116,113.24007940429303,114.4019775390625,32352000
2021-05-21,114.92067995406296,114.99407844296304,113.52669887961433,113.76622009277344,40632000
2021-05-24,114.79571714938808,117.30795076933327,114.65041840397706,117.08430480957031,31832000
2021-05-25,117.62780399643341,118.22288412982375,116.78477317689254,117.175048828125,22440000
2021-05-26,117.35604726795344,118.47034224534134,117.35307349417839,118.03990173339844,21572000
2021-05-27,118.47331515824983,118.47331515824983,116.84725869661128,117.1656265258789,35224000
2021-05-28,117.74781887099097,117.82963927117555,116.67816071964592,116.87651824951172,21482000
2021-06-01,117.74882563401557,118.30770603103706,116.74908508872151,118.08306121826172,23354000
2021-06-02,118.47827097273424,118.70093322748687,116.65384943203411,117.5578842163086,21158000
2021-06-03,116.3250685412931,116.88494008609811,115.52121134855334,116.41680908203125,18696000
2021-06-04,117.49243481948021,118.96823639262553,117.15224415049533,118.69747161865234,24458000
2021-06-07,118.49265182934205,119.23997703743203,118.07411399726047,119.13037872314453,24120000
2021-06-08,119.6119002311292,119.98431807890844,118.7574586570108,118.93895721435547,24240000
2021-06-09,119.58314905326921,119.65504930518125,118.86260289582098,119.41007995605469,17942000
2021-06-10,119.35950068179913,120.80158431684347,119.20378994220064,120.75843811035156,25904000
2021-06-11,120.99993539094038,121.08522897452744,119.95655696176605,120.51395416259766,21958000
2021-06-14,120.61610010936498,121.44227193584572,119.90894733034322,121.44178009033203,22098000
2021-06-15,121.44624948123858,121.76908177598153,120.06367916664863,120.42420196533203,21562000
2021-06-16,120.5754470648677,120.88687610628577,118.49068020896921,119.78250122070312,26472000
2021-06-17,119.70812106140869,121.51815815207105,119.51223788888802,120.74554443359375,25842000
2021-06-18,120.37212004101573,120.60618554839238,119.03120533837755,119.12641906738281,46116000
2021-06-21,119.51273077628596,120.99993548875224,118.91566055698493,120.81397247314453,27414000
2021-06-22,120.75198899495656,121.39666231815684,120.07161525109758,121.32772827148438,22390000
2021-06-23,121.09265895404788,122.08644415141389,120.83578696282714,121.12588500976562,19148000
2021-06-24,121.69419186972272,122.04677701360374,121.29747683144915,121.49583435058594,21362000
2021-06-25,120.99993398696205,121.62774832820787,120.5685022175003,121.50426483154297,34594000
2021-06-28,121.6728660523082,121.77849933650862,120.41030616677962,121.53153991699219,28526000
2021-06-29,121.66494274006068,122.0125716067318,120.69347211365788,121.27020263671875,23108000
2021-06-30,120.99447687115277,121.2548296268427,120.35972373185534,121.08869934082031,24474000
2021-07-01,120.72718096682148,121.58211440160566,120.53527041512392,121.44078826904297,18110000
2021-07-02,122.14052824873212,124.37604979876318,122.0507702076455,124.23075103759766,25982000
2021-07-06,124.61852879829608,125.39164190205774,123.56126516970392,125.15559387207031,26404000
2021-07-07,126.11961963968089,126.24061363873932,125.11888803471057,125.437255859375,24060000
2021-07-08,123.00933654007592,124.56596723994673,123.00537150808182,124.01898956298828,23790000
2021-07-09,124.00013149635579,124.70381107829633,123.53050984041758,124.48958587646484,18632000
2021-07-12,125.14369092382793,126.02788545144588,124.581337423186,125.93465423583984,17668000
2021-07-13,125.99714317447354,127.00778748498041,125.63612851420876,126.29766082763672,19240000
2021-07-14,126.90909397847128,128.26638333995623,126.86594777508958,127.18580627441406,23742000
2021-07-15,127.59443383506836,127.64501069030976,125.49280054236102,125.96390533447266,24218000
2021-07-16,126.61652699799224,126.76380826577638,125.1194020146952,125.92920684814453,20424000
2021-07-19,125.05590815567551,125.17046276091699,122.49259090531656,123.55680084228516,27968000
2021-07-20,124.49851812065599,126.00159811872851,123.33117189440424,125.17493438720703,26312000
2021-07-21,125.09956240900131,126.55007557282694,124.99046349148195,126.50346374511719,20746000
2021-07-22,126.7960393554764,127.42980128632463,126.45386617760096,127.3687973022461,14302000
2021-07-23,129.36130462718134,132.30547644208244,128.73647928318812,131.92462158203125,41506000
2021-07-26,132.2355886482273,133.13663460885186,131.2169991619108,132.93629455566406,30572000
2021-07-27,133.1500131960715,133.29729444563313,129.0375036233096,130.8187713623047,54710000
2021-07-28,135.1946241311871,137.16335335815197,134.16860398036314,134.97840881347656,95130000
2021-07-29,135.0339491373532,135.54076195696248,134.43193014711593,134.6645050048828,31716000
2021-07-30,133.92810471351868,134.1953963144615,133.15449968254848,133.62213134765625,25576000
2021-08-02,134.00942969336194,134.22712811804664,132.69727646334016,133.74908447265625,21634000
2021-08-03,134.02726631580427,134.61937271017896,132.22665752851483,134.51821899414062,20762000
2021-08-04,134.24000035779645,134.53754419070725,133.38456751331833,134.01783752441406,19676000
2021-08-05,134.56829449236173,135.23231626590845,133.74063191754414,135.13461303710938,17870000
2021-08-06,134.92684860507694,135.35381597219683,134.1016679203012,134.62582397460938,20488000
2021-08-09,134.82816095664558,136.0594850166339,134.23009186471586,135.7906951904297,17760000
2021-08-10,136.21614977140976,136.64313217691176,135.24666937590175,135.685546875,19414000
2021-08-11,136.05700947405194,136.55389460315365,135.15446522499255,135.1619110107422,15352000
2021-08-12,134.86087941942685,136.17453085667606,134.3153999728154,136.06939697265625,16506000
2021-08-13,136.12491636761754,136.72645098219778,135.90969991008646,136.59849548339844,15948000
2021-08-16,136.39769644559638,137.22834050741238,134.18994510794082,137.17576599121094,22384000
2021-08-17,136.62082272063034,137.1320999211298,134.96649653381414,135.54124450683594,21716000
2021-08-18,135.38106359666662,135.98061569212976,134.21222682101478,134.33868408203125,19258000
2021-08-19,133.33350458588953,135.234782779033,133.1495240793781,134.5677947998047,21782000
2021-08-20,134.88519193745017,136.42645446339975,134.1413397760304,136.302978515625,31194000
2021-08-23,136.8385481592107,139.7197343782352,136.47951599303877,138.89356994628906,28454000
2021-08-24,139.45886528917006,140.9153334065435,139.1881081082897,140.10354614257812,19268000
2021-08-25,140.46407912749783,141.02395074867366,140.21712723901703,140.9143524169922,15848000
2021-08-26,140.58803917062994,141.2500632657939,140.198255364594,140.2810821533203,20610000
2021-08-27,140.49133697664018,143.3278934785733,140.3371093469741,142.8235626220703,28780000
2021-08-30,143.21629858007987,144.77393543856923,142.98124183306933,143.40524291992188,24434000
2021-08-31,143.9571917138558,143.98148131585134,143.0982932268432,143.51136779785156,22448000
2021-09-01,143.8113826192152,145.0551009489579,143.69583676431287,144.02511596679688,21936000
2021-09-02,144.02563035315396,144.32663982177834,142.01127317307444,142.11244201660156,32342000
2021-09-03,141.90763889729274,142.9733244158988,141.23320515681903,142.5612335205078,19850000
2021-09-07,142.65546562838,143.37997686078998,142.44173224208836,143.09780883789062,20124000
2021-09-08,142.9187663228827,143.21629500759505,141.82777736657997,142.5131072998047,18344000
2021-09-09,142.66139378468432,143.12754225665788,142.0038341746833,142.36434936523438,15314000
2021-09-10,143.030343356749,143.53220739667623,139.58433740573318,139.72120666503906,36840000
2021-09-13,140.7859154673757,141.77821775342676,140.09215589506022,141.16578674316406,22094000
2021-09-14,141.82332937621524,142.18782475783476,140.5880403778888,141.3760223388672,19674000
2021-09-15,141.60116132377672,143.2663989340108,140.18883824930154,143.24557495117188,27408000
2021-09-16,142.77050902430236,143.1171466443425,141.23421048693598,142.43280029296875,26190000
2021-09-17,141.858059023679,142.27411498980177,139.31854675119118,139.64584350585938,53384000
2021-09-20,137.02895758765368,137.86058517975945,135.20454353336754,137.58238220214844,46518000
2021-09-21,138.60391361660336,138.8637744931468,137.14447948403443,137.89329528808594,25332000
2021-09-22,138.16208194134197,139.73209820488628,137.41574800022835,139.133544921875,25056000
2021-09-23,139.83179860304818,140.534986416547,139.25060362210317,140.0584259033203,20952000
2021-09-24,139.38648419130865,141.16380230179908,139.09142223509036,141.0492401123047,22984000
2021-09-27,139.6502793563309,140.77498621502428,138.91932129401908,139.91558837890625,21882000
2021-09-28,137.51840770698303,137.95628643744843,134.25041949465725,134.71656799316406,45772000
2021-09-29,135.85713198450668,136.02673545516842,132.7676762055498,133.25216674804688,30848000
2021-09-30,133.1609261171282,134.43141608042833,132.46120397036233,132.58021545410156,37996000
2021-10-01,133.3454089668454,135.78823199119176,132.9739823084811,135.42373657226562,35360000
2021-10-04,134.845991044881,134.845991044881,129.97575169598792,132.56385803222656,51202000
2021-10-05,132.94224164734214,136.09964809191845,132.94224164734214,134.90798950195312,32404000
2021-10-06,133.64540530932422,136.62081321973588,133.44704780870487,136.4373321533203,24364000
2021-10-07,137.7534621789869,138.89404439125028,137.51444038615332,138.083740234375,25110000
2021-10-08,138.4328463076523,139.1806633910254,138.07629612988345,138.6396484375,26526000
2021-10-11,138.15017587187458,139.55853375524543,137.72071154187276,137.7752685546875,17954000
2021-10-12,138.33663473843401,138.36342140161824,134.64712752694697,135.3304901123047,36332000
2021-10-13,136.27616018079524,136.86876589711346,135.3999033857459,136.45419311523438,19654000
2021-10-14,138.33068721492134,140.17890644011712,137.68700521186503,139.9939422607422,31894000
2021-10-15,140.4536525487432,140.55630449662968,139.60120099035484,140.20916748046875,30274000
2021-10-18,139.92006032333015,141.62546275603327,139.9131139513097,141.60760498046875,20396000
2021-10-19,142.2120994497211,142.48485425869475,141.43106394307281,142.06283569335938,20164000
2021-10-20,142.16302664662172,142.36932937667234,140.21760340386373,140.6068878173828,23288000
2021-10-21,140.6068856243596,140.99072189641535,139.3482906803263,140.72293090820312,26292000
2021-10-22,138.00932782246812,139.43057963798353,134.94069634303045,136.43881225585938,50588000
2021-10-25,136.42246503075222,136.86877322103567,134.31388545894404,136.3203125,34412000
2021-10-26,138.12193563067672,138.93470665883544,137.17079709217552,138.16656494140625,49236000
2021-10-27,138.26224995262072,147.43146079079884,138.26224995262072,145.01890563964844,85782000
2021-10-28,145.92841199689116,145.9517179093353,143.44145926717053,144.6534423828125,36206000
2021-10-29,143.88877021249704,147.026835739547,143.46378537419665,146.8324432373047,43320000
2021-11-01,146.8324309481015,146.8324309481015,142.05143515277334,142.32070922851562,46924000
2021-11-02,143.3943518013393,145.4072108702752,143.15234864828975,144.2403564453125,33482000
2021-11-03,144.70452437779974,145.4667336808486,143.405764521186,145.3963165283203,27494000
2021-11-04,145.9184578093512,148.5060795043872,145.10865316738833,147.05209350585938,38412000
2021-11-05,147.94670774549678,149.0952199954821,146.98219111996391,147.63182067871094,38354000
2021-11-08,148.5968545496057,149.3803872526516,147.2137847900475,147.8093719482422,23052000
2021-11-09,148.00970530712945,148.60627612949312,146.03799485146035,147.69778442382812,19530000
2021-11-10,146.29090824279103,146.85624308458767,143.35269859682205,144.69757080078125,29970000
2021-11-11,145.28869002419106,146.32612090055292,144.40696987833476,144.5716094970703,16518000
2021-11-12,145.4136656401591,147.62986135268545,144.219040793597,147.45925903320312,22360000
2021-11-15,147.6799325584469,148.32361464376697,146.36529744247616,147.235107421875,23508000
2021-11-16,146.93510551026554,147.54307207632556,146.10496093518637,146.66384887695312,18904000
2021-11-17,146.81409417641225,147.34173099742802,146.0330585046554,146.83343505859375,19594000
2021-11-18,147.02635065516242,149.34618212111218,146.6722823464295,148.61026000976562,35608000
2021-11-19,148.74610077592874,149.72898972518277,147.67843279309778,147.70570373535156,33682000
2021-11-22,148.10841373382473,148.60133385246837,144.9495238561813,145.10275268554688,30594000
2021-11-23,144.95496666414806,145.45781447907999,142.9336779574355,144.58700561523438,27218000
2021-11-24,144.28102578011982,145.05066575153023,143.18955232530504,144.92222595214844,18040000
2021-11-26,143.16521675032945,143.37250313576732,140.67976264069813,141.01747131347656,30470000
2021-11-29,142.81959849591408,145.0982659592094,142.7139652055701,144.33755493164062,32596000
2021-11-30,143.81981989380787,144.80319311094968,140.44075042064517,140.7343292236328,42068000
2021-12-01,142.81961122468087,144.75412317905503,139.7569265486594,139.89527893066406,34020000
2021-12-02,140.09214564508795,142.68521600548834,139.06512670151332,141.79408264160156,29194000
2021-12-03,142.5032312136305,143.21633168228553,139.15093259281727,140.83749389648438,41230000
2021-12-06,141.86795825434288,142.67329857712156,139.00114949695094,141.9815216064453,30618000
2021-12-07,144.40301145252772,146.32166315012472,144.0370329543183,146.0623016357422,32240000
2021-12-08,146.38661124962783,147.17659085728474,145.20587927665102,146.97177124023438,24270000
2021-12-09,146.38117245241173,147.8778055616714,145.9090763713213,146.42828369140625,23270000
2021-12-10,147.4810447383532,147.7562663299005,145.5014045541288,146.78826904296875,24458000
2021-12-13,146.57011059273268,146.75707245649807,144.32467651369262,144.6311492919922,27070000
2021-12-14,142.78786052539195,143.2956569953205,140.05742162389038,142.72735595703125,38446000
2021-12-15,142.23342665334246,145.51827360710053,140.51661343560883,145.24057006835938,36370000
2021-12-16,145.96410864255435,146.46645697869997,142.42981251292935,143.26095581054688,33650000
2021-12-17,141.33188874138816,142.65545262972856,140.1417284945182,140.56324768066406,50416000
2021-12-20,138.85237592178575,140.61233535579893,138.17894105107746,140.44619750976562,27192000
2021-12-21,140.88902779432755,142.6896513447242,139.35074704863183,142.29640197753906,28756000
2021-12-22,141.89474965551238,145.2991078691126,141.89474965551238,145.2147979736328,26322000
2021-12-23,145.29911422761188,147.0283222152052,145.2515035755231,145.7122039794922,26384000
2021-12-27,146.0488961608223,147.12797496363228,145.96310316847794,146.69406127929688,15976000
2021-12-28,147.02087190142421,147.08335898865232,144.85726596471994,145.4845733642578,18200000
2021-12-29,145.44242309096177,146.208597395199,144.45360165448406,145.4528350830078,17788000
2021-12-30,145.49149904628018,146.0925342403559,144.79773962624193,145.00204467773438,15688000
2021-12-31,144.85280491667777,145.4959875927401,143.6646270751953,143.6646270751953,18136000
2022-01-03,143.86594988262885,144.65543012836076,142.53495522830957,143.802978515625,28646000
2022-01-04,144.20417299307056,145.28425084886646,142.53845076978192,143.21585083007812,28400000
2022-01-05,143.23616397542605,143.3150106060316,136.55935260045507,136.6456298828125,54618000
2022-01-06,135.87550910453731,138.7928950463076,135.43911342349688,136.6183624267578,37348000
2022-01-07,137.01307300645394,137.31359818480337,134.65357655381717,135.89382934570312,29760000
2022-01-10,133.97073966369757,137.68157063585514,132.0729270904359,137.5327911376953,44408000
2022-01-11,136.87574497844983,139.06663719581033,135.5720211712193,138.59056091308594,28730000
2022-01-12,139.99293049410736,141.4389864287953,139.54117421787691,140.27113342285156,26108000
2022-01-13,140.37975480829834,141.67902912526233,137.27442366179454,137.4509735107422,31436000
2022-01-14,135.9553241572003,139.5883072001904,135.87549384235362,138.33714294433594,29662000
2022-01-18,135.05874499682633,136.00740156008052,134.32828625328975,134.88319396972656,34872000
2022-01-19,135.40437523941512,136.82860852545411,133.90874111772067,134.0089111328125,28648000
2022-01-20,135.133105704383,136.49783311871093,131.87453108390275,132.2147216796875,29908000
2022-01-21,131.506600309101,133.75996411235568,129.02014712662628,129.28297424316406,55652000
2022-01-24,124.94532175448224,130.12749709636913,123.47944046052136,129.7317657470703,76622000
2022-01-25,127.68469738972522,128.33829204225916,125.46355309123715,125.89448547363281,46960000
2022-01-26,130.04418655853962,131.9097642410679,126.09978210305361,128.17364501953125,49130000
2022-01-27,130.22767566573776,131.5651172616213,127.87560963585803,127.94752502441406,31950000
2022-01-28,128.59616648080828,132.26336732239355,127.43179389269864,132.25790405273438,34362000
2022-01-31,133.06224407236246,134.36250208787934,131.12574979400958,134.1943817138672,39986000
2022-02-01,136.466592286511,136.66346669345492,133.2670388818161,136.51568603515625,68644000
2022-02-02,150.0101630752151,150.30422616828662,144.32961959181026,146.78680419921875,123200000
2022-02-03,144.5111378369467,148.4480970136978,141.49604864905484,141.9170684814453,71518000
2022-02-04,142.26868609272526,143.68745650021032,139.36319490890207,142.11842346191406,57998000
2022-02-07,143.06756034988416,143.06756034988416,137.76140907718417,138.05995178222656,54974000
2022-02-08,137.8868730262489,138.8523885484705,135.8908729676065,138.25631713867188,54284000
2022-02-09,139.80796270595044,141.3561711201522,139.03782352988043,140.43130493164062,40144000
2022-02-10,138.55830248421256,140.3246936120616,136.82611353380625,137.48367309570312,39330000
2022-02-11,137.46386044180338,138.01578678020195,132.30647428852177,133.18174743652344,39958000
2022-02-14,132.16415735662878,135.18271167288583,132.16415735662878,134.41505432128906,34302000
2022-02-15,136.4427979327925,136.9763973849014,134.7081419187358,135.4886932373047,26680000
2022-02-16,135.5263729022058,136.95407185843112,133.81798904852437,136.6089324951172,25022000
2022-02-17,135.1261616337196,135.98952448924578,131.39252475863216,131.45252990722656,38950000
2022-02-18,132.37293985364457,132.97100892915242,129.12925617493363,129.3340606689453,45620000
2022-02-22,128.77366398895006,131.09696037872362,127.17239674726402,128.74937438964844,44990000
2022-02-23,130.56934576146136,130.9685427450542,126.48212435927555,126.54212951660156,32786000
2022-02-24,123.9292178705829,131.9097594685947,123.9292178705829,131.60328674316406,54456000
2022-02-25,132.45723763350745,134.16264009522365,130.67149031409218,133.3572998046875,36406000
2022-02-28,131.95936863524972,134.63871633436403,131.50561460625966,133.94992065429688,38864000
2022-03-01,133.77284374365715,135.13855485924103,132.12646289912342,132.96253967285156,26496000
2022-03-02,133.52443917740345,134.15372912259033,131.9806947822643,133.46839904785156,23520000
2022-03-03,134.8950837847723,135.32106741558047,131.93505144439177,132.80189514160156,24604000
2022-03-04,131.8378523374268,132.75427399164153,129.26907196974855,130.82521057128906,30430000
2022-03-07,130.41016532100002,130.6551346655655,125.25972533418172,125.34254455566406,45112000
2022-03-08,125.21509629053482,130.17411000501144,124.64431332771989,126.06259155273438,40428000
2022-03-09,130.1741142565606,132.63924417090806,128.83567386884616,132.32632446289062,37026000
2022-03-10,130.18998790766506,132.17954098140794,129.8393852677274,131.3439483642578,27102000
2022-03-11,132.39426221843516,132.698752456179,128.56888416798853,128.80592346191406,31526000
2022-03-14,129.18230442418397,129.33999766688925,124.24808740004758,124.91854095458984,38812000
2022-03-15,125.93513042039176,128.79004377353704,124.68992141435149,128.138916015625,30920000
2022-03-16,129.66133986214837,132.24001771815753,127.67921762993845,132.18795776367188,35576000
2022-03-17,132.05756641925296,132.98143408968724,131.1014639438647,132.74191284179688,28264000
2022-03-18,132.33078043484574,135.1271719338952,131.17433810969047,135.0096435546875,44566000
2022-03-21,135.04729757011566,135.9265355707668,132.99327544132677,134.98580932617188,26832000
2022-03-22,134.98586098558138,139.89379910609253,134.98586098558138,138.7214813232422,35496000
2022-03-23,137.56549993961835,138.44423861979692,136.7051184456803,137.14199829101562,25154000
2022-03-24,138.058933800913,140.458110844999,136.62132231474047,140.4114990234375,26396000
2022-03-25,140.7526772850465,140.87070507937713,138.59203769066454,140.5116729736328,24126000
2022-03-28,139.74551627484473,140.83848798996723,138.66543848117558,140.2959747314453,35050000
2022-03-29,141.47822128711155,142.61482362023852,140.87420455937715,141.33737182617188,34318000
2022-03-30,141.29223395375402,141.55059664678325,140.43928293794912,140.77500915527344,19884000
2022-03-31,140.88855215145054,140.9431091731122,137.88488921822,137.9275360107422,37524000
2022-04-01,138.3564979945896,139.3195316638882,137.1737682495904,139.0016632080078,25942000
2022-04-04,139.20794293991247,142.53395362091976,139.1603322944685,141.7995147705078,25942000
2022-04-05,141.6978485343159,141.81834310644794,139.23173537157103,139.4385223388672,21418000
2022-04-06,137.61264137354576,138.2181411119585,134.40614115921403,135.42869567871094,32468000
2022-04-07,134.89507649085877,136.04012309209003,133.12718701050363,134.7745819091797,26234000
2022-04-08,134.4721004910743,134.5578934974761,131.87556433172037,132.19493103027344,25142000
2022-04-11,130.742917857672,131.0097100260204,127.61378123728949,127.76750946044922,36884000
2022-04-12,130.5212423290769,130.5212423290769,125.74967490379522,126.66758728027344,32710000
2022-04-13,126.95075200878496,129.26561926423614,126.6938724329844,128.8292236328125,27928000
2022-04-14,129.40994617629295,129.40994617629295,125.56322941407538,125.69117736816406,31598000
2022-04-18,125.95895269585907,127.16150750964877,125.14765723721159,126.6299057006836,20808000
2022-04-19,126.64479041088664,129.26463241184499,125.95846151250545,128.94329833984375,26490000
2022-04-20,129.81905168731214,130.32189946504832,126.4548582513956,126.99042510986328,31696000
2022-04-21,128.1905009821093,129.03204110665789,123.50571776803207,123.7913589477539,36446000
2022-04-22,123.97534345046293,124.37404857874347,117.95014478551222,118.65481567382812,56884000
2022-04-25,118.1247001432462,122.26696285548644,117.53954013860086,122.06513214111328,46128000
2022-04-26,121.29202455748772,121.50575793064277,117.53953815889362,117.67739868164062,73054000
2022-04-27,113.53116592670582,116.2809382238553,111.81237758233146,113.35760498046875,91820000
2022-04-28,115.4607114772855,118.66869438389101,113.17956225538599,117.55093383789062,48884000
2022-04-29,115.77758476702827,116.9533679106837,112.8815228143991,113.17410278320312,42676000
2022-05-02,112.47539905815094,115.78851630049633,111.67699747496509,115.62734985351562,35534000
2022-05-03,115.47608756923125,117.47110390717961,115.08333755024837,116.37218475341797,24968000
2022-05-04,116.07216443085974,121.84742986414153,114.1723618582886,121.25879669189453,49916000
2022-05-05,119.21866011890872,120.04681450711568,114.06277194925556,115.55047607421875,45840000
2022-05-06,114.24030172909401,116.60773584446028,113.08088562376314,114.79769134521484,39710000
2022-05-09,112.32167057637727,114.13369779854568,111.08241645044278,111.58872985839844,40802000
2022-05-10,114.56065900721823,115.29707287210782,111.97502692676184,113.457275390625,39900000
2022-05-11,112.30826753178046,115.41062467447975,112.30826753178046,112.6712646484375,37534000
2022-05-12,110.46451302431396,113.35809330514908,108.92424196384515,111.91899108886719,53836000
2022-05-13,113.59415004437889,116.90875792873446,112.67376319786906,115.09921264648438,35038000
2022-05-16,114.0131798264507,115.21772470104247,112.95592377559407,113.50686645507812,25990000
2022-05-17,115.88272204406621,115.94173593854345,113.92837768916225,115.51823425292969,23054000
2022-05-18,114.05732544136315,114.45404808670412,110.64105684052672,110.98223876953125,35126000
2022-05-19,110.51807047133238,112.08362994881233,109.0983015778271,109.47915649414062,34144000
2022-05-20,111.03331404707964,111.26391395378205,104.92926830668526,108.0152587890625,48962000
2022-05-23,108.68918571926903,111.22819834582448,107.84962051186193,110.57410430908203,37184000
2022-05-24,104.90497385041874,105.58584704950131,101.0493357437059,105.10134887695312,76780000
2022-05-25,104.12489705414852,105.62698566700652,103.00515400506396,104.93768310546875,40258000
2022-05-26,104.81073736570944,107.75886699890704,104.36243908840518,106.90889739990234,37948000
2022-05-27,108.58552885624927,111.39728839964133,108.24384758424749,111.39579772949219,37914000
2022-05-31,111.82229671590991,114.78630197702584,111.1597731470303,112.82947540283203,50012000
2022-06-01,113.91351567650608,116.14159882441551,112.32166882859197,112.95840454101562,36606000
2022-06-02,113.06551449385536,116.93304735382672,112.02065295107872,116.65831756591797,37992000
2022-06-03,115.11110884827522,115.36798842891481,112.5879638758018,113.60208129882812,26136000
2022-06-06,115.74783813274163,118.3686786203438,115.21177191367441,115.8628921508789,33542000
2022-06-07,114.53387621473067,116.72625878645412,114.10889140185589,116.18919372558594,31590000
2022-06-08,115.80437236671298,117.59854920159584,115.64419719383626,116.23332977294922,26108000
2022-06-09,115.37392377581374,117.32926690453378,113.83514351672737,113.89415740966797,25798000
2022-06-10,111.52326180460535,112.3504249488664,109.46130149167207,110.25028228759766,41452000
2022-06-13,105.91113796225396,107.89969964994525,105.24911389802193,105.52037048339844,47252000
2022-06-14,105.66171211229965,107.03981794977923,104.93273646839161,105.84072875976562,33706000
2022-06-15,107.65522972129614,110.5101358678124,106.78691045306238,108.86473846435547,39698000
2022-06-16,106.34208771365974,107.75788407901256,104.27616231851945,105.16432189941406,51684000
2022-06-17,105.16431896946578,107.80846549966309,104.18491071395393,106.26522064208984,51376000
2022-06-21,108.03658348672354,111.567406717593,107.70978614823225,110.62965393066406,47416000
2022-06-22,109.65024031138255,112.41736323198378,109.47766306713153,110.5736083984375,30774000
2022-06-23,111.31149505300748,111.81830776836337,109.59468949112863,111.32190704345703,28362000
2022-06-24,112.0687608319365,117.11108593640661,112.02660588324883,117.0079345703125,41164000
2022-06-27,117.30348914348141,117.60747238809732,114.23534152789627,114.88398742675781,36420000
2022-06-28,114.8532454023872,116.34789602426181,110.93116279588207,111.08935546875,35792000
2022-06-29,110.63758563635704,112.23289804690751,109.96365128893204,110.78585815429688,24716000
2022-06-30,109.09830333262894,109.97902466562923,105.87494437052855,108.0698013305664,43170000
2022-07-01,107.04823602503195,108.35444147045118,105.85559392220435,107.84614562988281,35476000
2022-07-05,106.22256636530622,112.44761288334064,104.86478520912014,112.33454895019531,39342000
2022-07-06,112.37323400124177,114.6419812155782,110.56219823466688,113.63282012939453,37432000
2022-07-07,114.13666235926765,118.21247285733529,113.8921848578157,117.8093032836914,40936000
2022-07-08,116.2888797500777,118.70391717679874,115.94323338269083,118.37513732910156,38238000
2022-07-11,117.03074427714583,117.03074427714583,114.38510706026808,114.728271484375,31196000
2022-07-12,115.26236105063236,116.01514205426072,112.75806498456316,113.08585357666016,29960000
2022-07-13,110.78537481512758,113.25992583397168,110.28997276573159,110.44072723388672,43722000
2022-07-14,109.30708832837976,110.18235402261737,107.48464911605639,109.46279907226562,37004000
2022-07-15,111.08240810060202,112.21306263725859,109.99092716981522,110.8612289428711,46770000
2022-07-18,111.71665403211723,112.74812973437768,107.48165988903675,108.13624572753906,43164600
2022-07-19,109.94132492872627,113.08533759009629,108.66189857090403,112.87705993652344,36530900
2022-07-20,112.24231974638516,114.45404329391755,111.55798096785527,112.96633911132812,35600400
2022-07-21,113.34321947485182,113.61101046049744,110.1992065063923,113.40272521972656,32676200
2022-07-22,110.09010519867219,111.41911725096242,105.62699282575305,107.01551818847656,48901200
2022-07-25,107.52133950136387,108.9693706048637,105.4286350985414,106.62871551513672,34690900
2022-07-26,105.72616877091382,106.32124889141323,103.2169090921242,104.15911865234375,47991000
2022-07-27,108.36437093577844,112.97625525163264,107.12461749425067,112.13321685791016,59858500
2022-07-28,111.44888067205848,113.40272578477607,110.54633651373639,113.2837142944336,32816600
2022-07-29,112.15305449933629,115.75329568436271,112.13321420730232,115.36649322509766,37223400
2022-08-01,114.35486029276694,115.76321838407448,113.4027229923445,113.91846466064453,26034300
2022-08-02,113.0655143870716,115.39624935448683,112.78781082558956,114.18624877929688,20236000
2022-08-03,114.76149298206536,117.6476425585004,114.53338259160023,117.11206817626953,28499000
2022-08-04,116.51698947915064,117.80632850385459,115.93182192650802,117.2211685180664,21602900
2022-08-05,115.27723158541431,117.14181794438285,115.0491136341377,116.50706481933594,19159500
2022-08-08,117.41953956981935,119.1651147158916,115.9219151378597,116.3384780883789,19138300
2022-08-09,116.17977937135981,116.35830417801051,114.76150106487229,115.67395782470703,19086500
2022-08-10,117.80633141765588,119.92878873304059,117.43936923676468,118.71878814697266,30930400
2022-08-11,120.28583048192732,120.49410814131456,117.58812592192379,117.86582946777344,24293700
2022-08-12,119.27420563607838,120.68256378173828,118.48076037738996,120.68256378173828,19096300
2022-08-15,120.13707506100795,121.29749013245304,119.62134091458636,121.07929229736328,19494800
2022-08-16,120.5238677790755,121.42641192061868,119.65108407641937,120.702392578125,19041200
2022-08-17,119.13534985161822,120.29575726084148,118.40141036356964,118.57002258300781,22847000
2022-08-18,118.45100459562921,119.82960983443398,117.74682554009155,119.1849365234375,17987700
2022-08-19,118.08403247971835,118.17329866159419,115.8028907047583,116.24919891357422,21809500
2022-08-22,114.25567281481072,114.68214829640736,112.91674062691341,113.30354309082031,21456600
2022-08-23,112.54978392368335,114.06724098148526,112.50019075744802,112.92666625976562,15870400
2022-08-24,112.56960408080326,113.83911029938794,111.94477111702129,112.75804901123047,17734600
2022-08-25,113.30355342238907,115.76322777545683,113.17462177828163,115.69380187988281,16956800
2022-08-26,113.7796015615077,114.17632413607375,109.28673675416756,109.43550109863281,37245700
2022-08-29,109.08838330000286,110.040513040239,107.90814316272662,108.52305603027344,21191200
2022-08-30,109.26691024996742,109.59420698279374,106.91634250859858,108.0469970703125,27513300
2022-08-31,109.74298212503663,109.94133965972561,107.24363481356808,107.33290100097656,28627000
2022-09-01,107.39240011242691,109.54461025492617,106.47994340226887,108.8404312133789,28360900
2022-09-02,109.68346459238305,109.832236521105,106.38076712239958,106.96592712402344,24160700
2022-09-06,106.42044469733727,107.14445651227068,104.91290018646603,105.93445587158203,25068300
2022-09-07,106.18239517986085,109.07846482937784,106.02371068181908,108.55280303955078,23167000
2022-09-08,107.15436785234293,108.70157768967908,106.28158417405022,107.4915771484375,24238300
2022-09-09,108.17592320190764,110.08018262294702,108.12633003878351,109.74297332763672,23197700
2022-09-12,110.0801874345021,110.70502802301867,109.02887891863624,109.95125579833984,22966800
2022-09-13,106.91634367306543,107.4122450675289,103.2367486673143,103.4648666381836,38172900
2022-09-14,103.7128143662537,104.41699341820953,102.8102777889331,104.13928985595703,26395100
2022-09-15,103.1772279995562,104.40706116124392,101.51099925246001,102.06641387939453,34188300
2022-09-16,101.23330943767259,102.28461796293107,100.11257502049808,101.95732879638672,42797200
2022-09-19,100.91593353936474,102.48298375828159,100.71757600878111,102.22511291503906,23036800
2022-09-20,101.24322534010722,101.53084904223219,99.6960079229227,100.31092834472656,26517100
2022-09-21,100.83658693545453,102.03666739252802,98.45625874751293,98.46617889404297,31487300
2022-09-22,98.00993551715817,100.41009606383335,97.98018264897804,99.3191146850586,34298600
2022-09-23,98.81330688401681,98.84306732316416,96.67101684353818,97.93060302734375,31625400
2022-09-26,97.29583900935431,99.06124652577749,96.99830275276098,97.36526489257812,27072700
2022-09-27,98.61494711523052,99.18027437650241,96.07593451258548,96.70076751708984,30072800
2022-09-28,96.84954541208984,99.8745394269292,96.31397098941996,99.22987365722656,32466300
2022-09-29,97.83141465127956,97.83141465127956,95.17338319605307,96.62141418457031,31047200
2022-09-30,96.25445392690247,98.08928738689897,94.77666247319067,94.86592864990234,32941500
2022-10-03,95.96682700199257,98.47608650806613,95.7287889166939,97.83141326904297,27982000
2022-10-04,99.61666354191142,101.00518123961032,99.5571502356858,100.80682373046875,28850800
2022-10-05,99.0116735801322,101.09445790974014,97.99011792498692,100.59855651855469,22176900
2022-10-06,99.85469877759263,102.08625491156727,99.76543259746941,100.58863067626953,22324000
2022-10-07,99.03150112865876,99.70592728808386,97.49421143647145,97.87109375,27502800
2022-10-10,98.18847777441846,98.2876565416277,96.21479230959145,97.05782318115234,18225100
2022-10-11,96.6313430235072,98.43642374055914,95.52052121037734,96.38339233398438,26507100
2022-10-12,96.50240591070916,97.94051680156004,95.9469912522471,96.76026916503906,21876400
2022-10-13,94.37003338415455,98.96207740272202,93.6063410275305,98.24797821044922,34574500
2022-10-14,99.17034658633813,99.86461299357255,95.58002577343595,95.76846313476562,25410700
2022-10-17,98.04962623156622,100.10265774202443,98.0198733580147,99.15052795410156,28419200
2022-10-18,102.28461724659432,102.62183412414964,99.15052441894925,99.94396209716797,24060700
2022-10-19,99.19020627528849,100.191921717045,98.10913722172899,98.81331634521484,23811100
2022-10-20,99.18028082765306,101.48126304018042,98.57528050925599,99.15052795410156,25323200
2022-10-21,97.04789829825931,100.47953493084219,96.9189666638649,100.30101013183594,32458700
2022-10-24,100.96553475767932,101.90774445337716,99.16045384473168,101.67962646484375,27176400
2022-10-25,102.05650031802847,103.9607597041695,101.87797552764937,103.62355041503906,40611400
2022-10-26,95.63952891169801,97.50411515149013,93.9137944362067,94.15182495117188,88114100
2022-10-27,93.74519988449306,94.64774408921001,91.04750255104241,91.46405792236328,60710900
2022-10-28,91.51363539732378,95.75855747636481,91.37478361921333,95.50068664550781,43697300
2022-10-31,94.637811790529,95.242812042702,93.20962104840368,93.73527526855469,31675000
2022-11-01,94.66756687746879,95.2428142728165,89.62921479576478,89.7283935546875,47161400
2022-11-02,90.19454589639709,90.43257644134617,86.16782152387951,86.25708770751953,57038300
2022-11-03,85.61241853361773,85.81077606951776,82.65684282083558,82.74610900878906,61288000
2022-11-04,84.69995747119829,85.92979077856455,83.02380838038178,85.87028503417969,51124900
2022-11-07,86.56453757303696,88.1712606549143,86.13806211366017,87.76461791992188,34078900
2022-11-08,88.1712646484375,89.57962271598969,86.87199792022133,88.1712646484375,30429000
2022-11-09,87.72495966287984,88.70684993931101,86.56455213639421,86.6042251586914,31769100
2022-11-10,91.49381082236977,93.61626826753488,90.8590576182188,93.16996002197266,51620100
2022-11-11,93.91380328731896,96.1354392923686,93.15011094483498,95.61970520019531,33090500
2022-11-14,94.31052701503693,95.99659635796955,93.73528712723771,94.91552734375,30179500
2022-11-15,97.4545394739204,99.31912590340235,95.91724219824151,97.63306427001953,41640800
2022-11-16,97.09748619804606,98.82322078363063,96.83961537638496,98.0396957397461,29105200
2022-11-17,96.17511335721086,98.46617527590662,95.99658856050377,97.55371856689453,26052600
2022-11-18,97.96035978371822,98.08929899123865,95.5800391036644,96.63134765625,28342300
2022-11-21,96.49249435141179,97.5933960537091,94.57831466395251,94.81634521484375,21647400
2022-11-22,95.16347408012261,96.42306785300386,93.27905484436155,96.25446319580078,23438500
2022-11-23,96.29413568796969,97.95045220883327,96.29413568796969,97.65290832519531,18868100
2022-11-25,97.43469190584294,97.83141448608896,96.60158129749476,96.66108703613281,9701400
2022-11-28,96.24454747735288,96.78012191327572,94.8262691285725,95.26266479492188,26237500
2022-11-29,94.94527283562661,95.33207527119987,93.33854978773114,94.40969848632812,20061700
2022-11-30,94.04274131301841,100.21175594756679,93.64601867914251,100.16216278076172,43647500
2022-12-01,100.19191565410281,101.4118364290716,99.42823082654697,100.16216278076172,28687100
2022-12-02,98.23805598692219,99.94395019705995,98.08928407532805,99.61666107177734,21480700
2022-12-05,98.58518949074,100.54895459128153,98.18846689898945,98.66453552246094,24405100
2022-12-06,98.48601001120109,98.96207106432217,95.62961342505861,96.18502807617188,24910700
2022-12-07,95.61970972120518,96.08585067198514,93.94356060039664,94.16175842285156,31045400
2022-12-08,94.59814224941029,94.79650733675184,92.6839626659769,92.94183349609375,32213300
2022-12-09,93.0013431152763,93.48733192437892,91.98970761165849,92.06905364990234,28225400
2022-12-12,91.9500324704772,92.79306329851202,90.85905095379364,92.54511260986328,29420000
2022-12-13,96.958644678424,98.71413232006631,94.25101968178204,94.84609985351562,40593700
2022-12-14,94.41961155521665,96.0759277719066,92.83272878989905,94.29067993164062,28733600
2022-12-15,92.36658508509045,92.87240659372344,89.27216542487523,90.11519622802734,40107000
2022-12-16,90.01601241882409,90.5813396378672,88.78617166028681,89.52011108398438,58011800
2022-12-19,89.52012290883614,89.81765920892968,87.48692414068339,87.71504211425781,29493000
2022-12-20,87.38773902543626,88.44896764240224,86.7232330132954,88.29027557373047,23453800
2022-12-21,88.349786515183,89.48044099017838,87.59601434290138,88.84568786621094,24745600
2022-12-22,87.43733387958731,87.81421619968995,85.61241288884075,87.04061126708984,27658300
2022-12-23,86.39594104938888,88.81594226177606,86.35626803003854,88.49856567382812,23003000
2022-12-27,88.07208282991216,88.21093460263191,86.29675508801945,86.67363739013672,20097300
2022-12-28,86.26701007977196,87.31831861670652,85.23553426923881,85.31487274169922,19523200
2022-12-29,85.90995189306291,88.12166765847456,85.90003174742517,87.72494506835938,23333500
2022-12-30,86.26699116795515,87.57617026223289,85.86034848075182,87.50674438476562,23986300
2023-01-03,88.85561394606133,90.30365276991351,87.7943851962897,88.38947296142578,28131200
2023-01-04,89.60937532240884,89.90691916874918,86.55462109181812,87.35798645019531,34854800
2023-01-05,86.75298665837843,86.85216541875592,85.19585666320351,85.49339294433594,27194400
2023-01-06,86.0785669486724,86.97119099271035,84.16438721912351,86.62405395507812,41381500
2023-01-09,87.63569405206921,89.31184316795068,87.13979266316744,87.29847717285156,29003900
2023-01-10,85.2752044746708,87.94314874861813,85.12643254757823,87.69519805908203,30467800
2023-01-11,88.44897568545483,90.84913669096524,88.28037102229985,90.76979064941406,26862000
2023-01-12,90.73010969806401,91.11691212598826,89.01428778515732,90.38297271728516,30258100
2023-01-13,90.10528953617832,91.43430932131623,89.39119025662427,91.36488342285156,26329200
2023-01-17,91.30535652243567,91.49380146174484,89.3118384915669,90.54167175292969,32602400
2023-01-18,91.38470524390696,92.0392986943226,89.89700111134908,90.3730697631836,29116700
2023-01-19,89.97635197425116,92.84266148471706,89.88708578674498,92.2872543334961,37000400
2023-01-20,94.3204372009586,97.49421044649547,94.24109116727796,97.21649932861328,63191100
2023-01-23,97.14707158711535,99.2199431680557,96.70076339817312,98.97199249267578,40005100
2023-01-24,97.29583143146486,98.79345544362617,96.4032075974994,96.89910888671875,33078500
2023-01-25,94.78660552460629,95.37177318688094,92.99144464635195,94.4394760131836,42330000
2023-01-26,95.70896843494373,96.77019710869844,94.59814659536165,96.7206039428711,30114000
2023-01-27,96.5123239826297,99.49765240364174,96.5123239826297,98.5554428100586,33879800
2023-01-30,96.68092958542469,97.48428734322064,95.60978086379407,96.14535522460938,27226200
2023-01-31,96.07593251835176,98.06945054380512,96.02633935545113,98.02977752685547,29870700
2023-02-01,97.90085604626204,100.36053038415385,96.78012157695186,99.60675811767578,35531100
2023-02-02,104.93273458159672,106.9659256907038,104.74428963661705,106.85682678222656,69883800
2023-02-03,102.08625562934304,106.92625024321528,101.73912618609937,103.92108917236328,65309300
2023-02-06,101.56059433437012,103.5045266483121,101.04485271151285,102.0564956665039,31999600
2023-02-07,102.37388574345306,107.29322670020932,102.27470697729218,106.75765228271484,49010200
2023-02-08,101.2134745048074,102.29453587919534,97.23634332555855,98.5554428100586,94743500
2023-02-09,99.18027975409596,99.21003262732542,92.86249320969232,94.23118591308594,119455000
2023-02-10,94.66756053010047,95.95690701020914,93.47740036911846,93.7947769165039,54980700
2023-02-13,93.96339666886732,94.4196250562035,93.07077262109874,93.83446502685547,50076100
2023-02-14,93.65594180887688,94.07249718262943,91.50373147763352,93.90389251708984,54726100
2023-02-15,93.7154340931221,96.32388001154781,93.37822481049062,96.14535522460938,50169000
2023-02-16,94.58822952133472,96.87929141683016,93.96338895576008,94.72708129882812,42462600
2023-02-17,94.07249288547277,94.77667195660865,92.44593691924389,93.57659149169922,34284100
2023-02-21,92.23765518012942,92.33683394114578,90.96814887866952,91.0375747680664,33629300
2023-02-22,90.94831301648848,91.35495579337403,89.86725160509873,90.89872741699219,30884000
2023-02-23,91.1665064831145,91.18634677544837,89.02421648917793,90.14495086669922,41206400
2023-02-24,88.70683225593044,89.15314042580724,87.8538813637116,88.39936828613281,36585100
2023-02-27,89.13331604003906,89.42093974612138,88.60765422535826,89.13331604003906,27502300
2023-02-28,88.59774267568118,90.48216943962086,88.58782252932733,89.3217544555664,30142000
2023-03-01,89.24242610290563,90.28381458248744,88.9349620659149,89.61930847167969,31111200
2023-03-02,88.92503489270483,91.52355315835904,88.85560143860462,91.245849609375,32204400
2023-03-03,91.7219244117424,92.96167788657921,91.69216397218837,92.88233184814453,35160100
2023-03-06,93.2492875940104,95.1833074213031,93.22945486919875,94.35018920898438,32639300
2023-03-07,94.20143621358584,94.8857750214838,92.76331756858707,93.09061431884766,27835500
2023-03-08,93.3484777291188,95.1733911604508,93.229458674828,93.47740936279297,34103300
2023-03-09,93.27905456209555,94.74691844025844,91.14667706997915,91.563232421875,28813500
2023-03-10,91.41445442058324,92.02937482791765,89.65896694454361,89.88707733154297,35941000
2023-03-13,89.35150848107031,91.81118269560834,88.687002437022,90.36315155029297,37335600
2023-03-14,91.80126150060728,93.58650950422467,91.6822500116025,93.19970703125,36050200
2023-03-15,92.45585699442236,96.13544442535732,91.88060956204423,95.3221664428711,50622100
2023-03-16,95.41141283511351,100.3605135550846,94.71715400007437,99.49764251708984,65492000
2023-03-17,99.43813510487313,101.99698017297794,99.27944304990501,100.7869873046875,61028500
2023-03-20,99.29928500623465,100.91592061736439,99.05133434132713,100.39026641845703,32960400
2023-03-21,100.4200298260466,104.23846895297474,100.39027695383191,104.05994415283203,42110300
2023-03-22,103.41527577821408,105.71625799716358,102.48298628129344,102.52265930175781,43427400
2023-03-23,104.19879298533533,105.42863382566868,103.60371285731998,104.73436737060547,40797800
2023-03-24,104.12936781949888,104.62526919076385,102.98879315221856,104.57568359375,30393300
2023-03-27,103.7624149352095,103.90126672624382,101.0944628976051,101.6201171875,31120900
2023-03-28,101.60028121184264,101.61019379170308,98.92240911282488,100.20183563232422,32057900
2023-03-29,101.44158753942646,101.64986521604924,99.82495172553267,100.55888366699219,28779600
2023-03-30,100.0828209446528,100.33077163663715,98.96207897409658,100.06298065185547,33086200
2023-03-31,100.46962623998861,103.03839184898722,100.21175539436457,102.87970733642578,36863400
2023-04-03,101.5506793026603,103.67313650572234,101.09445096214598,103.50453186035156,25035400
2023-04-04,103.47477744759011,104.71453082187777,103.18715375673288,103.86157989501953,24420100
2023-04-05,104.91289907946413,105.2302756731111,102.8102819841236,103.61363983154297,28290500
2023-04-06,104.39715731293522,108.27510204632019,103.47478047282404,107.53125,48711500
2023-04-10,106.10306402969181,106.7080567599706,104.25831026578564,105.56748962402344,27067400
2023-04-11,105.67658753468932,105.85511233488984,103.82191364187591,104.48641967773438,26311800
2023-04-12,105.70633385627954,105.87493849967197,103.48469035438097,103.78223419189453,24370300
2023-04-13,104.97239950361016,106.6088755556612,104.97239950361016,106.54936981201172,24843600
2023-04-14,106.01379677904549,108.04699547084493,105.96420361413152,107.97756958007812,26578000
2023-04-17,103.80208956915179,105.28979383922241,103.66323020910507,105.10134887695312,37571200
2023-04-18,105.61707218442865,105.66666534841484,103.2169113578442,103.64338684082031,26596400
2023-04-19,102.73093151613256,104.11945689106093,102.22510999070306,103.32601165771484,20905700
2023-04-20,103.05823288579296,105.37904781258688,103.01855986565269,104.42691802978516,27820800
2023-04-21,104.60544233096776,105.13109660328743,103.92109597885471,104.54593658447266,25800100
2023-04-24,104.62528018111423,105.7559348210195,103.84175502418775,105.10134887695312,23542800
2023-04-25,104.96249111597527,105.81544212100182,102.98879811509617,102.99871826171875,46664100
2023-04-26,104.05995143064801,105.4782297846258,101.78872203487352,102.85987091064453,53347600
2023-04-27,103.59379357823073,107.48166608530138,102.6912570160058,106.70805358886719,50089200
2023-04-28,106.16256199648849,106.47001841232823,104.22854218991014,106.46009826660156,36139800
2023-05-01,105.96420132305943,107.1047759897289,105.9443685976354,106.32125091552734,26681700
2023-05-02,106.2617379751714,106.32124371426752,102.85985449785488,104.45665740966797,30997200
2023-05-03,104.66494807746287,106.60888065380296,104.09962078519486,104.54593658447266,21795400
2023-05-04,104.62527054996112,104.73436945840507,103.117733691147,103.83183288574219,23419500
2023-05-05,103.9607682679493,105.01207680519784,103.25658919423994,104.70462036132812,26639300
2023-05-08,104.31780842718317,107.07501872614742,104.29797570257264,106.8865737915039,26511400
2023-05-09,107.50149988087897,109.2470748463162,106.31133960304034,106.47002410888672,36360100
2023-05-10,107.08494078998831,112.01420151452291,107.04526777320253,110.83395385742188,63153400
2023-05-11,114.45405622863737,116.95339620842775,113.47217347588283,115.61446380615234,78900000
2023-05-12,115.7235396119098,117.06247174670034,115.15821237424916,116.54673767089844,41102300
2023-05-15,115.15822426414559,117.50879963545604,115.05904549704219,115.55494689941406,36266800
2023-05-16,115.5350937281414,119.76017532413435,115.47558798788296,118.53034210205078,45035600
2023-05-17,118.62953592633984,120.67264731450432,117.91543668511788,119.84944915771484,33323600
2023-05-18,119.95854133598478,122.29919646548392,119.83952984703524,121.82313537597656,35234200
2023-05-19,122.53723296740392,124.93739380984856,121.1487076020142,121.75370788574219,41353400
2023-05-22,121.93223602252743,125.39362560112353,121.73387092669454,124.02494049072266,35253000
2023-05-23,123.14222636559451,123.60836727655007,121.20820656831121,121.55533599853516,34046300
2023-05-24,120.12715625884692,120.9106813684256,118.87748262878495,119.9089584350586,34182600
2023-05-25,123.49927213144791,124.2927173391139,120.96025957388359,122.46780395507812,42317000
2023-05-26,122.16035584955227,124.23322775152575,121.44625658316629,123.58855438232422,35635900
2023-05-30,124.61009496844295,124.62993526057318,120.99993361988649,122.65624237060547,35076700
2023-05-31,121.7437815499549,123.04304066689512,121.49583087470042,121.86280059814453,37325800
2023-06-01,121.81320947582672,123.40009231065325,121.61485195904373,122.7058334350586,30772700
2023-06-02,122.97362980848881,125.11592753657705,122.74551939681675,123.64805603027344,26980100
2023-06-05,122.99346805796284,126.38543183753264,122.82485583017811,124.9770736694336,32305500
2023-06-06,124.97707929168565,127.23838101293813,124.33240592558523,126.26641845703125,26638300
2023-06-07,125.92919376166726,127.98221754198133,121.11895203748432,121.49583435058594,52539000
2023-06-08,121.22804486245556,122.21984754210081,120.24615476147191,121.13877868652344,29389200
2023-06-09,121.24789821827459,122.74552263809503,120.91068888190526,121.22806549072266,23778300
2023-06-12,121.78345693305364,123.0331304793446,120.66272258318774,122.6264877319336,28306400
2023-06-13,123.95551612909149,124.13404093411759,122.17026807883049,122.81494140625,22278300
2023-06-14,122.09091511456377,123.03313225253616,120.45443908912067,122.65624237060547,30592300
2023-06-15,122.13060083541116,124.43158311632118,121.39666885419425,124.06461334228516,35246300
2023-06-16,124.89772318191494,125.07624798326509,122.26944432692575,122.51739501953125,45535600
2023-06-20,121.9223072208865,123.5488630569753,121.13878217339122,122.09091186523438,26097500
2023-06-21,121.39666224993185,121.65453309243799,119.11551282046045,119.56182861328125,30306300
2023-06-22,119.01633037340913,122.22976917477193,117.85592296831348,122.14051055908203,26952200
2023-06-23,120.38501322694266,121.78345871511222,120.06763665447824,121.33714294433594,34913600
2023-06-26,119.77008692272335,120.99992005704317,117.30049294227705,117.36991882324219,33969900
2023-06-27,116.1202700370029,118.10387557545451,115.14829999374557,117.36002349853516,39535900
2023-06-28,116.1301877388727,119.4031400484243,115.89215718247867,119.19486236572266,27091400
2023-06-29,118.26256241740738,119.07584040154654,117.33027294139967,118.12371063232422,24090900
2023-06-30,119.1849366580173,120.08748080780242,118.708875567441,118.71878814697266,29532200
2023-07-03,118.26255895127434,119.2047761131289,117.84600360823359,118.91715240478516,14467900
2023-07-05,118.26256411758469,121.60494228794853,118.25265153768966,120.75199127197266,27584800
2023-07-06,118.81797081927608,119.31387218735846,117.42944547527459,119.12542724609375,24745200
2023-07-07,119.11551561978513,120.0577328266466,118.4212566815545,118.50060272216797,21709500
2023-07-10,117.33027892845527,117.34019150871362,115.18798116324814,115.49543762207031,35315200
2023-07-11,115.33674818852833,116.74510634443534,114.40445113781433,116.17977905273438,23078800
2023-07-12,117.82616938013048,119.34362637246984,117.4393669141167,117.9551010131836,30404400
2023-07-13,119.93870320943425,123.80673533006852,119.46263457450904,123.51911163330078,44297900
2023-07-14,123.77698624657505,125.74075145445121,122.47771949840582,124.39189910888672,33283100
2023-07-17,124.90764611490182,126.05813341949313,123.18190380773267,123.62821960449219,25716200
2023-07-18,123.57861693621366,123.65796296956178,121.95206108684837,122.7455062866211,26193600
2023-07-19,123.57861868845079,124.1538660880998,120.80157558357863,121.0296859741211,37224000
2023-07-20,120.42468845421087,123.0727999886977,117.25092267132642,118.22288513183594,37906800
2023-07-21,119.6312510365837,119.99821321316037,117.75674443491287,119.03616333007812,72937900
2023-07-24,120.66272215495184,121.99173416334048,119.98829600487059,120.53378295898438,29686100
2023-07-25,120.36518297759501,122.14051081744289,120.02796610605938,121.20821380615234,52509600
2023-07-26,129.00378761340536,129.90631659089652,127.26813284588675,128.21034240722656,61682100
2023-07-27,130.59066029279523,132.14779780312753,127.73426366088836,128.33926391601562,44952100
2023-07-28,129.7079618698937,132.64370465595107,129.49969176817697,131.4932098388672,36591200
2023-07-31,131.64199265883678,132.43543799339955,130.6997829450421,131.632080078125,28055500
2023-08-01,129.70797201734953,131.5428132938943,129.6087856815379,130.47166442871094,23166800
2023-08-02,128.3888654416219,129.0236186085389,126.51435881324909,127.32764434814453,26273300
2023-08-03,126.92099551059741,128.32935355941024,126.37550098690372,127.39705657958984,20089500
2023-08-04,128.22025231793552,130.43196810964983,126.8614874567136,127.05984497070312,26147200
2023-08-07,128.10124510100812,130.53115877911966,127.962393323222,130.45181274414062,22746300
2023-08-08,129.5492558700105,130.4319596134173,128.47810720379093,130.32286071777344,23535200
2023-08-09,130.58074278541653,130.95761750800182,127.94254405878128,128.59713745117188,24912900
2023-08-10,130.2435507528464,130.9675625582551,128.38886922887625,128.6269073486328,20857800
2023-08-11,127.60533894622364,128.86491747828384,127.11935017534717,128.49795532226562,19591100
2023-08-14,128.32937892208105,130.2931444617831,127.90291093163088,130.25347900390625,24695600
2023-08-15,130.02535827661376,130.34272731563817,128.22026984503316,128.71617126464844,19770700
2023-08-16,127.64501190185547,129.21206207522133,126.8218213636926,127.64501190185547,25216100
2023-08-17,128.73599949955613,130.90804993539842,128.23017041335734,128.85501098632812,33446300
2023-08-18,127.4565647289768,128.19050420505582,125.34402761585469,126.41517639160156,30504800
2023-08-21,126.13746322133102,127.6747528117732,125.52254284504185,127.31770324707031,25248700
2023-08-22,127.45656155015928,129.21205659443743,127.2681317464859,128.0218963623047,22054900
2023-08-23,129.11286188164175,132.31639534159987,128.80540548113294,131.284912109375,27819700
2023-08-24,132.85198728819475,133.14953116670597,128.5079011432878,128.71617126464844,28500700
2023-08-25,128.4780984999274,129.6880988482932,126.20687726919849,128.81532287597656,26762900
2023-08-28,130.23360950918428,131.45352258706555,129.0732021716326,129.93606567382812,20543300
2023-08-29,131.15600145683445,135.45050919179718,131.15600145683445,133.46690368652344,43075600
2023-08-30,133.67518514236738,135.16288939766932,132.97101360306888,134.76617431640625,28315800
2023-08-31,134.89506466755432,136.8687572675909,134.67686688730078,135.0537567138672,30053800
2023-09-01,136.3332062668677,136.3332062668677,133.74460060567057,134.54795837402344,21543700
2023-09-05,134.3297620041587,135.30172442643027,133.4768110647792,134.6570587158203,19403100
2023-09-06,134.9050132008134,135.41082715108524,132.57427070368973,133.35780334472656,18684500
2023-09-07,132.49492113945962,134.46861399155742,131.8601680068501,134.15122985839844,18844300
2023-09-08,133.80410329196144,135.53975798327252,133.74459755250976,135.26205444335938,23558300
2023-09-11,135.42074803161276,136.35304508761172,134.676895929534,135.79763793945312,20763400
2023-09-12,135.14303224154853,135.74803250189984,134.08181120803886,134.23057556152344,18405500
2023-09-13,133.98263986174015,135.77780055178212,133.05034278578884,135.58937072753906,20749500
2023-09-14,136.47203999804393,137.56301374731885,135.1231878944064,136.9679412841797,24751000
2023-09-15,136.84895965520028,137.38454169510266,135.3612553079111,136.27371215820312,38919600
2023-09-18,135.49018160432044,138.019281780227,135.49018160432044,137.0770721435547,21861300
2023-09-19,136.29353439301667,137.2754245802509,135.5000891528616,136.908447265625,20353700
2023-09-20,136.94811189062173,136.94811189062173,132.5246654075392,132.64369201660156,29927500
2023-09-21,130.36256084439935,131.14607838789655,129.00379586795694,129.37075805664062,31503900
2023-09-22,129.6881412995922,130.9477352155998,128.53766144126038,129.1823272705078,26397300
2023-09-25,128.76575671410941,130.0947688069164,127.90289313849301,130.03526306152344,20094600
2023-09-26,128.7062506995645,129.29141070631724,126.17715058968768,127.5160903930664,25718700
2023-09-27,127.51608742320651,129.82697452376246,127.51608742320651,129.4699249267578,22746500
2023-09-28,128.77567908657804,132.20732362438937,128.7260859170761,131.22543334960938,22513100
2023-09-29,132.18746856469267,132.9511609153293,129.29140636705122,129.7873077392578,30859800
2023-10-02,130.1344474612235,133.31812586216128,130.09476687574428,133.07017517089844,22288000
2023-10-03,132.8420685488848,133.15943757319482,130.75927662958244,131.3444366455078,22989400
2023-10-04,131.70147985901755,134.45870541332442,131.44361659343454,134.13140869140625,26752300
2023-10-05,133.9628143310547,134.37936969993646,132.35608346969923,133.9628143310547,19832600
2023-10-06,132.91145190927398,137.02744149866268,132.91145190927398,136.4521942138672,27597600
2023-10-09,135.8174603789753,137.80106572376255,134.49836100864687,137.2853240966797,19278100
2023-10-10,137.36466401043336,138.5746644275756,136.20425675144423,136.9282684326172,27786600
2023-10-11,137.44403543423456,139.95329533664227,137.44403543423456,139.39788818359375,25884300
2023-10-12,139.89379277540957,140.06239744116,137.12665439341535,137.83084106445312,24765500
2023-10-13,138.23746980650327,138.8523826583463,135.50008457709373,136.23402404785156,23420500
2023-10-16,137.03737818636395,138.4854167971643,136.8588609633149,137.9597625732422,28501900
2023-10-17,137.49363032645,138.75320901659043,136.05550412475992,138.57469177246094,23515800
2023-10-18,138.30689326315832,139.56648701861894,136.25386939858822,136.82911682128906,23375000
2023-10-19,137.36470178510663,138.5151967823289,136.25388737880166,136.620849609375,26066000
2023-10-20,136.2042943979111,136.73986130635555,133.97273786758853,134.4884796142578,26335700
2023-10-23,133.9330343496389,136.53156779993722,132.85197300320976,135.38107299804688,26317900
2023-10-24,136.70015681131144,138.2176136078902,136.29351410537674,137.672119140625,44814300
2023-10-25,127.10945300008548,127.2582173695509,124.04477835256257,124.58035278320312,84366200
2023-10-26,122.25951622711595,123.31083224083282,120.27591081531207,121.27763366699219,57061100
2023-10-27,121.87272000373477,122.29919549173574,119.22460845972752,121.16854095458984,44566500
2023-10-30,122.20002007986204,124.37207059770444,121.74379170735196,123.43977355957031,28940100
2023-10-31,124.03485157297696,124.34231557609246,121.68428385885795,123.0628890991211,26292300
2023-11-01,123.05297186152897,125.45313279745749,122.70584239837481,125.41345977783203,30082400
2023-11-02,127.36730789447058,127.92271501549958,125.88952390924445,126.44493103027344,27124600
2023-11-03,126.970599202535,128.4682159884043,126.81190712180837,128.041748046875,26393100
2023-11-06,127.99216682143731,129.2715858991031,127.61527687797569,129.1823272705078,19052700
2023-11-07,129.63856004129278,130.82872046079768,128.81536184159327,129.89642333984375,29757300
2023-11-08,129.89639859360128,131.1262393685652,129.70795366245193,130.75926208496094,26425800
2023-11-09,130.8782957156304,131.46345569784398,129.0037891497348,129.17239379882812,23747800
2023-11-10,129.03354879478132,131.71141329610631,128.34920244954847,131.5031280517578,26913300
2023-11-13,130.69974576301732,131.5031034497492,130.17409159432344,131.0072021484375,18324800
2023-11-14,133.09002359550504,134.58764041410248,132.2271599799759,132.52468872070312,32395200
2023-11-15,133.76443017621472,133.92312224608222,132.4750987262402,133.5164794921875,23861500
2023-11-16,134.0818138246226,136.09517216084916,133.21895029015656,135.8075408935547,28013200
2023-11-17,134.88518254388185,134.94468829125762,132.55443988026462,134.20083618164062,37240600
2023-11-20,132.59412016100978,135.53977571897755,132.524686700092,135.1331329345703,27815500
2023-11-21,135.17278005589571,136.05548383220494,134.8454984904721,135.8472137451172,22635300
2023-11-22,136.3431389603489,138.27715149054157,136.3431389603489,137.3547821044922,17813900
2023-11-24,136.89851567499682,136.99770199138314,134.87524497059664,135.5695037841797,12514300
2023-11-27,134.91491921563218,137.2853270482676,134.88516634551732,135.29180908203125,23436500
2023-11-28,134.96453355193609,136.1249410695989,134.30994003929231,136.07534790039062,18730000
2023-11-29,136.44232172928395,137.15640583938017,133.73468912413915,133.8834686279297,23967200
2023-11-30,133.94298151982824,134.43888295815879,130.2038804373767,131.44363403320312,38988300
2023-12-01,130.7790985107422,131.02704917414542,129.59885093154966,130.7790985107422,31442300
2023-12-04,128.81534267439568,128.96410702955671,126.85156995087304,128.21034240722656,36669900
2023-12-05,127.89297349238338,131.05682698082634,127.1987145294908,129.916259765625,27384800
2023-12-06,130.36255115310777,130.75926618523522,128.81534134061891,128.95419311523438,23576200
2023-12-07,133.9330343345262,137.42418419027493,133.59582503757497,135.8075408935547,56767100
2023-12-08,133.09993592227912,135.28189910781614,132.9313312582846,133.8834686279297,32260100
2023-12-11,131.29484350017327,132.2469655972193,130.2832005300675,132.19737243652344,31138000
2023-12-12,130.72949879515335,131.9097463151557,130.18400433628165,131.43368530273438,29032800
2023-12-13,132.28664939416652,132.4056608757626,130.49148892278734,131.48329162597656,30104800
2023-12-14,132.28665787823815,132.6238671868591,128.62690324736187,130.85845947265625,38722400
2023-12-15,130.54106870618423,132.41557523506742,130.10467308952005,131.51304626464844,50847100
2023-12-18,131.5428154285214,136.0257533662055,131.34444275367903,134.68682861328125,32258000
2023-12-19,135.71827586427287,136.34311639898218,134.96451127135808,135.5298309326172,25476800
2023-12-20,137.83080359315892,140.53842035668632,136.93818733863088,137.20596313476562,49107200
2023-12-21,138.34655173387108,139.5367118409951,138.03908021197546,139.2689208984375,27488300
2023-12-22,139.61607052198642,140.82607102846447,139.5565647812921,140.33016967773438,26532200
2023-12-26,140.4293579031904,141.510419346836,140.032642827964,140.3599395751953,16780300
2023-12-27,140.42934564037535,140.9153344287429,138.74328401733115,139.21934509277344,19628600
2023-12-28,139.6259846308267,139.9830342126131,138.60442904782565,139.0804901123047,16045700
2023-12-29,138.4854161342685,139.20942786934887,137.6423777840169,138.544921875,18733000
2024-01-02,137.41427392066478,138.30689034141093,135.36123496575607,137.03738403320312,23711200
2024-01-03,136.12494105781897,138.48543668179107,135.95633638949388,137.78125,24212100
2024-01-04,137.2853464572302,138.01928600247774,135.23232246051418,135.27198791503906,27137700
2024-01-05,135.6290289280703,136.03567169625202,134.0421384410589,134.6173858642578,22513900
2024-01-08,135.17281897685612,137.87052424308965,135.14306609870528,137.70191955566406,21404000
2024-01-09,137.3646876105234,140.33018342656837,137.01755057751834,139.7946014404297,24759600
2024-01-10,139.84418693539638,141.82779242384171,139.75492832050645,141.1136932373047,21320200
2024-01-11,142.3137898243085,144.02960443815402,139.4871457788245,140.91534423828125,24008700
2024-01-12,141.50047688636437,142.02613106020752,140.65745374610032,141.4806365966797,18785500
2024-01-16,140.83598692471,143.16672938152487,140.29049239931624,141.3219757080078,22670500
2024-01-17,140.19133701313217,140.67731071751322,137.76140795638582,140.3103485107422,20968600
2024-01-18,140.88559276545064,143.02789047593322,140.826087018,142.30386352539062,25746400
2024-01-19,143.55355857974237,145.24953308023393,143.19650892694762,145.18011474609375,34271900
2024-01-22,145.89417546961977,147.17359422579068,144.64449444846355,144.79327392578125,32200400
2024-01-23,144.6941039011729,145.9735228014156,144.30730143052193,145.8346710205078,21636100
2024-01-24,147.32238701526538,148.62166144639897,146.88600647851376,147.4810791015625,25233500
2024-01-25,148.83985855855067,151.79542676635216,148.3141891335314,150.62509155273438,29149100
2024-01-26,149.861412918024,151.2895962737746,149.77213916215013,150.94247436523438,26115500
2024-01-29,150.8135368633547,152.51943895245324,150.18869623371097,152.25164794921875,27784300
2024-01-30,151.54745682095233,152.3607271720474,149.95065385559957,150.21844482421875,36331800
2024-01-31,142.44270331878081,142.81959319917652,138.72344307921892,138.95156860351562,71910000
2024-02-01,140.9550061040643,141.88730313768718,139.63590659199247,140.0028839111328,40466500
2024-02-02,138.11844060532798,141.45089833217304,135.38107056080497,141.21287536621094,62499600
2024-02-05,141.64929185123162,144.27756337900828,141.60961126191953,142.50222778320312,38505400
2024-02-06,143.46428748684863,144.16847422458696,142.01626368679536,142.91880798339844,29128200
2024-02-07,143.5733798256117,144.42633090992825,142.7501816170739,144.34698486328125,25208900
2024-02-08,144.63461269549572,145.13051412482938,143.91060084610757,144.71395874023438,22563800
2024-02-09,145.47763559904774,148.2150211661504,144.9817341712347,147.77862548828125,26829500
2024-02-12,147.20336732419403,148.11582406905052,146.161971374684,146.32066345214844,21564100
2024-02-13,143.73204328748068,145.46769798615009,142.51213022242555,143.9502410888672,27837700
2024-02-14,144.88253462860962,145.31893022112502,142.90884188380863,144.74368286132812,22704200
2024-02-15,141.9666478509511,142.34353774622787,139.30862369230854,141.5996856689453,37590700
2024-02-16,141.8179031960097,142.01626075077365,138.99125885606148,139.36814880371094,31468900
2024-02-20,138.51520249806177,140.9153638014181,138.34659781398392,139.96322631835938,25144700
2024-02-21,140.29049590728383,141.5203367649503,139.5268035526364,141.38148498535156,23223300
2024-02-22,143.74195461013204,143.8113880616519,141.6294252005615,142.90884399414062,27191900
2024-02-23,142.49232168531873,143.49403717221693,142.25428353974874,142.7799530029297,19493800
2024-02-26,140.97485281400884,141.27239668798464,136.26378939947426,136.44232177734375,53641800
2024-02-27,136.88862613854664,138.10853934016288,135.96624166875657,137.7415771484375,33099200
2024-02-28,136.76958362182845,136.87868252205917,134.30000463233606,135.26205444335938,37328600
2024-02-29,136.15467711991738,137.72172724425474,135.2818858775754,137.32501220703125,42133000
2024-03-01,137.29522680201885,137.73162236788295,135.79761032253668,136.01580810546875,31151100
2024-03-04,134.54797432652032,134.54797432652032,130.8287137478375,132.2569122314453,55999400
2024-03-05,130.79895621305897,132.14780860687847,129.59886818360178,131.5824737548828,40194800
2024-03-06,132.02876246763716,132.48499834043164,129.7773813732614,130.32286071777344,35318600
2024-03-07,131.70149485455573,133.8338800794751,130.53117474630065,133.27847290039062,37738200
2024-03-08,133.10985799917378,136.95804250148979,132.90157275617153,134.30001831054688,39370400
2024-03-11,135.01413409372148,137.95978992775838,135.01413409372148,136.54150390625,32437800
2024-03-12,135.90670356732062,138.23744563648094,135.90670356732062,137.36465454101562,27563400
2024-03-13,137.86057129371812,139.93343524438993,137.85065871514112,138.6440887451172,23347200
2024-03-14,140.03262465964323,142.41294506959082,139.30861293112127,141.92697143554688,42753400
2024-03-15,141.33187657175912,142.0062951045536,138.8821228338187,140.02268981933594,49475400
2024-03-18,147.39180580449582,150.9027808454485,145.96360743742733,146.46942138671875,69273700
2024-03-19,146.9454947247472,147.57032014783982,144.882543249734,145.8247528076172,24070400
2024-03-20,146.7868124427757,147.63976344475103,145.53714637957398,147.520751953125,21311500
2024-03-21,148.24475722928597,149.13737364463717,145.6958169152109,146.3900909423828,24755600
2024-03-22,147.8976348836212,150.33747653257558,147.7587830911578,149.53411865234375,29211800
2024-03-25,148.71088930605433,149.14728488623933,146.60827256557076,148.83982849121094,19229300
2024-03-26,148.98861304571224,151.011884033954,148.7505749332153,149.43492126464844,22149100
2024-03-27,149.9407113927479,150.39694725241355,147.67940265148124,149.6332550048828,22879200
2024-03-28,149.61347914127822,150.1887115272308,148.9390452744017,149.69281005859375,24485400
2024-04-01,149.45476709366227,154.4633742852125,149.3754210532241,154.21542358398438,31730800
2024-04-02,152.24170614312382,153.4318662914426,150.90276651769807,153.2930145263672,24586000
2024-04-03,152.34091364414047,153.80877752671594,151.47803493131784,153.65008544921875,24705000
2024-04-04,152.24173721309816,153.5013310678702,149.21673549906,149.29608154296875,34724700
2024-04-05,148.80016963270904,152.1623804461379,148.37370170217739,151.2499237060547,23459200
2024-04-08,151.52761905486636,153.99721328727458,151.35901440772807,153.58065795898438,20702000
2024-04-09,154.81047040663094,157.2602241375123,153.91785408433802,155.31629943847656,31079500
2024-04-10,154.92952562487014,155.32624070054823,153.41205338281176,154.86009216308594,22838600
2024-04-11,155.62374972358643,158.37103203153308,155.17744157996785,158.10325622558594,27166400
2024-04-12,156.66516776322655,158.90663651169768,155.85188225072014,156.43704223632812,25353700
2024-04-15,157.55778721582507,157.93467710778722,153.32278518896982,153.590576171875,27136500
2024-04-16,152.9260835145476,154.37410719737133,152.1723036646899,153.1343536376953,20779500
2024-04-17,154.3443362556772,155.7923749027095,153.3128680735991,154.19557189941406,21763100
2024-04-18,154.0666341164594,155.6535245551475,153.3525349324206,154.73114013671875,19883000
2024-04-19,154.91959354072858,155.07828562000708,151.0515686940003,152.82688903808594,32615600
2024-04-22,153.04509433151492,156.34779961582007,152.79714362068458,154.9989471435547,26446200
2024-04-23,155.67334570448855,157.66686352012678,154.99891205418209,156.96267700195312,21151600
2024-04-24,156.19902087415394,158.2619724145378,155.8816367293061,157.82557678222656,22779100
2024-04-25,150.08950510920468,155.20721069723666,149.63326920623868,154.72122192382812,57109700
2024-04-26,172.9406579042473,173.2778823744627,168.25934724716632,170.54049682617188,64665300
2024-04-29,167.6741590817137,168.16014784427256,163.85572783432124,164.7880096435547,45610000
2024-04-30,164.25246727701446,166.72206177178046,161.26714620693434,161.44566345214844,33562900
2024-05-01,162.95319556004813,165.7500714576766,161.7531075684998,162.5167999267578,33493200
2024-05-02,163.43917993284745,165.36327982367402,162.54656344896563,165.25418090820312,24294500
2024-05-03,166.18644856631778,166.58317870404446,161.71342409111404,165.86907958984375,34662400
2024-05-06,166.08730795373265,166.76172661144676,164.6690220425713,166.72206115722656,21871300
2024-05-07,167.11874933173186,170.35202057689946,167.00965043305126,169.84620666503906,28039700
2024-05-08,167.61468721014788,168.7552544719988,167.35682390872975,167.9915771484375,19569100
2024-05-09,168.00146814371737,169.2908147525702,166.80138015076668,168.56680297851562,15346700
2024-05-10,166.65261946945532,168.45770778843482,164.8277059911993,167.2675323486328,29799900
2024-05-13,162.9135222794407,167.89237656675422,162.65565899989346,167.75352478027344,31327600
2024-05-14,168.37836010153808,169.8462239602229,167.41631020621995,168.9436798095703,25127100
2024-05-15,169.23132245178067,171.23475328070515,169.11229582074708,171.0959014892578,26948400
2024-05-16,171.8694782348091,173.68447893916473,171.27440571230892,172.75218200683594,27867900
2024-05-17,172.75216655601648,174.82504545506248,172.26619297616259,174.61676025390625,24479300
2024-05-20,174.74576043831703,177.3046138105442,174.6366615108058,175.4697723388672,22554400
2024-05-21,175.44988049011022,176.68963378677213,174.36881924751077,176.39210510253906,16989400
2024-05-22,175.1920215691199,175.69783547848618,173.7737510269732,174.9341583251953,17880000
2024-05-23,175.61853049301604,176.78885054238378,171.53229263275466,172.12738037109375,21024900
2024-05-24,173.5456447964723,174.32917746118142,172.22654529374813,173.55557250976562,16579400
2024-05-28,173.01999755281523,175.8168887472588,172.94065151179802,174.95401000976562,20572200
2024-05-29,173.9919356394942,175.39038104034756,173.2877642166244,174.4580841064453,23388700
2024-05-30,173.7638243254379,173.78366461622676,170.38177359705276,170.69915771484375,22931500
2024-05-31,170.4512148865134,171.6413751155462,168.05105413674661,171.08596801757812,37638900
2024-06-03,171.12563247401937,173.09932530985793,169.75695502874458,171.75047302246094,27459100
2024-06-04,171.85958824102724,172.42492310208857,170.480982952228,172.3654022216797,26879600
2024-06-05,173.76382171770578,175.20193253730815,172.50422811140098,173.97210693359375,22068500
2024-06-06,174.45811286491957,175.69786641038863,174.3093484929474,175.28131103515625,23251000
2024-06-07,175.5986726101232,176.41194296176616,172.87121516107322,173.0299072265625,19661400
2024-06-10,173.73487093954913,175.81011378971945,171.5404648783356,173.7745819091797,23726700
2024-06-11,174.97607487552963,175.59169348463175,172.54337230776866,175.3732452392578,21540600
2024-06-12,176.99174796777623,179.13650434238232,174.8668546571235,176.5349884033203,27864700
2024-06-13,174.8668444097431,175.49240210344783,173.64553119205647,173.92355346679688,20913300
2024-06-14,172.99018739624864,175.8101362841722,172.92067425165644,175.5420379638672,18063600
2024-06-17,174.2214424940307,177.10096546528717,173.57602172386774,175.98887634277344,19618500
2024-06-18,175.88958192240335,176.13781719186318,172.87104771224654,173.8540496826172,21869900
2024-06-20,174.13203805594256,176.03848273593877,173.7547308225866,175.05548095703125,20160100
2024-06-21,175.7505447565084,179.57337340062563,175.36329839952862,178.3619842529297,57759000
2024-06-24,178.8882466857276,179.61308934299385,177.4087592034553,177.9548797607422,18298000
2024-06-25,178.35205317535076,182.98908571292054,178.15346801046124,182.73092651367188,23130200
2024-06-26,181.34083960482536,183.2075585872156,181.19188934781172,182.58201599121094,19839000
2024-06-27,182.87988309562385,184.73669324083986,182.7210240356858,184.10121154785156,18848900
2024-06-28,183.01890751714419,183.82318736943728,180.67556595744807,180.8642120361328,29156600
2024-07-01,181.73798367721864,182.58198955820285,180.0202000494524,181.69827270507812,16006100
2024-07-02,180.76493422110232,184.26009121150622,180.27838761712013,183.9324188232422,17372500
2024-07-03,183.545146815405,184.77638393795382,182.7011409192061,184.50830078125,10242100
2024-07-05,184.5480462994703,189.51275214509135,184.4884722534956,189.2545928955078,20967500
2024-07-08,188.55948674203475,188.82758504993222,186.45445670495957,187.6956329345703,21035900
2024-07-09,188.96662487953267,190.00921610095705,187.3878521119617,187.64601135253906,15121400
2024-07-10,187.8147905079295,190.3964432565855,187.69564243220248,189.83045959472656,15952500
2024-07-11,188.5098571184734,189.51272208583228,183.77352425069444,184.26007080078125,25625800
2024-07-12,183.77353479614163,185.7892039533301,183.18770320192158,183.76361083984375,22898400
2024-07-15,183.61466683145176,186.9112385638258,183.61466683145176,185.2133026123047,16474000
2024-07-16,186.03743905754484,187.34811338839907,182.0755987428797,182.62171936035156,18290700
2024-07-17,181.6784348799773,182.2543425380115,178.63009842037727,179.74220275878906,20734100
2024-07-18,180.64575986268414,181.21174353968178,175.22431015700485,176.43569946289062,25315700
2024-07-19,177.61727289817895,179.0173080512408,175.87962632456976,176.4058837890625,18881900
2024-07-22,179.31519524161143,181.41030116706474,178.95773590808608,180.3875732421875,24100300
2024-07-23,180.76490347036915,182.31388893241848,180.25849388780003,180.50672912597656,36352700
2024-07-24,172.37459212943986,174.94630610791995,170.6071580696205,171.41143798828125,49585200
2024-07-25,171.30219882616154,172.19583973492487,166.0098210682456,166.09918212890625,44852000
2024-07-26,165.97008682721892,166.90345381803442,162.90190268589552,165.82115173339844,41336900
2024-07-29,167.63824201341453,169.22693862858085,166.80417515412134,168.3332977294922,20293800
2024-07-30,169.0383014663059,170.02130347692145,167.25100442280618,169.0879364013672,18959700
2024-07-31,172.01709806342805,173.01996298271357,168.80988784082692,170.32908630371094,25729100
2024-08-01,169.04823192931204,172.82141135501334,167.68790739296938,169.55462646484375,24531400
2024-08-02,165.26511803151652,167.3204982165653,163.50760805366414,165.4835662841797,29130100
2024-08-05,154.4023257364845,163.26928160754815,153.83634209310054,158.1258544921875,53630700
2024-08-06,158.2053051541738,159.43655755600886,155.3059189992834,157.17263793945312,49004600
2024-08-07,160.11174561926643,161.82952940748444,157.35137068982363,157.81805419921875,25138600
2024-08-08,159.37697100848436,162.53453159498838,159.0791007984094,160.88624572753906,25578800
2024-08-09,158.88048081312152,162.63379650679866,157.9371899119943,162.5146484375,28602300
2024-08-12,163.1898651801224,163.73597062856854,160.69757348531624,161.14439392089844,15895300
2024-08-13,162.25648447214553,163.56715864917211,161.81958802944447,163.00119018554688,18551700
2024-08-14,161.25361460284537,162.06783350679044,156.5967339743886,159.23794555664062,40591100
2024-08-15,159.36703635252704,160.49898852805327,158.4833194361169,160.16139221191406,31524300
2024-08-16,160.33018953302678,163.89484419906685,159.9925932186499,161.80967712402344,24208600
2024-08-19,164.1132970310061,165.5133475605536,163.1004929084528,165.4934844970703,22416200
2024-08-20,165.72185564699794,167.44957853320707,165.642433695725,165.9998779296875,18341500
2024-08-21,163.984189478023,165.67220118965227,163.5075820711663,164.67926025390625,22902000
2024-08-22,166.07932072756,166.4069931043409,162.15720646482643,162.6437530517578,22493300
2024-08-23,163.5572714789503,165.0069571091441,162.67355443967108,164.45091247558594,13955700
2024-08-26,165.20552403193696,166.36726315289178,163.29907918080005,164.98707580566406,14190400
2024-08-27,164.66933228950003,165.26510295168842,163.29908400819048,163.51751708984375,11821900
2024-08-28,163.87498286647468,164.4310425767687,160.38976526426643,161.70045471191406,16407400
2024-08-29,163.15014011129165,164.798425876507,159.11880190681103,160.63800048828125,19699800
2024-08-30,161.472070186267,162.50473737235887,160.54864227379994,162.22671508789062,22123800
2024-09-03,160.57839882785174,160.7074859893918,155.375383210797,156.24917602539062,38945300
2024-09-04,155.5541664007753,157.87764508845953,154.8591106161364,155.34564208984375,19353800
2024-09-05,155.19666851330035,158.3244263445636,154.8789201470245,156.13003540039062,18688700
2024-09-06,156.18962872176218,156.71588626121135,149.48727669749047,149.8546600341797,37912100
2024-09-09,151.63438731483413,152.51927694187998,146.3747655212842,147.85621643066406,39260500
2024-09-10,149.58620426686707,150.4015036061094,147.48831800096144,147.80648803710938,31118800
2024-09-11,149.0592434246133,150.63017379029483,146.67302891819028,150.29212951660156,29607700
2024-09-12,152.91699025153633,153.931138367879,151.7735836501272,153.8018798828125,29621500
2024-09-13,154.53761027887018,157.47068534964538,154.318887339598,156.55596923828125,29591200
2024-09-16,156.4068176480649,157.3414231577179,155.7009025392383,157.1525115966797,18379800
2024-09-17,158.1069928496196,159.6282071595107,157.47066800869246,158.4052734375,20715600
2024-09-18,158.9422025434275,159.57852752922,157.6894419945441,158.89248657226562,23677300
2024-09-19,162.77009990036774,162.8496272464335,160.41369644399956,161.2091064453125,26587700
2024-09-20,162.5612924555598,162.78996770160265,161.1295575441582,162.65077209472656,40896400
2024-09-23,163.40640761812853,164.53986181971814,160.74178667068307,160.92076110839844,24150900
2024-09-24,162.09398745781283,162.28289902982328,159.7674258440889,161.3582305908203,23332100
2024-09-25,160.5429462723237,161.87524922923666,160.37392412147798,160.56283569335938,18869200
2024-09-26,162.7004790534292,163.13795527115403,161.34828673099906,161.7957000732422,20319300
2024-09-27,161.87525844392792,164.74866551423864,161.69629915796872,163.0087127685547,21101300
2024-09-30,162.38232355982177,165.19606207708327,162.32265529939457,164.89779663085938,20413900
2024-10-01,166.72722798963838,168.18878935347016,163.63508311957565,166.03125,28338100
2024-10-02,165.46452779504156,166.5582184121097,163.7842281975384,164.90774536132812,17760200
2024-10-03,163.4660733087808,165.6832659184552,162.9788810936898,164.90774536132812,15073100
2024-10-04,167.0951193232447,167.26414148638466,164.52992998564537,166.10086059570312,19047400
2024-10-07,166.75705707061962,167.51268816069472,161.81559051224986,162.0442657470703,22463100
2024-10-08,162.99877252706997,163.78423021907105,161.93490844359246,163.43624877929688,23072700
2024-10-09,162.5115774919813,163.89359644421285,158.8228863013817,160.9307098388672,31181800
2024-10-10,159.94640007740227,162.13378146188393,159.47909725173434,161.1494598388672,14144100
2024-10-11,161.1991373378728,162.95896398012601,160.31424786941037,162.30276489257812,15344300
2024-10-14,162.7004954092269,165.27562183830673,162.4618678561569,164.01292419433594,19016100
2024-10-15,164.83811699261406,166.71726503003,163.6847886140636,164.51002502441406,20247200
2024-10-16,163.58537367338423,164.84808640066018,162.7999160190336,164.21176147460938,16406000
2024-10-17,164.7784643120133,165.41478917356866,161.82551522151294,161.99453735351562,21453400
2024-10-18,162.25307524146882,163.76435267205474,162.14370618061358,162.48175048828125,19757700
2024-10-21,162.01445640921125,163.5555604691452,161.6863492090046,163.12803649902344,20946500
2024-10-22,162.04426180421996,164.81825178422423,162.04426180421996,164.19186401367188,16568100
2024-10-23,163.81404098216163,164.867967838788,161.00028733207427,161.8454132080078,18280500
2024-10-24,161.89512038935888,162.3922496608961,160.08556255879625,161.78575134277344,22412500
2024-10-25,162.73030140529735,164.63927607521566,162.48173675810202,164.3211212158203,19828900
2024-10-28,167.78113051042075,167.78113051042075,163.00868643055472,165.76278686523438,32138600
2024-10-29,166.76699401414237,169.40178845873763,166.13066910445878,168.70579528808594,42169000
2024-10-30,179.6426331826948,180.9749512117023,173.06064622942904,173.45835876464844,68890800
2024-10-31,172.13600066532192,175.80481742033143,170.01822493850247,170.12759399414062,44769000
2024-11-01,169.0935675366594,171.33064938867685,167.91039737420323,170.30654907226562,31796500
2024-11-04,168.95436679599575,169.7497767581588,167.04539198951443,168.26834106445312,21492700
2024-11-05,168.45723948005892,169.55093008750674,167.87063050478386,168.76547241210938,18242100
2024-11-06,172.80214969030013,175.92412112315387,172.50386907265272,175.49658203125,33695500
2024-11-07,176.39142952870222,180.0403569286527,176.1726914135067,179.71224975585938,25352900
2024-11-08,179.612801825818,179.86136646447602,177.05756522942787,177.32601928710938,22006200
2024-11-11,177.55470270682915,179.513393363608,177.44533365392132,179.31454467773438,17450400
2024-11-12,178.7875715603005,181.44223994675815,178.36003251435403,180.5772247314453,25134900
2024-11-13,179.423911961303,179.9210412566759,177.51492211643085,177.8529815673828,23184000
2024-11-14,177.2564251654299,177.79333331489727,173.3191695348543,174.57192993164062,31007500
2024-11-15,172.73253521026672,173.14018486054766,170.2369516887569,171.49966430664062,32504600
2024-11-18,172.4243223269658,174.43272892051993,171.90730361382492,174.2935333251953,20135300
2024-11-19,172.72261895446178,177.8430450835762,172.56353392471485,177.09735107421875,23434900
2024-11-20,176.32181201959514,176.65985629395433,172.7822539205829,174.96961975097656,18997100
2024-11-21,172.9015782767723,173.1302686962832,162.76014278127062,166.66758728027344,59734400
2024-11-22,164.89777917982897,165.50427747493626,162.9589629574629,163.81402587890625,38604600
2024-11-25,165.13641317917185,167.6618386099698,164.65917328191838,166.6874542236328,33135300
2024-11-26,166.66756653684672,168.84499520108912,166.61785057482837,168.1490020751953,20486700
2024-11-27,168.0297170852908,168.5069570042289,167.0553478258637,168.25839233398438,19266500
2024-11-29,167.53258236969043,168.4572356311654,166.20027942100947,167.97999572753906,14257200
2024-12-02,167.80103219947992,171.09202581712017,167.60218350894124,170.5054168701172,23789100
2024-12-03,170.50539482524962,171.688549690897,169.86906999508759,170.3562469482422,22248700
2024-12-04,170.1673520843779,173.90577410275552,170.0778724521122,173.36886596679688,31615100
2024-12-05,174.35320380974355,175.04918185581036,171.3406012044101,171.64881896972656,21356200
2024-12-06,171.04230353586647,174.07479526094843,170.8732813965907,173.70692443847656,21462400
2024-12-09,173.1594882756702,175.44889212655548,172.85090205616515,174.56298828125,25389600
2024-12-10,182.00855531536865,185.502397306232,180.21683563214248,184.31787109375,54813000
2024-12-11,184.45722971599074,194.7098337526011,183.99935507018319,194.50079345703125,67894100
2024-12-12,194.10261773753882,194.2817820941682,190.8277648699629,191.0766143798828,34817500
2024-12-13,190.1309984875668,191.84308455058388,188.76730785856873,188.9464874267578,25143500
2024-12-16,191.98242240358925,198.08421748080238,191.733572884141,195.75498962402344,44934900
2024-12-17,196.3422712265007,200.4930793963414,194.082713332717,194.52069091796875,43504000
2024-12-18,194.32161160052223,196.09341894237798,186.87603832190538,187.53298950195312,34166100
2024-12-19,190.74815442108678,192.14170577082706,187.51311039837418,187.6425018310547,32265200
2024-12-20,184.92506321844033,192.00234452424112,184.36764269628742,190.52915954589844,63462900
2024-12-23,191.73356940291157,194.20216752678672,189.27493498031782,193.7343292236328,25675000
2024-12-24,193.94335970742864,195.20751953125,192.88824016493578,195.20751953125,10403300
2024-12-26,194.25194880473947,195.84459196860374,193.48550314170072,194.69989013671875,12046600
2024-12-27,194.05284898883724,194.42115659969988,189.77263428806026,191.8729248046875,18891400
2024-12-30,188.9265638700057,191.66390866604786,188.24968525874627,190.3599395751953,14264700
2024-12-31,190.20065552751936,191.07661064566062,187.64247532502426,188.42884826660156,17466900
2025-01-02,189.77266033181004,191.1164539742449,186.63716208422355,188.5582733154297,20370800
2025-01-03,190.48934425629204,192.32088844513342,189.10574139792004,190.90740966796875,18596200
2025-01-06,193.08731986382298,197.30781329054136,192.9579284385956,195.96401977539062,29563600
2025-01-07,196.20293323603758,200.0750314967655,193.70448930563006,194.59039306640625,26487200
2025-01-08,191.683825506133,195.38669258245946,191.49469743094454,193.05746459960938,24864800
2025-01-10,193.40587493046604,195.61566016820694,189.4342306110514,191.15626525878906,26665200
2025-01-13,189.19533519391976,190.30021256834414,186.4977995025927,190.13099670410156,21823700
2025-01-14,190.35994708125565,191.09653198927745,187.4434226127788,188.78721618652344,17174900
2025-01-15,192.20142977574318,195.45638605757955,190.97709427450172,194.65011596679688,21776000
2025-01-16,193.2465980564925,194.5804279448186,191.92271668187493,192.0222625732422,17815400
2025-01-17,195.6255975250055,196.3223731934333,192.85839187855623,195.09803771972656,27735100
2025-01-21,198.15390588987137,201.3590737795005,196.9594160260543,197.1385955810547,29971300
2025-01-22,198.14393463288008,199.5573980500264,196.62097682201127,197.4571075439453,26200600
2025-01-23,197.22819130144518,199.3782549776066,194.30171827365388,197.0689239501953,26951400
2025-01-24,197.18839021308668,199.9754930323733,197.08884431729592,199.28868103027344,23877500
2025-01-27,191.5245520643281,195.97398278636885,189.85227535828872,190.92730712890625,41728900
2025-01-28,191.8629920734772,194.58042475121238,189.80251062684363,194.40126037597656,24157900
2025-01-29,194.66006109436606,195.88439657430914,192.5398581602494,194.51075744628906,18218300
2025-01-30,197.0888449414686,200.4731927690754,196.76036171060426,199.9456329345703,24354700
2025-01-31,201.0704376113212,204.53441911538957,200.87136100783613,203.08114624023438,32001100
2025-02-03,199.76644678798675,202.8123625387659,199.17916555521708,200.303955078125,27838300
2025-02-04,202.4540365472158,206.09719755510824,201.8767037764101,205.43028259277344,43856400
2025-02-05,190.1907106446792,191.86297206005932,187.16469209984552,190.4495086669922,70373900
2025-02-06,188.62795003909466,191.21599131294843,187.85154069465264,190.71829223632812,29297400
2025-02-07,190.1708212328695,190.3002126652559,182.39676404459453,184.48709106445312,49315000
2025-02-10,186.4878479252447,187.33392723255807,185.00469922620795,185.6118927001953,23105600
2025-02-11,184.17850439769825,186.07971836409422,183.43195584227703,184.46717834472656,21239500
2025-02-12,182.37684051579572,184.25814231125668,180.9932377687485,182.76504516601562,22072600
2025-02-13,183.47178484763324,185.42275661553663,182.29720719308074,185.2834014892578,21402500
2025-02-14,184.20837813225802,185.54220800020582,183.4717932262479,184.37759399414062,20448400
2025-02-18,184.74589678490392,185.10424071494356,180.90365944170068,182.92431640625,29916700
2025-02-19,183.22294469175932,184.60654751219354,182.74514264416922,184.41741943359375,19549400
2025-02-20,183.9495791218272,184.4572267048234,181.87914917011352,183.71067810058594,20441500
2025-02-21,184.29796286054517,184.48709094071828,178.255903940123,178.83323669433594,35199200
2025-02-24,181.15252162389993,182.2773112476267,178.06678116700198,178.4251251220703,29854200
2025-02-25,177.2206855678133,177.91747644578498,173.8861107726199,174.6127471923828,41913400
2025-02-26,174.26433193161566,175.26967842516103,170.79038750789957,171.93508911132812,35431300
2025-02-27,173.18931986196714,173.75668887755327,167.1671583548918,167.72457885742188,39991000
2025-02-28,167.90374066525882,169.82486685567105,166.00254187779413,169.4963836669922,48130600
2025-03-03,171.1387811939385,172.57215683074952,165.1663928329386,166.24142456054688,40770500
2025-03-04,165.47499722472898,172.49254217135646,165.03701959982106,170.13345336914062,45388000
2025-03-05,169.73530516145718,172.98029782260173,168.28201710781593,172.2238006591797,30954900
2025-03-06,169.7452527625135,174.00555581661285,169.71539203178713,171.556884765625,28302000
2025-03-07,170.47186499407138,174.16479845161754,169.48643064283362,173.05990600585938,27385800
2025-03-10,167.6785854184163,167.87790649910283,163.1243845987229,165.29684448242188,43604000
2025-03-11,164.34014854098334,166.17378667553444,160.81237268027317,163.47314453125,39587400
2025-03-12,166.0043948548276,167.06072965689114,162.96493090148982,166.53256225585938,28372400
2025-03-13,165.46625097868807,165.5559515451144,161.54983818219623,162.1975860595703,31756200
2025-03-14,162.70582188820455,165.91469633780176,161.88864811378173,164.91815185546875,31995900
2025-03-17,164.4597537744784,165.72536967150563,163.10445251309577,163.72230529785156,31184300
2025-03-18,163.11440067725707,163.68243835584954,156.17845929337233,160.11480712890625,42074800
2025-03-19,161.20102488744715,165.29682318848322,160.44365657902026,163.32366943359375,34275600
2025-03-20,161.01169658179438,164.3202162999389,160.40380384962694,162.23744201660156,28138500
2025-03-21,160.65293231935567,163.67246068946545,160.33403080668057,163.42332458496094,36625800
2025-03-24,166.492708348571,167.7383890591239,164.56936942432435,167.1005859375,30879100
2025-03-25,168.39609981984145,170.04040750974747,167.73839194994267,169.97064208984375,24174400
2025-03-26,168.41602720143118,169.0239199788623,164.27039826701778,164.48963928222656,28901600
2025-03-27,164.06113851285755,164.84840203770966,161.44022141043914,161.6793975830078,24508300
2025-03-28,159.935424629148,161.26083057547865,153.09912907789933,153.7967071533203,48669300
2025-03-31,152.58093987828155,155.00253588696825,150.13940872047658,154.10565185546875,54603500
2025-04-01,153.0891615011919,157.55369181763876,153.0891615011919,156.52725219726562,30672900
2025-04-02,154.61386135810304,157.86260591341835,154.16541940835015,156.49732971191406,25041700
2025-04-03,150.5878246808448,152.2520520017812,149.87031149736717,150.1991729736328,46883400
2025-04-04,147.4985386204676,150.54797741159612,144.87763705619835,145.0968780517578,62259500
2025-04-07,141.06087632952463,152.3218321659185,140.04439668677543,146.24290466308594,76794100
2025-04-08,150.69745588802078,151.7139355045659,142.5357542501846,144.19998168945312,52200200
2025-04-09,143.9209744743003,158.99869967955883,143.4127421842368,158.16160583496094,70406200
2025-04-10,155.99906254121734,157.17499290712513,149.41190307502956,152.29193115234375,48022000
2025-04-11,152.37164602184413,157.1251674838408,152.29193584419684,156.5970001220703,33636200
2025-04-14,159.44711904636745,161.16117679260088,157.0155480479404,158.5203399658203,30333000
2025-04-15,158.58014524074957,159.09833747842598,154.6736922783896,155.76988220214844,27551500
2025-04-16,152.57096991980188,155.35132240030543,150.98645259897873,152.8001708984375,28187400
2025-04-17,153.75685420118594,154.14550597318726,147.98686786207978,150.63768005371094,33046600
2025-04-21,148.36555457655837,148.43530478654532,145.59516199807078,147.15972900390625,26049100
2025-04-22,148.3755226432022,151.6641228147109,148.02672595604838,150.9466094970703,26971800
2025-04-23,155.0722827287534,156.98564625118482,153.2784996745797,154.8131866455078,31128800
2025-04-24,155.6104249592094,159.03854063446718,155.2516683139833,158.7296142578125,45894000
2025-04-25,164.49961422965615,165.52605388757996,160.4835257508864,161.40036010742188,56034000
2025-04-28,161.86872639451175,162.5862396977989,158.0519740918863,160.05502319335938,29745800
2025-04-29,159.76603342291708,160.18458031932272,156.97570557414937,159.60658264160156,26809000
2025-04-30,157.43409270690867,158.7196436016194,154.86300612354924,158.2512664794922,34981100
2025-05-01,159.8955611021286,161.39037784388623,158.36088927125815,160.7426300048828,30203200
2025-05-02,162.84534306658284,164.39995007912242,161.3106559960053,163.46319580078125,25715000
2025-05-05,162.436752596043,164.81849332954616,162.15772135408076,163.642578125,21341800
2025-05-06,161.6096198520829,164.23053675483612,160.63301049910467,162.66595458984375,21277200
2025-05-07,163.5130310359637,164.42985019413678,147.32914212449143,150.85691833496094,127490100
2025-05-08,154.46440047734652,155.39117958130052,152.37165090458322,153.74688720703125,57498700
2025-05-09,153.6372746936992,154.5142387821615,151.67408067225014,152.22218322753906,32435300
2025-05-12,156.94581087118723,158.5502482480448,155.7100901217978,157.91246032714844,44138800
2025-05-13,158.24131128306263,160.0151746711756,155.62040930962155,158.978759765625,42382100
2025-05-14,159.4072742222668,166.4229412214118,159.0584775444673,164.79856872558594,48755900
2025-05-15,165.26694125278715,165.6356730691148,161.80893051621783,163.39344787597656,33146700
2025-05-16,167.15039440077075,168.76480673115492,165.04768502743337,165.61572265625,42846900
2025-05-19,163.94153908750272,166.06418385324469,163.6525478575402,165.9645233154297,30426100
2025-05-20,165.8548915457752,167.91774593119885,162.337090725838,163.41336059570312,46607700
2025-05-21,163.1243721968136,172.54171471286378,162.9948165454298,167.9775390625,73416000
2025-05-22,171.25616550038472,176.15916224613377,170.12010546424852,170.279541015625,74864400
2025-05-23,168.47580548761593,169.3727046333075,167.30985028367255,167.88784790039062,35211400
2025-05-27,169.57202886061165,172.5716225630013,169.4125780788469,172.30255126953125,37995700
2025-05-28,172.56165823831284,174.66436785084326,171.31597754856884,171.76441955566406,34784000
2025-05-29,173.39873303929133,173.81727988052086,170.04038313314817,171.26612854003906,29317300
2025-05-30,170.75790891590938,171.61493780799663,166.86141620850907,171.1465606689453,52639900
2025-06-02,167.26003241267054,169.28301661805224,166.81159040962694,168.4459228515625,38612300
2025-06-03,166.91124474262,167.89781407143477,164.70887469424017,165.6057586669922,45084900
2025-06-04,166.1638436483944,167.63872532387313,165.78515185366567,167.4693145751953,26900800
2025-06-05,169.7513830642687,170.339340657981,167.0108857444217,167.62875366210938,36379100
2025-06-06,170.23969140570108,173.89700773798458,170.23969140570108,173.079833984375,35731800
2025-06-09,174.14745263351276,176.0731199779413,173.9778367906517,175.6939697265625,28935900
2025-06-10,175.80372221831115,180.70268325607967,174.5166301339373,178.19833374023438,61766100
2025-06-11,179.36569688795734,179.96433833777158,176.352484683136,176.95114135742188,31646800
2025-06-12,175.78375628436552,176.32255032681226,174.3569797237004,175.30484008789062,20941900
2025-06-13,172.05218023736916,176.73163473712606,172.00228964381978,174.27716064453125,27663100
2025-06-16,174.33701609632743,176.5420523549515,174.25719419482596,176.3724365234375,27389200
2025-06-17,175.30483777675101,176.96110799729416,174.1873615915514,175.5542755126953,24973000
2025-06-18,175.6141436330853,176.16290971424257,172.81046582918458,172.93020629882812,28707500
2025-06-20,173.55878574385125,173.94790803011588,165.08788938336605,166.26522827148438,75659900
2025-06-23,165.8960542954959,166.9636398925432,161.63565348702906,164.8184814453125,57671000
2025-06-24,166.5445998017471,167.84167918331357,165.75638318822968,166.3949432373047,40524300
2025-06-25,167.25301404319714,171.97237226546412,167.17319213194548,170.296142578125,35479000
2025-06-26,172.04218458564608,173.29936049404486,169.55779452756443,173.14968872070312,31796700
2025-06-27,173.14969619543672,178.27813555923768,171.3437693802371,178.12847900390625,108140200
2025-06-30,180.3734186271616,180.82240351749414,174.1873656755976,175.83364868164062,63378900
2025-07-01,175.3447530851258,175.6939567742825,173.139716841545,175.44451904296875,35904500
2025-07-02,175.14518633422566,178.4577266308603,174.67625741761273,178.23822021484375,29128900
2025-07-03,178.09853847776557,179.265905222364,176.65180269468908,179.126220703125,21689700
2025-07-07,178.65727862884938,178.89674433224096,175.28487562232132,176.3923797607422,34175600
2025-07-08,177.4500058972594,177.54977185383785,172.42133277200756,173.9678497314453,40442500
2025-07-09,174.85584916951822,179.03642797074187,172.38143114455036,176.22276306152344,43025600
2025-07-10,175.2350053597822,178.02869585837095,173.98781666417247,177.22052001953125,29252400
2025-07-11,176.39239690386106,181.02196104807066,176.08309652221448,179.78475952148438,34282900
2025-07-14,180.60289104600895,183.2569121837853,179.27588047712075,181.1516571044922,32536600
2025-07-15,182.3988435351607,183.80567598843865,181.1915734457722,181.59066772460938,33448300
2025-07-16,182.82789923086935,183.91544417003013,181.62061381873355,182.55850219726562,33104200
2025-07-17,181.73035050857078,183.64603043273615,180.07408034072432,183.1671142578125,31992600
2025-07-18,184.98301522964096,186.00072543502688,183.2968289565469,184.64378356933594,34014500
2025-07-21,185.83110772544197,189.86201471908177,185.73132654425748,189.67245483398438,45803100
2025-07-22,191.0693117786785,191.21896833519165,187.03840453704987,190.90966796875,44660200
2025-07-23,191.06931784155387,192.09700016081177,188.75452819755446,189.8021697998047,58681900
2025-07-24,196.58686306155585,197.50479208340965,190.5704262162467,191.73779296875,74881700
2025-07-25,191.5482310302433,193.8929519493829,190.8298490986121,192.7455291748047,39785900
2025-07-28,193.21445136708732,193.61356085282932,190.41077383680673,192.14686584472656,38139500
2025-07-29,191.99721287217557,195.47936925683575,191.64800916549822,195.30975341796875,41389200
2025-07-30,195.1600963397073,197.155598285003,194.2521393007246,196.08799743652344,32445400
2025-07-31,195.26984291287636,195.54921195775628,190.66022322341527,191.46839904785156,51329200
2025-08-01,188.6048544387261,190.40080913246982,187.39758435603645,188.7046356201172,34832200
2025-08-04,189.86201672672937,194.830827292421,189.69240089649873,194.60133361816406,31547400
2025-08-05,194.2720962985156,197.4150057356091,193.45393320281906,194.232177734375,31602300
2025-08-06,194.06255127051267,196.18776557270928,193.23441619136784,195.6489715576172,21562900
2025-08-07,196.6167969951023,197.09571318148866,193.8929412029117,196.07801818847656,26321800
2025-08-08,196.7764442791972,202.15432130991044,196.72655368662487,200.9669952392578,39161800
2025-08-11,200.48808049350347,201.02685931355308,198.62229106869012,200.54794311523438,25832400
2025-08-12,200.91710457512625,204.04006993048975,200.1388600495838,202.88267517089844,30397900
2025-08-13,203.67091617948037,204.0700104890599,197.06579421729333,201.50579833984375,28342900
2025-08-14,201.0468177297292,203.98020797768137,200.77742070862897,202.48358154296875,25230400
2025-08-15,203.39153088363753,205.97570210941166,200.82730371462006,203.44140625,34931400
2025-08-18,203.74075053383524,204.80835140832636,202.03460485474218,203.04232788085938,18526600
2025-08-19,202.57337657986534,202.98245812812408,199.51028904350812,201.11666870117188,24240200
2025-08-20,200.27853657760338,200.82730262485018,196.15783565803162,198.87171936035156,28955500
2025-08-21,199.3007354736328,202.02459107482636,198.98144788878304,199.3007354736328,19774600
2025-08-22,202.27405146693474,208.07098221204853,200.8472748764244,205.62649536132812,42827000
2025-08-25,205.96570803332725,210.046520726557,204.8183006045268,208.02108764648438,29928900
2025-08-26,207.04328099820484,207.38252787024734,205.23735432936843,206.6741180419922,28464100
2025-08-27,205.2373711930947,208.4401585010209,205.18748059977113,207.01336669921875,23022900
2025-08-28,206.7838755896793,211.74269881815906,206.43465668224866,211.16400146484375,32339300
2025-08-29,210.0365409975429,214.167229203444,209.72724064780297,212.43115234375,39728400
2025-09-02,207.9712205067108,211.20392399730977,205.73625278986853,210.8746795654297,47523000
2025-09-03,225.7012467158241,230.78976737242826,224.28442698424496,230.1412353515625,103336100
2025-09-04,229.13349303754427,231.84737676203946,225.60146147412655,231.7775421142578,51684200
2025-09-05,231.677775522156,235.22976659054154,231.37844718195538,234.4714813232422,46588900
2025-09-08,235.15054099905157,237.8069358559837,233.3529799966882,233.72247314453125,32474700
2025-09-09,233.85230194861487,240.14375784585562,232.91357479962468,239.30490112304688,38061000
2025-09-10,238.5758820575914,241.33214736167037,237.5273187664355,238.84552001953125,35141100
2025-09-11,239.55457404217233,241.9213539288796,235.92949376965038,240.0438995361328,30599300
2025-09-12,240.04388783032,241.75157459718335,237.67710805902945,240.4733123779297,26771600
2025-09-15,244.32807821701437,252.06756394348793,244.32807821701437,251.26864624023438,58383800
2025-09-16,251.73800966841424,252.696698721273,249.13154999644232,250.8192596435547,34109700
2025-09-17,250.87917693990602,251.25866627901078,245.94587648389523,249.19146728515625,34108000
2025-09-18,251.338548569648,253.64542748570952,249.46110945180462,251.68807983398438,31239500
2025-09-19,252.90642848071656,255.65269769422878,251.4683796180924,254.3744354248047,55571400
2025-09-22,254.08482475081846,255.4329993925613,249.96043800377367,252.18740844726562,32290500
2025-09-23,252.69670571321294,254.01492224497756,250.1401811840686,251.31858825683594,26628000
2025-09-24,251.31859024650916,252.00765659919705,246.1056707170572,246.80471801757812,28201000
2025-09-25,244.0684141454478,246.15559020390248,240.41339128252798,245.45652770996094,31020400
2025-09-26,246.73481561544992,249.08161830530747,245.63630185383965,246.2055206298828,18503200
2025-09-29,247.51375020937843,250.80926093832198,242.4406403715287,243.71890258789062,32505800
2025-09-30,242.48058753408858,242.9599320717839,238.92541967317948,242.77020263671875,34724300
2025-10-01,240.42338523813993,245.96585884887978,238.2862890899911,244.5677490234375,31658200
2025-10-02,244.8174135056227,246.4751651396655,241.97128907367482,245.356689453125,25483300
2025-10-03,244.15830178707057,245.96584369150784,241.33213946713911,245.0171356201172,30249600
2025-10-06,244.44791178946252,250.97904766602093,244.24818617214953,250.09024047851562,28894700
2025-10-07,247.93317917084852,250.1002333278666,245.18691006468788,245.42657470703125,23181300
2025-10-08,244.62768203424937,245.67624536262252,243.48922922331397,244.2881317138672,21307100
2025-10-09,244.13833003954065,244.42792989328805,238.82554034163272,241.2023162841797,27892100
2025-10-10,241.10244578834048,243.75884063652228,235.52003337107624,236.24905395507812,33180300
2025-10-13,239.8841293059291,244.16830263513637,239.38480762364867,243.8187713623047,24995000
2025-10-14,240.9027282868883,246.78473694130554,240.18370386409978,245.11700439453125,22111600
2025-10-15,246.91456723829836,251.76797450819856,245.6562821083569,250.68943786621094,27007700
2025-10-16,251.42842769264908,256.6113736152233,249.76069521164578,251.1188507080078,27997200
2025-10-17,250.41979725844868,253.87510990312921,247.4738024671156,252.95635986328125,29671600
2025-10-20,254.3444728441902,256.98087539491434,253.88509020638818,256.2019348144531,22350200
2025-10-21,254.39440086428343,254.53421031738455,243.81875668908756,250.12020874023438,47312100
2025-10-22,254.02489806023604,256.01218852739623,248.95178813355238,251.34854125976562,35029400
2025-10-23,252.6367781341903,254.69398089708358,251.50832156545113,252.7366485595703,19901400
2025-10-24,256.23191746004557,261.32500504033385,254.97364746401067,259.5674133300781,28655100
2025-10-27,264.4607188078389,269.7735083332291,263.92144290721717,268.9046630859375,35235200
2025-10-28,269.3241367489819,270.3627344019799,266.1384619149823,267.1071472167969,29738600
2025-10-29,267.38675485794886,274.96645416764926,267.3068768000952,274.197509765625,43580300
2025-10-30,291.1944142933695,291.1944142933695,279.6800575475708,281.09814453125,74876000
2025-10-31,282.8257813584811,285.6120049046921,276.6541726227251,280.80853271484375,39267900
2025-11-03,281.797163766903,285.14262497278366,279.42038779718166,283.3350830078125,29786000
2025-11-04,276.3745458896769,280.88840284028174,275.88522040271835,277.1634826660156,30078400
2025-11-05,278.4916636746374,286.03143918614273,276.96374058170124,283.9242858886719,31010300
2025-11-06,284.9429082592804,287.9588308357049,280.7586204462715,284.36370849609375,37173600
2025-11-07,282.82575309004056,283.39498707048995,274.816645004158,278.4516906738281,34479600
2025-11-10,284.03413439651047,290.40545290698407,282.47622284552773,289.7064208984375,29557300
2025-11-11,287.3595968518003,291.5239526379353,286.9301875660949,290.9147644042969,19842100
2025-11-12,291.2842728658537,291.613842224268,283.30512258449664,286.3210144042969,24829900
2025-11-13,281.9569519907634,282.45627365196606,276.8638649512614,278.19207763671875,29494000
2025-11-14,271.04178706348836,278.1820807042813,270.3327588398133,276.0350036621094,31647200
2025-11-17,285.392279437324,293.55120856159544,283.1852862901624,284.63330078125,52670200
2025-11-18,287.52939388700526,288.4081743957296,277.8225797399186,283.8943176269531,49158700
2025-11-19,286.77042153983126,303.39782684502376,286.2411417953812,292.4127502441406,68198900
2025-11-20,304.1268355762142,306.0042898345543,288.2783714658303,289.05731201171875,62025200
2025-11-21,296.0178540164301,303.50767860502685,293.4513334764558,299.2534484863281,74137700
2025-11-24,310.70789188393536,319.0465694557707,309.17996886834777,318.14776611328125,85165100
2025-11-25,325.767421144808,328.3838617048627,317.2190369667809,323.0011901855469,88632100
2025-11-26,320.2449508538883,324.0597758686898,316.36024396458464,319.5159606933594,51373400
2025-11-28,322.9312800436979,326.40656970987055,316.3602205188893,319.74560546875,26018600
2025-12-01,317.26898426885936,319.41606123931075,313.46415578589995,314.4627990722656,41183000
2025-12-02,316.3102616947243,317.948051296999,313.4841146313127,315.38153076171875,35854700
2025-12-03,315.4614642178001,321.14371687287894,313.67388407801036,319.1963806152344,41838300
2025-12-04,321.7928484740126,321.92264650582644,314.27306548179905,317.1890869140625,31240900
2025-12-05,319.05652267664885,322.72155681925386,318.73697999805336,320.8341064453125,28851700
2025-12-08,319.82486263347363,320.21460294317257,311.0010871288888,313.49932861328125,33909400
2025-12-09,312.15025542764414,317.7662971049956,311.6805848338384,316.85693359375,30194000
2025-12-10,315.6078174223929,321.0839735202244,314.45863248382005,319.9847412109375,33428900
2025-12-11,319.85481737290655,320.8940942947929,308.3829128168011,312.210205078125,42353700
2025-12-12,313.47935032153816,314.6485102459599,305.34506149685063,309.07244873046875,35940200
2025-12-15,311.1009991314403,311.2009348824072,304.66552711937686,308.003173828125,29151900
2025-12-16,304.7354841263937,310.5513666605185,302.37712849550337,306.3543395996094,30585000
2025-12-17,307.7933270972379,307.87325739956634,295.9116769824828,296.5112609863281,43930400
2025-12-18,301.50775321966603,303.7461677101471,299.0195145942255,302.2472229003906,33518000
2025-12-19,301.5177661333593,307.03387224107576,300.7582909786616,306.9439392089844,59943200
2025-12-22,309.66200850448513,309.9118326328777,305.0852133945127,309.56207275390625,26429900
2025-12-23,309.41219480947996,314.7184570357758,309.1024153195162,314.1288757324219,25478700
2025-12-24,314.5485634057752,314.8583428959372,311.70059264113144,313.8690490722656,10097400
2025-12-26,314.25877806497726,314.86833429915043,312.0603135401851,313.2894592285156,10899000
2025-12-29,311.15095467052413,313.79908436732376,310.4014822754237,313.33941650390625,19621800
2025-12-30,312.28018544302313,316.72706748217655,312.24020504037514,313.6292419433594,17380900
2025-12-31,312.62992729269524,314.3586907819443,311.22091551782626,312.7798156738281,16377700
