date,Open,High,Low,Close,Volume
2016-01-04,76.69836176506429,76.7737694851816,74.99411967485976,75.77083587646484,12722800
2016-01-05,75.84620873924854,76.49472519004529,75.83866624473112,76.08751678466797,6467200
2016-01-06,75.27311169192615,76.14031459282795,75.10721130614198,75.70294189453125,7733800
2016-01-07,74.88852865701033,75.47671677876859,74.56427036511298,74.82066345214844,9433100
2016-01-08,75.31835920707778,75.3636084304205,73.78756043401535,74.02133178710938,9766700
2016-01-11,74.0816616205642,74.37575571100002,72.45283325455347,73.57642364501953,8151400
2016-01-12,73.89314288248175,74.37575914306929,73.32757641273952,74.0816650390625,6745000
2016-01-13,74.27016244309999,74.63966988918243,73.02591547369815,73.16165161132812,8290700
2016-01-14,73.22198881826846,75.00918055190937,73.1465811223982,74.57180786132812,10164300
2016-01-15,72.6715098794186,73.90067204740858,72.58101718941914,73.1465835571289,12662200
2016-01-19,73.8478788546788,74.20984382600739,73.07116870623655,73.52362060546875,12457800
2016-01-20,72.4754594916456,73.35774181773229,71.28399806228215,72.20398712158203,12685200
2016-01-21,72.2190600916359,72.87511922119258,71.09546972897746,72.34725952148438,11266400
2016-01-22,73.16165492792302,73.21444088643662,72.35478056022218,72.95805358886719,8380000
2016-01-25,72.93543037034453,73.66689703286355,72.42265003242055,72.69412231445312,9350200
2016-01-26,73.34264996390999,76.41932670681203,73.25215727170394,76.29867553710938,17266600
2016-01-27,75.77838697379796,77.957703291425,75.77838697379796,77.0377197265625,19330500
2016-01-28,77.29405595023788,77.70126435002275,76.80389737161325,77.12061309814453,12789500
2016-01-29,77.58817183884467,78.99077702722445,77.39210720142623,78.75701141357422,15614600
2016-02-01,78.1311298745093,79.02095476161038,77.83703574475251,78.70423889160156,9803700
2016-02-02,77.89736594385711,78.62129041413486,77.67113702985269,77.98031616210938,10616300
2016-02-03,78.16128281201263,78.71176425602395,76.92457799562308,78.5307846069336,10168600
2016-02-04,78.13112135194226,78.49308066297252,77.46752544622709,78.34980773925781,10389000
2016-02-05,77.41473271217917,77.49767715906455,75.24295402272458,75.8160629272461,15522200
2016-02-08,75.64260386721706,78.05569014506354,75.57473867429265,76.9170150756836,14323800
2016-02-09,76.39669282277224,77.09799525443509,76.14030553215292,76.89439392089844,10044500
2016-02-10,76.95474807627414,77.60326476746405,76.4419675705249,76.71343994140625,9833100
2016-02-11,75.75573533315276,76.93211163462794,75.39377604957843,76.69080352783203,12465800
2016-02-12,76.78129577636719,76.90195270567914,75.95179952368416,76.78129577636719,9035000
2016-02-16,77.19605481614146,77.7088353126243,76.65311008419026,77.1583480834961,10452800
2016-02-17,77.48259714638314,77.85209891846142,77.09047363872197,77.29407501220703,8904000
2016-02-18,77.54294666746372,78.93800968855898,77.29409600199664,78.60620880126953,10744600
2016-02-19,78.67455461562409,79.51006232463628,78.52264043539151,79.11509704589844,9343300
2016-02-22,79.11510620629616,79.56324005126953,79.03155484622754,79.56324005126953,6947000
2016-02-23,79.48727417753955,79.5936112029329,78.96318041314846,79.05432891845703,6629200
2016-02-24,78.4922312855842,79.81385813334462,78.21120028750036,79.72270965576172,9076100
2016-02-25,79.7151307743723,80.80888957637328,79.57841092412218,80.8012924194336,8092500
2016-02-26,81.13550981104785,81.2114640069037,80.07213368426498,80.34557342529297,9049400
2016-02-29,79.96579669044677,80.66458456455842,79.78350546131625,79.91262817382812,10111100
2016-03-01,80.4367281544627,81.45452720645369,80.08733419057322,81.43933868408203,8298500
2016-03-02,81.20388004995725,81.58365685880763,80.83929176368983,81.30261993408203,9767000
2016-03-03,81.13550851360615,81.27222838193386,80.2316379510545,81.00638580322266,6927200
2016-03-04,80.90003795282666,81.25702899432645,80.56583258717872,80.89244079589844,6715700
2016-03-07,80.51268474424838,81.21147269275384,80.12531077053879,81.07475280761719,6973500
2016-03-08,80.90764164089997,81.0975300285048,80.48989066512954,80.67977905273438,7632900
2016-03-09,81.15068054199219,81.28740038253379,80.58101550555762,81.15068054199219,7564200
2016-03-10,81.2646211225852,81.63680648145085,80.56583334685303,81.37855529785156,10474700
2016-03-11,81.65201786543408,82.0241975335879,81.43174661021891,81.8115234375,7763800
2016-03-14,81.97102407747467,82.25965815759963,81.50769591247483,81.77354431152344,7242800
2016-03-15,81.74315789708645,82.29762876214429,81.08994135843707,81.84949493408203,8476600
2016-03-16,81.8266979310215,81.86467212758863,81.1810728451162,81.5836410522461,7065100
2016-03-17,81.62922950704207,81.72796939272187,80.85448155962288,81.07475280761719,8571100
2016-03-18,81.26463411676718,81.91025348660037,80.78611745805327,81.65200805664062,14758300
2016-03-21,81.58363945682444,81.84188485018991,80.93042302133965,81.48489379882812,7674700
2016-03-22,81.48489786041331,81.75074042416772,81.31020380206039,81.56085205078125,7821700
2016-03-23,81.49249341547294,82.66220646792452,81.42413058903279,82.41155242919922,8191300
2016-03-24,82.19888539430247,82.49511081263509,81.8418943017135,82.26724243164062,6284500
2016-03-28,82.34320180217468,82.71538141305972,82.07735342803748,82.20648193359375,4738100
2016-03-29,82.25965992634795,82.98123355230734,81.83430595568471,82.8976821899414,6612800
2016-03-30,83.13313888735726,83.21669024663574,82.73817356662326,82.77615356445312,5248200
2016-03-31,82.68499338771885,82.77614189269782,82.06215975769565,82.18368530273438,8167700
2016-04-01,82.0317982033227,83.01162315503232,81.79633841471079,82.9356689453125,9043200
2016-04-04,82.65463459567668,82.86730870755798,82.22928637191411,82.47993469238281,10668900
2016-04-05,82.2064680875247,83.42934374589179,82.03936541018943,82.75334167480469,7939000
2016-04-06,82.5786891147643,83.17114014477023,81.9406609167256,83.1103744506836,6828700
2016-04-07,82.79131444340713,83.26223960256354,82.5102776201301,82.99639129638672,7822900
2016-04-08,83.07238467129643,83.27746160674043,82.6090564818452,82.86730194091797,6301600
2016-04-11,82.90525163795029,83.26224264965721,82.5254749522931,82.7685317993164,6823900
2016-04-12,82.79134691602256,83.73319180881587,82.60145850566472,83.24707794189453,8412300
2016-04-13,83.55087303339289,83.81671556133082,83.02677933907776,83.45213317871094,5758300
2016-04-14,83.55088314551111,83.77115435101399,83.13312641181028,83.42935180664062,4457100
2016-04-15,83.6040402174271,83.85469422334891,83.17109502307687,83.68759155273438,10057900
2016-04-18,83.55085555753557,84.38636295412466,83.30020160007945,84.25724029541016,7772500
2016-04-19,84.80414009535225,86.55110947601594,84.67501740535525,85.58647918701172,10526400
2016-04-20,85.97384758705613,86.7334009551335,85.86751057911988,86.27007293701172,8213400
2016-04-21,86.06500378957297,86.38402065838076,85.65484421104857,86.26248931884766,7884500
2016-04-22,86.15616793951642,86.39922486778667,85.7004369233765,86.07261657714844,7508700
2016-04-25,86.06501238511856,86.24730941262473,85.4345873318613,86.21692657470703,6139900
2016-04-26,86.1713461306736,86.25489748302414,85.56370678031848,85.76119232177734,5853600
2016-04-27,85.79914028495801,85.98143145482827,85.41936363401808,85.65482330322266,5759300
2016-04-28,85.14595911810505,85.60928728704347,84.79656515045112,85.4345932006836,6640000
2016-04-29,85.11556587725829,85.23709722242677,84.69781491684196,85.1307601928711,7774500
2016-05-02,85.23708605052626,85.67003126980988,85.01681486247912,85.6396484375,5178800
2016-05-03,85.49531716791113,85.90547664326061,85.16111765812884,85.59406280517578,7554500
2016-05-04,85.10039405995376,85.48017089574705,84.8421427982483,85.23711395263672,5214600
2016-05-05,85.13078667840786,85.90552896262433,85.10040383266315,85.7384262084961,5404300
2016-05-06,85.51051641011401,85.86750740711204,85.2826480901355,85.63204193115234,6099900
2016-05-09,85.81435113822518,86.58149594865219,85.62446277615123,86.37641906738281,6512700
2016-05-10,86.58909252718524,87.34864597040617,86.52832686094368,87.09799194335938,8356400
2016-05-11,87.02205610778105,87.16637314680273,86.82457054831995,86.87014770507812,6680700
2016-05-12,86.96888612379281,87.16637167993055,86.23971537220812,86.76380920410156,7156300
2016-05-13,86.5131569402621,86.65746818494344,86.10299729735563,86.2549057006836,6779900
2016-05-16,86.12576066916111,87.06760527468313,86.06499500559643,86.92329406738281,6222900
2016-05-17,86.99922777734913,87.01441629219994,86.01180625904011,86.45994567871094,9233900
2016-05-18,86.2928737585502,86.61188483835753,85.73839715275174,86.27767944335938,8267900
2016-05-19,85.82193607125944,85.85991605880224,85.22188819666465,85.7155990600586,8232200
2016-05-20,85.83033970808812,86.38112358548604,85.49375410013856,86.16693115234375,7435200
2016-05-23,86.26640450428795,86.30465566698898,85.70797488122422,85.79977416992188,6462300
2016-05-24,86.07514214204981,86.82482158361015,86.07514214204981,86.20519256591797,6125300
2016-05-25,86.58005364258018,87.00079311595334,86.32760995855628,86.71009826660156,5453800
2016-05-26,86.52650437225586,86.68714875916014,86.32760882052793,86.36585998535156,3973600
2016-05-27,86.47293088457975,86.70242029729744,86.20519031825582,86.48822784423828,4647000
2016-05-31,86.64122888138779,86.92426641475001,85.92214919624898,86.20519256591797,10104700
2016-06-01,86.20521801530886,86.48825563222907,85.73093040521688,86.27406311035156,4748900
2016-06-02,86.34289518965468,87.70455235540855,86.33524379088436,87.5821533203125,7310800
2016-06-03,87.56685242514763,88.27062933641118,87.29911184328726,87.7886962890625,6881700
2016-06-06,87.94933981054103,88.73726458816128,87.91874005342966,88.56131744384766,6349400
2016-06-07,88.74492368322112,88.9132194437762,88.31653288281524,88.53073120117188,6417400
2016-06-08,88.37006076390438,88.69900081065914,88.28591873920531,88.58425903320312,5863800
2016-06-09,88.56900105531065,89.64762099963637,88.43895641751945,89.50227355957031,7375500
2016-06-10,89.30334841654559,89.678191076155,89.01265946896727,89.50989532470703,6067400
2016-06-13,89.60170300032807,89.99184268283132,89.34161376953125,89.34161376953125,7940900
2016-06-14,89.08150128282769,89.63993663432068,88.96675948950649,89.59403991699219,6378400
2016-06-15,89.99182100068133,90.06831747152575,88.99734937078414,89.0509033203125,6371400
2016-06-16,88.50011199149228,89.41808123747505,88.14057218865209,89.22683715820312,6664300
2016-06-17,89.21156558053178,89.24981090548329,87.97995289272224,88.33949279785156,10702200
2016-06-20,89.19624919550147,89.60933716168927,89.06620460512018,89.15035247802734,5588200
2016-06-21,89.49459089358484,89.61698992378764,88.87496185302734,88.87496185302734,5493500
2016-06-22,89.15034135223564,89.66287408775658,88.9743942300312,89.08914184570312,5833800
2016-06-23,89.65522699547577,89.79292297363281,89.2574418565257,89.79292297363281,6775900
2016-06-24,88.0258311016984,89.59403500254639,87.97228298898347,88.45421600341797,13939500
2016-06-27,87.97231155003239,89.22687274349339,87.97231155003239,89.15802764892578,10877400
2016-06-28,89.6323274359247,90.55030306883592,89.15804557008138,90.44320678710938,10089600
2016-06-29,90.9097872057733,91.34582933087674,90.34370633736987,91.28462982177734,8341500
2016-06-30,91.16989663470535,92.8757967440029,91.154599673162,92.7916488647461,11559900
2016-07-01,92.79164798088371,92.97524069919193,92.40150834770989,92.78399658203125,7051400
2016-07-05,92.8375354067807,94.26804336099522,92.82223261060784,93.53366088867188,9334100
2016-07-06,93.2735712610379,93.8320065924848,92.9752309364985,93.81670379638672,9332400
2016-07-07,93.77845594569425,93.94675169086126,93.33477406043478,93.7172622680664,6058700
2016-07-08,94.09210359208791,94.1686000700233,93.29652738168413,93.97735595703125,6129900
2016-07-11,93.87026320047998,94.43634416175536,93.64077375816652,94.03855895996094,6711600
2016-07-12,93.82435798483802,94.2450915091417,93.79375822803844,94.03089904785156,6415900
2016-07-13,93.84731743315933,94.39810144802323,93.5566284636734,94.09210968017578,5230800
2016-07-14,94.0768120280281,94.65818996273529,94.02326390677065,94.22980499267578,5322700
2016-07-15,94.6811390183284,95.08658146660309,93.87026579439407,94.09210968017578,7192800
2016-07-18,94.09210725067574,94.26040301046173,93.66372228853493,94.19920349121094,6599200
2016-07-19,95.4537536176349,96.1957816544645,94.35218574140897,95.81329345703125,11325700
2016-07-20,96.26463002496645,96.44057716978567,95.6526523899013,95.7291488647461,7334600
2016-07-21,95.78269023247827,96.18812677326713,95.53789802843747,95.7367935180664,5492600
2016-07-22,95.71385518759789,95.88979650214554,95.35431532355643,95.64500427246094,5839200
2016-07-25,95.6756217396683,95.72151846738339,94.96419327854345,95.53792572021484,4880600
2016-07-26,95.64499425293616,96.04278523219405,95.43080180393876,95.7367935180664,5589900
2016-07-27,95.69856487708283,95.7980155634451,95.11718106710767,95.44612121582031,4812600
2016-07-28,95.60676014209251,95.62205710325387,95.17072379515396,95.20896911621094,4320400
2016-07-29,95.1171773103381,95.86685686487878,95.1171773103381,95.79801177978516,7020900
2016-08-01,95.85921151321982,96.16520330654745,95.6985671348921,95.92806243896484,4615100
2016-08-02,96.11928477841117,96.31052887632433,95.22426380089124,95.5073013305664,7158700
2016-08-03,95.62205149921294,95.62205149921294,94.61993426711939,94.78057861328125,5310600
2016-08-04,95.04068134755349,95.15542899298033,94.58169660215378,94.74999237060547,4728200
2016-08-05,95.14776090011141,95.14776090011141,94.67347927547685,95.04066467285156,5146900
2016-08-08,94.85709610501057,94.97184375949601,94.2680667052373,94.58935546875,5232500
2016-08-09,94.78824231879845,94.85708740338939,94.34455454152038,94.42105102539062,3941500
2016-08-10,94.54341869874608,94.68876606426055,94.27567815935578,94.36747741699219,4333500
2016-08-11,94.7423213358903,94.9641651813897,94.45163241918753,94.68112182617188,4052000
2016-08-12,94.45165062163684,94.68114007284773,94.05385956811247,94.26040649414062,4234800
2016-08-15,94.1839049278702,94.29864672912993,93.5413216592793,93.56427001953125,6469500
2016-08-16,93.41127104544128,93.5719153931681,91.84306705105446,92.04961395263672,11289100
2016-08-17,92.1796568678011,92.81458868511451,91.68242103693748,92.79928588867188,10442800
2016-08-18,92.69220616444501,92.86050193744164,91.72068852438422,92.34796905517578,8728000
2016-08-19,92.34027248727969,92.4018744066618,91.88592234597532,92.34796905517578,7798300
2016-08-22,92.33253513507667,92.33253513507667,91.60095606979873,91.73957061767578,6544900
2016-08-23,92.15542464984284,92.3787484396664,91.6548717330136,91.97830963134766,5603200
2016-08-24,92.00912524329007,92.10923348931418,91.34685623053522,91.4161605834961,6303900
2016-08-25,91.5316887230618,91.80121548750982,91.1235473547201,91.30836486816406,5566000
2016-08-26,91.51628385412438,92.20935687372712,91.30066244252417,91.67030334472656,6482700
2016-08-29,91.87052333494046,92.50968510963382,91.68569995106614,92.34796905517578,5074900
2016-08-30,92.92550461478176,92.92550461478176,91.83969542581148,92.00141143798828,3820500
2016-08-31,92.05533325560465,92.11694104515121,91.6471919315326,91.90131378173828,5693100
2016-09-01,91.78581245774477,91.93982606633163,91.33146232450115,91.70110321044922,4551800
2016-09-02,91.91674445517351,92.26327808692349,91.56250837875865,91.88594055175781,5806400
2016-09-06,92.24012720320833,92.38644419722104,91.91669520351351,92.21702575683594,5280700
2016-09-07,92.28636800813027,92.37107726312225,91.97834076297012,92.1092529296875,4753800
2016-09-08,91.92440465246234,92.27093812494962,91.74728375803568,92.00141143798828,4833000
2016-09-09,91.66260731582656,91.76272146053455,91.00804059187928,91.04654693603516,7957300
2016-09-12,90.6845826110222,91.98601324419067,90.39194857940817,91.7626953125,7239800
2016-09-13,91.19286227839605,91.50859786419664,90.47668772122566,90.56909942626953,7957900
2016-09-14,90.75390949487904,91.12355040940103,90.45357882224874,90.76161193847656,6124900
2016-09-15,90.72308810002494,91.59328192619719,90.34575068991695,91.35455322265625,5812100
2016-09-16,91.26213487732936,91.74728290937215,90.96180430388749,91.0619125366211,12408800
2016-09-19,91.14663554271972,91.37766180732994,90.59217720784876,90.60758209228516,5457600
2016-09-20,91.00032822442553,91.05423357521944,90.63069321190798,90.8309097290039,5187700
2016-09-21,90.83090109504533,91.63948715533628,90.5921782606845,91.57018280029297,6337300
2016-09-22,91.83201259099184,92.28635683526697,91.74730334625538,91.99372863769531,5340500
2016-09-23,91.95523957023215,92.10155074952895,91.4161801391732,91.4931869506836,4773000
2016-09-26,91.35454054293263,91.36224298397569,90.53055560855779,90.6999740600586,5998900
2016-09-27,91.1697389677937,91.80890655517578,90.65378695760234,91.80890655517578,5349500
2016-09-28,91.67801026079339,92.03994286206988,91.49318686305374,91.93983459472656,5076100
2016-09-29,91.54706439336653,91.84739497935577,90.13012069282662,90.30723571777344,6190200
2016-09-30,90.69997861243438,91.34684856197386,90.3996480243329,90.9695053100586,7941100
2016-10-03,90.8694241396334,91.64720644894749,90.43047885125675,91.4931869506836,6098600
2016-10-04,91.51627639055404,92.00913284504348,91.08503360252342,91.5008773803711,5733900
2016-10-05,91.80891821705815,91.97833671959444,91.33146660765978,91.77811431884766,5778700
2016-10-06,91.25447098581415,91.52399778414126,90.80782321987576,91.44699096679688,4448500
2016-10-07,91.7703897039111,92.07842273635292,91.40075476517406,91.82429504394531,4799300
2016-10-10,92.03222276109138,92.56357373680865,91.90900719410432,92.25554656982422,3657000
2016-10-11,91.95523823596861,92.12465086873604,90.14554587789584,90.59219360351562,6394200
2016-10-12,90.83861866236683,91.20055713294721,90.48438263537665,90.84632110595703,4685200
2016-10-13,90.51514478839348,91.79347369837305,90.31492247409297,91.0696029663086,7387400
2016-10-14,91.25440166621412,91.48542781799637,90.53052520751953,90.53052520751953,5640500
2016-10-17,90.48436498859262,91.29295102582147,90.48436498859262,91.24674224853516,6956400
2016-10-18,90.39196064823297,91.23905308943597,88.6823885061272,88.87490844726562,12598300
2016-10-19,88.99812718100968,89.24455249565061,88.14333808563953,88.24344635009766,7400900
2016-10-20,88.42825677472715,89.0982223794356,88.24343340941812,88.45906066894531,6973000
2016-10-21,87.87379347144892,87.97390171557831,87.0113021077281,87.35784149169922,8422000
2016-10-24,87.7351718879914,87.93539423550585,87.35783451690902,87.4887466430664,6141900
2016-10-25,87.51184502737594,87.9122897083825,87.08829889847304,87.75827026367188,5595000
2016-10-26,87.51186493296662,88.7285923843546,87.4810610370178,88.2203369140625,6429200
2016-10-27,88.5437456189145,89.75277022790453,88.39742863032805,89.09819793701172,7548700
2016-10-28,89.19064618962703,89.25995642985278,88.22804639657924,88.81330871582031,8813300
2016-10-31,88.77478496233441,89.50636418670962,88.17412374932094,89.32154083251953,8552500
2016-11-01,88.37435733758595,89.28305171443228,88.2742432058725,88.82099914550781,7591900
2016-11-02,88.95960452831092,89.14442788683704,88.42825352946345,88.45135498046875,6591300
2016-11-03,88.46674701067984,88.89799560464648,88.36663877247331,88.58226013183594,6227100
2016-11-04,88.58996215309082,89.28303500149842,88.58996215309082,88.64386749267578,7160600
2016-11-07,89.24455201885301,89.8837196949029,89.20604567682864,89.83751678466797,6398200
2016-11-08,89.69888744076196,90.53827150674357,89.69118499857406,90.13783264160156,6675300
2016-11-09,92.40956969985679,94.3347690686038,90.94641700456062,92.6482925415039,16220000
2016-11-10,93.00251540546421,93.25664309636083,91.65487603738026,92.0553207397461,11904500
2016-11-11,92.01683256130633,92.01683256130633,90.96952357575702,91.23135375976562,8134800
2016-11-14,91.31607392464076,91.6318036215043,89.71430635814511,89.79131317138672,10054900
2016-11-15,89.63728375419308,89.86060758592276,89.1906360907337,89.57567596435547,7446700
2016-11-16,89.82978435494782,89.92989258545377,89.3908392285126,89.60646057128906,6594800
2016-11-17,89.85289007517851,89.85289007517851,89.42164736911845,89.76818084716797,5730300
2016-11-18,89.78370963262867,89.88450966338809,89.02381382001772,89.45028686523438,7717800
2016-11-21,89.51232101671073,89.69841565782933,89.01606469649984,89.171142578125,5843300
2016-11-22,88.85318398711104,89.17110118746919,87.0542541823974,87.41869354248047,11649700
2016-11-23,87.03877005347593,87.95374355214165,86.503741422439,87.67459869384766,7892600
2016-11-25,88.08558975600107,88.57409637921499,87.91500051715447,88.49655151367188,3433300
2016-11-28,88.23289797203876,88.48878177251125,87.65910277484937,87.72113037109375,9065700
2016-11-29,87.58154319172239,87.93823286828345,86.97673134024635,87.21710968017578,7799600
2016-11-30,86.99226881507293,87.24814673354636,86.30216217041016,86.30216217041016,11178500
2016-12-01,86.3486684698607,86.48824090691987,86.06952359574235,86.36417388916016,8143300
2016-12-02,86.6278168197231,87.25588985376885,86.41070544577352,86.81391143798828,6167700
2016-12-05,87.15509233514277,87.17059775550919,86.63557497316692,86.79840850830078,5451600
2016-12-06,87.03103669832737,87.7754212060009,86.72863067695506,86.89146423339844,6530400
2016-12-07,86.75964717780272,86.75964717780272,84.76686616085476,86.14707946777344,11761100
2016-12-08,85.71283184635483,86.2245934575618,85.23983673772268,86.06175994873047,7774900
2016-12-09,86.38745704947563,87.17836373017865,86.22461757924884,87.04654693603516,7672100
2016-12-12,87.37996698938325,89.48130362450848,87.29467238033992,89.45028686523438,9544600
2016-12-13,89.58209169191927,89.92327008252951,89.17888570688629,89.86123657226562,7051600
2016-12-14,90.03958293298078,90.95455651914826,88.84546446182382,89.16337585449219,9378700
2016-12-15,89.4270138321007,89.88449765965429,89.08583544149046,89.86123657226562,6738100
2016-12-16,90.2644373666833,90.3032038689474,89.52780283358034,89.85346984863281,11291100
2016-12-19,90.00080855549086,90.45829829656286,89.90000853870468,89.9620361328125,6310800
2016-12-20,89.93104290643659,90.14039864871461,89.10136377486275,89.68291473388672,5715200
2016-12-21,90.10159784147237,90.10159784147237,88.96951304101694,89.41149139404297,5907600
2016-12-22,89.17113543153134,89.5820971091594,88.30268398284305,89.51231384277344,4602300
2016-12-23,89.48128935604728,90.19465695807429,89.40375042814712,89.91551208496094,2992500
2016-12-27,89.86125105215075,89.94654566354734,89.46579475529764,89.87676239013672,3232600
2016-12-28,89.85347676355384,90.07059403947143,89.20989835070955,89.24866485595703,3278300
2016-12-29,89.34949397753998,89.84575033391525,89.17890474581553,89.55109405517578,2993600
2016-12-30,89.79146655649092,89.93878877029977,89.15563777208895,89.33397674560547,5506700
2017-01-03,89.77595706544942,89.94654628942963,89.34948992134103,89.82247924804688,5953000
2017-01-04,89.55883664961857,90.12488211626176,89.41150853175769,89.6751480102539,5828900
2017-01-05,89.94653495830862,90.69867503337393,89.512312199855,90.6133804321289,6217200
2017-01-06,90.46604807325342,90.72193186498215,89.76043612387427,90.17915344238281,5221400
2017-01-09,90.2179359940028,90.41954197932614,89.86125212202592,90.16365814208984,5457500
2017-01-10,89.96979647912278,90.7219365578033,89.84573536861461,90.07060241699219,5312800
2017-01-11,90.00856710497678,90.14038388095777,88.41123670977655,88.96177673339844,8887200
2017-01-12,88.60507736688794,88.96176706382391,87.90722113891574,88.87647247314453,6627300
2017-01-13,89.1246013555096,89.1866289454024,88.73690081843617,88.8609619140625,4935200
2017-01-17,88.34922719173478,89.20992311946523,88.13986552507467,89.07035064697266,6255400
2017-01-18,89.0703374086761,89.24867637067345,88.71365356883976,88.93851470947266,5014600
2017-01-19,88.92302225725818,89.0936114915898,88.33371560661516,88.55082702636719,5540800
2017-01-20,88.77565742198607,89.19437466522908,88.4577460932779,88.51202392578125,7502400
2017-01-23,88.79119014406743,88.99279019002167,88.24065602010046,88.3259506225586,7989800
2017-01-24,87.55054889289073,87.85295487574584,86.18584117805655,86.6588363647461,12450300
2017-01-25,86.79064700839206,87.46524810791016,85.8834291239595,87.46524810791016,9385500
2017-01-26,86.84492272781971,87.49625680867473,86.5347611063379,86.72085571289062,10164300
2017-01-27,86.8449341337222,88.03905268796188,86.76739519712828,87.91498565673828,8886100
2017-01-30,87.93049199542264,88.08556985979556,87.50401899463515,87.72113037109375,6969400
2017-01-31,87.45750985170095,87.93050509911939,87.17836492155755,87.81419372558594,8713400
2017-02-01,87.21712466984272,87.86845880157753,87.20936900184358,87.79867553710938,7082300
2017-02-02,87.48074323869567,88.10106642386059,87.44197082118274,88.06229400634766,7826300
2017-02-03,88.00802147187161,88.13208848271303,87.35668741247626,88.1165771484375,7267600
2017-02-06,87.97701076076575,88.07781077711608,87.32567665664165,87.93048858642578,6178400
2017-02-07,88.08558281812348,88.10109415634744,87.65911567043945,87.99253845214844,5507900
2017-02-08,87.85294965724545,88.1553556221375,87.7366383055544,87.93048858642578,5272000
2017-02-09,87.9304754910085,88.89972675101555,87.9304754910085,88.45774841308594,5854600
2017-02-10,88.64385589935866,89.93877435138243,88.57407263808554,89.35722351074219,6438500
2017-02-13,89.38823041058065,90.039570356526,89.34170824152756,89.85346984863281,5710800
2017-02-14,89.51230228926515,90.25668661384405,89.41925203025251,90.22566986083984,5539100
2017-02-15,89.86898110575187,91.07860482682642,89.6286027622211,90.87699890136719,5979700
2017-02-16,90.72193726141182,91.7144498165405,90.72193726141182,91.55937194824219,7119300
2017-02-17,91.64465961401507,92.19519369539827,91.53610393125449,92.16417694091797,8691400
2017-02-21,91.8074930621925,92.96283906538326,91.74545955328323,92.78450012207031,8595100
2017-02-22,92.48984685048724,92.86979175190332,92.46658576286765,92.67594146728516,5103900
2017-02-23,92.67594300251727,94.52140152879176,92.64493216240491,94.36631774902344,9980900
2017-02-24,94.83464358581658,95.80250165542775,94.36632554922969,95.7947006225586,10835000
2017-02-27,95.32637764434314,95.91177668504652,95.30296263551293,95.53712463378906,5946200
2017-02-28,95.23273566322607,95.73227579626338,95.1780986472685,95.38883972167969,8885500
2017-03-01,95.60736576278885,97.13720781219698,95.55272875941665,96.67669677734375,9393900
2017-03-02,96.59083547888845,97.06696047764797,96.02104449586939,96.4971694946289,6950200
2017-03-03,96.49717469735928,96.73133669313992,96.18496664296767,96.62206268310547,5585200
2017-03-06,96.01326122586362,97.12161544720736,95.69324018667956,96.55963134765625,6670700
2017-03-07,95.6776095810842,97.14500752968225,95.52930660232118,96.65327453613281,6644000
2017-03-08,96.59083628862227,97.31673129650594,96.395703286019,96.86402130126953,7909900
2017-03-09,97.23869631507354,98.51096157105303,96.91867527636792,98.30802154541016,8571100
2017-03-10,98.37827440161395,98.7295114924779,97.98800832065943,98.5109634399414,7395400
2017-03-13,98.21434893860126,99.08854102036467,98.18312694211158,98.87779998779297,7162500
2017-03-14,99.01830008766918,99.71297316206659,98.94804910391665,99.1666030883789,7679700
2017-03-15,99.16659823992474,100.68863333863021,98.81535524830949,100.65741729736328,8360600
2017-03-16,100.25155215976075,100.45448623300794,99.72859108873266,100.26716613769531,7610700
2017-03-17,100.25933253925687,100.64179750502089,99.86906654112043,99.95492553710938,13300800
2017-03-20,99.93931112014961,100.23591708861218,99.88468007383827,99.96273803710938,5827500
2017-03-21,100.20468241132956,100.2593134474796,99.23681863266535,99.32267761230469,7578600
2017-03-22,99.16659353219926,99.63491154380031,98.51094355196851,98.54997253417969,10272700
2017-03-23,98.4250783131709,99.1275582635159,98.08164830243597,98.26897430419922,8508100
2017-03-24,98.23775448558544,98.62802047163814,97.66796352575449,97.94115447998047,6490300
2017-03-27,97.69137801609067,98.45629596329391,97.68357102949055,98.19091796875,5004300
2017-03-28,98.05042778701142,98.17530980507316,97.39477783848173,98.08164978027344,5287600
2017-03-29,97.6055318120242,97.82407982556305,97.06696281081292,97.50405883789062,3971800
2017-03-30,97.36358551149983,97.90215463814332,97.00454141206689,97.3011474609375,4711700
2017-03-31,96.87181977730256,97.43380372822017,96.80937579275925,97.21525573730469,5657600
2017-04-03,97.3557688117162,97.80847289164296,97.00452580325381,97.32454681396484,4956400
2017-04-04,97.18403767828515,97.38697170378492,96.95768269139413,97.31672668457031,5358500
2017-04-05,97.34795639860212,98.03482244589335,97.10599337324697,97.410400390625,5646300
2017-04-06,97.44944266245605,97.92556777442262,97.1762575871444,97.60555267333984,4324200
2017-04-07,97.66016881540891,97.93335383233247,97.43381381424746,97.50405883789062,3615100
2017-04-10,97.46503278654683,97.52747082063067,96.9654927839567,97.05134582519531,4594200
2017-04-11,96.98890174112279,97.40258272168309,96.74693278731519,96.95767974853516,4161500
2017-04-12,97.20744993121346,97.92553789722542,97.06695394177753,97.87870788574219,5556600
2017-04-13,97.66797457357994,98.0738545797787,97.53528555250948,97.55870056152344,5396500
2017-04-17,97.5821334063496,98.19875456136546,97.51188836646851,98.12850952148438,5367500
2017-04-18,96.14594337246776,96.29424637560803,94.4053541863583,95.08441925048828,13485700
2017-04-19,95.30296992284694,95.44346594155824,94.53024479742847,94.73318481445312,6993100
2017-04-20,95.11564424434447,95.34199927284993,94.71757119731846,95.12345123291016,6330100
2017-04-21,95.05319804863862,95.25613806174351,94.86587201230421,95.03759002685547,6021700
2017-04-24,95.6307795637882,96.16934855807924,95.34198653031697,95.9195785522461,5679000
2017-04-25,96.27082872459195,96.59084975186079,96.01325765104414,96.34107971191406,5090000
2017-04-26,96.62205905923541,96.9889100598722,96.3800960396608,96.40351104736328,5021800
2017-04-27,96.45815629333063,97.02794137940539,96.3176602801227,96.58303833007812,4225200
2017-04-28,96.66889924809281,96.70792823502885,96.10691518414309,96.37229919433594,4381800
2017-05-01,96.31765659027565,96.61425662680226,96.00544257788675,96.27082061767578,4556400
2017-05-02,96.41132283078791,96.58304084640336,95.91958974924236,96.55181884765625,4881600
2017-05-03,96.46594978529392,96.55180878415264,96.03666074598699,96.26301574707031,3736500
2017-05-04,96.54399896364681,96.74693298339844,96.18495498064064,96.74693298339844,3753700
2017-05-05,96.62986604679847,96.62986604679847,95.8961640455249,96.40351104736328,4139800
2017-05-08,96.41913245383529,96.62987946239006,96.02105940266655,96.2005844116211,3608600
2017-05-09,96.18495601500209,96.37228201793583,95.9117650651153,96.16934204101562,3762500
2017-05-10,95.93519755674409,96.05227260078276,95.52151056618854,95.85713958740234,4237400
2017-05-11,95.61516716858422,96.16934415757521,95.49027919388894,96.16153717041016,4095900
2017-05-12,96.09129336505531,96.8640183645405,96.01324135737771,96.50497436523438,4097100
2017-05-15,97.10599801376728,99.40856524601847,97.0435540187603,99.11976623535156,9854600
2017-05-16,99.39295524669299,100.19690236086721,99.17440721041116,99.72858428955078,7233800
2017-05-17,99.72857150093782,99.82223748518487,98.69826949416668,98.86998748779297,6480800
2017-05-18,98.7060758778642,99.80662885483574,98.31580987836846,99.1041488647461,6571300
2017-05-19,99.15097085244433,99.43196282573282,98.69045986871302,99.12755584716797,6957200
2017-05-22,98.83876639305231,99.6349123789353,98.83876639305231,99.33050537109375,4858200
2017-05-23,99.36952101133645,100.02516499333441,99.36952101133645,99.53343200683594,3972500
2017-05-24,99.74418276794837,99.9080937696909,99.35391677666051,99.525634765625,3965200
2017-05-25,99.58062968580658,100.27205655841271,99.25849252473206,100.20133972167969,5294300
2017-05-26,99.96564236940374,100.31134985082667,99.65135793626537,99.7220687866211,4005200
2017-05-30,99.54920996371304,100.09135044966021,99.14850316446906,99.87135314941406,3665400
2017-05-31,100.05995117226655,101.19923180812283,100.05995117226655,100.76708984375,8813500
2017-06-01,100.82204512422118,101.18346405029297,100.66489395050165,101.18346405029297,5790900
2017-06-02,101.39562433185385,102.25204321280133,101.22276760500809,102.20490264892578,6562600
2017-06-05,102.11846299058817,102.55060475990511,101.98489407806326,102.42488861083984,4634700
2017-06-06,102.28345682523147,103.18702817566921,102.16560542641231,102.79417419433594,5619100
2017-06-07,102.92774260249239,103.30487906580869,102.59774669847161,102.73131561279297,5765200
2017-06-08,102.73131216232406,103.24201752280851,102.11060817086059,102.57417297363281,8101700
2017-06-09,102.43276060706394,103.47775381309208,102.38562003955133,103.34418487548828,5992500
2017-06-12,103.34415947878868,103.57987424737927,103.25773112993717,103.572021484375,8020700
2017-06-13,103.51703485342166,104.28702538005442,103.24203224229045,103.72917938232422,5733800
2017-06-14,104.11418202519411,104.93917797560962,104.11418202519411,104.31847381591797,7329400
2017-06-15,103.7134703435946,104.77418108587217,103.56418388471583,104.53060150146484,5265000
2017-06-16,105.06487560763028,105.7563024899424,104.53058792885653,105.55987548828125,12639600
2017-06-19,105.40272035548188,105.81914462431996,104.88416220208599,105.33987426757812,7488700
2017-06-20,105.20630082902525,105.88201021700131,105.20630082902525,105.45773315429688,5201200
2017-06-21,105.51273837121624,106.15702478560621,105.30060581043813,105.99988555908203,5841100
2017-06-22,106.42415447422152,107.64200436667167,106.28273277792654,106.89558410644531,7311000
2017-06-23,106.42415465836226,107.25700328630556,106.3220207627348,107.19414520263672,9007100
2017-06-26,107.2334040760516,107.56339993457745,107.01340683703435,107.12340545654297,5561800
2017-06-27,107.24913166964568,107.42984113533281,106.0627170199454,106.07842254638672,6120500
2017-06-28,106.81699772467208,107.0134247201161,104.94702088053253,105.14344787597656,6557900
2017-06-29,104.81347304989583,105.07275820438024,103.95705395684374,104.21633911132812,5750000
2017-06-30,104.26345788143047,104.65631191413289,103.93346193263488,103.94131469726562,5264400
2017-07-03,104.33415727506056,104.7505935338417,104.22415863753885,104.42058563232422,2931000
2017-07-05,104.4834516067724,105.33201772705887,104.04345702342829,105.00202178955078,4302700
2017-07-06,104.97846643070912,105.26132184434721,104.0356190482338,104.1220474243164,4282200
2017-07-07,104.42844592242449,104.49915676017693,103.46988126971875,104.13772583007812,4994100
2017-07-10,104.29491136848426,104.39704528256675,103.10848430690399,103.35991668701172,4019600
2017-07-11,103.26559867789786,103.54845404291389,102.51917846128558,103.10845947265625,3733100
2017-07-12,103.74489383833168,104.41275052914555,103.53276128012861,103.89418029785156,5053200
2017-07-13,103.79204410738781,103.88632524228825,102.91990764269637,103.60346984863281,4424400
2017-07-14,103.71348391279521,104.49919212425579,103.50920409383957,104.1849136352539,4383100
2017-07-17,104.27131300422705,104.44415773281436,103.51702805596668,103.83130645751953,4939400
2017-07-18,103.41490387827834,106.03131348205018,102.99062674826766,105.64632415771484,10256000
2017-07-19,105.94485273293944,106.39271200067277,105.69343243355954,106.2355728149414,5503300
2017-07-20,106.64414957308878,107.70486022924253,106.55772120859513,107.30415344238281,6088600
2017-07-21,106.32987309670523,107.06844059063091,106.14916359998519,106.31415557861328,6773500
2017-07-24,106.06272180597304,106.19629072046045,104.38130725161385,104.50701141357422,8306700
2017-07-25,105.08061166046694,105.16704003600158,103.28133329405185,103.61919403076172,6262900
2017-07-26,103.44633920880065,103.90205138021292,102.73134190594922,102.88848114013672,5382200
2017-07-27,102.80989171049585,103.04559450813416,101.80418647739886,102.79417419433594,5838100
2017-07-28,103.03775357955732,103.70561022011542,102.55061842321587,103.59561157226562,4970900
2017-07-31,103.8234550946251,104.95487653780701,103.7920320496268,104.27916717529297,5440800
2017-08-01,104.63272876713113,104.7741624357712,103.93344915445248,104.1141586303711,3837600
2017-08-02,103.77633715881072,104.1063331535284,103.32062497878479,103.83919525146484,4032100
2017-08-03,103.64275599473028,104.8134533642143,103.32846556849498,104.77417755126953,4327300
2017-08-04,105.080608731609,105.29274129286374,104.34204117743602,104.6406021118164,3192800
2017-08-07,104.56989255814138,104.87631825049574,104.11418040226353,104.3891830444336,3010800
2017-08-08,104.10627705285617,104.34199177604863,103.24199373080009,103.92556762695312,5535800
2017-08-09,104.34989750924478,104.8213271949441,104.00418400492593,104.67989349365234,6332300
2017-08-10,104.53062033178843,105.1670540851758,104.00419724282759,104.56990814208984,5607900
2017-08-11,105.00202825144487,105.66988492087675,104.30274853367743,104.57775115966797,4270600
2017-08-14,105.44203837957491,105.57560733532759,104.39704503155673,104.87632751464844,3041100
2017-08-15,105.1670438103984,105.23775466865865,104.65632630428985,104.79776000976562,3931800
2017-08-16,105.34771568068464,106.04699522555522,105.17485898519296,105.41842651367188,4469900
2017-08-17,105.42630826578318,105.86631487735639,104.52274873640175,104.53060150146484,5741400
2017-08-18,104.23986572887227,105.11200197805401,104.01201571284781,104.20844268798828,4792800
2017-08-21,103.93343775457656,105.00985371730914,103.86272692248848,104.85271453857422,4660000
2017-08-22,104.71130510666045,105.90557259571955,104.42058500364084,105.8348617553711,4150300
2017-08-23,105.62271393308163,105.66986648078749,104.22415474160456,104.3420181274414,5129900
2017-08-24,104.35775691070435,104.56203670325301,103.92561505247227,104.41275024414062,5398400
2017-08-25,104.30204932093783,104.81600348337635,104.07273778491955,104.12017822265625,4133300
2017-08-28,104.12015767486679,104.46807023656737,103.9699336734195,104.16761016845703,5349200
2017-08-29,104.03322461774866,104.72903789677146,103.8197305570889,104.53927612304688,3277900
2017-08-30,104.37320642007664,104.37320642007664,103.50342487382224,103.63785552978516,5430800
2017-08-31,103.8908903917428,104.76857478386167,103.78019200288185,104.66577911376953,7407100
2017-09-01,104.84764620599547,104.88717186354118,103.53507102760801,103.60623168945312,3820800
2017-09-05,103.36110760454126,103.72482567248424,102.57040146439955,102.71272277832031,5146600
2017-09-06,103.21878331135524,103.5825134765342,102.95786087953249,103.32157897949219,5601900
2017-09-07,103.47181963519944,104.78439489668821,102.98948834345815,104.5234603881836,3800200
2017-09-08,104.37321219188702,104.642049388244,103.47971037816234,103.56668853759766,4854400
2017-09-11,103.87506283118039,105.43275490839707,103.59832291843334,105.32997131347656,5724200
2017-09-12,105.82019804954446,105.85973576730353,104.31784923122196,104.87135314941406,5465200
2017-09-13,104.90298311205306,105.75694719894364,104.25461034519549,104.7290267944336,4679500
2017-09-14,104.48388891902574,106.32623532148921,104.36528784674488,106.096923828125,6274500
2017-09-15,106.57927726036425,107.10114621800628,106.09694602349238,106.31044006347656,15522000
2017-09-18,106.30252598968275,107.3541665106924,106.04159153873596,107.04579162597656,5260800
2017-09-19,106.76115743335062,107.3699925371082,106.23138571263222,106.91929626464844,4903800
2017-09-20,105.36159558574072,106.18392468161622,104.64205008608809,105.33787536621094,8705500
2017-09-21,105.40900591588392,105.81227366313819,103.88294925768302,104.17550659179688,6051800
2017-09-22,104.36531293300759,104.68159057859073,103.79600351878288,103.89088439941406,4334900
2017-09-25,103.95413319122898,104.18343265431032,103.44808176370877,103.7169189453125,6017400
2017-09-26,103.97786587065526,104.32577853099974,103.44019144300955,103.53507232666016,4516200
2017-09-27,103.58249883339354,103.65365948655817,102.34108446828434,102.5941162109375,5796100
2017-09-28,102.72063907766228,103.00529377492366,102.23039305918981,102.37272644042969,3992700
2017-09-29,102.45969243298097,103.16342034192027,102.0406191875012,102.79969024658203,5736900
2017-10-02,102.91832307532539,103.84344789217499,102.80762468865669,103.7564697265625,4492900
2017-10-03,104.09645835194986,104.68948795607845,103.86715888038282,104.45228576660156,3900800
2017-10-04,104.68948447582414,105.30623427839744,104.4522822942327,105.07693481445312,3589000
2017-10-05,105.07696415375332,105.40905936592583,104.65789076230557,105.31417846679688,3741100
2017-10-06,105.16391904618023,105.36159558574072,104.75274846563323,105.33787536621094,2469500
2017-10-09,105.68577556724601,105.81229143332646,105.298325251831,105.51972198486328,3750500
2017-10-10,105.60670450936703,106.05741277649273,105.10065308929924,105.87554168701172,4184600
2017-10-11,106.65043909984124,108.38999004923654,106.24717128044598,108.04998016357422,8269400
2017-10-12,107.80487142815403,108.73791094031074,107.551851739154,108.19232177734375,5172800
2017-10-13,108.01046062581416,108.65883336914666,107.80486931324069,107.87602996826172,4106600
2017-10-16,107.89183195140554,108.53230188491528,107.17228659132238,107.63089752197266,5120100
2017-10-17,108.85649506456679,111.5844283889228,108.37416391534552,111.32349395751953,11717300
2017-10-18,111.32352754748668,111.94819224105352,110.7542301479048,111.2365493774414,6827700
2017-10-19,111.26026870598125,113.05516299615306,111.12583804184364,112.31189727783203,9181300
2017-10-20,112.58072929523584,113.56119705838704,112.14583856228171,112.5965347290039,5634500
2017-10-23,112.38307376954255,114.13844246287694,112.34353604730694,113.56121826171875,6686000
2017-10-24,113.37143835187342,113.37143835187342,111.43419885939467,111.99560546875,6585800
2017-10-25,111.61608119609166,113.2528366257905,111.45794238173313,112.56492614746094,6563600
2017-10-26,112.68352728345853,113.6640072371918,111.79003755265539,112.13003540039062,5841100
2017-10-27,111.48960372565003,112.83380220858858,110.85703618508416,112.10635375976562,5140100
2017-10-30,111.55283194011842,111.65562760680082,110.16119337413859,110.69886779785156,6034300
2017-10-31,110.71466914500814,110.90443088323205,109.89232806198011,110.23233795166016,4832100
2017-11-01,110.56442047252132,111.16535268385132,110.17697019239121,110.68302154541016,5006800
2017-11-02,110.78584229607661,110.92816361580172,109.99513612368729,110.64350891113281,3494100
2017-11-03,110.48537872923998,111.01515045834074,110.14538083983099,110.76213073730469,2737000
2017-11-06,110.70674021623864,111.08628777462224,110.47744079011238,110.50906372070312,4220700
2017-11-07,110.76209231998729,110.81743546327293,109.83696779465188,110.51697540283203,4201900
2017-11-08,110.46164731333036,112.17747821987946,110.27188555808854,111.74259948730469,4440700
2017-11-09,111.37886460361445,111.81375538288373,110.5407180464143,110.9756088256836,3517100
2017-11-10,110.80163747903474,110.80163747903474,109.59976096083547,110.3509292602539,4240800
2017-11-13,109.91603423409654,110.71465499779818,109.44952060028449,110.50906372070312,4322300
2017-11-14,110.35884356092375,110.92023807126826,109.84487741550862,110.29558563232422,4078200
2017-11-15,110.09002725998143,110.56445583370238,109.71049164013655,109.98724365234375,4811500
2017-11-16,110.24022670222908,110.44580591433176,109.62347700070525,109.80533599853516,4193800
2017-11-17,109.3546458615827,109.79743930592161,109.03045349511439,109.117431640625,4247400
2017-11-20,109.23606724688592,109.56025971582811,108.91188684316401,109.0621109008789,4266300
2017-11-21,109.47326203201358,110.1137320712464,109.26768278029013,109.38628387451172,5660600
2017-11-22,109.35465880574742,109.41791674317166,108.01046081483152,108.55603790283203,3917000
2017-11-24,108.72208755964732,109.41791278089865,108.57185147185737,109.1253433227539,2606800
2017-11-27,109.39582882219655,110.0322698112403,109.37196334727885,109.8652114868164,3933100
2017-11-28,110.0243332484269,111.79840257348327,109.98455340526971,111.3926773071289,5052800
2017-11-29,111.55177124716809,111.87794892744166,110.54142161907544,111.22559356689453,5851400
2017-11-30,111.4244738724046,111.59949543955747,110.16750631698926,110.8437271118164,8941900
2017-12-01,111.03467428928882,111.79839380595752,110.26299152115088,111.36083984375,5990500
2017-12-04,111.86998254602057,112.57006883743742,110.5255041632323,110.58914947509766,5916700
2017-12-05,111.20965102467864,112.02111339417655,110.74028061195995,111.11418914794922,6745300
2017-12-06,112.04502539098767,112.93604778716409,111.52792382517356,112.22004699707031,5591700
2017-12-07,111.38471984863281,112.57009125739249,110.78805858755122,111.38471984863281,4713100
2017-12-08,111.37674460200923,111.98135684548635,111.21763739468386,111.84611511230469,5101300
2017-12-11,112.09275543595967,112.30755688514827,111.24152503067845,112.28369140625,4358600
2017-12-12,113.4451675415039,114.216850194296,112.99965039442003,113.4451675415039,8016700
2017-12-13,113.36561712346037,114.10547111370767,113.13491348946664,113.6758804321289,6118400
2017-12-14,114.17707540470855,114.25662293730512,112.65757550462544,112.68939208984375,5337900
2017-12-15,113.3497111237524,113.87477588150111,112.79282977724753,113.33380889892578,12517000
2017-12-18,113.41335864885477,114.39984286694661,112.49051974861753,112.80874633789062,5833200
2017-12-19,112.88036512107328,113.27018821796257,112.45872542850789,112.79285430908203,6580100
2017-12-20,113.17468683402481,113.42926809440374,112.2359457493584,112.29959106445312,6289800
2017-12-21,112.64168664651366,113.10310614081294,112.18823040464817,112.22004699707031,6284700
2017-12-22,112.17231542440169,112.45076219776354,111.40858368030628,111.47222900390625,4665600
2017-12-26,111.74272539878609,111.80635858370024,111.12218652438185,111.4483642578125,3271100
2017-12-27,111.7108835627966,112.29163038507146,111.53586197705302,111.8302230834961,3753600
2017-12-28,111.93364189996102,112.17230881462135,111.63929291737195,111.822265625,2485000
2017-12-29,112.1563934234836,112.3393782685406,111.04263068406605,111.15400695800781,4452900
2018-01-02,111.1062598094575,111.33696343646028,110.35844259094239,110.76416778564453,6842100
2018-01-03,110.86761010546222,111.91772753522271,110.50165255110258,111.822265625,5350500
2018-01-04,111.73475611039707,112.28368637868691,111.55178340066836,111.81431579589844,4837600
2018-01-05,111.92568188058382,112.82465526065646,111.59950419447397,112.73714447021484,6158800
2018-01-08,112.72919970494678,112.9678666397531,112.10867295791313,112.88035583496094,5129800
2018-01-09,113.26218733593552,115.89544979586853,113.17467655301775,114.6703109741211,8897000
2018-01-10,114.20093594096215,114.686220783496,114.01796327088904,114.53506469726562,6558600
2018-01-11,114.66238628544532,115.27494976792754,114.31234307311016,115.18743896484375,4962200
2018-01-12,115.34655063317602,116.48417885810805,115.27494206154606,115.95911407470703,5450600
2018-01-16,116.48420052038338,117.78889946961225,116.17393711596634,116.83424377441406,8804000
2018-01-17,117.61385953389112,117.9957314638098,115.73636503198787,116.9296875,10619700
2018-01-18,116.88993201069539,117.29566950338176,116.12621226994415,116.8819808959961,5554800
2018-01-19,117.31156958142233,117.46271357693578,116.48419246743904,117.23200988769531,8738800
2018-01-22,116.95359577404209,117.85256958007812,116.72289202034604,117.85256958007812,7010400
2018-01-23,116.91376963374556,117.29562937347697,112.66553299021233,112.83260345458984,17473600
2018-01-24,114.16117246823546,114.20890342039083,112.80874288772152,113.02354431152344,13034400
2018-01-25,113.21444368076438,115.08398649729332,113.13489615737814,114.87713623046875,7938800
2018-01-26,114.95673595785622,115.8318439938,114.66238695444986,115.6170425415039,8065600
2018-01-29,115.23513074543473,115.30672715086412,114.18500157607471,114.30432891845703,8013400
2018-01-30,114.08158860640289,114.41572947886728,113.30990600585938,113.30990600585938,8376100
2018-01-31,113.42134214785548,113.42134214785548,109.86523979947204,109.93683624267578,13137400
2018-02-01,109.41175765329659,111.90977885086117,108.99011802185858,111.3926773071289,9393600
2018-02-02,110.59712608192478,111.66315787142578,109.2924273788824,109.53108215332031,9262500
2018-02-05,108.65597453245995,108.99010331952097,97.17621377215464,103.73152923583984,19954100
2018-02-06,103.42921741664486,105.79995979978307,101.83016990001055,104.87712097167969,19193500
2018-02-07,104.92488071369627,106.1500199402877,104.4952899077528,104.55097198486328,10550400
2018-02-08,104.14520560434576,104.41568904735091,100.32657226279392,100.52545928955078,11680200
2018-02-09,101.44830960812254,104.15317485706784,99.79357387013667,103.04736328125,15030900
2018-02-12,103.42126121905152,104.47139062127528,101.57558972315509,103.63606262207031,9963900
2018-02-13,102.7928040901636,103.89861577286081,102.38706667666702,103.38946533203125,6339000
2018-02-14,102.97575687341521,103.42921301712961,102.14042886866567,103.15872955322266,6259700
2018-02-15,103.50082668267487,104.43956774103953,102.94393322597472,104.39978790283203,5606400
2018-02-16,104.18498308732225,106.9614381491925,104.08950906204414,105.9272232055664,7970100
2018-02-20,105.70449993840414,106.16591941434316,103.94634497331103,104.1134033203125,6563500
2018-02-21,104.0577078283111,105.35444315019555,103.30989057201451,103.34967041015625,6578000
2018-02-22,103.5008265116335,104.23272940485295,103.00757836905998,103.34967041015625,5732200
2018-02-23,103.49286023035363,105.07600548486447,103.43717816986734,105.02827453613281,5126800
2018-02-26,105.4526205904072,106.81371028784595,104.88415908560496,105.74085235595703,6684400
2018-02-27,105.85296236119743,106.55751953402623,105.36456989187704,105.42060852050781,7158600
2018-02-28,105.64478873574181,105.94903683344374,103.97945066000149,103.98746490478516,7985900
2018-03-01,103.37093874836094,104.17958315862167,101.29727179619164,101.90576171875,9424000
2018-03-02,101.60952594210774,103.37093670985256,101.60952594210774,103.13875579833984,6910400
2018-03-05,102.98665395194014,104.32372552930836,102.62635503504357,103.91539001464844,5799800
2018-03-06,104.08349028076316,104.24361628398275,102.41815297025123,102.6583480834961,5546500
2018-03-07,102.06589394281092,103.54708113359973,101.89775366652907,103.31488800048828,6391700
2018-03-08,103.54709099291678,105.92500008048454,103.54709099291678,105.73284149169922,6423400
2018-03-09,106.09312571093969,107.14197757328256,105.33251783354922,107.12596130371094,7557800
2018-03-12,107.1259822478781,107.47025270155396,105.94103462142733,106.1892318725586,4942000
2018-03-13,107.12595132193935,108.39896975549682,106.84572160630107,107.5663070678711,9152300
2018-03-14,108.27889168967626,108.64718038325442,105.60473656375515,105.9410171508789,6770600
2018-03-15,106.12515454962094,107.47824218563889,106.0611016904021,106.53347778320312,6147200
2018-03-16,106.61353623222567,107.60632490858828,105.76485731204505,107.02986145019531,14233500
2018-03-19,106.76567132111293,106.86174450188079,103.57110367540993,104.27567291259766,6017000
2018-03-20,104.70803210774382,105.5086746607725,103.58713742023801,105.05231475830078,6214300
2018-03-21,105.20442875736533,106.3093194127868,104.61196107464399,105.03630065917969,5158700
2018-03-22,104.4598439835944,104.62797209296907,101.76167614548156,101.98585510253906,7560100
2018-03-23,102.18601765739886,102.322131548215,100.00026667704726,100.16039276123047,8452500
2018-03-26,101.20920931330186,102.11393303161083,100.24843476258202,101.99383544921875,8358200
2018-03-27,101.76967604058706,103.36295912913896,101.1932124214545,101.84973907470703,7789900
2018-03-28,102.18599363183037,103.29889225639192,101.8497252690566,102.04187774658203,6868500
2018-03-29,102.45823089938716,103.09073315575556,101.53749072005452,102.60234069824219,6119400
2018-04-02,102.33812359098009,102.3861601860449,98.91137468556084,99.72802734375,8916900
2018-04-03,100.22442514553796,102.87455588835725,99.82410390851447,102.76246643066406,8035000
2018-04-04,101.60152469606778,104.98023058991406,101.19319534999839,104.41178131103516,7717100
2018-04-05,104.41177475449446,105.04427685351271,103.68318726330696,104.65196990966797,5621700
2018-04-06,104.25965194655964,104.59592028093182,101.20920642626676,102.56229400634766,6399300
2018-04-09,103.00264063006615,104.99624461877397,102.22602262743011,103.66717529296875,6395800
2018-04-10,104.28368377685547,104.81211074953094,103.5150616150698,104.28368377685547,6019300
2018-04-11,103.39497325250892,104.36375606501436,103.3069020877357,103.78729248046875,4575400
2018-04-12,104.15557989219865,105.13236471953832,103.97143553791379,104.42779541015625,4559800
2018-04-13,104.95622085454592,105.22043434169336,103.78728966310733,104.57991790771484,4742300
2018-04-16,105.21243534420658,106.38938081318938,105.10834790834811,105.4926528930664,6379600
2018-04-17,105.77289920287438,105.84495410812269,103.13077605890244,104.51588439941406,11008700
2018-04-18,103.83532327453814,104.00345135081587,101.6335564950673,102.258056640625,9383600
2018-04-19,102.18598736242723,102.69840411841865,101.59351369649717,102.12194061279297,5959500
2018-04-20,102.4822437382466,102.7224389403752,101.01706644378109,101.40938568115234,7743900
2018-04-23,101.5855072764456,101.92178173267989,100.70480184284033,101.54547882080078,7501900
2018-04-24,101.63355526698368,102.04988665618566,100.32850415498889,101.03307342529297,6577500
2018-04-25,100.80888846385899,101.56148817321166,100.30447983772976,101.48943328857422,5859600
2018-04-26,101.37735552673024,103.45902480458884,101.37735552673024,102.49024200439453,8211100
2018-04-27,102.26607757460724,103.11475063088885,102.08192709684626,102.69842529296875,4266800
2018-04-30,103.1707790614922,103.26685223908936,101.27325439453125,101.27325439453125,8219400
2018-05-01,101.13715136083013,101.3933566937073,100.05628530364261,100.88895416259766,5122600
2018-05-02,100.49664391725898,101.02507089932547,98.63915356150395,98.87934875488281,7390800
2018-05-03,98.71919808205394,99.03144809053467,97.10189721454336,98.50302124023438,7282900
2018-05-04,98.15876847197104,99.68799856644927,97.51825814228314,99.43179321289062,6127600
2018-05-07,99.39176422570608,100.27246979623952,98.73523758857195,98.95140838623047,6707900
2018-05-08,98.3669468367503,98.87134945783447,97.43019649398626,98.16678619384766,5951800
2018-05-09,98.47101448964389,99.31969965135198,98.10271969088714,98.8873519897461,6808600
2018-05-10,99.45581085538907,100.92098807472448,99.27966853064919,100.36053466796875,4948000
2018-05-11,100.6967957996809,102.16197291356544,100.68879377343585,101.87374114990234,5716700
2018-05-14,101.9618150923179,102.16998384030047,100.56069080060608,100.92898559570312,6101600
2018-05-15,100.5126535423839,100.74484058505396,99.59992164135927,100.18438720703125,5875700
2018-05-16,100.43259566827935,100.80089047981843,100.08031101879959,100.36053466796875,3818100
2018-05-17,100.47263741089927,100.55270044861577,98.91939493226062,99.15958404541016,6473400
2018-05-18,99.10352982102228,99.63195681451795,98.7032085623441,99.4718246459961,5433900
2018-05-21,99.7760526701999,100.07228643273068,98.73521516334014,99.05547332763672,5558700
2018-05-22,99.11953845999251,99.47181698678027,98.28686957304633,98.40696716308594,7172700
2018-05-23,98.37494170587156,99.2556471941867,98.27085427621198,98.83930969238281,4940800
2018-05-24,98.65518726687878,98.79129504991872,97.31811552154137,97.8785629272461,6923600
2018-05-25,98.04790818848755,99.04807228184703,97.70107838189288,97.9753189086914,4594800
2018-05-29,97.19293942995644,97.43491601450664,95.67657047410634,96.30570220947266,9821900
2018-05-30,96.88644460038756,98.06405130351763,96.41862646862181,97.57203674316406,6423700
2018-05-31,97.53172059961601,97.7978936633868,96.41864163346725,96.48316955566406,10337500
2018-06-01,97.09615919511315,97.85434684071042,96.76546438725364,97.80595397949219,5741000
2018-06-04,98.28181572884684,98.70124096252933,97.61235255251658,98.36247253417969,4853000
2018-06-05,98.44314906035036,98.854500670355,97.51558028688858,97.9833984375,5125400
2018-06-06,98.37864317357499,99.0400390625,97.96728531774296,99.0400390625,6799300
2018-06-07,99.20941286511506,99.60463563234867,98.62060632502607,99.4755859375,7414100
2018-06-08,99.49978810411888,100.70159153300291,99.47559166954808,100.06439208984375,6208100
2018-06-11,100.23376205635401,100.29022244860123,98.8464486820336,98.93517303466797,5571400
2018-06-12,99.33846871829506,99.35459762250632,98.36250078617164,98.83838653564453,5227300
2018-06-13,99.33038261213424,100.08856404269578,98.77384013824896,98.91095733642578,5836900
2018-06-14,98.97549096202403,99.33038834599917,98.47540884403365,98.7335205078125,5239200
2018-06-15,98.4834710466336,98.99162066506993,97.78981137203829,98.89482879638672,13173500
2018-06-18,98.08823337246002,98.24954697524353,96.99128364311765,97.85432434082031,6787400
2018-06-19,97.32201367054286,99.34652645268514,97.24941821994882,98.86257934570312,8572400
2018-06-20,98.74158749891949,98.93517125776562,98.12859072373675,98.43508911132812,6277200
2018-06-21,98.2657025224687,98.59639732326185,97.68496358537551,97.95919799804688,4417200
2018-06-22,98.14471497858216,99.51589936000258,98.12051854830263,99.0803451538086,9501400
2018-06-25,99.06420883474156,99.55622339265832,98.00759043350408,98.87869262695312,8170500
2018-06-26,98.79804040281498,99.1206738227202,98.0801842742292,98.68511962890625,5496400
2018-06-27,98.5076683337173,99.18519911296258,97.95919338050749,98.08824920654297,5666000
2018-06-28,98.22536046985255,98.73351006200498,97.65268912230242,98.4028091430664,5296800
2018-06-29,98.59638408414637,99.35457161173626,97.74947837603845,97.8704605102539,7308700
2018-07-02,97.87047265028727,98.1850446994274,96.87838210434013,98.06405639648438,5481400
2018-07-03,98.12051344346438,99.5804220957701,97.80594755875453,98.9754867553711,4248100
2018-07-05,99.69335677706823,100.91936268408969,99.39492590587959,100.82257080078125,7319100
2018-07-06,100.95161832260824,101.56461507186135,100.50799658616901,101.42749786376953,7297900
2018-07-09,101.80658894512656,102.23407561398618,101.30650683329266,101.66947174072266,6706100
2018-07-10,101.9275761738399,102.85513879104126,101.71786352867096,102.74221801757812,5075600
2018-07-11,102.76642727637362,102.79062370744168,101.67753864854245,101.82272338867188,4827400
2018-07-12,103.0083974553887,103.41169386904956,102.57284323620715,103.0487289428711,6199000
2018-07-13,101.08066303922125,102.83900868883406,101.08066303922125,101.57267761230469,8250200
2018-07-16,101.62914351558382,101.70980033524883,100.14503834184067,100.57252502441406,7314400
2018-07-17,103.66979321084831,105.29101562474122,102.88740912215601,104.13761138916016,12858700
2018-07-18,103.89562017329393,104.08920390149744,102.57282879917065,103.08097839355469,7152000
2018-07-19,102.86320181929501,103.00031901625661,101.52428149806236,101.58074188232422,5984600
2018-07-20,101.06453263900241,101.74205726182562,100.91934791215165,101.50814819335938,5835500
2018-07-23,101.42750229897045,102.17762244283733,101.1855256769278,102.13729095458984,4631100
2018-07-24,102.62930337335354,104.54896279059352,102.55671408052946,104.3392562866211,7158800
2018-07-25,104.16180353392535,104.23439282392411,102.96000033208662,103.74237823486328,6523000
2018-07-26,104.77480953656456,105.83950178044644,104.73449035462814,105.08131408691406,7640600
2018-07-27,104.83932982314458,106.68640605818416,104.8070720184561,106.10566711425781,6620400
2018-07-30,106.29114707738171,106.86382448479296,105.86366051854948,106.605712890625,11013100
2018-07-31,106.69446252309992,106.98483198170214,106.28311091818055,106.88804626464844,7598900
2018-08-01,106.78321049175264,107.24296736436013,106.53317246241616,106.98485565185547,5770400
2018-08-02,107.18648479764838,107.27520914713543,105.73463740033408,105.86369323730469,6563300
2018-08-03,105.80722849322103,107.0332343504133,105.5813869284017,106.42829895019531,6498700
2018-08-06,106.17825956198071,106.89611573519737,105.67010989407785,106.4847640991211,5840000
2018-08-07,106.3718357439592,106.60573866371402,105.90401759700836,106.03307342529297,4664600
2018-08-08,106.05730608066999,106.30734414122621,105.57335271301928,105.7991943359375,3721500
2018-08-09,106.0975833889616,106.24277426491979,105.3958623595785,105.82334899902344,4057800
2018-08-10,105.81528553175767,106.17018287992158,105.06515935360389,105.46038818359375,4324000
2018-08-13,105.43620345613948,105.58138203789488,104.7344823627717,105.03291320800781,3778000
2018-08-14,104.58930380811508,105.23457074271242,104.33120441874202,104.45218658447266,4542800
2018-08-15,104.65382453912441,105.45234370039117,103.99242259207558,105.2022933959961,5377300
2018-08-16,105.67818845867693,107.17842879316227,105.31522966802329,106.85578918457031,7861500
2018-08-17,106.83157295939101,108.88835546861968,106.62186648324109,108.46086883544922,6700900
2018-08-20,108.83191264875511,110.5983261027037,108.08179861074572,110.40475463867188,7935000
2018-08-21,110.50151466162693,110.84833832562134,109.130330444832,109.17066192626953,5832100
2018-08-22,109.34003276294655,109.43681846876662,108.42053163533681,108.57378387451172,4688400
2018-08-23,108.57379868902525,109.28359344839394,108.16244707572278,108.97708892822266,5057600
2018-08-24,108.977062309419,109.81590038678031,108.75122081522794,109.65458679199219,4809400
2018-08-27,110.01999278000957,110.46657087435185,108.97257542187974,109.54905700683594,4325900
2018-08-28,109.43536700101309,109.5327977014633,108.71272706393799,109.06187438964844,6037500
2018-08-29,109.06189270762773,109.56530126378378,108.75334558510089,109.5003433227539,4648700
2018-08-30,109.37042112622846,110.1011886285287,109.28923299672381,109.57341003417969,4821900
2018-08-31,109.28926215219207,109.61403953577211,108.77772600306363,109.36233520507812,6139500
2018-09-04,109.3623126624161,109.4110280209652,108.34736806110845,108.57471466064453,4406800
2018-09-05,108.37983561395933,110.37725194443615,108.36360542153211,110.31229400634766,6174800
2018-09-06,110.02000223079112,111.4896401306746,109.76017044832311,111.13237762451172,6562000
2018-09-07,111.0592711661996,111.79815363713391,110.2229580008854,111.49773406982422,6375200
2018-09-10,111.6682666476121,112.43150698941425,111.28664647671103,111.408447265625,4892200
2018-09-11,111.7575992839176,112.78878665096163,111.41657932407227,112.46399688720703,7856800
2018-09-12,112.78065443062043,113.66569565893118,112.50459243511094,113.15415954589844,6767700
2018-09-13,113.58448791503906,114.06353882792378,112.8780903862273,113.58448791503906,6456100
2018-09-14,113.67380519223241,113.9579946609976,112.94304997178124,113.25971221923828,4534800
2018-09-17,113.12981362625955,113.99859997057048,113.00801281124991,113.64134979248047,5295500
2018-09-18,113.89305500226286,114.35586341233989,113.53579243197825,114.11227416992188,4581200
2018-09-19,114.29086375138024,114.47762245645019,113.71438222378941,114.04728698730469,5049900
2018-09-20,114.33958931900803,115.41136422893322,114.08787268515239,115.28144836425781,5019300
2018-09-21,115.44385103972172,116.21521883662774,115.04600069127574,116.0122299194336,13283400
2018-09-24,115.37889626197818,115.70367354773197,113.8605308579581,114.05540466308594,6708000
2018-09-25,114.10413776554016,114.45328517202056,112.37466809571251,112.56954193115234,7982800
2018-09-26,112.8212338164224,113.67378971719332,112.01740566124798,112.17979431152344,7133300
2018-09-27,112.4152696053464,113.33278355519657,111.70075697974133,112.22852325439453,6450500
2018-09-28,112.13108153365849,112.50457419893388,111.57083014628525,112.18791198730469,6638500
2018-10-01,112.26100823553391,113.55202741708484,112.04990418061757,113.42211151123047,4871800
2018-10-02,113.50329375299205,114.26653417333513,113.3896204386513,114.06354522705078,6439100
2018-10-03,114.11224088539778,114.70497742659899,112.76440393082362,112.88619232177734,5411800
2018-10-04,112.4964596029414,113.29217268374855,111.49775760635467,113.14602661132812,4738700
2018-10-05,113.51142076856146,113.87679839246306,112.50459113896723,112.94305419921875,4309300
2018-10-08,112.78064979175238,113.41397429161835,112.55330317074726,113.17851257324219,5174100
2018-10-09,112.65070025223145,113.36521260220985,111.89557526360919,113.0241928100586,4475300
2018-10-10,113.14605008980665,114.04732155846563,111.83067321777344,111.83067321777344,7265600
2018-10-11,111.97683107996973,112.58579795024654,107.89269426113698,108.67216491699219,11603200
2018-10-12,109.126861182673,109.13498867042178,107.36491847654804,108.69652557373047,6998000
2018-10-15,108.70464414710906,109.8576198717504,108.4042120826908,108.761474609375,6398700
2018-10-16,109.41103833066877,112.04177944535635,109.41103833066877,110.88067626953125,9592800
2018-10-17,110.61271072868163,113.67378688748619,110.59648053668,113.23533630371094,8261100
2018-10-18,113.0242482991572,113.51954184770985,111.81444204983711,113.26783752441406,7583900
2018-10-19,112.32597170319447,113.67382141631627,111.97683662721532,112.9024658203125,5924800
2018-10-22,112.54515167455858,113.07291779060539,112.16353160069423,112.60198211669922,4864300
2018-10-23,111.87938642935235,113.25972122804929,111.60332442539797,112.80501556396484,8282700
2018-10-24,112.47207783630287,113.7630840906986,111.37593297006798,111.61952209472656,8279200
2018-10-25,111.61144009819145,112.93491951327003,109.65462381540273,112.43151092529297,9720700
2018-10-26,112.00117531934866,113.10543560714378,109.8819703695897,111.21357727050781,11371400
2018-10-29,111.22983126324787,112.94305852395095,110.60462181829983,111.68452453613281,6783000
2018-10-30,111.99306958856236,114.56698065403631,111.23795656031444,114.28279113769531,9646200
2018-10-31,114.48575839143442,114.83489340980023,113.35714041776397,113.66568756103516,9968900
2018-11-01,113.73064046580497,114.95668910850111,113.55200922124516,114.33960723876953,6913500
2018-11-02,115.27335141922296,115.29770909900252,113.39773573943319,114.22592163085938,7673200
2018-11-05,114.48574633775641,115.89855362510878,112.86183504218539,115.46009063720703,5601400
2018-11-06,114.91608770952689,115.9716325834544,114.53446754441879,115.76052856445312,5798900
2018-11-07,116.19085676621947,117.6280093252247,116.08529856864085,117.53057861328125,7173600
2018-11-08,117.17331704472389,118.37500792921966,116.92161277730854,117.97715759277344,5497100
2018-11-09,117.7660315153495,118.3344103311961,117.23015025016043,118.0096206665039,5343100
2018-11-12,117.72546059029516,118.74040520828682,117.51434418049806,118.23698425292969,7013600
2018-11-13,118.69983915210618,119.1545324896844,116.45071776144512,117.4737777709961,7432300
2018-11-14,117.74984327556511,117.98530502557962,116.56438225864125,117.1246337890625,6433100
2018-11-15,116.4425622609937,117.33570603864383,115.68743706708065,117.32759094238281,6657900
2018-11-16,117.49811226831703,119.14638131266858,117.36819638564388,118.53741455078125,8494300
2018-11-19,118.89467325903546,120.52671222840557,118.84595789686824,119.9502182006836,8714600
2018-11-20,119.76346753566227,120.778412175795,118.82972342252454,118.9109115600586,8937700
2018-11-21,118.73229657811635,118.73229657811635,114.3071398188,115.28961181640625,10275400
2018-11-23,115.175931782685,115.89044444073896,114.97294283868271,115.48446655273438,3404900
2018-11-26,116.03189850125592,116.0727572972159,114.98597816012138,115.51710510253906,7590900
2018-11-27,114.86343676454351,117.13504661980073,114.119848924663,117.02881622314453,5962100
2018-11-28,117.52727307805289,119.75802430719683,117.14322273313613,119.65997314453125,8411400
2018-11-29,118.9899084496847,120.28096928975846,118.35255103688772,119.1778564453125,6900000
2018-11-30,118.76112792177754,120.11756050904735,118.56502559865427,120.03584289550781,12517600
2018-12-03,118.94911593126633,119.81526806522346,118.43432222327385,119.47207641601562,8827200
2018-12-04,119.56194006742831,121.7436660452587,119.15337687004376,119.32496643066406,9803500
2018-12-06,118.07473959351867,119.66813323969066,116.67744826173295,119.22689056396484,11572500
2018-12-07,118.88372433668248,120.39540069454881,117.76425269102607,118.83468627929688,9444500
2018-12-10,118.80199304385431,119.2023894221108,116.34244735319918,118.69576263427734,6848100
2018-12-11,119.53737477409183,121.10626789881472,119.12881171352662,119.70897674560547,9857400
2018-12-12,120.11757741890177,121.33510020924003,120.11757741890177,120.19929504394531,8869200
2018-12-13,120.08489996159949,121.41680750104594,119.95415674657431,120.80396270751953,6008300
2018-12-14,117.94400444745848,118.79382276226927,106.3898393289025,108.67779541015625,58140200
2018-12-17,104.85364461050885,107.57466400481033,103.63612203000287,105.523681640625,36933100
2018-12-18,107.90152273040376,108.51436741179376,105.57270795377897,106.5696029663086,24640100
2018-12-19,106.12019191295936,107.32954785203295,103.84858172532077,104.27349090576172,21232100
2018-12-20,104.36337557247505,106.02214102025587,103.57893504597581,104.81279754638672,16609600
2018-12-21,104.42874168332723,106.71669777426821,103.8730955603375,104.66570281982422,19732900
2018-12-24,104.0201981177135,104.59218413100797,98.87229906134347,100.37580871582031,7531900
2018-12-26,100.8496947315433,103.57889895695388,99.69755025267749,103.53804016113281,9253000
2018-12-27,102.85170150880255,104.11007690429688,100.56374511078022,104.11007690429688,9918700
2018-12-28,104.51863309672558,105.20501622962351,103.57076355032838,103.99566650390625,6537200
2018-12-31,104.73925634586725,105.85872799639901,104.11824476823138,105.45016479492188,7409900
2019-01-02,104.69837507860709,104.90265661120823,103.18668675001659,104.38786315917969,7631700
2019-01-03,104.7065624760547,104.8127928838059,102.43495238354429,102.72911834716797,8654500
2019-01-04,103.87308819737332,105.12328409275753,103.55440946764868,104.4532470703125,8831700
2019-01-07,104.28980972575386,104.87814779355502,103.61159974982831,103.78319549560547,8404700
2019-01-08,104.73925206541375,106.63499122760568,104.3715539269629,106.1937484741211,9351600
2019-01-09,106.08751776924747,106.42254257226708,104.86182821822254,105.35209655761719,7403500
2019-01-10,104.33885758581677,106.13653292361155,104.33885758581677,105.98945617675781,6224400
2019-01-11,105.40930334543216,106.09568651434508,104.84548414655403,106.02214813232422,5300400
2019-01-14,105.19687521045745,105.37664404666185,104.25717220877777,104.82099151611328,7374400
2019-01-15,105.01707758060542,105.80969110427061,104.30617544167106,105.70346069335938,5194400
2019-01-16,105.7443112260387,105.7443112260387,104.51044884038845,104.62483978271484,6264200
2019-01-17,104.35522442631236,105.83422762856259,104.15094280158758,105.48285675048828,7632000
2019-01-18,106.14470825507618,107.19062898932648,105.77700388994045,106.79024505615234,10593000
2019-01-22,104.75556893671121,105.81783541524578,103.78319306673089,105.245849609375,10568100
2019-01-23,105.00070927304311,105.65441268047633,104.53494762135469,105.245849609375,9267800
2019-01-24,104.9925705189384,105.16416007231294,102.14079503300766,103.799560546875,9917000
2019-01-25,104.69840043900213,104.95987438052192,103.79955649049406,104.78010559082031,7585100
2019-01-28,104.43690755566374,105.53185377535249,104.01200463430749,105.401123046875,6927700
2019-01-29,105.36845523767981,106.61049095644115,105.000750821859,106.49609375,6669300
2019-01-30,106.52875154192918,108.01592738996011,106.4715591845822,107.5665054321289,7299300
2019-01-31,107.55833348041902,110.46730096801883,106.93730954372431,108.7431640625,17298100
2019-02-01,109.51128657113306,110.05875977768764,109.06186454534652,109.65836334228516,9575200
2019-02-04,109.46227106249076,109.61751462355195,108.03229969224053,108.57977294921875,7759000
2019-02-05,109.10273340874726,109.39689944650459,108.4735425146961,108.57977294921875,6449800
2019-02-06,108.7431670088615,109.14356337529712,108.1058095069322,108.67779541015625,5066100
2019-02-07,108.22837292834292,108.38362891595798,107.47661824947407,107.90152740478516,6085300
2019-02-08,107.81981852729346,108.23656094221299,107.48479373406441,108.1875228881836,4436700
2019-02-11,108.11398680337747,108.40815279200218,107.25600163085883,107.86067962646484,4962200
2019-02-12,107.92603961360321,109.74006093678825,107.92603961360321,109.62566375732422,6262300
2019-02-13,109.55213322404927,110.29570870959247,108.8494040803851,109.86263275146484,7902200
2019-02-14,109.74008609266049,110.16499534308264,108.96381844918409,109.74825286865234,3910400
2019-02-15,110.46730733685587,111.46420242794933,110.32021811818475,111.43968963623047,6665000
2019-02-19,111.24358940205931,111.4397042298504,110.82685941990775,110.87588500976562,5935500
2019-02-20,111.10464158221967,111.72565295626094,110.90852682119622,111.41515350341797,6089800
2019-02-21,110.29573576857881,110.95760626438312,109.71558291329708,110.6552734375,6665500
2019-02-22,110.54902265588638,111.65214825814354,110.16498472751054,111.61946868896484,5223900
2019-02-25,112.15411295932675,113.0918145698652,111.75106104168114,112.03072357177734,6846600
2019-02-26,112.22815243913314,112.65587977506462,111.90736007494779,111.95671081542969,5106900
2019-02-27,111.47142432581533,112.07187932090918,111.36448934205245,111.75930786132812,4378100
2019-02-28,111.82509582489078,113.47018737818392,111.61123844134158,112.39265441894531,10133200
2019-03-01,112.86973644746482,114.01307461519605,112.69699630582713,113.7992172241211,5641600
2019-03-04,114.21049368073201,114.67111733802818,113.10827272814093,113.90614318847656,8377700
2019-03-05,114.17757251573538,114.4490141169044,113.80742944179653,114.1446762084961,6568900
2019-03-06,114.72046173472451,114.86851395164403,114.00485091750821,114.40789031982422,6236900
2019-03-07,113.9472577121842,114.43255667526276,113.26454325771105,113.70872497558594,6100400
2019-03-08,113.58533668369913,114.58062253806213,112.21168682265727,113.56066131591797,7046700
2019-03-11,113.6017807939765,114.3585212896503,113.11648187029178,113.971923828125,6150400
2019-03-12,114.04596246502534,115.15640424062359,113.92258562375977,114.4819107055664,5552900
2019-03-13,114.81914136110656,115.02477776839461,114.35029687903592,114.67108917236328,6446900
2019-03-14,113.79096382249112,114.16934034931937,113.46195057824539,113.52775573730469,8493600
2019-03-15,113.51130237085643,113.72515972651016,112.54892544383831,113.18228912353516,11922500
2019-03-18,113.22342412076277,113.33035909088358,112.45846255281407,112.82860565185547,7369600
2019-03-19,113.19052311941594,114.18580901661207,113.07536721446412,113.87323760986328,5882500
2019-03-20,113.78274641337028,113.93079861255767,112.40086313236573,112.92729187011719,5475700
2019-03-21,112.68876159850227,114.1528919494936,112.64763180303706,113.59356689453125,5765100
2019-03-22,113.30568153879383,113.83211033754904,112.57361629441469,112.61474609375,6528800
2019-03-25,112.61476249672246,112.69700955632024,111.65238529715307,112.36799621582031,4500300
2019-03-26,112.63120673477863,114.55597372524693,112.63120673477863,113.98019409179688,4758600
2019-03-27,113.99662425347664,114.72868954454006,113.56890945606105,114.08710479736328,6764900
2019-03-28,114.38319776352138,114.71222355899202,114.09531431241668,114.23514556884766,4602100
2019-03-29,114.56418685313254,115.05771939160641,114.23517352818585,114.98368072509766,7168400
2019-04-01,115.14816957757269,115.3949232306944,114.11998751939716,114.31739044189453,5885200
2019-04-02,114.34209621488678,114.34209621488678,112.61475742842062,113.27279663085938,5517800
2019-04-03,113.67582682005907,113.70873568058217,112.5818394021436,112.82860565185547,5947000
2019-04-04,112.58182684353571,112.69698274041512,111.15060534675602,111.51252746582031,5844600
2019-04-05,111.89911107226138,112.34329277713024,111.61944854759656,112.01426696777344,4759700
2019-04-08,111.90735816788242,112.2857222058311,111.6194621185735,111.98138427734375,4329600
2019-04-09,111.86621609514587,112.08007346047866,110.68174826949962,111.51252746582031,5210300
2019-04-10,111.77575441578853,111.97316993703983,111.31513075058903,111.52076721191406,4194100
2019-04-11,111.83333238408112,112.01428091294036,110.56660482469651,111.21642303466797,4485200
2019-04-12,111.22463932936526,112.15412006000143,110.83804181579372,111.84976959228516,5756800
2019-04-15,111.86622562374433,112.51603126483093,111.70171897862579,112.29395294189453,5380900
2019-04-16,113.77452194601436,115.73217208606268,113.14937921047644,113.52775573730469,10745700
2019-04-17,114.33385192872431,115.27977446023209,113.23986464515065,113.93903350830078,9543700
2019-04-18,114.62176116030264,115.35382641329817,111.66059128804392,113.11650085449219,10485300
2019-04-22,112.67230635503005,113.91435839341672,112.24459162822991,113.37147521972656,4666500
2019-04-23,113.03423256261753,115.85557093937396,112.89440129482665,115.07414245605469,5790500
2019-04-24,114.86849508333296,115.27154697049626,114.21868954183556,114.49835205078125,5676300
2019-04-25,113.93903166760815,114.967213772659,113.47840809271355,114.86849975585938,5218100
2019-04-26,115.05769432976051,115.58412306564091,114.5888372652313,115.47718811035156,4613600
2019-04-29,115.44429424333308,115.51008685453779,114.8109305387883,115.02478790283203,4275200
2019-04-30,115.31269640455093,116.34909958243732,114.30096859630092,116.14346313476562,6003700
2019-05-01,115.9377998586378,117.08937122975289,114.9507476484319,116.76034545898438,6656300
2019-05-02,116.72745919291508,116.9248621212978,115.25509541312239,116.2092514038086,8835600
2019-05-03,116.21750411004328,116.87554333697865,116.04477650049351,116.80973815917969,5281600
2019-05-06,115.36205274156707,116.99892346283909,115.09883205126965,116.87553405761719,5818900
2019-05-07,115.83089035510085,116.29151393438566,114.38320190471859,115.13172149658203,6606700
2019-05-08,115.32092754135302,115.91316156710013,114.90965460964273,114.98368072509766,4667300
2019-05-09,114.29271641954301,114.5970668470535,113.21518361808192,114.11175537109375,5604200
2019-05-10,113.86499786069778,114.53949137480645,112.2034645450161,114.37498474121094,4771600
2019-05-13,113.38792607320121,113.56065363598799,112.30215976005208,112.85326385498047,5560000
2019-05-14,112.72168188405075,113.37972109832762,112.4666946693938,112.54073333740234,7179400
2019-05-15,112.60651260325139,113.09182415372386,111.31512225128036,112.61474609375,6429400
2019-05-16,113.00955798672294,114.49014281937147,112.66409028428026,113.68405151367188,6857200
2019-05-17,112.68878504878663,114.35855217352739,112.5736291281512,114.0130844116211,6915300
2019-05-20,114.01305142651498,114.3009474203394,113.24807745635172,113.85676574707031,4771100
2019-05-21,114.43259236415183,114.80274809484116,113.57715007008588,113.61004638671875,4859000
2019-05-22,113.79921747894363,114.29273743277238,113.0918275825081,114.1364517211914,5456800
2019-05-23,113.92260208374881,115.03304401978811,113.23988751098328,114.98368072509766,6951800
2019-05-24,115.53025130350824,115.53025130350824,114.75176586779801,114.991943359375,5473300
2019-05-28,115.11616889420262,116.35015252013329,113.50123236156215,113.5177993774414,11919600
2019-05-29,112.54054707102672,112.54054707102672,106.43690967221562,108.76407623291016,23247400
2019-05-30,108.8551820579475,109.99806611127347,108.63157156122477,109.4100570678711,7360600
2019-05-31,108.92143843932907,109.31895838602843,107.33962320557683,108.61500549316406,7811000
2019-06-03,108.90487487769983,109.65022638102549,108.52390929886631,108.85518646240234,8434600
2019-06-04,109.81588849281961,111.22378190694629,109.79932147281332,110.75171661376953,6648900
2019-06-05,111.55500996420007,111.91113127461189,110.85934699488845,111.29000091552734,6860600
2019-06-06,111.72065281587408,114.00642084215305,111.46392093163102,113.1948013305664,9115800
2019-06-07,113.94843965163507,115.60478739034426,113.57576393781159,114.74349212646484,6533900
2019-06-10,114.78489708693365,115.24038258069213,113.95672326274777,115.13272857666016,4994700
2019-06-11,115.67933117578329,116.4909507447111,115.53026593063223,115.76215362548828,8230500
2019-06-12,116.19278398786997,118.35431806150012,116.19278398786997,117.33565521240234,9216500
2019-06-13,117.3688073607619,117.55928382143658,116.11826930782584,116.53235626220703,7500800
2019-06-14,116.96302360006204,117.17835695185023,115.97749440761733,116.01890563964844,6548100
2019-06-17,115.9443586034225,116.14312491032398,115.29010671155336,115.48058319091797,5562800
2019-06-18,116.408133220824,116.7145535512218,115.77043571451982,116.13483428955078,7122700
2019-06-19,115.95265610717811,116.74770883713298,115.86984627582797,116.31705474853516,6393400
2019-06-20,116.97957510159739,117.93197012729773,116.77253160584236,117.77462768554688,7335800
2019-06-21,117.15349094525264,117.95680803992786,116.78080256324,117.67523193359375,11272200
2019-06-24,117.94851539665541,119.00857688850085,117.67521651622076,118.47854614257812,5894700
2019-06-25,118.6524959911967,120.06866649596466,118.58624055282559,119.45582580566406,7517000
2019-06-26,119.13279551067612,119.13279551067612,116.57372909389782,117.47644805908203,7674100
2019-06-27,117.7911828582465,118.01479337350574,116.44126784996521,116.51580047607422,5233500
2019-06-28,116.55721548956713,116.85535864062136,114.71037833642964,115.34807586669922,12792400
2019-07-01,116.11000033363628,116.15968875517676,114.88430626688263,115.41433715820312,5872300
2019-07-02,115.29838882501947,115.96920776367188,114.85945760252018,115.96920776367188,4501200
2019-07-03,116.77254919789375,117.74978857935346,116.59862707500761,117.71666717529297,3436300
2019-07-05,117.38539738846623,117.48477423318076,116.25079031793041,116.41643524169922,4652400
2019-07-08,116.04373534771354,116.83878793776582,115.6462153711535,116.74768829345703,4078100
2019-07-09,117.15348702860673,117.9899381295522,116.69798885009939,117.11207580566406,4217400
2019-07-10,117.41853250181148,117.59245463730393,116.49925867005979,116.94647979736328,4874400
2019-07-11,116.72280132521635,116.94641175877314,115.13270936454853,116.03541564941406,5817400
2019-07-12,116.04372826499119,116.04372826499119,109.58398165166514,111.22376251220703,17780100
2019-07-15,112.12646088738703,112.92979056036287,111.34797541980791,111.56330871582031,10038200
2019-07-16,110.08915621523728,110.83452034635329,109.11191702788732,109.73304748535156,10214500
2019-07-17,109.72474882629389,110.62745521498672,108.83031962611904,109.20299530029297,8862100
2019-07-18,109.4266186476346,109.74131612846001,108.6315661637519,109.3769302368164,6203100
2019-07-19,109.52600147587891,109.64194531979012,107.81996521392922,107.91934204101562,8340200
2019-07-22,107.66259465128672,107.78681566726645,105.87373619960229,106.5362777709961,12624800
2019-07-23,106.51145833335237,107.20712145845,106.13878256183094,106.70193481445312,5803600
2019-07-24,106.73506383621492,107.48869253452948,106.47833193093868,107.48041534423828,6838600
2019-07-25,107.71230938796944,108.92972618988607,107.38932203053845,108.59017181396484,8897800
2019-07-26,108.73926195844041,108.73926195844041,108.06844295872642,108.26719665527344,4894600
2019-07-29,108.49077395048796,110.40385351503433,107.83652217164645,110.16368865966797,7832000
2019-07-30,109.70819543920908,109.72476245523188,108.71438930566137,109.38520812988281,5509600
2019-07-31,109.02080824080153,109.31895134084469,107.81166882481249,107.84480285644531,8559200
2019-08-01,107.8779191626117,108.27545170187152,106.85099169518183,107.90276336669922,7870700
2019-08-02,108.37483738068417,108.8800239666587,107.47213085987208,108.54875946044922,6574900
2019-08-05,108.41624300462934,108.87174115484383,106.84270508906386,107.79511260986328,9480000
2019-08-06,107.94418686688495,108.67298396818171,107.32305642017012,108.30030822753906,7880600
2019-08-07,107.13257970006495,108.41625181427565,106.16361772192599,107.83653259277344,6771700
2019-08-08,108.47420540325491,109.27753503440587,107.85307502681427,109.05392456054688,5260500
2019-08-09,109.1533352567164,109.94837521660605,108.68127001302442,109.35208892822266,4677300
2019-08-12,108.9048775850192,109.89868382646948,108.73095549022271,109.260986328125,6852100
2019-08-13,109.56742140402528,111.05813711340681,109.31896667963966,110.4949722290039,5013200
2019-08-14,109.75788801409132,109.76616520395142,107.77027567159438,107.8779296875,7736200
2019-08-15,107.80339719958096,108.54876130662562,107.04147871279588,108.10981750488281,7251200
2019-08-16,108.88001717056487,109.04564941333115,108.15950996422002,108.7889175415039,5858900
2019-08-19,109.73304445666943,109.79102269682632,109.16989225650555,109.5260009765625,4958000
2019-08-20,109.28582467093516,109.86554382722213,108.04356392020745,108.15950775146484,7302000
2019-08-21,109.07050607185151,109.65851513328178,108.3665658004846,108.92971801757812,6912800
2019-08-22,108.98768487617208,109.42661601039502,108.32514326172586,108.71438598632812,7213500
2019-08-23,108.54876571722757,108.70610815274125,105.28575201310119,105.78266143798828,15714000
2019-08-26,106.31666727446533,106.86736097053159,105.65750650151287,106.63373565673828,8889500
2019-08-27,108.36923152671015,110.47185904904337,107.7184164271847,108.16897583007812,20183800
2019-08-28,106.68378859635722,107.52650750716914,105.97456712687898,107.36797332763672,9878800
2019-08-29,107.50148232511297,107.80185953988132,105.824383636104,107.00086212158203,6749900
2019-08-30,107.02587629780493,107.71841290292362,106.48352827734075,107.10096740722656,7371100
2019-09-03,106.79226908536418,107.61830330699252,106.3917703452225,107.41806030273438,5710200
2019-09-04,108.04382885852388,108.12725918717288,106.86735045944867,107.5181655883789,4807200
2019-09-05,108.3859205081162,108.3859205081162,107.05925980923935,107.2845458984375,4754100
2019-09-06,107.53482461941438,107.82684977987502,106.85897932064415,106.97579193115234,6758300
2019-09-09,106.8005930434584,106.93409684035221,105.62411470512458,105.92449188232422,7684700
2019-09-10,106.24988768300337,108.0938720703125,105.41550814210034,108.0938720703125,8239500
2019-09-11,108.35255175393756,109.53736943735038,107.70173658602945,109.44558715820312,6203600
2019-09-12,109.60412001519978,109.94621875438756,108.51942383795448,108.82814025878906,5250000
2019-09-13,109.57908961270834,109.77934532790128,108.43599347608921,109.12017822265625,5369800
2019-09-16,108.56112798588815,109.09513040941121,107.91031293008261,108.08552551269531,5101700
2019-09-17,108.13560029310244,108.88653683379005,107.72674970934636,108.19400024414062,4976400
2019-09-18,108.38592819622093,108.93662190593454,107.45142691788878,108.81147003173828,4373600
2019-09-19,108.16063568020681,109.4622658679832,107.93534961490003,108.5611343383789,4730100
2019-09-20,109.30373527987507,110.13811493850007,108.7113201203371,109.84607696533203,12053100
2019-09-23,109.32041876512787,110.17982873466313,108.8781985956242,109.92117309570312,5183700
2019-09-24,110.22156856810886,110.78894067921009,109.58743181849641,109.76265716552734,7102600
2019-09-25,109.72094691271924,109.77935961160979,108.66128097083626,109.29541778564453,4522900
2019-09-26,109.37882122960414,109.5623857643651,106.82562163181218,107.50981903076172,7545800
2019-09-27,107.3095782276371,107.9687326163725,105.71590987819692,107.30123901367188,6006500
2019-09-30,107.69340880862933,108.70300125483837,107.63499611041239,107.95206451416016,6552100
2019-10-01,108.48605942688138,109.13687461795286,108.27746448790656,108.46102905273438,7673000
2019-10-02,110.7722619062794,112.39096081732228,109.48732256699198,110.13813781738281,12051800
2019-10-03,109.83774861061264,110.44684225676896,108.47770555848156,109.4622802734375,6997600
2019-10-04,109.58742635110757,111.57325410413642,109.51233523396542,111.523193359375,7233300
2019-10-07,111.04760536878297,111.65671179417373,110.25494709909518,111.10601806640625,5427200
2019-10-08,110.51356491213134,111.18941028648268,109.71256770238942,110.00459289550781,7870400
2019-10-09,109.42056541208031,109.51234769846403,107.23449443119105,107.81855773925781,7787700
2019-10-10,107.59325343470464,108.56947609843995,107.32625856686691,107.6850357055664,5119700
2019-10-11,109.42052927035354,110.65540738975949,109.1535344455511,109.57906341552734,7161400
2019-10-14,109.6041242950228,109.6041242950228,108.81980529420973,109.07012176513672,5700000
2019-10-15,110.97250069551318,112.0154753261101,110.22156405413295,110.83899688720703,10008800
2019-10-16,112.55781024202193,113.9679138944678,111.64000026151369,112.78309631347656,12434200
2019-10-17,113.44226481711024,114.71886468560045,113.18359642648377,113.61747741699219,8434000
2019-10-18,111.2311400450925,112.13227152149359,106.5502700805664,106.5502700805664,25868700
2019-10-21,107.35964063263592,108.19402038052145,106.01628872927523,106.81729888916016,13823600
2019-10-22,107.43473548514491,108.91993046942622,106.87570256244354,107.80186462402344,7613700
2019-10-23,108.18566706902006,108.869851752687,107.6933861375054,108.38591003417969,6693400
2019-10-24,108.81979469376999,108.9532984961427,105.21527478525908,106.38340759277344,12111600
2019-10-25,106.6587551136398,107.7184208630678,106.22487411888115,107.09263610839844,6947300
2019-10-28,107.31789809031868,108.46934599111263,107.22611582675361,107.78514862060547,7876300
2019-10-29,108.21906452380752,108.44435064925604,107.2678719994569,107.73512268066406,4506300
2019-10-30,111.22281715318123,111.41472092035637,109.912834905972,110.83899688720703,9627600
2019-10-31,110.45520761151552,110.83901520931063,109.21197706294872,110.1715087890625,7686700
2019-11-01,110.17983939357968,110.97249754399782,109.42055082847847,109.47061157226562,5541800
2019-11-04,109.97124472521378,110.09639658496825,108.544449865895,108.66126251220703,6140300
2019-11-05,108.91156070135415,109.69587950863263,108.2023329973373,108.81977844238281,6257300
2019-11-06,108.81979072035398,109.704231098438,108.219036363236,109.2703628540039,5450000
2019-11-07,109.91284547343369,110.45519997246258,109.312091009921,109.66252899169922,5873700
2019-11-08,109.55404560915125,111.00585798588862,109.27869880937838,110.97248840332031,5003000
2019-11-11,110.36337610187661,110.57197096945245,109.57905736273221,110.12139892578125,4371400
2019-11-12,110.13811346776556,110.21320458044951,109.3204249780866,109.59577178955078,5228700
2019-11-13,109.33709049497745,109.7125714773107,109.07009565975058,109.52900695800781,5885400
2019-11-14,109.32876280814497,109.60410961612595,108.58616544054398,109.2703628540039,4217500
2019-11-15,109.51235341091713,112.61624741755091,109.12019386969654,112.59121704101562,10495100
2019-11-18,111.99043283331393,113.21697188468335,110.68880267225803,112.49940490722656,9291800
2019-11-19,112.64125583833697,112.79979001324328,111.9821014986788,112.49107360839844,5192200
2019-11-20,112.73304617989514,113.75932968612963,111.8652968599132,113.42558288574219,7594400
2019-11-21,113.42555316294862,114.18484157622899,112.64123438277954,113.84274291992188,6424900
2019-11-22,114.01799690954768,115.67007811411068,113.89284502963788,115.20282745361328,9235800
2019-11-25,115.15242730768132,115.6481190603512,114.46350217716028,115.25324249267578,6111900
2019-11-26,114.65670223709013,115.38763775556916,113.54768424507763,115.24481201171875,10636500
2019-11-27,115.2364174507494,116.15218932053138,115.01796751568928,115.73210906982422,5523000
2019-11-29,115.60609767838369,116.16900371274215,115.05158863444872,115.51367950439453,3278900
2019-12-02,115.70692306146198,115.81614804577703,114.97598741525222,115.40446472167969,4717100
2019-12-03,115.0263795483217,115.48006058712696,114.39625916008364,115.23641967773438,5741400
2019-12-04,116.36221723400138,117.4040207615603,115.97573780318467,117.1015625,7257300
2019-12-05,117.07634298623863,117.41240197846012,115.9001108738058,117.25276947021484,5472900
2019-12-06,117.16877303865724,118.9499089541204,117.16877303865724,117.94171905517578,6640400
2019-12-09,117.9501233429605,118.30298918843587,117.6728688601232,118.04254150390625,4241000
2019-12-10,118.29460267067657,118.46263220913445,117.54686032768169,117.61407470703125,5310300
2019-12-11,118.40381308047822,119.2859841692136,118.1517751864097,118.4458236694336,6631500
2019-12-12,118.73146652136576,119.35317697413458,118.23576217302337,118.74826049804688,5012400
2019-12-13,118.5466241212271,119.13473377055195,117.88289030140922,118.78186798095703,4257200
2019-12-16,119.07592757220226,120.0169159192723,118.87429728483946,119.12633514404297,5353100
2019-12-17,120.14293843084886,121.02510942385264,119.73966502426987,120.6134262084961,10722400
2019-12-18,120.74785050289375,120.88227924007856,119.92449692233926,120.30256652832031,7849200
2019-12-19,120.89068494851557,122.56260883579317,120.65544105138909,122.11732482910156,9414700
2019-12-20,123.4028051004052,124.20935217618708,121.6552693430983,122.7138671875,14532800
2019-12-23,122.44500935094952,123.30196392491361,122.10893742209113,123.03311920166016,6558700
2019-12-24,122.6634163795732,122.67181336829597,122.04169307867488,122.60459899902344,4238900
2019-12-26,122.63820604143056,122.81463253399374,121.9576782161709,122.52058410644531,3019300
2019-12-27,122.83145403427967,123.12551531685902,122.27694506590025,122.45338439941406,3432700
2019-12-30,122.4785831593984,122.83144899211007,121.84846285387817,122.07530975341797,2923300
2019-12-31,121.90729249967602,122.67182880421443,121.63843498875528,122.55420684814453,4435000
2020-01-02,122.55419294374009,122.68022469512213,121.89047187118368,122.63821411132812,5777000
2020-01-03,120.56300635691225,122.13410205866049,120.1429261953899,121.21833038330078,5752400
2020-01-06,120.98310224193004,121.151131764411,120.0169228727914,121.06712341308594,7731300
2020-01-07,120.99150844202923,122.20134160772439,118.78189505451968,121.80646514892578,7382900
2020-01-08,121.71404103813099,122.64661965616293,120.73105484396183,121.78966522216797,6605800
2020-01-09,122.46181053531872,122.68865749816138,121.81489607140428,122.15095520019531,6112700
2020-01-10,122.45336991403494,122.81463270777604,121.7392284950093,121.8736572265625,5042600
2020-01-13,122.22659395071207,122.48704175682083,121.58807633509583,122.41143035888672,4593200
2020-01-14,121.86525174814851,123.1758997399082,121.5963943037729,123.10028839111328,7037500
2020-01-15,122.99946458735148,123.83962489961435,122.86504868045945,123.511962890625,4960300
2020-01-16,123.85643287276457,125.04945898913901,122.83143625647416,124.51175689697266,6476000
2020-01-17,124.68818115205625,125.52834137087774,124.28489501674609,125.32669830322266,9083600
2020-01-21,124.83106896971374,126.16692130563241,124.76385458038126,125.41078186035156,9543900
2020-01-22,123.25155106380669,125.33514565419135,122.66344123827466,124.55380249023438,10305300
2020-01-23,124.37732592958993,124.99065218260604,123.3019217646196,124.78900909423828,8671900
2020-01-24,124.83105461801736,125.14190991558661,124.28494257491474,124.61261749267578,9051900
2020-01-27,123.94049823897569,125.57041189277841,123.50361112706801,124.97389221191406,7587100
2020-01-28,124.73022741063913,126.5029664923029,124.46976689963499,125.60398864746094,7336600
2020-01-29,125.5620111381303,127.02389533735673,125.29316638668135,126.477783203125,6288600
2020-01-30,126.04928357203795,126.45255703778624,125.22592984035077,126.3265380859375,6470600
2020-01-31,125.81401410456623,126.02405419489105,124.88143559073085,125.07466888427734,8651700
2020-02-03,125.5367498951613,126.43572756543647,125.3855271953928,126.1668701171875,5765200
2020-02-04,127.27590612116934,128.33450363090722,127.03225242125923,127.36832427978516,6541400
2020-02-05,127.46911437790314,129.40148552023896,127.12464559804363,129.37628173828125,5979900
2020-02-06,129.59476954885147,129.80480969398738,128.32613168737055,128.98985290527344,6201200
2020-02-07,128.8301759641204,128.9310039165387,127.32629468373392,127.61194610595703,5700300
2020-02-10,127.43553355354555,127.62877969134408,126.77181242496373,127.5867691040039,4835600
2020-02-11,127.94800646209782,128.02363063217706,127.31788623701989,127.69596862792969,3715300
2020-02-12,127.59517403334048,127.83041795328623,126.79702410353657,126.93984985351562,5166800
2020-02-13,126.15851069009159,126.89784325323765,125.92326676274976,126.09969329833984,5480200
2020-02-14,126.49459425004645,126.5618086451223,125.30996457402514,126.13333129882812,5716300
2020-02-18,126.41894386692363,126.64579077785042,125.23431455632164,125.30152893066406,7230700
2020-02-19,125.36036898564089,125.82244706058111,124.8310637043699,125.1335220336914,6115200
2020-02-20,124.85622989075043,125.50315694858226,123.83963022844324,124.65458679199219,7464700
2020-02-21,124.41935598130114,126.22570861191822,123.95726517719766,125.96524810791016,7776800
2020-02-24,123.86840520925905,125.98220051999726,122.81150755388994,123.36955261230469,10588900
2020-02-25,123.43714178126562,124.07973063093645,121.61082033284063,122.30413818359375,10529000
2020-02-26,122.89602735352608,123.63162377065429,121.40790764787792,121.48400115966797,10093800
2020-02-27,120.5370321851052,122.4056324583987,117.48471198862549,117.62844848632812,12566700
2020-02-28,114.44929818851907,116.08114146759817,110.61065277602228,113.70523834228516,19820300
2020-03-02,113.95890847449556,118.4824346757896,113.30785603937842,118.3894271850586,11508200
2020-03-03,118.37248956957811,119.20955681895946,112.5384220299942,114.64375305175781,13662500
2020-03-04,116.41089691637458,121.45018921807252,115.95432293241475,121.31490325927734,10560500
2020-03-05,119.04892154433415,120.63848640515491,118.23721869288467,120.07199096679688,11339200
2020-03-06,117.0873291108113,120.91752462140826,116.18263155899004,120.08892059326172,12239100
2020-03-09,115.26944979602328,118.10192684661322,114.06035256424786,115.36245727539062,13848600
2020-03-10,118.34712684463464,120.02124846694868,113.49385005486558,119.75914001464844,12698100
2020-03-11,116.75754834559427,117.31559318251675,111.18558921442128,111.43924713134766,17763400
2020-03-12,107.64289413376457,113.09648263409575,105.26699062644865,106.03641510009766,21539200
2020-03-13,109.34238169170257,114.07727421980915,105.39380817187329,113.54459381103516,20084200
2020-03-16,104.48063554006296,113.09645763877842,103.51674575257482,107.49067687988281,18877900
2020-03-17,108.69134436513546,115.64150354172881,108.06565638395973,115.48930358886719,18911800
2020-03-18,110.77976412431276,114.71141738514468,108.82661974693511,114.1111068725586,17521100
2020-03-19,114.13649642626186,114.13649642626186,106.66211284109134,107.42308044433594,18482300
2020-03-20,107.23703692162384,107.75280335724702,99.88102731316314,101.369140625,19785100
2020-03-23,98.92558292377566,100.24458863184023,92.29672644645859,93.9708480834961,20815200
2020-03-24,100.41372856059012,101.16623913253112,96.27068869602634,100.76884460449219,17604800
2020-03-25,100.54054723450282,104.81040921128726,98.67194680088822,100.95484924316406,13986100
2020-03-26,101.9440966979081,107.46532775603872,101.78344622674128,107.01720428466797,15066800
2020-03-27,102.85725359440102,107.90499647820292,101.95254970146229,104.13398742675781,12133200
2020-03-30,108.61523747183237,113.29095052834923,107.80353459349224,112.46233367919922,21754000
2020-03-31,114.1364719993956,114.74524595170479,109.95961128833308,110.87277221679688,15746100
2020-04-01,107.97263790455365,110.11179725164982,106.11250102467609,108.91116333007812,12606100
2020-04-02,109.17324541957628,113.29937607994758,107.56676688952115,112.58068084716797,11594500
2020-04-03,111.92965919025059,113.96734744139464,111.25324231737255,113.44313049316406,10071200
2020-04-06,115.84441925642074,119.1926762917612,114.60150673510036,118.16959381103516,14994400
2020-04-07,118.25411186638048,120.08888381762061,116.0557605774012,116.24177551269531,11567100
2020-04-08,116.47009195748032,121.86450034506903,116.08961147876995,121.12889099121094,10758200
2020-04-09,121.76302960294879,122.95521295270609,118.60925141035499,119.41249084472656,11125400
2020-04-13,118.3725126957335,119.63233908256404,116.5461908320487,118.17804718017578,8153200
2020-04-14,122.95518855607376,124.64622404093504,121.79683337744841,123.47095489501953,13838000
2020-04-15,123.06513123889613,125.06055397161508,121.36563202617444,124.84917449951172,11962300
2020-04-16,125.39874787878317,127.40262101657841,123.81763365792892,126.54865264892578,12181700
2020-04-17,128.5102800244502,128.77238852910165,126.48949260605775,128.53564453125,10920000
2020-04-20,127.61401241718998,129.36424068986992,126.90378046664429,128.2397003173828,12226200
2020-04-21,126.92914358938397,128.21433441559645,125.61860115976329,126.55711364746094,9951100
2020-04-22,129.20358925255013,131.0552755323895,128.29042836516717,129.3557891845703,11515600
2020-04-23,130.4211782354379,132.74635321208265,129.95614065979225,131.4865264892578,10665000
2020-04-24,131.53722830391203,132.15445276976982,129.90537201821513,130.93690490722656,8653400
2020-04-27,130.8946289917803,131.94307587205395,130.20976153109677,130.4549560546875,8924000
2020-04-28,127.88458820974057,129.4488015567396,127.41955076320735,128.00296020507812,8558700
2020-04-29,127.99450667158611,128.20588615127807,126.11745585979506,127.0306167602539,9285200
2020-04-30,125.52561928211804,127.19127802294608,124.42644320262983,126.86152648925781,14829600
2020-05-01,126.50636852511794,126.54864699523885,124.11355161394404,125.38182830810547,7309000
2020-05-04,125.78768810387504,126.04979656050948,124.36721147540939,125.36492919921875,7198400
2020-05-05,125.98216354727347,127.48718433470519,125.67777659579409,126.40492248535156,6562300
2020-05-06,126.82764647710856,127.09821831568257,125.17042621978118,125.20425415039062,6191600
2020-05-07,126.29498334520676,126.43026928282376,124.4010318248772,124.78996276855469,5570500
2020-05-08,125.91450004197775,126.13433000937252,125.04361780363739,125.72848510742188,4712100
2020-05-11,125.51710473662753,126.91221673539071,125.2380823368749,126.07514953613281,5887500
2020-05-12,126.91223871903742,127.11515475285978,124.31649263937541,124.40950012207031,7039200
2020-05-13,123.51327314529216,125.93990571916632,123.4540806914996,124.40106964111328,6970500
2020-05-14,122.92984488896292,124.93371814961719,121.97440554959249,124.83226013183594,6871400
2020-05-15,125.02671997060358,127.23352206845257,123.1581327526727,127.19970703125,10340400
2020-05-18,128.93303588321808,129.88846238655316,127.21663548958242,127.26736450195312,7388400
2020-05-19,126.91226074687786,127.75777877210268,125.4748697827307,125.99909973144531,6107300
2020-05-20,126.6162940663683,127.15742495733339,124.51941347657582,124.8660659790039,5713400
2020-05-21,125.55936933392285,125.55936933392285,123.29338825519808,124.0458984375,6487300
2020-05-22,123.08388332057206,124.54824342795227,122.64967166321382,122.9135971069336,6140900
2020-05-26,124.4631229933847,124.67596778597452,122.85401688104628,123.07537078857422,7072300
2020-05-27,122.87108188396111,123.66285849439804,121.75576395169358,123.35636138916016,7950000
2020-05-28,124.3183896548396,126.09776899677048,124.13959431364815,125.127197265625,6189600
2020-05-29,125.97006298651324,127.15347946880526,123.73093169623547,126.64264678955078,8504000
2020-06-01,125.39962138700035,126.29357203638246,124.3098571829391,125.31449127197266,6141800
2020-06-02,125.20381384043566,126.30210020241263,124.40351537289018,126.21695709228516,6078300
2020-06-03,126.44684753878289,126.97469850702,124.6844862877727,126.5575180053711,6339500
2020-06-04,124.98244670208389,126.31910505059277,123.94376322542725,124.92284393310547,8170500
2020-06-05,125.7401794140711,127.40036603520775,124.81217932725802,125.40814208984375,9725400
2020-06-08,124.19918233043411,125.67206447742952,124.07998978081045,124.9569091796875,7555600
2020-06-09,126.21694820835208,127.13643917074772,124.00335741099066,124.26729583740234,8247200
2020-06-10,124.8121794798542,127.73240351560155,124.8121794798542,125.83383178710938,10137100
2020-06-11,126.49791582633958,127.00022640763302,119.83161551446396,119.93377685546875,11913300
2020-06-12,121.61099035334819,122.35169902145765,119.43146188524113,121.0235366821289,8687400
2020-06-15,120.04445654945036,121.23638212729443,118.67373563942245,120.2573013305664,8649600
2020-06-16,122.67516960507187,123.80750498120086,121.55135633128839,122.99018859863281,7579100
2020-06-17,123.36485128759844,123.80757214641979,122.14738516461064,122.61564636230469,5100100
2020-06-18,121.33854847827679,122.7007471932481,120.78514428915196,122.09627532958984,4797400
2020-06-19,124.12255318168002,124.19918717379439,121.96005598531642,122.453857421875,12206900
2020-06-22,122.1473813076951,122.30914544279217,120.92139311645029,122.07926940917969,5285600
2020-06-23,122.37726204989812,122.66672788646389,121.47478910310755,121.62804412841797,5921600
2020-06-24,120.461596017123,121.05755860330328,118.10327300715593,119.039794921875,8211200
2020-06-25,119.67838134396683,119.67838134396683,117.09869039544724,118.9121322631836,7421200
2020-06-26,118.79291761966833,118.85252038876062,116.65596088430696,117.32854461669922,12849700
2020-06-29,118.12035194921842,118.93766868593758,117.47329545904918,118.3757553100586,5309800
2020-06-30,118.6822634576604,120.06150669054438,117.35411389274854,119.7294692993164,7738300
2020-07-01,119.78052700349657,120.37648977203948,119.24415401630094,119.5166015625,6174800
2020-07-02,120.25729837876045,120.75960893202125,119.47403116240102,120.01891326904297,5152200
2020-07-06,121.04054108911785,122.40275257543497,120.79364691511628,121.73015594482422,6156400
2020-07-07,120.37648011104467,122.5730395596838,120.24025634887798,121.61949920654297,5622600
2020-07-08,121.6365447052394,122.07926553603546,120.6404325792102,121.97710418701172,6257400
2020-07-09,121.54288181397571,122.96468342428577,119.68688151737213,121.31301879882812,5738600
2020-07-10,121.53435888325852,121.63652021171039,120.41053230623483,121.21083068847656,4282400
2020-07-13,122.26651184740716,124.84618861136525,121.98555528021245,123.62872314453125,6951900
2020-07-14,123.72241161174829,126.33613857858275,123.67131795554133,125.93598937988281,7447100
2020-07-15,127.47696909985766,127.88564035757337,126.19990064927319,126.2254409790039,8512800
2020-07-16,126.58305174219024,127.14496512547247,124.8802933620735,127.06834411621094,9304700
2020-07-17,127.70688710294712,128.2006886253338,126.59158236747733,127.15349578857422,7441100
2020-07-20,127.90268540625696,127.97931940253237,126.37020034597097,127.36632537841797,6191500
2020-07-21,127.36632684706166,129.12867494345085,127.2811837351138,127.48551940917969,5575900
2020-07-22,127.64726591872578,128.05593725207424,125.87640877160703,127.71537780761719,5910200
2020-07-23,127.88562652774372,128.43050848809457,127.09383741868088,127.37479400634766,6566300
2020-07-24,128.13256403087524,128.21770714358087,125.17827729599844,126.10627746582031,5405900
2020-07-27,125.46771042751331,126.78735038478592,125.03351184419631,125.30594635009766,5675200
2020-07-28,125.49325962219848,125.99558310624306,124.93986846763953,125.00798034667969,4842200
2020-07-29,124.63339146538176,125.55288249314582,124.36095689660797,124.76109313964844,4489100
2020-07-30,125.52731204875296,125.5783927062072,124.42051683686883,125.0164794921875,5922500
2020-07-31,124.8632797335498,125.5358636024367,122.5645584338776,124.09703063964844,8259600
2020-08-03,124.63339962823552,125.82532530283845,124.42906394501124,125.45072937011719,4078700
2020-08-04,125.14423616063682,125.34004974365233,124.1481240326676,125.34004974365234,4162200
2020-08-05,126.94063368271537,127.11941602533356,125.83383821373981,126.34465789794922,5467500
2020-08-06,126.34465136812598,127.0683287887893,124.7270362985436,125.62098693847656,4837900
2020-08-07,125.58691769697289,126.55748928434924,125.28042072248492,126.51493072509766,3635100
2020-08-10,126.73628637078576,126.86398803235214,125.76571476984114,126.0296401977539,4096600
2020-08-11,126.97468849986618,127.05130950708461,124.61636456880521,125.127197265625,6388400
2020-08-12,125.61246405746195,127.91119797195168,125.56990549616785,127.41739654541016,5257300
2020-08-13,126.46381297531204,127.01721704128903,125.60392498425396,126.00407409667969,5155500
2020-08-14,125.67204690598695,127.14492884704426,125.6465065768539,126.20841979980469,4240200
2020-08-17,126.27656238887889,127.90268670025849,126.19992839182818,126.84698486328125,4306900
2020-08-18,127.0768392039307,127.79200751780742,126.48939854008825,127.78348541259766,4322600
2020-08-19,127.3492493490145,129.05200704108688,127.12789552580878,128.0388641357422,7816300
2020-08-20,127.49401577231976,129.052041029828,127.3237425564693,128.9158172607422,4874700
2020-08-21,129.22232323317195,130.81439804817464,128.20917999052858,130.05667114257812,6722800
2020-08-24,130.90512659267623,131.0422439256394,128.85678849259443,130.3994598388672,5387900
2020-08-25,130.93944641222876,131.18799699889124,129.87670499240733,130.32237243652344,3863500
2020-08-26,130.15092828851408,130.82798846972463,129.1053317472955,130.5280303955078,8008300
2020-08-27,130.63089637226213,131.35081157949395,130.17666322406976,131.11083984375,5575400
2020-08-28,130.90513218939375,131.7278885322519,130.18520404254753,131.6764678955078,5395700
2020-08-31,131.12800871464722,132.3278676156842,130.49379010839556,131.47940063476562,6362700
2020-09-01,131.8736074985729,132.05359283577587,128.61684455185494,129.85955810546875,6307700
2020-09-02,129.2338990288055,132.26784774705652,127.91405457157103,131.83932495117188,6881900
2020-09-03,132.69635705530365,133.24486565518492,127.09985095609312,128.17115783691406,8672800
2020-09-04,128.70255298351896,129.3710475925859,126.09713977349894,127.34841918945312,7200100
2020-09-08,128.7711442931702,129.31965313677725,125.9000353458237,126.20857238769531,8756800
2020-09-09,126.97125974711253,129.4995539194217,126.94554943354437,128.2996826171875,6960700
2020-09-10,127.91401410059147,128.36824707431526,125.57428403702707,125.90853118896484,6191800
2020-09-11,126.02855806670786,127.29698189272428,125.66860048408743,126.6541976928711,3934700
2020-09-14,126.94562364517888,128.10264074202664,126.8513480811581,127.14275360107422,4375800
2020-09-15,128.08548092793737,129.06251253089712,127.2884346812375,127.60553741455078,3658800
2020-09-16,128.03404966813955,128.60826868675377,127.14272794248669,127.1855697631836,4323000
2020-09-17,126.8770188846503,127.38268570367943,125.17150659069158,126.13139343261719,5461400
2020-09-18,125.56574711174771,128.2568697933013,125.30006506610525,127.85405731201172,12174000
2020-09-21,126.48278437479853,126.7827424720845,122.52323810179607,124.35731506347656,7574500
2020-09-22,124.00591400101236,124.57156716282658,123.17457882977895,123.59453582763672,5295900
2020-09-23,126.39709248008452,126.4570919545211,123.74025873422381,123.79167938232422,8784400
2020-09-24,123.8945016277971,124.48586514497855,122.84890501893543,123.98877716064453,5614800
2020-09-25,123.41459635234708,125.3429494203525,123.32032079036756,124.83729553222656,5531200
2020-09-28,125.75429742955176,127.09128647531612,125.48861538551884,126.0799789428711,5843200
2020-09-29,126.49992126925856,126.77416902948734,125.1800638733857,126.037109375,6768600
2020-09-30,126.37134965723212,128.32541224739768,125.84855140686035,127.59693145751953,8487700
2020-10-01,127.96546089768825,128.25685322769365,125.5228890809115,126.25994873046875,6457800
2020-10-02,125.30863263685313,127.19413018647695,124.98295115081265,125.33434295654297,5485600
2020-10-05,125.98566334661294,127.16839008527074,125.48857548656072,127.03982543945312,4992800
2020-10-06,127.08274520417778,127.36557187640655,125.01726176841892,125.35150909423828,5118200
2020-10-07,125.54860590374824,127.03985677425293,124.96580813606863,126.73989868164062,5603100
2020-10-08,127.27129010505087,128.42830706427057,126.87704331763764,127.60553741455078,4413500
2020-10-09,128.25686192647973,129.82525685961377,128.08545543117336,129.38816833496094,5054100
2020-10-12,129.92810650658294,131.24795085779925,129.43101853398858,130.1337890625,7273200
2020-10-13,127.69979191438458,128.65967878290786,126.6456295085972,127.15128326416016,11057600
2020-10-14,127.54553304848137,127.72550530191108,126.3199510346264,126.92845916748047,7706400
2020-10-15,126.39708942655872,126.75704703204472,125.41149215516695,126.14855194091797,5978600
2020-10-16,126.4999363655342,127.49409932716623,125.99426952035424,126.92845916748047,6097000
2020-10-19,127.29698217442109,127.6140848622574,123.5259867579288,123.68882751464844,7250800
2020-10-20,123.980231358561,124.914408012305,123.51741936740832,123.88595581054688,5325400
2020-10-21,123.51740160042267,124.5629982270952,123.33742935667918,123.35456085205078,5221300
2020-10-22,123.55169904654058,124.86297779181817,123.27743817244104,124.34017944335938,5279700
2020-10-23,125.02584184174823,126.38854148540237,123.71456285219716,124.47733306884766,4154400
2020-10-26,123.7830733220321,124.07447872628647,122.34324318208652,123.38883972167969,6929500
2020-10-27,123.19173248895149,123.66309708109225,122.48894885834324,122.68606567382812,4890100
2020-10-28,121.21198010481417,121.68335790598599,118.42658128036734,118.58085632324219,8426100
2020-10-29,118.2722763412363,118.87220556225458,116.60104026930104,117.57807159423828,7205400
2020-10-30,117.14100029095557,117.87806011789296,114.54415285967748,117.50953674316406,7364100
2020-11-02,119.11218491224724,119.1378952321249,117.83519543339989,118.8636474609375,7088000
2020-11-03,120.00355709433835,120.80918224220373,118.08376978618003,118.70084381103516,6363000
2020-11-04,119.5493349252887,122.16331440640309,118.87226135434148,119.4721908569336,10263500
2020-11-05,120.45777410070912,121.55479153548603,119.35217783946278,119.78070068359375,8016200
2020-11-06,120.32919433101462,122.7203588251856,119.68641014532014,121.91473388671875,5942500
2020-11-09,127.21125361013166,127.69121006133636,124.20302869999104,125.19720458984375,12351600
2020-11-10,126.1999544155507,127.4855227118042,125.3514746321317,127.08271026611328,7386500
2020-11-11,127.84550461727409,127.87121494189826,125.86573115633581,126.67135620117188,6382400
2020-11-12,126.50849001310672,127.39981160180946,125.77143034115997,127.099853515625,4710300
2020-11-13,127.77695587928814,128.90826261864024,127.19417100930517,128.47116088867188,5893500
2020-11-16,129.34535628140702,129.67103788459013,128.38546912779145,129.28536987304688,6266400
2020-11-17,128.55686853902438,129.0968115716822,127.80266405880155,127.99979400634766,7297700
2020-11-18,127.58836370351598,128.35113370114368,126.30279541015625,126.30279541015625,6661000
2020-11-19,126.24282807575091,126.37995851966588,124.77727424605233,126.10569763183594,7987700
2020-11-20,126.0285660473221,126.79133615635028,125.24008561486995,125.43720245361328,6354900
2020-11-23,126.0067409070287,126.0067409070287,123.44362750116403,124.15991973876953,7318300
2020-11-24,124.27211405560746,124.92798991696267,123.93554427344073,124.15991973876953,11034800
2020-11-25,124.32391625853842,124.41884689092423,123.28831773964296,123.9959716796875,7594600
2020-11-27,124.70365630255806,124.84173963603098,123.59901597147756,124.27215576171875,3059000
2020-11-30,124.47063045542723,125.01432529891737,123.46092086633853,124.85897827148438,15663200
2020-12-01,126.2484196959996,128.69935272255208,125.87733555976578,127.24950408935547,9738200
2020-12-02,127.59469858669098,129.19988091642796,127.46524054027766,127.84496307373047,7745500
2020-12-03,127.7586713897552,129.08770039915137,127.4566289191478,128.587158203125,7310500
2020-12-04,129.26891653455888,129.71768075050997,128.8201654869583,129.68316650390625,6747100
2020-12-07,128.88920864219884,129.37248711035426,128.16427777161505,128.56126403808594,6634700
2020-12-08,129.4501570230551,131.29697873651668,129.06180918565616,130.78781127929688,8339800
2020-12-09,131.89244380759843,132.47065289475464,130.96902642100932,132.12545776367188,8440100
2020-12-10,131.8838083299767,132.02187847071258,130.8999746290077,131.3918914794922,7392900
2020-12-11,130.77052722287948,132.39297315231593,130.51162431544935,131.99598693847656,5977400
2020-12-14,132.25488998768816,132.45337651064617,128.57851083695573,128.64755249023438,8547300
2020-12-15,129.45016070523025,130.0974115087564,129.0445491482191,129.94207763671875,7612600
2020-12-16,129.6227336657634,130.24409537259743,129.0617883432585,129.16534423828125,8486100
2020-12-17,129.5278260587573,132.80723272356096,129.4156448753289,132.57421875,9920300
2020-12-18,132.6001037395328,133.8514657747664,130.89136537764006,133.34228515625,17137200
2020-12-21,131.18478749625797,132.39299689145733,129.49331277867063,132.05642700195312,7893400
2020-12-22,131.5213796775733,132.81588149789727,131.0553648163322,131.79754638671875,4699500
2020-12-23,131.86657112347808,132.55697463929403,131.08986223005323,131.1243896484375,4607300
2020-12-24,131.04670021385547,132.07366028834147,131.02081123868732,131.58175659179688,2114900
2020-12-28,132.31531934362008,132.78995935787384,131.43505463845915,132.203125,3855500
2020-12-29,132.99709075860446,133.70474476363574,132.72956254322614,133.02297973632812,5212000
2020-12-30,133.54079633782,134.95611762974582,133.41997670930263,134.67132568359375,5412800
2020-12-31,135.08558126157828,136.06077686378597,133.86012109714795,135.8191375732422,5099900
2021-01-04,135.69825670933022,135.81907630009582,133.01432357242885,135.05963134765625,11765900
2021-01-05,134.8439290322705,137.01005716763802,133.82559400102798,136.64759826660156,9602300
2021-01-06,135.69830192163073,138.27866686307425,135.24953764854624,137.9334716796875,8230100
2021-01-07,137.21718299358096,138.96907427644592,136.65623751283502,138.3994903564453,7747200
2021-01-08,138.52028131021544,139.02946189177032,137.97659965219555,138.1146697998047,8228900
2021-01-11,138.56345720053272,139.2193464770179,137.01869099560182,137.53648376464844,7066200
2021-01-12,137.34659056476184,137.78672945982763,135.77593574460346,136.46633911132812,6903200
2021-01-13,136.55263346438485,136.75113315949278,135.27539577514486,136.25921630859375,6643100
2021-01-14,138.46850046529386,139.76300189657118,137.74358282418245,138.64109802246094,10030800
2021-01-15,138.33908081054688,139.29701257106967,137.31210738090013,138.33908081054688,7630800
2021-01-19,139.8061996915996,140.7037151794947,139.02950384954332,140.47933959960938,9057600
2021-01-20,140.84173281250204,141.65295569958104,139.6335369179254,140.1340789794922,6839900
2021-01-21,139.21934544624904,140.22041672633475,138.13195561943328,139.5731658935547,6818000
2021-01-22,140.11682565746924,142.53323079400948,139.6939504788614,141.143798828125,8137000
2021-01-25,142.40380888759384,143.33585166965327,141.2387652862835,143.2409210205078,9924400
2021-01-26,146.45131075624806,149.86016308951997,146.18378247337404,147.12445068359375,14205700
2021-01-27,145.95072806982716,147.50413253716954,144.5095179487888,144.880615234375,14207300
2021-01-28,145.15680355643994,147.45238997763965,144.8116083334363,145.98529052734375,8944400
2021-01-29,141.75652361887217,143.25814993104407,138.55479764227894,140.78134155273438,22505900
2021-02-01,142.6627252568417,142.6627252568417,140.3239993956477,140.41893005371094,9971400
2021-02-02,140.99710129099762,141.2387405067278,139.0984886411895,139.15890502929688,11443300
2021-02-03,138.89138025414442,139.39192240428167,137.70907312179003,138.51165771484375,8601900
2021-02-04,138.9431554315645,139.88382332346123,137.87302949384593,139.7975311279297,7758100
2021-02-05,142.274319957357,142.77486202809473,141.4113191116053,141.9204864501953,9495300
2021-02-08,142.42107200617352,143.18914246667256,141.428625997876,142.32614135742188,6035300
2021-02-09,142.56774786554232,143.7673186051153,142.3692613431472,143.4911651611328,5544200
2021-02-10,144.88924178532793,144.93239447031502,142.99926743070932,143.9571990966797,5921300
2021-02-11,144.12115952831724,144.44910410518767,142.91296345829392,143.3099365234375,4871300
2021-02-12,141.87736368070372,143.99172673316227,141.5321685369782,143.7587127685547,4413100
2021-02-16,143.75870843694153,144.16431996119036,142.08448438678258,142.45558166503906,5656100
2021-02-17,142.36927938626437,143.3358363152226,141.84284823709592,142.96475219726562,6676700
2021-02-18,142.36064326785032,143.39624177972198,141.7910594773986,143.03378295898438,5189100
2021-02-19,142.912957346895,143.2236382042367,140.59148276958476,140.65188598632812,8190900
2021-02-22,140.5650634765625,141.14687813022203,139.1930176102826,140.5650634765625,6447100
2021-02-23,140.2264152754395,141.71135531709717,139.2885604992031,139.32330322265625,7042800
2021-02-24,141.0252823400548,142.75336791320208,139.74008022686192,141.19027709960938,10286100
2021-02-25,141.65924694912235,142.1542181030419,140.6692913908174,141.3379364013672,9719700
2021-02-26,140.6779653215482,141.0340053274737,137.17838489858642,137.60389709472656,14417500
2021-03-01,140.2003382830723,140.26981046634356,138.15095525319452,138.35069274902344,10551400
2021-03-02,138.7501606599013,139.61854319663894,137.72547562677454,138.09019470214844,7610900
2021-03-03,137.42152196896396,137.98596525822413,135.51976229367932,135.65870666503906,8499600
2021-03-04,135.45895341602477,135.55447599457867,131.53386189334802,132.92327880859375,11033200
2021-03-05,133.71353966011654,136.06686217127606,132.9754224521632,135.5545196533203,8331600
2021-03-08,136.3360629181747,138.35939588784433,135.45030899035913,136.68341064453125,6546700
2021-03-09,136.24053621265267,139.5924933481064,136.24053621265267,136.9439239501953,7461300
2021-03-10,137.9165094118852,138.85435081340657,136.64866518314503,138.20306396484375,6635600
2021-03-11,138.5416987972639,139.48824552327437,138.0033060406144,138.19435119628906,6305600
2021-03-12,138.31596804225455,139.2104009863318,138.23781679482235,138.59385681152344,5474800
2021-03-15,138.72407836846426,139.51430947543173,137.6386004469583,139.30589294433594,5524100
2021-03-16,139.34065665819034,140.40007107881922,139.14961145517572,140.13087463378906,6369100
2021-03-17,139.66191831960828,140.44345704141332,138.53301874886424,139.6098175048828,6001400
2021-03-18,139.12354481281056,140.23507318225813,138.90644922111434,139.3493194580078,4801800
2021-03-19,139.54036285353718,140.24375044156005,138.48093531957625,138.9759063720703,14891500
2021-03-22,137.4736218081027,139.50563353540034,137.20442537206728,139.37538146972656,7544100
2021-03-23,139.1235594321826,139.98324958534099,137.9686091729387,139.24513244628906,7178300
2021-03-24,139.02803760158372,141.09477885283746,138.78489157202446,140.5998077392578,6370100
2021-03-25,141.0600267383782,141.06870579144595,139.49693590610795,140.65188598632812,6269800
2021-03-26,140.75608742414556,143.36992669424248,140.13954339564765,143.2222900390625,7619200
2021-03-29,142.2671154953035,145.04593701963978,142.0934416344949,144.1862335205078,8535100
2021-03-30,143.30047086896295,143.8562350885605,142.6144413358956,143.29177856445312,7236300
2021-03-31,143.24835694704305,143.62175499383005,142.15418671597556,142.71864318847656,8281500
2021-04-01,141.19897267291557,142.2757582857447,140.90371260928748,141.39869689941406,7229700
2021-04-05,142.10208963754337,143.06599459243355,141.25107863021887,141.9197235107422,7387100
2021-04-06,142.48421110698672,142.86630155097313,141.54635635823814,141.88502502441406,5074200
2021-04-07,142.0239794853846,142.65789508488243,141.82425519385157,142.07608032226562,4608000
2021-04-08,142.41475779656983,142.5102804202326,141.41612302684203,141.52032470703125,5039400
2021-04-09,140.782160867046,141.48554854302904,138.7501490807695,140.02667236328125,8418300
2021-04-12,139.88772818042887,140.7474315913991,139.23644133133578,140.36534118652344,5022800
2021-04-13,136.214466333175,138.88039346062902,135.92789854577748,138.4896240234375,18424100
2021-04-14,137.0568032258911,139.03671414538698,136.80496489595347,138.87171936035156,7718300
2021-04-15,139.5664445406319,141.01664180953932,139.1409323208281,139.27987670898438,7524600
2021-04-16,140.10484602225787,141.12085207796096,139.42750865178917,140.8863983154297,9049400
2021-04-19,141.11213535630853,141.64184913289537,139.6706174396344,141.27713012695312,8353500
2021-04-20,139.80958125126656,145.70589254339788,139.80958125126656,144.5683135986328,14050700
2021-04-21,144.4727884132465,144.94172237094054,143.53493374832343,144.66383361816406,6333200
2021-04-22,144.01251230869696,144.39460262712515,142.95308488049585,143.4393768310547,7233000
2021-04-23,142.87497670031513,144.20360091210267,142.41473501913202,143.73468017578125,6015300
2021-04-26,143.46546782231871,143.63914165911174,142.20630269202428,142.5189208984375,6027800
2021-04-27,142.20633073768457,142.33659607881833,141.08612300654949,141.70266723632812,6217700
2021-04-28,141.42476428113358,141.72001112973007,140.37401570170383,140.66058349609375,7448000
2021-04-29,140.59111190060509,142.6404949914258,140.51296066102495,142.58839416503906,6394300
2021-04-30,142.54497589614328,142.70129162960973,141.1295214928132,141.31187438964844,9079100
2021-05-03,142.06737309591293,143.56099195918145,141.65053998258367,143.46546936035156,6594100
2021-05-04,143.13549089494288,145.75800978860025,142.99654651305485,145.68853759765625,10179500
2021-05-05,145.4540560411358,146.2355949226637,144.83749868980195,145.08065795898438,7792300
2021-05-06,144.83750166569595,145.79272765204695,144.35990192298496,145.6624755859375,5529900
2021-05-07,146.1487444021963,146.91291181934383,145.7406036593103,146.32241821289062,5316200
2021-05-10,147.53817129831504,148.9536389160714,146.95635665340316,147.85948181152344,8357500
2021-05-11,148.18944731065042,148.38049249359628,146.13138531764506,146.6524200439453,8217900
2021-05-12,146.35716700824358,147.45133733603348,145.84482456135436,146.06192016601562,6758300
2021-05-13,144.99380298254027,148.23286545897665,144.99380298254027,147.59027099609375,8018600
2021-05-14,148.91024311077567,149.02313708784314,147.77266403575246,147.8160858154297,5797700
2021-05-17,147.9723631363028,149.2662577478454,147.8942118964654,147.96368408203125,5722600
2021-05-18,147.6076367994179,148.8146878066877,147.2168673690936,148.01577758789062,5846000
2021-05-19,147.54683461203174,147.7639301794379,145.9229507575196,147.6944580078125,5533800
2021-05-20,147.57290760496065,149.00573326893928,147.35581200432972,148.55418395996094,4853200
2021-05-21,148.77996119478738,150.00438358369274,148.38049945249435,148.4586639404297,6501800
2021-05-24,149.33246394674705,149.7256847430146,148.34507868743637,149.02664184570312,5195100
2021-05-25,149.13147518577026,149.44604378403298,148.31884741791893,148.61593627929688,7444700
2021-05-26,148.54604152354315,148.61594714305966,147.0431040367719,147.73341369628906,5726400
2021-05-27,147.8994177523837,148.69457913810075,147.13048263927314,147.50621032714844,8114700
2021-05-28,148.12663110905083,149.4285850274133,147.82079566972388,147.8907012939453,6400800
2021-06-01,148.67705774667309,148.7207504112654,144.50904154052415,144.64010620117188,10448400
2021-06-02,144.439171115857,145.68869896206593,144.27314694985554,145.2255859375,6806000
2021-06-03,144.9547354553351,146.05571906547172,144.7974577966591,145.08580017089844,5808800
2021-06-04,145.93340478229985,146.42274422215627,144.9372728270094,145.024658203125,6510300
2021-06-07,145.05087367769963,145.33049621963454,143.8537713362404,144.03726196289062,5362800
2021-06-08,144.42173065415744,144.75377907645986,141.61683880546806,142.77024841308594,7746800
2021-06-09,143.29449365582346,144.85859008238535,143.00613800180497,144.69256591796875,5552600
2021-06-10,145.0508315482858,146.43143744854058,145.00713887215673,145.99453735351562,6463100
2021-06-11,145.98582429122257,145.99455749440006,143.49548807276938,144.14210510253906,7389900
2021-06-14,143.74013378130095,144.57898784502262,143.21584832483327,144.50033569335938,4931300
2021-06-15,144.3779878227662,144.92848615630712,143.64399893346592,143.73138427734375,5062900
2021-06-16,144.0023007927367,144.83240846118127,142.84887792725857,143.67898559570312,6988500
2021-06-17,143.46929509318366,144.78872894584862,142.8663706616766,144.3693084716797,5874700
2021-06-18,142.66534127158496,143.46923573662576,141.37210756713893,141.5381317138672,12993000
2021-06-21,142.2284623496783,143.53041611504443,141.77408251220172,143.16342163085938,6592300
2021-06-22,143.04984356125377,143.33818590811114,142.67410252376246,142.97119140625,5627800
2021-06-23,143.032366276321,143.032366276321,141.97506209822004,142.10614013671875,4493400
2021-06-24,142.66535930500962,143.4779870735491,142.25467215323184,142.7527313232422,4549200
2021-06-25,142.37699495792575,143.9847839931362,142.3333022849091,143.48672485351562,10963800
2021-06-28,143.6877342997901,144.23823279690237,142.88383956315016,143.32073974609375,5604000
2021-06-29,143.30322431806152,143.862455879636,142.78768543052752,143.32943725585938,3749500
2021-06-30,143.3032274366245,144.15081466555267,143.01487178144075,143.94984436035156,6151700
2021-07-01,143.94986225493042,145.05957900549183,143.8537436912539,145.01589965820312,6320200
2021-07-02,145.06831350313752,147.93437710366638,144.7362651592398,147.65475463867188,9059900
2021-07-06,146.71982142623386,147.54992910035463,145.91592669622275,146.77224731445312,6098500
2021-07-07,146.3440609176547,148.10914114122878,146.3440609176547,148.03050231933594,6293500
2021-07-08,147.41009337584384,148.07419007142178,146.43144140316033,147.7421417236328,5755500
2021-07-09,147.99555780875752,148.86935813983953,147.8819728322486,148.32760620117188,6120900
2021-07-12,148.31012488513647,149.57713268511353,147.2703003688978,148.0916748046875,7840500
2021-07-13,147.64606032829934,148.33635680424578,147.38391753159868,147.908203125,4691200
2021-07-14,148.54603042714672,149.27128617567868,147.70717638874447,148.91302490234375,6162900
2021-07-15,147.9343910770882,148.45866324877454,146.55378502531923,147.1217498779297,6656900
2021-07-16,147.0955525567136,147.7509028407667,146.75477094233142,146.88584899902344,5834900
2021-07-19,145.47026559238788,146.9644699245296,144.4566674097494,145.81979370117188,8219700
2021-07-20,145.83724220942068,149.25380405462025,145.78481633282038,147.19163513183594,9902800
2021-07-21,147.93437865833758,148.27516020792288,146.3440558715175,148.10040283203125,7585200
2021-07-22,147.98681255855846,149.48101686965288,147.36640850741463,148.528564453125,5281900
2021-07-23,149.4198416137811,150.4509195010364,148.87808972950347,150.11013793945312,5014900
2021-07-26,150.13637436232392,150.41598352586954,149.2975202054181,150.1800537109375,4484900
2021-07-27,150.11883181397005,150.9227261558779,149.1314336187512,150.87030029296875,7089300
2021-07-28,150.9315052536164,151.49948338515532,150.36354045521045,150.45091247558594,5750700
2021-07-29,150.94025178884704,151.46452391049874,149.4984734547556,150.45091247558594,4214100
2021-07-30,150.76547264134615,151.14994684224604,150.15381520042914,150.4683837890625,5346400
2021-08-02,150.7043289151048,151.02763073827956,149.68198423118977,150.52957153320312,3721500
2021-08-03,150.93152259887395,152.47815286840998,150.6781263775916,152.3820343017578,6033000
2021-08-04,152.21599888812207,152.55678044782977,151.3946245305873,151.4820098876953,4793100
2021-08-05,151.91018172604743,151.91018172604743,150.6606404112147,151.77037048339844,4291000
2021-08-06,151.98883621849754,151.98883621849754,150.68686888673633,151.26358032226562,4581100
2021-08-09,151.79659025879758,152.25970335443,151.1062805503484,151.78785705566406,3950200
2021-08-10,151.39463955579046,152.13737516552115,150.97521913294017,151.8402862548828,3678300
2021-08-11,152.25973893511738,152.4519761140538,151.6568144496476,151.8665313720703,4221300
2021-08-12,151.88397785865277,153.1684520611848,151.6829941854123,153.08981323242188,4300400
2021-08-13,153.16840924520758,154.0422093200081,153.01986483246722,154.00726318359375,5882100
2021-08-16,154.26944048011023,155.44032964305848,153.74515498436392,155.39663696289062,4782800
2021-08-17,154.93351122092352,156.8558689929597,154.93351122092352,156.8209228515625,6041900
2021-08-18,156.84715083733454,156.84715083733454,154.77624843271474,154.82867431640625,7134100
2021-08-19,154.33060933715745,156.69861408759022,153.85002982428549,156.03453063964844,5615000
2021-08-20,156.31410026873056,157.21411331033718,155.59759111577364,156.79469299316406,5428700
2021-08-23,156.8035179429977,157.27816813202693,156.0563687319416,156.11790466308594,6461700
2021-08-24,155.57289736121356,155.76627679658012,154.06981418856674,154.16650390625,5734800
2021-08-25,154.43020084916904,154.61478177087028,152.84801160135012,153.14686584472656,5700300
2021-08-26,152.90077714465116,153.5776052776175,152.10968908134495,152.32943725585938,5031600
2021-08-27,153.19084163785715,153.19084163785715,151.84598392413753,152.0041961669922,7046100
2021-08-30,151.88114126143205,153.19084520020593,151.8723561629682,152.6458740234375,3252700
2021-08-31,152.49644583784902,153.37543852336057,151.60865464156942,152.1800079345703,7106800
2021-09-01,151.97782251040405,152.7161865234375,151.2394719097339,152.7161865234375,5327400
2021-09-02,153.24358928089205,153.99073846610221,152.8656288450463,153.76219177246094,4544300
2021-09-03,153.91163755070576,154.01711238988707,152.7777293800461,153.85888671875,4096900
2021-09-07,153.25235611890528,153.8500646136512,150.89664911568093,151.46800231933594,6859900
2021-09-08,150.8527295416708,152.0481602029395,150.3780793641569,151.09884643554688,4661700
2021-09-09,150.47478364034663,150.7296856577873,147.40709385707652,147.73233032226562,7114600
2021-09-10,148.1542214447243,148.62887159864817,146.6775067424956,146.76541137695312,6699300
2021-09-13,147.60045983543148,147.77625570160657,145.1480759832315,145.73699951171875,6273500
2021-09-14,146.26436659469715,146.38742502499562,144.6030710794866,144.8579864501953,5259600
2021-09-15,145.03377881950547,145.87761761589488,144.42727178028224,145.4029541015625,7935300
2021-09-16,145.60513326912218,146.31712861213697,144.32181145673943,145.2271728515625,5665400
2021-09-17,144.41851233917941,144.95469845626192,143.76805287198204,144.81405639648438,13419800
2021-09-20,143.69772376639736,145.18322358494686,142.54624546795654,143.98779296875,7270800
2021-09-21,144.6909569963144,145.8951724379713,144.365734060944,144.62063598632812,6663600
2021-09-22,145.34142772001667,145.8688152178853,143.82955941720778,144.09324645996094,5657100
2021-09-23,144.50640875947596,145.71063799758804,144.28666056281472,144.91075134277344,4697900
2021-09-24,144.8140437907563,145.6051318365038,144.0581095507106,144.4712371826172,4399300
2021-09-27,144.1547974570368,144.47123535380288,143.1439612544482,143.42523193359375,5775500
2021-09-28,143.36371055250277,144.0756924727534,142.19464868612485,143.10879516601562,7610400
2021-09-29,143.2758174434133,144.73494861916657,143.08243796651277,144.17239379882812,5124100
2021-09-30,144.71734215531083,145.38537170760472,141.87819979260834,141.95730590820312,6972300
2021-10-01,141.983640191143,142.30886308465028,139.4257691081352,141.05191040039062,8568300
2021-10-04,140.63002934390585,141.51780703161643,138.59076009657215,139.9532012939453,8620700
2021-10-05,140.51577019743638,141.61451104615512,139.89167949392404,140.2696533203125,5129000
2021-10-06,140.52454042723974,140.5948614436009,138.74018655070745,140.55970764160156,7312600
2021-10-07,140.65641750301276,142.93300540769332,140.65641750301276,141.81668090820312,5309200
2021-10-08,141.7991035855943,142.05400555777703,140.85857499325857,141.45628356933594,4343200
2021-10-11,141.39481358228807,142.2650214749913,140.58614163711528,140.85862731933594,4101600
2021-10-12,140.63880804755237,140.79702026867216,138.30068464479496,138.60833740234375,6686400
2021-10-13,138.72263759379496,140.70915631376755,138.6611016654221,139.93563842773438,6901100
2021-10-14,140.38392769993206,141.64088080223806,140.2872379680344,140.7355194091797,4579200
2021-10-15,141.5441776413885,142.22979079802883,140.99920652004943,141.78150939941406,6918400
2021-10-18,140.85858181596748,141.42113661402655,139.93563678774257,140.7443084716797,7465500
2021-10-19,141.42991799006248,145.1656369102538,141.28049084273852,144.04052734375,10081300
2021-10-20,144.13720636434473,144.8140344385785,143.50433060367268,143.96141052246094,6003200
2021-10-21,144.41848173039867,144.4975878426205,142.64291298603396,143.62738037109375,4524100
2021-10-22,143.32856818043012,144.207561007159,143.24067694517692,143.90870666503906,4304300
2021-10-25,143.9086750304826,144.4272774652836,142.14190466558765,144.22511291503906,6715400
2021-10-26,144.64703548923808,145.9391558216084,144.19875404402632,145.6930389404297,6939100
2021-10-27,145.63148866334615,145.7018096813769,143.54828047709103,143.92625427246094,7018800
2021-10-28,143.95262300497842,145.2095759950641,142.678086407291,143.14395141601562,6278800
2021-10-29,142.70446880886772,143.49555686615508,141.17501669743282,143.1703338623047,8526800
2021-11-01,143.4164238957767,144.1371907933454,140.1114034110023,143.29336547851562,5846400
2021-11-02,143.89108792242936,146.77418261721112,143.25821216871017,145.55238342285156,8450600
2021-11-03,145.06894898335065,145.71062330982323,143.65377020300906,145.08653259277344,6717800
2021-11-04,144.98104421184377,145.02499652511113,142.9857272182985,144.68218994140625,8224400
2021-11-05,142.8187376497395,144.68221139212588,142.57262075378816,143.65377807617188,6215900
2021-11-08,143.87348077679957,144.30419191472654,142.40556496418728,143.1614990234375,5578800
2021-11-09,142.93299740464465,143.79440645854748,142.4143949526679,142.8450927734375,6112800
2021-11-10,142.8626381912082,144.8931085530771,142.70442599216597,144.39208984375,6225100
2021-11-11,143.70649549594037,143.98776613490512,142.82750295408772,143.32852172851562,4118800
2021-11-12,147.16974810278234,147.33675886945434,144.6909955490222,145.04258728027344,18995200
2021-11-15,145.03378498489286,145.43812749901784,143.46917916531763,143.73287963867188,7496200
2021-11-16,143.43401445611033,144.4624476614049,142.94178071717204,142.98573303222656,7594700
2021-11-17,143.1615518746479,144.0317595679914,142.21223804891835,143.52194213867188,5414500
2021-11-18,143.6713427716389,144.56791901020364,142.51107947381675,142.74839782714844,6358700
2021-11-19,143.31099701289438,143.44285399577322,142.20347078349536,143.1791534423828,7620700
2021-11-22,142.47132080314088,143.8957691369264,141.2503612312629,141.2946014404297,7634500
2021-11-23,141.13534566846965,142.44477209148627,140.4806257068535,142.17050170898438,7734000
2021-11-24,141.68388896937427,142.1085652627777,141.01148371313423,141.77236938476562,5230900
2021-11-26,142.09089230859192,142.58635027725433,140.37447470271346,140.85223388671875,8523100
2021-11-29,141.11764913209728,141.9316176512659,140.16211734866909,141.33883666992188,9188500
2021-11-30,140.24173279442357,140.6752652013479,137.88830780027516,137.95907592773438,14981700
2021-12-01,138.79956990018616,141.63076690601048,138.24217313802572,139.86126708984375,9835800
2021-12-02,139.13580324381687,140.9318449620376,138.6845855289678,138.9853973388672,11334700
2021-12-03,139.7109211244478,141.26807677020514,139.427794552373,141.01150512695312,8750500
2021-12-06,141.72811589597845,144.67433524957494,141.40960533071896,144.1611785888672,9692000
2021-12-07,145.09903071756005,145.33791704819225,143.69228115980152,144.5327911376953,8311300
2021-12-08,144.63011297223534,145.603343570104,143.89576870297378,145.39984130859375,6216400
2021-12-09,145.25825811632274,146.8508109215768,144.647791916172,146.780029296875,8574200
2021-12-10,146.48807899055979,147.47899477202938,145.67409702696406,146.41729736328125,6572200
2021-12-13,145.76257547982758,149.6997106303778,144.92206560502478,149.03614807128906,11142300
2021-12-14,148.9299903307258,151.26573012337474,147.89483430332388,150.66409301757812,10482400
2021-12-15,150.2748159602668,151.55770095708715,149.89436638177443,151.4161376953125,8552200
2021-12-16,151.522304922543,153.51299274813505,151.1507114817917,153.07061767578125,8998600
2021-12-17,150.089038624278,151.09765341465885,148.33723683050454,148.84153747558594,16726200
2021-12-20,148.46993771351418,149.08926019022704,147.35515725543104,148.41685485839844,7954500
2021-12-21,148.6911011477398,148.72649871221782,146.85081930112722,147.93907165527344,7954200
2021-12-22,147.80636722207203,148.7884404905264,146.97469986857882,148.5760955810547,4178200
2021-12-23,148.53185393016946,149.4785295350444,148.07178008936782,148.8592071533203,3501500
2021-12-27,149.64660789258818,150.27478630511388,149.2573157496385,150.1155242919922,3704800
2021-12-28,150.22170697021113,150.97374992241288,150.04475965799148,150.71717834472656,3187000
2021-12-29,150.40753463069063,152.16819239615143,150.32791035240874,151.77890014648438,3662000
2021-12-30,152.2831740172857,152.95559269423666,151.95582081943178,152.45127868652344,4231800
2021-12-31,152.64594521282942,152.77865233777587,151.31881996250038,151.35421752929688,4409500
2022-01-03,150.59331383025142,151.8231158750928,149.61124072248492,151.77001953125,6012200
2022-01-04,151.34536884268303,152.4336078214984,150.93839130598903,151.36306762695312,6748400
2022-01-05,152.17704270812936,153.47762665315227,151.84083329370463,152.37168884277344,7016100
2022-01-06,152.3097154564548,152.61938337353033,151.11531099105144,151.8496551513672,7301600
2022-01-07,151.69923344623032,154.21192008205364,151.40726434062782,153.90225219726562,6986000
2022-01-10,153.6722586986405,153.6722586986405,152.3185920228626,153.1414031982422,7698400
2022-01-11,153.05292832288265,153.40682297126818,150.50484365381735,151.51345825195312,8341100
2022-01-12,150.0624311854888,150.47826471880086,148.93879503163214,150.2216796875,8116200
2022-01-13,149.5227544122414,150.779097829289,149.04499533823727,149.31040954589844,6159400
2022-01-14,149.19543546087309,149.21312074529968,147.88599540158145,148.49647521972656,5847700
2022-01-18,147.84176635742188,148.39030717076687,146.87737836270588,147.84176635742188,7815600
2022-01-19,147.93020881344518,149.27503269817336,147.15163793299385,147.3816680908203,5926500
2022-01-20,148.0098712379634,148.51418538733404,145.92185999713442,146.20498657226562,6011300
2022-01-21,147.03663588337548,148.62918892159806,145.51486448020907,145.86875915527344,10550300
2022-01-24,145.09902043012988,145.24942633128157,140.02054985499774,144.18772888183594,14054600
2022-01-25,143.6480319696724,149.00077296824634,142.95792794673855,148.3106689453125,14081200
2022-01-26,148.23104273505973,149.71743009284856,147.0720221317874,148.9742431640625,9963200
2022-01-27,149.8678373613608,152.09741166808456,149.52278531986212,150.92953491210938,9066700
2022-01-28,151.16838466358385,152.03543587849717,149.78817683162004,151.99119567871094,9783100
2022-01-31,151.73467746599408,152.7255934885593,151.13305373807043,152.43362426757812,8054800
2022-02-01,151.94698179116057,152.15931316769638,149.90319779050043,151.18609619140625,8154700
2022-02-02,150.09786189782199,153.05293774463544,150.09786189782199,152.85829162597656,7382800
2022-02-03,152.40706642300543,153.61032724947057,151.32767008601976,152.8494415283203,6240400
2022-02-04,151.292258300717,153.04405961677054,150.5136739379313,151.8496551513672,6392200
2022-02-07,151.65502011249404,151.94698926981587,150.4163618541394,151.34535217285156,6065700
2022-02-08,151.30998080424345,152.2212724170978,150.83220814300506,151.74349975585938,6296100
2022-02-09,152.23894092835047,152.3893468102496,151.51343943896347,151.7257843017578,5387500
2022-02-10,151.4780428349849,151.48688547428893,149.7881672132433,149.8943328857422,10355300
2022-02-11,149.6289573135079,150.54024898705356,148.231050304521,148.3814697265625,13125300
2022-02-14,148.38142566624285,148.61145580186576,144.93089263061916,146.5146026611328,8967600
2022-02-15,146.9835434407921,148.72650227719183,146.87736424502828,148.0275421142578,6631400
2022-02-16,147.30205049682235,148.49645504375667,146.61194649186953,147.93907165527344,8482400
2022-02-17,147.93908532711413,148.15141673274366,145.9129998302889,147.03663635253906,6227600
2022-02-18,146.90304739677683,147.24141493682092,145.08657729032348,145.46055603027344,6423200
2022-02-22,145.64757668405474,145.79894808613906,142.86052767887077,143.48382568359375,6868900
2022-02-23,143.81325701700672,144.8194466533732,143.22558390015246,143.55503845214844,8016900
2022-02-24,142.2728036230313,142.58445933721816,138.65766255545833,140.8125,12883400
2022-02-25,142.46870293674698,148.69280928757087,142.20157140136573,147.811279296875,11340400
2022-02-28,145.02422311078746,147.08111272438285,144.5879214272209,146.5379638671875,9373500
2022-03-01,145.1756381361984,146.6982787527689,144.61467671904305,146.03045654296875,8737800
2022-03-02,146.3955479377949,149.2627326136982,146.06607971489356,147.84693908691406,6793300
2022-03-03,148.4345983084813,150.78533169846912,148.09624432986172,150.01956176757812,7333700
2022-03-04,149.2716013782249,151.2483559623485,148.56816804889758,150.9099884033203,6302500
2022-03-07,149.85928357575173,154.15114658625902,149.0222776941459,153.3408660888672,11663400
2022-03-08,153.18947988053478,154.15114533755516,150.0462649416686,150.23326110839844,11100300
2022-03-09,151.38190480707468,151.57780037160623,149.49419873454355,150.80313110351562,7248200
2022-03-10,150.09078887458898,151.50656846712698,149.66338653449506,151.0702667236328,6171400
2022-03-11,150.59835489934247,152.67305739173833,150.5004071048731,150.79425048828125,5188000
2022-03-14,151.9785108419814,155.04159070354908,151.68468104351143,152.8778533935547,7729500
2022-03-15,154.33812091926166,157.17859272064305,153.64358711297152,156.84022521972656,10554400
2022-03-16,156.2347413673791,157.56147241719103,153.65248807317943,155.39773559570312,9603300
2022-03-17,156.01215314527312,157.4635439397706,155.11281068653878,157.4279327392578,7472100
2022-03-18,157.60602449889225,157.60602449889225,154.63199317315326,155.6826934814453,13809500
2022-03-21,155.52239301993993,157.7484663876127,155.21965030278608,156.56419372558594,7574900
2022-03-22,156.56420759007202,157.04503350184433,154.85458472272913,155.8251495361328,8442100
2022-03-23,156.02996956587486,156.30600055835453,155.01488040072684,155.23748779296875,5254200
2022-03-24,155.8251866489257,156.30601267521604,154.99709360729284,156.0388946533203,5012300
2022-03-25,156.43956552689752,158.2293239820819,156.02106256291455,157.5347900390625,4809500
2022-03-28,157.29436365341286,158.6567196833883,157.02724567645748,158.34507751464844,5604200
2022-03-29,159.04853771504062,159.74307174626873,157.42796283780106,158.2649688720703,5933400
2022-03-30,158.88822778885236,160.1526359341124,158.21149273443524,159.91221618652344,6277600
2022-03-31,159.9122512259334,160.46432682606488,157.58822938834112,157.8108367919922,11490400
2022-04-01,157.65054507273823,158.87932853883294,156.3594250201881,158.66563415527344,6525600
2022-04-04,158.6656494657874,158.6656494657874,156.28820411114424,157.1341094970703,6860600
2022-04-05,157.1340657651085,159.96562452746062,156.973781419705,158.14915466308594,7446100
2022-04-06,159.73415335820067,162.59243813694124,159.0485188135648,162.26296997070312,10330900
2022-04-07,161.76433176589882,162.90408048214843,160.4821110633989,161.84446716308594,7385200
2022-04-08,161.46159044391942,163.11778993513119,160.66019570417893,162.16502380371094,7144500
2022-04-11,162.94860246831962,164.01711517696612,159.92114752934177,160.1348419189453,5932000
2022-04-12,159.56494980225918,160.99854171602774,158.67452037971657,160.18824768066406,5957500
2022-04-13,160.18828553529934,161.02529156418507,159.60061230357098,160.86502075195312,5643100
2022-04-14,160.2772960576682,161.52389181447796,160.03687630925677,160.18824768066406,6188200
2022-04-18,160.03686147824646,160.62454810351213,157.37448644717276,158.1936798095703,6318700
2022-04-19,160.91842223735844,165.56646536948963,160.2327877098934,163.01983642578125,14380800
2022-04-20,162.27190067114918,164.12399593207354,161.96914427090582,163.74110412597656,8044900
2022-04-21,163.77670282424913,164.61370878646667,162.5568186720554,163.2691650390625,6969200
2022-04-22,162.4766507033999,163.08213616251462,161.50608593617972,161.64854431152344,8003600
2022-04-25,162.3608946312617,166.2342679821609,162.14720026941862,165.62876892089844,11176500
2022-04-26,164.81849610844694,166.12742848275693,163.99928906058787,164.4445037841797,10190000
2022-04-27,164.05273537649137,164.56918611504406,161.82666163456216,162.147216796875,11090100
2022-04-28,162.28077441304276,164.28424076382106,161.9869310511702,163.3582000732422,9403900
2022-04-29,162.5033750113198,162.54789920130068,160.45538455407606,160.68690490722656,8463100
2022-05-02,160.69577137349881,161.53277706083196,157.6326925121402,159.0662841796875,7145400
2022-05-03,159.20879692894576,160.83828454039534,158.21150665230329,158.75466918945312,5898700
2022-05-04,158.63000022082454,160.7225148517048,157.73957077566274,160.45538330078125,5923000
2022-05-05,159.7608490462284,160.0190811933704,156.065572292214,157.39230346679688,7089200
2022-05-06,155.94980433054766,157.49024338583263,155.54911381854424,157.04502868652344,6434000
2022-05-09,156.2258599445756,158.9950963551277,155.46008999734292,157.89987182617188,7855200
2022-05-10,158.70124631522734,159.54715162463538,157.16080708130525,157.6861572265625,8186700
2022-05-11,156.67997322723176,158.78138728916355,156.60873724024887,156.8313446044922,6138900
2022-05-12,157.1340805187846,158.45191225341316,155.56692963400675,158.38067626953125,6898600
2022-05-13,159.11974426024585,159.28892803417813,156.53750422082092,157.4724578857422,7732200
2022-05-16,157.47246350071433,159.50264168654004,156.8669643717285,158.56768798828125,5516700
2022-05-17,159.13754464216404,160.0101616563492,157.24092565821488,159.22659301757812,5751100
2022-05-18,159.24440162377087,159.71632815138608,155.97652713069692,156.27037048339844,8608800
2022-05-19,155.5758510964068,155.64708709038945,153.76828020808682,154.88131713867188,6874500
2022-05-20,155.6916205152769,157.74851071104203,154.9792741200952,157.58822631835938,7522100
2022-05-23,159.15648941750285,161.24451008466193,159.03102877216904,160.80540466308594,7040800
2022-05-24,160.63510892706483,162.86653042566118,160.50069171144327,162.56182861328125,6419800
2022-05-25,161.78220635390397,162.69628458358855,160.46486274100658,160.96670532226562,6558900
2022-05-26,162.2033854682359,162.2033854682359,160.05262781567862,160.8233184814453,6897600
2022-05-27,161.09212914567425,162.3467489862298,159.7210189516436,162.2840118408203,5853600
2022-05-31,159.51492179201233,161.4595683549793,156.8354246436991,160.8860321044922,16391400
2022-06-01,160.54551240395628,161.1549024458975,157.63302045257868,159.25506591796875,5175400
2022-06-02,159.28192871885497,159.34465219602447,156.45904406583688,158.75318908691406,8666500
2022-06-03,158.6815055299073,160.11533929945364,157.85703436154444,158.0989990234375,4234200
2022-06-06,158.8069792506133,159.96300842087965,157.72263015167965,158.08108520507812,5386500
2022-06-07,158.60085949152526,160.6799371530153,158.08109007615275,159.8196258544922,5447800
2022-06-08,159.6045711768882,160.8143673727405,158.43957161207146,158.86972045898438,4333100
2022-06-09,158.80698563560443,160.09743208423293,155.60771877494895,155.6704559326172,5509600
2022-06-10,154.29037851649994,155.90345370462907,152.90134116910582,154.63092041015625,6647300
2022-06-13,152.41743803566516,154.36208501292276,152.41743803566516,153.07162475585938,7997000
2022-06-14,153.29567481825393,153.34048512850524,149.8902963519582,150.72372436523438,7116800
2022-06-15,152.02311828335073,153.63619348868153,151.12696691085418,152.33677673339844,7796100
2022-06-16,150.9118780927045,152.53392348191645,150.02469702989043,152.41741943359375,7056700
2022-06-17,152.91031186292747,154.3172623961121,151.66466201191565,151.86181640625,12486600
2022-06-21,153.0178696336153,155.80490136395346,151.95144715371612,155.0431671142578,8219700
2022-06-22,154.13804332735364,159.44325806143937,153.8602385766682,157.48965454101562,10593100
2022-06-23,158.61879747563273,161.14595098207374,158.18864863328423,161.0025634765625,10223500
2022-06-24,162.0062523161481,163.57451729826803,161.2893284466276,163.35943603515625,9374400
2022-06-27,162.77692821362214,164.30935301566623,162.6514675734805,163.2070770263672,5908600
2022-06-28,163.25190101295766,163.96882487708652,158.00045319392777,158.56503295898438,9245700
2022-06-29,158.81595902454345,159.78380421902352,158.10799173058604,158.60984802246094,7097900
2022-06-30,158.49335842192897,159.77484853230538,156.85339949893233,159.0758514404297,10777200
2022-07-01,159.02203555612132,161.0563027093246,158.34096553320228,160.8770751953125,5498400
2022-07-05,160.25874271884894,160.527590850562,156.47698304218795,159.64039611816406,5676400
2022-07-06,159.57768722343215,160.8054102723234,158.98622401443342,159.78379821777344,5335600
2022-07-07,159.38946118595925,160.5186068333936,159.07580278013606,159.96299743652344,5725800
2022-07-08,159.81064891894377,161.29826322795302,159.3088064229364,159.76583862304688,3828300
2022-07-11,159.24609144307334,160.4290177833551,159.0847907644082,159.82859802246094,3645200
2022-07-12,159.4970040238862,159.91819622744416,157.00570451196413,157.5882110595703,4708800
2022-07-13,157.41791851237798,158.01833815807805,156.3783798686965,157.22076416015625,5291700
2022-07-14,154.61302591276782,157.73162947971392,154.40691488492675,157.43589782714844,5359600
2022-07-15,159.2550956409481,159.97200593112643,158.21555657632737,159.72108459472656,5691100
2022-07-18,159.28194404571525,159.68520941375536,155.8496827736602,156.13644409179688,7605700
2022-07-19,158.0183712638877,158.39475319493388,152.23819771523196,153.8602294921875,13256400
2022-07-20,154.31728210002217,154.63094058765375,152.13067030125188,152.98202514648438,7455800
2022-07-21,152.39056836553462,153.59140811780875,152.13964703443813,153.51971435546875,5729200
2022-07-22,153.77955564211896,154.5771296852069,153.29562632319494,154.24554443359375,4257000
2022-07-25,154.2455453817056,155.01623598672194,153.8870903592628,154.5502471923828,4437300
2022-07-26,154.63986958488073,156.8085541382882,154.577146103059,155.6435546875,4525500
2022-07-27,154.70259506179818,156.01993849662668,153.35836818333507,155.21339416503906,4648500
2022-07-28,155.39263431051575,157.80328356302596,153.63618537077406,156.10955810546875,5513000
2022-07-29,155.74213147980385,156.69206336283983,154.95352761870652,156.39633178710938,6451400
2022-08-01,156.0826495356946,156.96984412748677,155.51806991599213,155.8496551513672,5461400
2022-08-02,156.83543154246468,157.2655940048888,154.76532426096344,154.9624786376953,5794200
2022-08-03,154.63090285395987,157.05946511425466,153.93190596416275,156.45904541015625,5010000
2022-08-04,156.65620991419206,156.90713118962165,153.77957183723694,153.9498291015625,5651600
2022-08-05,153.51072504155266,153.71683601797986,152.15752778637875,153.3404541015625,5235500
2022-08-08,153.5107507319867,153.67205143422362,151.84390843793986,152.5249786376953,4629800
2022-08-09,152.82966463451336,153.3494341244697,152.1037841366353,152.50704956054688,5532500
2022-08-10,153.25982547071865,153.45697988450635,151.92455488173582,152.9461669921875,5603400
2022-08-11,151.01945406137432,152.3009441381197,149.63937309883212,149.7827606201172,9328700
2022-08-12,150.1411589037278,150.49962757121958,147.99935818437254,148.1337890625,14606900
2022-08-15,148.76111602210554,149.43322949810903,147.98146876568026,148.84176635742188,10072000
2022-08-16,148.63566596927987,150.77746718499986,148.40267153704966,150.1680908203125,7453600
2022-08-17,149.1285674232137,151.0552875884412,149.1285674232137,150.17706298828125,7406600
2022-08-18,150.26664390948562,150.822267015739,148.69837912938118,149.45115661621094,8312100
2022-08-19,149.74688454212352,152.45325156564508,149.6572639443398,151.7273712158203,8128500
2022-08-22,152.37691199413982,152.39495929653438,150.81615760543914,151.195068359375,5462600
2022-08-23,150.66283073720533,151.35750752384428,149.58022632344378,149.87794494628906,5566300
2022-08-24,150.26588504882145,150.29294912895776,148.9216565151743,149.3817596435547,5684300
2022-08-25,149.71551965190844,150.8793298550422,148.5878040568111,150.78009033203125,5678700
2022-08-26,151.07780724769194,151.11388808927398,148.13671619758688,148.1998748779297,5667100
2022-08-29,147.4781298139447,147.8119292114833,146.1699825296367,147.05410766601562,5259200
2022-08-30,147.32477064450225,147.54128323222713,146.17900772557235,146.5398712158203,6973300
2022-08-31,147.26163959202557,147.5503414512388,145.49338888556264,145.55653381347656,8741700
2022-09-01,145.69188063974744,149.30958836891534,145.6828501020729,149.1652374267578,7509600
2022-09-02,149.63433875249257,149.94107411370874,146.16096895041463,146.81956481933594,5803700
2022-09-06,147.90219755136036,149.9591502465572,146.89176851261473,147.21653747558594,7394600
2022-09-07,146.97294665875341,148.33522237613974,146.2963171853253,148.01947021484375,4590600
2022-09-08,147.84806658505178,149.23740648696057,147.12632567133193,149.21034240722656,5838400
2022-09-09,148.84945808231427,149.9410791889035,148.3081490309725,149.4990234375,5500600
2022-09-12,149.85992013247585,150.27492566584073,149.05698691376176,149.43589782714844,6365300
2022-09-13,147.56837209850107,148.35325781977227,145.07836702512634,145.54750061035156,6726400
2022-09-14,146.49479014175844,149.1832606159663,146.49479014175844,148.55174255371094,9555700
2022-09-15,148.36229088271347,149.82381994986994,148.04653871199162,148.9306640625,7174500
2022-09-16,149.14719472071326,151.2312114181011,148.6329496831434,151.2041473388672,20201500
2022-09-19,150.0313224549449,150.14859554478116,148.02849796377504,150.01327514648438,7380900
2022-09-20,149.0569640574924,149.67043484241202,148.2450141913195,148.8314208984375,7143400
2022-09-21,148.87654820600764,150.48241456894317,147.27068184307208,147.3067626953125,8071200
2022-09-22,147.1894677972122,150.80718906809656,146.90077969686317,149.9230499267578,7401100
2022-09-23,149.5261223280132,151.09589416348857,148.55177406837456,150.41024780273438,9598600
2022-09-26,149.58018246067934,150.51843567319023,148.29909934068468,149.48995971679688,8735500
2022-09-27,150.0854506451334,151.2672946773781,148.31718609933526,148.8043670654297,8686700
2022-09-28,149.98617917483486,151.00563851210975,148.94868629899682,150.08541870117188,8660900
2022-09-29,150.19368195782465,150.81618321860256,147.8570583620281,148.4344482421875,7008100
2022-09-30,148.85849948453952,149.52611225619236,147.34285591568005,147.37893676757812,8985200
2022-10-03,148.2179382464816,148.29914424698887,145.88131439258987,147.2345733642578,8657000
2022-10-04,147.82096553414428,149.76063084895696,146.98193797404917,149.4178009033203,6236100
2022-10-05,148.87651041524003,149.79671645745194,148.1457528898118,148.95770263671875,4539400
2022-10-06,148.66903354397024,148.85849586850696,145.87230642668456,146.07078552246094,5890700
2022-10-07,145.94447863163302,146.3504535853483,143.5988241518473,144.52806091308594,6363500
2022-10-10,144.91597783709685,145.50238447492208,143.60781665630776,144.71749877929688,5315600
2022-10-11,144.68140389964418,148.05553410989924,144.68140389964418,146.81053161621094,6212200
2022-10-12,147.00000298478318,148.75021999966114,146.60304484540126,146.7744598388672,4341700
2022-10-13,145.15055446831204,149.7516404060667,145.02425085025135,148.99380493164062,6465100
2022-10-14,148.35324481016158,149.47192987505625,147.5954232308343,148.3712921142578,5684600
2022-10-17,149.2193354281841,150.85227931991963,148.86748868158048,150.2929229736328,6710800
2022-10-18,148.85849437356836,150.81620746582655,147.0992603750933,149.76968383789062,10883600
2022-10-19,149.7606248200243,149.986167929693,147.85704042377802,148.5787811279297,10044600
2022-10-20,148.85846311066922,149.52607571918958,148.25400918511673,148.95770263671875,5659900
2022-10-21,148.59684571425174,152.8009593052452,148.34422473726664,152.20553588867188,8487600
2022-10-24,153.19793863370057,155.24587444567013,152.69272414191622,154.25347900390625,6855500
2022-10-25,153.52272200203706,154.37076651661695,152.03414259908294,154.00990295410156,5661900
2022-10-26,154.56021088639014,155.68792659587152,153.83847007910987,155.36314392089844,6123800
2022-10-27,155.48943323142524,156.46376740068703,154.92106016097284,155.45333862304688,5390900
2022-10-28,156.07586577291306,158.23205781878656,155.70597168890274,157.76292419433594,6073900
2022-10-31,157.44717121035453,158.02456114279565,156.45477581112985,156.9509735107422,7810000
2022-11-01,157.0321212436727,157.54636610465155,153.74821435237362,156.15701293945312,6985000
2022-11-02,155.9766292229333,156.92391326055926,153.63097482177017,153.7572784423828,6877300
2022-11-03,153.19794045648848,154.69555040785565,152.41305463070347,154.0189208984375,4819900
2022-11-04,154.7767195228659,155.62476391721637,152.68368637809888,154.7045440673828,5300900
2022-11-07,154.87594133870215,156.84268441899357,154.6684455317095,156.0577850341797,6621000
2022-11-08,156.1931443715288,157.6005314044905,155.33606940114464,156.83367919921875,5148400
2022-11-09,157.22164233966842,157.88022456478384,155.48044184754397,155.57968139648438,6150000
2022-11-10,157.29379752669098,157.6727083648612,155.2097672676628,157.4020538330078,7877500
2022-11-11,155.83224427676382,156.1750742147568,150.50041553063355,152.69268798828125,11074700
2022-11-14,153.59488892265725,156.31042355957516,153.59488892265725,155.09249877929688,6581500
2022-11-15,155.34509619428542,156.07585376948032,153.83846966242643,155.52552795410156,9351000
2022-11-16,156.653244440176,157.87118291560293,156.19314138544584,156.49085998535156,5500900
2022-11-17,156.07584951514556,157.8711778266218,156.0578022098376,157.75389099121094,4464100
2022-11-18,157.8802099304582,159.35977249002116,157.5373799266123,158.9628143310547,6555700
2022-11-21,159.70737271513136,160.30665323831985,158.74489943208565,159.78001403808594,5706600
2022-11-22,160.17044843158368,160.88777284928844,160.1068959321822,160.55181884765625,4707900
2022-11-23,160.206753885913,161.0784219467166,159.8163085538485,160.72430419921875,5389200
2022-11-25,161.06028535059127,161.732193316677,160.58812369651184,160.93316650390625,3058600
2022-11-28,160.48826857447563,161.41442823289614,160.31574714394543,161.01490783691406,6183100
2022-11-29,160.72430084693076,160.95129975353873,158.5905194377642,159.88894653320312,6700500
2022-11-30,160.14320771725787,161.63232020908586,158.6994977844016,161.6232452392578,13288000
2022-12-01,162.53122464284968,163.40290658067198,161.41439385009886,162.29515075683594,6282600
2022-12-02,161.16923325610676,162.49491304553067,160.67892168489848,162.42227172851562,5823900
2022-12-05,161.95011015152946,162.8581058321604,161.62323115230572,162.3314666748047,5120600
2022-12-06,163.36660815692997,163.4392494859582,159.74369980555448,159.8980712890625,7943500
2022-12-07,160.32482448236124,161.51429675931604,160.0160953817301,160.86961364746094,5702600
2022-12-08,160.5518216084338,161.14201332765245,160.11597365540365,160.8968505859375,4798500
2022-12-09,160.8241762400702,161.52333673145304,159.4985104228081,159.57115173339844,4561000
2022-12-12,159.76183974070437,161.5051898122575,159.44404956045014,161.4779510498047,4882400
2022-12-13,162.62202849238923,163.6208154069419,161.90470416115912,162.72190856933594,9177500
2022-12-14,162.14988512587675,164.38354694557435,162.14988512587675,163.2213134765625,9533600
2022-12-15,162.71283649075937,163.2939532196404,160.17044560631152,161.16017150878906,7602400
2022-12-16,160.71525016397098,160.71525016397098,158.77213978398174,159.5076141357422,18841800
2022-12-19,159.21706823456546,159.961617582093,158.05483472507154,159.33509826660156,5736000
2022-12-20,159.8072544003327,160.20677475312007,159.05361625392305,159.5076141357422,6174700
2022-12-21,160.05240868970796,161.78666997700168,159.489441924618,161.33267211914062,5472000
2022-12-22,160.50641875950157,161.17832677311154,159.20797758267284,160.74249267578125,5709100
2022-12-23,160.41558776145635,161.1873895960038,159.63471095829462,161.15106201171875,3683400
2022-12-27,161.72312669948735,161.9410506714515,160.70617587348642,161.10568237304688,3067300
2022-12-28,161.40531162130037,162.0318308748794,160.3974358340026,160.40652465820312,2645400
2022-12-29,161.21463413750558,161.89563089067312,160.77880009485443,161.2237091064453,2828800
2022-12-30,161.16015731652914,161.41439499709338,159.26243582636195,160.39743041992188,4216600
2023-01-03,159.95250071768075,161.96825196351332,159.81629307112237,161.7957305908203,6344900
2023-01-04,162.4313466046344,163.61174375935303,162.05906505073827,163.55726623535156,9788800
2023-01-05,162.54941533987062,163.4301723923857,161.99553733627778,162.3496551513672,6255300
2023-01-06,163.55725894611064,164.28364437364363,162.88533718523732,163.6662139892578,5706000
2023-01-09,162.80364878550458,163.2213190923771,159.06269668942736,159.4259033203125,7925300
2023-01-10,159.53480610127679,159.93432633686626,158.28178173636908,159.04449462890625,5047500
2023-01-11,159.4168024164288,159.55299622153223,156.27513138120753,158.790283203125,6494800
2023-01-12,158.22734589702932,158.63595509813328,156.9016797645178,157.99127197265625,4269400
2023-01-13,157.25578373815722,158.00033303713792,156.5203094087672,157.47369384765625,6088000
2023-01-17,157.9912177861034,158.51785684131318,156.2569430472955,156.50210571289062,6053300
2023-01-18,155.85748430715387,156.17528840109978,154.09598397145808,154.14137268066406,7047800
2023-01-19,153.47849731082408,155.52148743945946,153.18794591930654,153.9324951171875,6939500
2023-01-20,154.45006937043507,154.45914433938714,152.07111128812565,153.21519470214844,8620600
2023-01-23,153.54206183312672,154.0232983937716,152.4978585779266,152.82473754882812,8425400
2023-01-24,153.46942052238046,155.25817296663152,150.7363448933412,152.82473754882812,10541800
2023-01-25,151.78966076538396,153.91436767578125,151.7079444661187,153.91436767578125,7099800
2023-01-26,153.95067514610582,154.27755415536018,153.13347069551241,153.3513946533203,6946100
2023-01-27,153.03358215017082,153.33322237999258,152.33443546883427,152.75210571289062,6058100
2023-01-30,152.47971435681123,153.0335922992909,146.25995199805712,147.09530639648438,23259100
2023-01-31,146.82288996940224,148.39371852317956,146.23269835440266,148.3846435546875,11612500
2023-02-01,147.99423316754837,150.7091316091792,147.45850514210062,149.7466583251953,9865300
2023-02-02,148.00329786744726,150.92704510549186,147.83986529316743,150.30960083007812,10099000
2023-02-03,150.75453173267167,151.0360081955258,148.8114214016073,149.46517944335938,6868500
2023-02-06,149.41071745600792,149.68311897755655,148.09412626592606,148.3302001953125,7021000
2023-02-07,146.73211957910024,148.80234879251805,146.56867313861162,148.3665008544922,7310800
2023-02-08,148.27569823685351,149.41976781299726,147.91249164964663,148.5571746826172,6054700
2023-02-09,148.5753470633601,149.6377004143793,146.2508801905404,146.55050659179688,7949500
2023-02-10,146.88646215856093,147.81260775849876,146.50510564301342,147.2314910888672,7028000
2023-02-13,146.48695386878103,147.83987250427404,146.32350743161413,147.77630615234375,6414700
2023-02-14,147.76724573548088,147.97608089611876,146.87739985031342,147.1316375732422,6316000
2023-02-15,147.0498905362136,147.07712929691104,144.6346188183381,144.70726013183594,12621800
2023-02-16,144.43488198661606,144.96150729787456,143.3906786234585,143.68124389648438,11177000
2023-02-17,143.59894335341264,147.33935308758453,143.23312441018243,146.68089294433594,12401900
2023-02-21,146.0041104378945,146.6442899774536,144.3945492592528,144.49514770507812,9423900
2023-02-22,144.95242063311693,145.27251042454253,143.9190014338052,144.29396057128906,9820200
2023-02-23,144.22994950168015,145.03472315986136,143.2788343312424,144.24822998046875,9385100
2023-02-24,143.26055840246195,143.44347485048644,141.94365207681952,142.63868713378906,8689700
2023-02-27,143.07764789783556,143.48918197371665,141.824751235501,142.32774353027344,7267100
2023-02-28,141.7332953375381,141.9985158039271,139.95911191668696,140.16030883789062,9062300
2023-03-01,139.9316614586688,140.1420125509251,138.92569092067865,139.52928161621094,6767000
2023-03-02,138.7793747459579,139.70304134335854,138.30381713279579,139.41954040527344,8762500
2023-03-03,140.26094178649035,140.94683674436322,139.77624379929233,140.8553924560547,5747200
2023-03-06,141.440664683622,142.41920073274312,141.35836065188184,142.26373291015625,8148200
2023-03-07,142.74842539664542,142.8947529727853,140.2426319394367,140.91937255859375,7457700
2023-03-08,140.81876263475587,141.01995954693376,139.44697311785075,139.88595581054688,6230500
2023-03-09,140.34320719452296,140.47124031383052,137.8282599581101,138.31295776367188,7439400
2023-03-10,138.87995296718609,140.37063517811356,138.18491806042672,138.6513214111328,8504300
2023-03-13,139.09032521432886,142.58382297118516,138.6147815049397,139.9774169921875,10799600
2023-03-14,140.178634814098,140.86452975765127,138.91658365249808,140.76393127441406,8421200
2023-03-15,139.77619141453542,141.6509730543453,139.49269050426162,141.15713500976562,7757700
2023-03-16,140.33407496026052,141.17543758373208,139.55673588374282,140.864501953125,7605500
2023-03-17,141.27605768703714,141.70588628235987,139.28239650410842,139.35556030273438,20540700
2023-03-20,139.4378547741764,140.90110273714367,139.3555507393333,140.73648071289062,7129000
2023-03-21,140.8370791847767,140.95597209370575,139.1634940367992,140.73648071289062,8376800
2023-03-22,140.6999290908985,140.89197187066486,138.12095726891218,138.13925170898438,7943500
2023-03-23,138.25808698004832,138.72450434975727,137.27955104131865,138.21237182617188,9051500
2023-03-24,138.53245331063403,139.70304597060186,137.938016740416,139.60244750976562,5696200
2023-03-27,141.01995224094904,141.3308878329097,140.02312192607076,140.19688415527344,6772300
2023-03-28,139.36468713416028,140.33408295218027,138.76109631950266,138.84341430664062,6115300
2023-03-29,139.22748828983407,140.27004770881558,139.07202049410287,140.20602416992188,6012000
2023-03-30,140.45295270042607,140.65414960547264,139.74876353276315,140.31576538085938,4555700
2023-03-31,140.64500386975706,141.92534915655853,140.1420255314559,141.7515869140625,9890000
2023-04-03,141.70587279115333,143.5897950740668,140.78220608625327,143.4434814453125,6841900
2023-04-04,143.553199152026,145.38225181222424,143.2056746811277,144.9432830810547,8314500
2023-04-05,150.320694197458,151.50044102324003,148.84830619115655,151.4547119140625,16704200
2023-04-06,151.80225520589022,152.93625910842732,150.71396646362962,151.03404235839844,9615400
2023-04-10,150.55849486501637,150.75053760615327,149.65310865024355,150.27499389648438,5354000
2023-04-11,150.3664214181199,151.15291464057503,150.01889693821317,150.229248046875,5903800
2023-04-12,149.92745886382028,150.75052703439127,149.159260044012,149.90916442871094,5764100
2023-04-13,150.14694402145895,152.1131842375854,149.8085737045698,151.9119873046875,5640600
2023-04-14,151.78394721835363,151.92112059607015,150.0371984510812,151.66505432128906,7225100
2023-04-17,151.57362132906064,152.03088456154953,150.84199736616512,151.5095977783203,8046400
2023-04-18,150.21096492013658,150.61335877883278,146.00413779412378,147.24789428710938,14571500
2023-04-19,148.1441318703437,148.7751433445349,147.39421354788993,148.63796997070312,6752000
2023-04-20,148.54650715826875,149.81771217110384,147.20216627259327,149.5982208251953,9498800
2023-04-21,150.3847229525319,150.86942082656736,148.12584163561988,148.7843017578125,7014200
2023-04-24,148.78429458957572,149.80855963938743,148.0343762819888,149.68966674804688,5278900
2023-04-25,150.26582890850287,151.21694416866154,150.12865553182868,151.06146240234375,6263100
2023-04-26,150.0646307777473,150.3389914834513,148.37276534260866,148.72027587890625,5518200
2023-04-27,148.97632133370504,149.44273865460045,148.27214616475385,149.06777954101562,5739700
2023-04-28,148.89401895974285,149.76281612050914,148.66538739351157,149.70794677734375,6024900
2023-05-01,149.6165008544922,150.25666644188559,148.3727445898865,149.6165008544922,4893400
2023-05-02,150.2932452649651,151.33580466430982,149.5799158840747,150.9242706298828,7541700
2023-05-03,151.39983612655715,151.9759782230859,148.61966827974285,148.9488983154297,5937200
2023-05-04,148.7751493813436,148.97634630750412,147.46738331586567,148.2721710205078,5128000
2023-05-05,148.9214740559271,149.1866945236859,147.86977428884768,148.775146484375,5194500
2023-05-08,148.14415686396836,148.67458392321544,147.54970624975496,148.43679809570312,4994900
2023-05-09,147.92463525052125,148.27215972460755,147.0466838255639,147.2844696044922,5520500
2023-05-10,147.4216720342264,148.12586136095533,146.37911236101542,147.8332061767578,6756600
2023-05-11,147.9978284445045,148.32705854997252,145.76638150239543,147.22962951660156,5867600
2023-05-12,147.56799417450813,147.75089668059073,146.33337783795884,147.03756713867188,3904200
2023-05-15,147.05586258181967,147.26619976752545,145.3548427499362,145.91270446777344,5104500
2023-05-16,145.46456056665897,146.55284916762318,144.97986271229817,145.7206268310547,5599200
2023-05-17,146.13218376918925,146.37910983226928,144.28485028048289,145.40057373046875,6840700
2023-05-18,145.0987803544239,145.34569246641598,144.0927956051581,144.9341583251953,5173000
2023-05-19,145.03475266199868,146.26021480918152,144.62321853251987,145.32740783691406,6527100
2023-05-22,145.5853752959935,146.6358008591528,144.46123393157808,144.54415893554688,5675900
2023-05-23,144.75612845520087,145.8341959195942,144.08347689565227,144.48890686035156,5793000
2023-05-24,144.73769022906527,144.79297357480638,143.66883201189037,144.35069274902344,5015100
2023-05-25,143.7886046816044,144.0097380379847,141.6416793010146,142.2774658203125,6886100
2023-05-26,142.53544956488943,143.0790877569874,142.08394557526438,142.22216796875,6845400
2023-05-30,141.87205083876879,143.17126568352865,141.27312918912395,142.24061584472656,5593100
2023-05-31,142.54465922936575,143.45687641386564,141.7614552364777,142.87637329101562,11324600
2023-06-01,142.39723205566406,142.85794526338375,141.11644990059742,142.39723205566406,7901300
2023-06-02,142.56311235073477,144.94960366403294,141.98260914377195,144.63632202148438,7659700
2023-06-05,144.43361778913342,146.17511347950776,144.43361778913342,145.88026428222656,6430500
2023-06-06,147.041226094609,147.06886776172604,145.03250923837933,145.751220703125,5073600
2023-06-07,145.67751676650423,146.32251242259096,145.06937197940067,146.06451416015625,6504300
2023-06-08,146.04609537895564,147.8152325127677,145.41953212858252,147.6678009033203,5818400
2023-06-09,147.81524247586097,148.10088245101045,146.9398900830261,147.4374542236328,6264400
2023-06-12,147.42825362913945,147.658610275435,146.25803792919908,147.3361053466797,6510600
2023-06-13,147.17947277906413,148.20225690844362,146.6450436424658,148.11012268066406,6066800
2023-06-14,148.90251129167962,149.34479202522155,148.33121736517649,148.8656463623047,6699100
2023-06-15,149.31716829775,151.03102216346744,148.74587430260902,150.8651580810547,7138300
2023-06-16,151.5562080369364,152.02614449211464,150.994137379066,151.3258514404297,13426600
2023-06-20,151.3535100137235,152.32101063909369,150.93887090566554,151.23373413085938,7995800
2023-06-21,150.7269719051706,151.96168023206542,149.9069027555339,151.00340270996094,7177500
2023-06-22,151.02177396255973,152.6987766774101,150.92041650111437,152.60662841796875,5485900
2023-06-23,153.05816435684972,153.20559597880413,152.06302199843734,152.4776611328125,9450700
2023-06-26,152.01694287503747,152.01694287503747,148.65374171110702,150.7730255126953,6978800
2023-06-27,150.8190725451151,151.0033690805011,149.67651276089103,150.459716796875,4927500
2023-06-28,150.37681881123802,150.37681881123802,149.1881846795963,150.1556854248047,6780400
2023-06-29,149.86079640942916,151.40880014770815,149.48300819272308,151.20608520507812,4547500
2023-06-30,151.90636627237808,152.90150853317903,151.43644384082705,152.51451110839844,7580000
2023-07-03,151.42724852856978,151.47332267189728,150.15568934382816,150.51504516601562,4033700
2023-07-05,150.18328959537013,151.04020937352357,149.94370974008802,150.01742553710938,7224600
2023-07-06,149.50141781150072,149.6119844688196,148.349634931597,148.90249633789062,6332500
2023-07-07,147.86130879199195,148.3865145759663,146.69109322229662,146.73716735839844,7022200
2023-07-10,146.90304504458155,147.70469579615153,146.5068383311585,146.9767608642578,5739200
2023-07-11,146.62659150839528,147.7046587384557,145.21681020294307,146.16587829589844,6606700
2023-07-12,146.45153074913884,146.45153074913884,145.47482090478337,145.6591033935547,6940400
2023-07-13,145.58537293092124,146.626589274453,145.04173472282199,146.33172607421875,6401700
2023-07-14,146.67266985885033,147.64017053762558,146.48838736285816,147.30845642089844,5362200
2023-07-17,147.19785220107568,147.30841885850677,145.72356448936293,146.5712890625,5486800
2023-07-18,146.57132653519474,148.2483155276567,145.76046668046186,146.56210327148438,6332500
2023-07-19,145.5024871348674,147.80605378296605,144.9680579853259,146.26727294921875,7522600
2023-07-20,149.21579206361432,155.85005926931163,148.626079735549,155.1497802734375,21892900
2023-07-21,154.9654898007175,157.3980690663432,154.9654898007175,156.81756591796875,12080000
2023-07-24,158.02466228067163,160.16237874655124,157.5547397750871,157.63766479492188,15155400
2023-07-25,157.05712658484515,159.11190351376533,156.41213091879968,158.84469604492188,13790100
2023-07-26,158.48534504281065,160.18998955238612,157.93248356406957,159.14877319335938,14288200
2023-07-27,158.65120899959882,160.59541948898197,158.52220985119746,160.04257202148438,12446400
2023-07-28,160.32821176835012,161.58135237674972,159.61870942319118,160.77049255371094,14138800
2023-07-31,156.35686172061835,156.84521663047954,153.61101474557486,154.3665771484375,22632700
2023-08-01,153.29770671952244,155.80398766948812,153.0120667831409,155.6197052001953,15810300
2023-08-02,155.58287569604218,157.78508454716493,155.58287569604218,156.55958557128906,14595600
2023-08-03,156.596452148535,157.85881618582266,156.33845381825455,157.23223876953125,17424800
2023-08-04,156.95579187224786,159.11192657981968,154.6982996839003,155.7579345703125,23415100
2023-08-07,156.17255179478124,159.7200346853387,156.05276187421612,159.4989013671875,17736400
2023-08-08,159.39760309825843,159.9135997786808,157.9233148171759,159.57266235351562,27378700
2023-08-09,159.40679161116654,160.5585747875478,158.5314392090874,159.47129821777344,42974400
2023-08-10,160.32821046759855,162.14342179135897,158.1536433724255,158.64199829101562,48213800
2023-08-11,158.92763857734195,160.28213665537533,158.13521122597447,160.19000244140625,45905600
2023-08-14,159.88594115402185,161.80251009231023,158.2550122006967,159.81222534179688,64036900
2023-08-15,159.2225175634274,160.84422330027445,158.61437263966454,159.3515167236328,88958100
2023-08-16,158.97369517813095,161.0008304399243,158.60513024320528,158.84469604492188,85832700
2023-08-17,159.27778276866897,161.60899065106506,159.18563449622272,160.33741760253906,70904200
2023-08-18,159.56343770957835,160.31901424698597,157.84958372408565,158.93687438964844,49631700
2023-08-21,156.35686399136688,156.50429560474785,152.91994710605664,154.2007293701172,151319500
2023-08-22,153.74924522478221,154.65223936886406,152.41317944775352,152.97525024414062,56834800
2023-08-23,152.86464467777571,153.41750617984206,150.6255851200962,151.602294921875,119011400
2023-08-24,151.14159152625936,153.57415698592686,150.98495070444534,152.11830139160156,70755100
2023-08-25,152.48956806933214,155.71941003840612,152.26681497555813,154.2993927001953,18185500
2023-08-28,153.13922408000292,154.26225128784057,151.44076916804715,152.48025512695312,18458000
2023-08-29,153.0185833759313,153.77035557599646,151.0695469613061,152.49884033203125,12208600
2023-08-30,153.24131555297947,153.9095605645017,151.91410159661896,151.96051025390625,9939100
2023-08-31,151.62641123622572,151.8120458941311,149.68665085376446,150.05789184570312,15333000
2023-09-01,149.81656938206214,150.80037064326442,148.5079216688322,148.9441375732422,8610100
2023-09-05,149.01839128779307,150.32703902466636,148.75851978624962,149.1297607421875,9019800
2023-09-06,148.35015800477024,148.49866006369854,146.03915667116783,146.65170288085938,9753800
2023-09-07,147.70043575308333,149.48241745024293,147.55193373783712,148.52645874023438,9931800
2023-09-08,148.1180975129001,149.12974102169852,147.74685660605405,149.01837158203125,6957000
2023-09-11,149.4824607442386,150.99529536861075,148.9163090388304,150.9674530029297,6309300
2023-09-12,150.5590804005815,152.14615190244362,149.91867766188997,151.82131958007812,6045800
2023-09-13,151.9883510140448,153.09281190094643,151.2829875812871,152.2018280029297,7397500
2023-09-14,152.84220513579305,153.38980458626034,151.6913498394739,151.96978759765625,7758400
2023-09-15,152.1925242426268,152.97215278649006,149.62165199540752,149.84439086914062,13392100
2023-09-18,150.46623024672482,151.42218903125044,149.19471527665206,150.79107666015625,5789000
2023-09-19,150.58687495760793,151.14375042191554,149.77941828010012,150.54046630859375,5550800
2023-09-20,150.53120268421225,151.78415133955727,150.03930212025767,151.19944763183594,3837400
2023-09-21,150.88389599736348,151.74703748625473,149.97433169229146,150.039306640625,4526700
2023-09-22,149.70518826327586,149.79799141238422,148.73066314507125,148.9626922607422,4976700
2023-09-25,148.5636142199021,148.83276177232352,147.3199273529671,148.7399444580078,6722500
2023-09-26,148.32230190425352,148.5728973352478,147.440594024159,147.58909606933594,4904800
2023-09-27,147.18070804412986,147.34776220706564,144.0993546386053,145.81637573242188,10211600
2023-09-28,146.1783635474466,146.60530341191608,144.9903754401428,145.60293579101562,7861900
2023-09-29,146.05769772967548,146.27117473392016,144.1829124851538,144.5541534423828,7680700
2023-10-02,144.2478640959969,144.2478640959969,142.29882795173137,143.9972686767578,7259700
2023-10-03,143.56105420972898,144.32211654163183,142.82784840195814,144.17361450195312,5740800
2023-10-04,144.38707637739174,144.7211846887867,143.45895996947462,144.34066772460938,4955200
2023-10-05,145.03676621711298,146.67952218923926,144.8511457535993,145.84422302246094,5993300
2023-10-06,145.78854558563197,146.92084888016785,145.3337633896514,146.30828857421875,5802200
2023-10-09,145.8813310576126,147.4591402899076,145.79780397927206,147.14356994628906,4414100
2023-10-10,146.99509827807614,147.82112141051385,146.5495921539788,146.97653198242188,5273500
2023-10-11,147.0693659951772,147.61695140270362,144.8233113098497,144.9532470703125,6922900
2023-10-12,144.71193706082948,145.30593111214688,143.9230464562319,145.09246826171875,5792400
2023-10-13,145.46370488335467,146.04842284958127,144.8325924185484,145.57508850097656,5359800
2023-10-16,146.4753690208299,146.87445236222098,145.5658045536836,146.20620727539062,6408100
2023-10-17,144.76761181581867,147.52411903205362,143.4960967065286,144.8697052001953,12244400
2023-10-18,144.2385956668851,144.73977236996714,141.1201235090008,141.75123596191406,9097300
2023-10-19,140.76747363827025,142.103964098855,139.3567321341043,141.37075805664062,7733800
2023-10-20,141.76051061898562,142.80927256958594,141.3799794784464,142.00181579589844,7207000
2023-10-23,141.87188545680888,142.46587943651636,140.34049893219958,140.50755310058594,5874000
2023-10-24,139.91356261002286,141.0365898081602,139.3381349108751,140.3590545654297,6155300
2023-10-25,140.36837189552816,141.23151361089975,139.43096498432718,140.67465209960938,5880800
2023-10-26,141.04585943369494,141.04585943369494,138.1779829737099,138.2893524169922,7612500
2023-10-27,137.81603003614515,137.9738081484137,134.53048955593,135.13377380371094,11385800
2023-10-30,135.58853624067433,136.6558787140512,135.50500915444326,136.46096801757812,8205300
2023-10-31,136.9342771744824,137.8623935050079,136.09897814178197,137.67677307128906,7576900
2023-11-01,138.4657368305096,138.99475600093464,137.7882155848315,138.00167846679688,5733000
2023-11-02,137.09209765621614,139.58871920364922,136.93430538501966,139.4402313232422,5349100
2023-11-03,140.34049035954845,141.32429150066253,139.35667505650164,140.4611358642578,4926800
2023-11-06,140.86950858112064,141.4727785871484,140.48897745144396,140.79525756835938,4851400
2023-11-07,141.0087390541356,141.30574314451601,139.8485933797143,140.0527801513672,4840400
2023-11-08,140.470475144255,140.91596721690487,139.53306816733922,139.5423583984375,5460000
2023-11-09,139.68155319818197,139.68155319818197,136.67445021043582,136.8229522705078,6973600
2023-11-10,137.59326231459406,137.82529142473672,135.17087783822743,136.66514587402344,6930700
2023-11-13,136.6651639573006,137.26843405872188,136.1082883545003,137.01785278320312,5889300
2023-11-14,137.02711851924366,137.862417698531,136.40528216809705,137.04568481445312,6713600
2023-11-15,136.75797835113178,138.67917223199376,136.68372732821877,138.10374450683594,6729100
2023-11-16,138.75341193015643,139.3752482641238,137.9552312014053,139.31028747558594,6875600
2023-11-17,139.72793003393224,139.9506689113672,138.35432169599682,139.02255249023438,7023300
2023-11-20,138.3770406357038,140.70654825056218,138.0308778369447,140.24813842773438,8851700
2023-11-21,140.4259077881281,141.53919908446562,139.96748364821647,141.38015747070312,5916300
2023-11-22,141.85729494542176,142.240859174012,140.69720908303808,141.09950256347656,4633500
2023-11-24,141.1369191220992,142.8396108356228,141.1369191220992,142.6712188720703,3351400
2023-11-27,142.47474550631964,142.5028251085682,141.23982829649938,141.52984619140625,6449700
2023-11-28,141.64211325588315,142.02569177295712,141.11820809858446,141.8572998046875,5909000
2023-11-29,141.57662367235565,142.39054668704213,141.33338608558628,142.3063507080078,5190000
2023-11-30,142.44667533931514,145.14106083332757,142.12859212831194,144.69200134277344,12481900
2023-12-01,146.35727403808923,148.24708683691864,145.44979045166508,148.1722412109375,10342900
2023-12-04,147.8167573921762,149.70657056605924,147.8167573921762,148.64004516601562,8920300
2023-12-05,148.565155515617,149.3416627494909,148.02253548681324,148.33126831054688,7268200
2023-12-06,148.30323221605622,148.43420850569504,146.10468634496345,146.5256805419922,6642900
2023-12-07,146.4882477220429,146.4882477220429,144.73877585614562,145.38429260253906,6532400
2023-12-08,145.40303257654685,145.80532609382342,143.9248633549637,144.4674835205078,6254700
2023-12-11,144.54230279397427,145.45913670456812,144.40197617130184,145.0662078857422,6090400
2023-12-12,145.01008150615567,145.30946401046228,143.74708476354527,145.07557678222656,5324400
2023-12-13,143.75645126328445,145.88950167057897,141.98826436578128,145.74916076660156,10764600
2023-12-14,146.38533815049155,147.03086917830464,145.05686041985652,146.75955200195312,9240700
2023-12-15,145.46850763888625,146.5911634949868,143.84999771870304,145.15977478027344,21727800
2023-12-18,145.20655016351935,146.3572713063969,144.78554174081538,145.42172241210938,7231400
2023-12-19,145.29076678241944,146.41342276001504,144.95396856160622,146.37600708007812,6651500
2023-12-20,146.45082097974446,146.56309655685993,143.24189505111931,143.39158630371094,7008300
2023-12-21,143.78450660103874,145.13169924371454,143.4196431165926,144.86038208007812,4598600
2023-12-22,145.24398862530253,146.44149025583778,145.02881634295437,145.44046020507812,3798900
2023-12-26,145.0100739866572,146.2730706637749,144.8697473671298,146.07659912109375,4170000
2023-12-27,145.4778338649267,146.43209760827452,145.4029882502189,146.27305603027344,5288100
2023-12-28,145.9456306490189,147.1057164420194,145.9362802989984,146.48825073242188,4377500
2023-12-29,146.42275292827696,146.78761642758644,145.92691315422417,146.637939453125,4313700
2024-01-02,146.81569782402326,151.2221398983621,146.68472153494233,149.65977478027344,9622100
2024-01-03,150.28658877636659,151.0350308214125,149.50073105297344,150.59532165527344,8232000
2024-01-04,151.1753559633682,151.5402194938575,150.0807653719002,150.27723693847656,6766600
2024-01-05,150.15560995570377,150.94146766583788,149.1919956568941,150.74501037597656,5602500
2024-01-08,150.71693773281265,151.24084284747087,149.32296469354128,151.1192169189453,6569800
2024-01-09,151.21279907226562,152.7564493104776,150.24918468289886,151.21279907226562,6357000
2024-01-10,151.39053560923782,152.1389633374342,150.81048556193858,151.4373016357422,4945100
2024-01-11,151.62440461334992,151.74601625312135,150.41753863734843,150.76368713378906,4946000
2024-01-12,151.40924281566882,151.99864323852637,151.2689161794382,151.92379760742188,4496900
2024-01-16,151.15664562581915,151.7928120382831,149.85621892467444,150.17431640625,6923200
2024-01-17,149.921726441277,150.904055741047,149.5662132550844,150.09011840820312,5072100
2024-01-18,149.68781906471133,150.9695164473432,149.3978011993283,150.81983947753906,5368500
2024-01-19,150.76371218534211,151.48408889593233,149.94978914210228,151.25955200195312,7071300
2024-01-22,151.5589175961533,153.03708653019396,150.94145191319777,151.99862670898438,6824200
2024-01-23,149.36975941721764,150.1649675161247,146.79699962155422,149.5100860595703,9149800
2024-01-24,149.45395169119038,150.24917404569456,147.9664322178115,148.71487426757812,7247900
2024-01-25,148.75229417369772,149.33232999796272,148.25645433514634,149.2761993408203,5478900
2024-01-26,150.09010060702022,150.38013275234658,149.08907072432484,149.2200469970703,5591900
2024-01-29,148.76163296885906,149.75332684427147,148.71486694177,149.08908081054688,6483200
2024-01-30,149.07972947387728,149.4632936904655,147.93835862371196,148.537109375,7200500
2024-01-31,150.06202994107912,150.26785183025905,148.4435344264755,148.65870666503906,8256800
2024-02-01,147.96641175902295,148.27514459718972,146.9279519489503,148.1535186767578,8012000
2024-02-02,147.7886433105155,148.10672647262928,145.88948041125633,146.51629638671875,8295900
2024-02-05,146.516337368719,146.7782899608294,145.32818607749616,145.758544921875,9121600
2024-02-06,145.78660866551195,148.4996951722907,145.57143638333596,147.8728790283203,9229900
2024-02-07,147.62962745001983,149.09843188117594,147.52671649430744,147.7980194091797,8690300
2024-02-08,147.19927306142978,147.19927306142978,145.30010977438877,146.31985473632812,9755000
2024-02-09,146.19822167293773,147.0682752446457,145.63688665707664,146.65663146972656,6529200
2024-02-12,146.4882557016412,148.20031198614205,146.27308344112242,147.67640686035156,6701500
2024-02-13,147.47992064538298,148.2377129324096,145.71173388387328,146.3853302001953,8621000
2024-02-14,146.27306266645036,146.37597360692484,144.8603748221788,145.70237731933594,9098800
2024-02-15,145.92691515267467,148.26578743036686,145.84271917676017,147.74188232421875,7462500
2024-02-16,147.61935534018988,148.24149492405266,146.74268122517242,147.5722198486328,8541000
2024-02-20,147.58164747469402,149.51408764092065,147.46853379712883,148.80709838867188,9501700
2024-02-21,148.9579232681752,149.58949859497682,148.11896328078404,149.58006286621094,7472500
2024-02-22,149.86285045886265,151.52192762202995,148.72224929291693,151.24855041503906,8065000
2024-02-23,151.6538846101026,152.9453134708221,150.97517390193732,152.55882263183594,6726000
2024-02-26,152.52114933484074,152.7190982685547,151.36169100045993,151.56906127929688,5465400
2024-02-27,151.14487202592605,151.80472578404667,150.48501826780543,151.7481689453125,5078600
2024-02-28,151.76701506072203,152.34203351922065,151.0977256219848,152.2854766845703,6071100
2024-02-29,152.7096686900777,152.88877492388917,151.71045957905832,152.12522888183594,9849100
2024-03-01,152.54943682047337,153.24700476182508,151.85186887912164,152.8227996826172,5670100
2024-03-04,152.06867395003687,152.34203678461694,149.19358159591727,150.6735382080078,8532900
2024-03-05,151.40881507260147,151.9932693075231,150.07025046855944,150.7960968017578,8298200
2024-03-06,150.31533752616204,151.70102313208528,150.08909580288264,150.20220947265625,5773700
2024-03-07,150.82435689681535,151.16371227518246,149.16529414909374,149.7591552734375,5188700
2024-03-08,149.75916982614635,151.1920053833454,149.34440050297823,150.3719024658203,5284000
2024-03-11,150.34361989385164,152.06867532188554,149.76860141784033,151.98382568359375,4620800
2024-03-12,152.3137768416587,153.7560338660242,151.88958613750427,153.40725708007812,8018700
2024-03-13,153.20928354836414,153.35067564575905,150.64526803489275,151.86129760742188,6260000
2024-03-14,151.7104504493581,152.27603315060168,149.58948295629912,150.0796661376953,6988300
2024-03-15,148.99560521027234,150.06080680464032,148.09066714842635,149.1087188720703,13165500
2024-03-18,149.4763540262742,149.58946767822397,147.52505722776138,147.7701416015625,6602300
2024-03-19,147.6853209488283,147.86442717125823,146.73324738884924,147.251708984375,7840600
2024-03-20,146.77095781276742,147.46852568140716,146.30906739897358,146.8275146484375,5982300
2024-03-21,146.66728739423698,147.9492952679411,146.20539691144927,146.818115234375,5915800
2024-03-22,146.76153776046286,147.39311307056096,146.2147977046169,146.32791137695312,7248600
2024-03-25,146.48816722034266,147.03490730111923,146.01684105247318,146.31849670410156,7498100
2024-03-26,146.68611676842403,147.27055655891888,145.88485660477699,146.83694458007812,6864100
2024-03-27,147.04434096151928,149.14645161320047,146.5258793074097,148.9013671875,8461600
2024-03-28,149.12758540700398,150.01368083726788,149.042750155272,149.1181640625,6181500
2024-04-01,148.67511735946294,149.08045093187417,147.7796005785989,148.73167419433594,4364700
2024-04-02,147.59108923055152,148.77882604468695,147.00663497722104,148.68455505371094,6102300
2024-04-03,148.74107406982603,148.98617283054134,145.4040918403855,145.41351318359375,8098200
2024-04-04,146.4033213960526,146.58242762831392,143.66963557319747,143.7544708251953,6947400
2024-04-05,143.31141671813558,144.2352118718488,142.91550450940133,143.65077209472656,6783000
2024-04-08,143.2737370538649,144.26351052266276,142.86838906043073,142.89666748046875,5935400
2024-04-09,142.85894984391032,143.78274501163418,142.2839314021805,143.55650329589844,6135300
2024-04-10,142.84009396174463,143.11347116850277,141.17159545565505,141.58636474609375,6809500
2024-04-11,142.15195757396458,142.2179357497877,139.8801622729281,140.25721740722656,8374400
2024-04-12,139.5690997749544,140.52118782085896,138.7112827142574,139.06007385253906,7100200
2024-04-15,139.86132051745926,140.91710089983115,138.9186681947508,139.1260528564453,8502300
2024-04-16,136.69400542536803,137.86289946047583,135.1669132956772,136.16612243652344,12774900
2024-04-17,136.68457943260324,137.07107031619805,135.30830078671556,136.4677734375,9378100
2024-04-18,136.66571621323237,137.43869794565742,134.92181821879717,137.38214111328125,9887700
2024-04-19,137.7686266191553,139.6350885122052,136.2509558548223,139.42770385742188,9750800
2024-04-22,139.99327989435628,141.65235705313026,138.85267873143096,140.56829833984375,10118700
2024-04-23,141.26587657432253,141.85975213587426,139.70107027851722,140.9830780029297,10110400
2024-04-24,139.6444969530207,140.44575708007275,138.43790328235892,140.0121307373047,9756300
2024-04-25,140.80395920263672,141.0019225000743,137.9383027479979,138.40020751953125,7642700
2024-04-26,138.28708401534396,138.7395530738445,137.58009481855413,137.7592010498047,6183000
2024-04-29,137.75919652263332,138.77726265860187,137.61780444141473,138.40020751953125,6149600
2024-04-30,138.45677757408473,138.45677757408473,136.2415388652366,136.298095703125,8817700
2024-05-01,140.21011792443156,143.141767354433,139.154337494872,142.5101776123047,14470900
2024-05-02,143.3208517785649,143.59422900506243,140.58716581598674,141.3224334716797,8459800
2024-05-03,141.29415663648044,141.29415663648044,139.34287380026677,140.709716796875,6532700
2024-05-06,141.27528014183702,141.44496501681343,139.4276898908648,140.05926513671875,5042800
2024-05-07,140.8133923165961,141.14331196122563,139.93671827811997,140.1912384033203,7333500
2024-05-08,140.56829969444763,141.14331814547634,140.17238747330634,140.40805053710938,7735100
2024-05-09,140.43632200658385,141.49210226112902,140.35148675990726,141.25643920898438,6546200
2024-05-10,141.39783879121813,141.48267404239718,140.63429276314267,141.31300354003906,5710600
2024-05-13,141.43552974585353,143.28313438652143,141.12446717756615,142.54786682128906,5628500
2024-05-14,143.1417476523641,143.48110303234685,142.0576889517682,142.69869995117188,8254200
2024-05-15,143.11348801200796,144.1786753964745,142.6233047580044,143.91473388671875,5548000
2024-05-16,144.22580970584798,145.52667455304834,143.5942343567135,145.43240356445312,7591000
2024-05-17,145.97911314019834,145.97911314019834,144.89506891661713,145.771728515625,6521800
2024-05-20,145.48666509768884,145.76223762818017,143.73815340422095,143.74766540527344,7742300
2024-05-21,144.23230255688293,145.00202066125127,143.29152792932052,143.7191619873047,5492400
2024-05-22,143.33904810524348,146.41793510153835,142.84491702559305,145.8667755126953,6609800
2024-05-23,145.15407024893844,145.23959126204693,141.95165775807877,142.2557373046875,8000400
2024-05-24,142.09419340705284,142.36026844901062,139.461935491968,139.6614990234375,9520600
2024-05-28,139.49043154659668,139.49043154659668,136.98171384792505,137.20028686523438,10499800
2024-05-29,136.6681448785771,138.18857158860038,136.56361436413783,137.25730895996094,8263800
2024-05-30,137.4283588695626,138.36913355349992,136.85820425808777,138.0555419921875,8490300
2024-05-31,138.33111322378193,140.1461218710464,137.97000519448267,139.37640380859375,14621200
2024-06-03,139.9275651914542,141.4955083392696,139.47143864845359,140.39320373535156,7329200
2024-06-04,140.1461165581439,140.93484409223848,138.9202720051539,140.45021057128906,8876400
2024-06-05,140.61178719199393,140.63079669715714,138.59721464480975,138.71124267578125,5891300
2024-06-06,138.26459112603757,139.6899992819761,137.46636603871238,139.1388397216797,5016300
2024-06-07,139.38591940710893,140.92537023189638,139.06283033894482,139.7660369873047,5111600
2024-06-10,139.24338373876677,140.2221629407793,138.35963755636834,139.8135528564453,5749900
2024-06-11,139.50943056269165,139.84203156403314,138.20756255744075,139.4619140625,5661200
2024-06-12,139.7470358316932,139.88958537028358,137.58041624515562,138.17909240722656,6180500
2024-06-13,137.85597800176626,138.73972407870536,136.72515190331634,138.21707153320312,6840400
2024-06-14,137.92250921727728,138.71123689865664,137.29532607304745,138.3026123046875,4075300
2024-06-17,137.80848400334435,139.14835683881057,137.54240893672667,138.69223022460938,6666600
2024-06-18,138.70171626960283,139.11032629543774,138.03651422754453,138.40711975097656,6156600
2024-06-20,138.046020567123,140.71628262645123,137.79894056163337,140.4311981201172,8749700
2024-06-21,140.53576211326074,141.66658840787073,140.04161648452282,141.35299682617188,15172300
2024-06-24,141.59056181651633,142.27475897992528,140.80183412814202,141.70458984375,6914700
2024-06-25,141.76159198566108,141.78060148860925,139.63299165553863,139.8705596923828,5912500
2024-06-26,138.92978807060476,139.87056273698667,138.53067550001919,139.5189666748047,5267800
2024-06-27,139.49997013232758,140.0321202758835,137.63743012987788,138.54969787597656,5739200
2024-06-28,138.77775739315328,139.756551181571,138.40715178394825,138.8917999267578,10495700
2024-07-01,138.80625612693606,141.30546195331144,138.37862207109063,139.15785217285156,5144400
2024-07-02,139.1483219941246,139.8325189940957,138.49264649415227,138.76821899414062,5492000
2024-07-03,138.92977820461493,139.35739774987505,137.54238905777078,138.4451446533203,3246200
2024-07-05,138.52117670339115,139.26238782754987,137.3143270012343,139.19586181640625,4888500
2024-07-08,139.11982350461608,139.89905355225164,138.02701643781103,138.24557495117188,5260200
2024-07-09,138.4261230278106,139.8135265531461,137.96048451930753,139.7375030517578,5890400
2024-07-10,139.93707193598866,142.0371797726971,139.3859123476217,141.99916076660156,6093200
2024-07-11,142.14170928720952,143.0919814328654,141.2484511502926,142.2557373046875,6350400
2024-07-12,142.5408163431521,143.37706043903248,141.8186147603474,142.42678833007812,5336400
2024-07-15,142.61685923320152,142.77840377367713,141.46702344510575,141.81863403320312,6711400
2024-07-16,142.24624336906467,143.5671211046381,141.74260027924188,143.50059509277344,6469600
2024-07-17,144.0137420370787,149.65836072444452,143.8902020220348,148.79360961914062,13801400
2024-07-18,147.8623559696768,149.25925722446763,146.93107879981446,147.69129943847656,10166200
2024-07-19,148.72709218037255,148.72709218037255,146.45594227294762,146.9976043701172,7398000
2024-07-22,147.0736198695458,147.39670890989976,145.9522912294915,146.56997680664062,6840600
2024-07-23,145.68620937002459,145.86676338411584,144.0327452409806,144.77395629882812,6261900
2024-07-24,145.16356765262933,148.6320696819387,144.75495759027353,148.50852966308594,7168200
2024-07-25,148.69858303768186,152.59470468060522,148.24245646241357,151.70144653320312,10019600
2024-07-26,151.8059916773868,153.54499163190755,151.539916607843,152.6517333984375,8356900
2024-07-29,152.0150429032207,152.04354990882837,150.1905220443151,150.67515563964844,5625000
2024-07-30,150.65613621746252,153.51646459181447,150.485094195077,153.30740356445312,6545700
2024-07-31,151.9010174281937,152.37615352962692,149.8959425001455,150.00047302246094,8293200
2024-08-01,150.59911266527897,152.81324831473074,149.86741361589006,152.76573181152344,7213400
2024-08-02,153.84904641947276,156.65236070043406,152.99380733375668,155.9776611328125,11280400
2024-08-05,155.64506915975795,157.53611595936755,152.59470367647071,153.23138427734375,12032200
2024-08-06,153.04132602714884,153.44993607394514,151.03625129751646,151.06475830078125,7607100
2024-08-07,150.9697229776406,152.63269914262372,150.32354491353354,150.99822998046875,5993000
2024-08-08,150.68465086032305,152.70872053306917,150.17149581652734,152.25259399414062,5094800
2024-08-09,152.15756962096168,152.92728773033545,151.41635851563865,152.63270568847656,4579200
2024-08-12,152.96529747903207,153.65899203562424,150.81768780382836,151.92950439453125,7605400
2024-08-13,152.30012718809206,152.39514570661416,148.66058297863026,150.51361083984375,9711400
2024-08-14,149.98145001748912,151.61591921928917,149.5728254670382,150.59912109375,5141200
2024-08-15,150.49457495920277,151.5683869803173,149.99093194929952,151.17877197265625,7237800
2024-08-16,151.2263144008874,151.9865350461733,150.31404672654375,151.46388244628906,5012800
2024-08-19,151.53039579025037,152.31910887504083,151.21680425653776,151.6919403076172,4408400
2024-08-20,152.0435401380646,152.92728625511617,151.72994859652962,152.19558715820312,7275100
2024-08-21,152.4236409288165,153.44993654953444,152.33811991875712,153.4024200439453,5019400
2024-08-22,153.94408657329998,154.409725141578,152.794250904696,154.2766876220703,6552100
2024-08-23,154.41923705313215,156.0537064453256,153.65901637071605,155.9681854248047,7093400
2024-08-26,156.00617907623229,157.46960632553254,155.40750297424557,156.42430114746094,6870600
2024-08-27,156.54879066954294,157.0658261185568,155.26576433193807,156.0221710205078,4388700
2024-08-28,156.07002818016875,157.98499785109107,155.79236400631103,156.95091247558594,5187000
2024-08-29,157.63071383496106,157.71688395318662,156.4147041520119,157.24771118164062,7390100
2024-08-30,157.1423971295614,158.9233194014905,156.84557918591628,158.8084259033203,7971000
2024-09-03,158.21480765392596,160.67553621109667,157.76478858917997,160.0531768798828,6956500
2024-09-04,160.67552466910686,161.67131705958903,158.98077245361435,160.24465942382812,6939100
2024-09-05,160.09146672248764,160.2542373965506,157.82223226458788,157.97543334960938,4600400
2024-09-06,158.15734891331408,158.88504678841576,157.1424172559987,157.39137268066406,6016900
2024-09-09,157.8317829331834,160.29252575740261,157.47751825034166,159.5265350341797,7538200
2024-09-10,160.37871797368246,161.2979098901968,159.66060431111373,160.26382446289062,6559600
2024-09-11,159.6988842126655,159.6988842126655,157.1136781609321,157.81265258789062,5920200
2024-09-12,157.21900889530122,158.08075402330743,155.7923658242544,157.6403045654297,4540900
2024-09-13,157.73604270375895,158.70309703997754,156.85515848847854,158.48287963867188,3693400
2024-09-16,159.2871912046746,160.13935219548281,158.73184820020649,159.89041137695312,5187800
2024-09-17,159.17226590570118,160.5893392075475,158.87543336857362,159.96697998046875,5066500
2024-09-18,159.54570860363881,161.19258374925977,158.69354765352583,159.0861053466797,4722800
2024-09-19,159.16269505942404,159.29674234773438,157.4296498998191,157.81265258789062,4956100
2024-09-20,157.31477239960117,157.8605311967839,156.59665872274059,157.18072509765625,11839000
2024-09-23,157.4105105858644,157.50626491920096,155.80194297824175,156.2806854248047,4671600
2024-09-24,155.868944588405,156.53919563827867,154.6816727836065,155.859375,6041600
2024-09-25,156.07003736407944,156.37643954228557,153.54227783411883,153.77207946777344,5420000
2024-09-26,153.427371212922,154.6720897778661,153.2167233859188,154.52847290039062,6122000
2024-09-27,155.11255219801257,156.48174857804278,154.48060866412482,154.53805541992188,7553800
2024-09-30,154.7008247129483,155.2848764098711,153.84864922320168,155.16998291015625,6010000
2024-10-01,155.52424734351888,155.83064948898271,154.3273913566603,155.10296630859375,4408000
2024-10-02,154.6433666468811,155.22743296630276,153.8199291245827,154.3178253173828,4684400
2024-10-03,153.94440989137405,154.57635338596907,153.40822072386032,153.6763153076172,4791200
2024-10-04,152.84329091341598,153.67629794669372,152.02942305534512,153.4752197265625,5331100
2024-10-07,153.4369488619658,154.02101521114693,152.45074062466867,152.74755859375,4266000
2024-10-08,152.70924754977113,153.43693069782802,152.19219760478884,152.90074157714844,4766300
2024-10-09,153.1209863894832,154.36571970535155,152.7284140665448,153.8199462890625,6047200
2024-10-10,154.4997351664511,154.52845853927678,153.19755536147628,153.6858673095703,4793900
2024-10-11,155.2848650599134,155.74446824529676,154.3465341240228,154.59548950195312,5253500
2024-10-14,154.53802933012832,155.24657328881267,154.05928696589612,154.7295379638672,5964000
2024-10-15,153.19756699965725,159.6605893574553,152.2400822059094,157.12326049804688,10548000
2024-10-16,157.0275139338158,157.97542918608636,155.72533396557202,157.2956085205078,5982100
2024-10-17,157.27644557037658,157.98498957110436,156.67324009049022,157.47752380371094,4798000
2024-10-18,157.87966662206372,158.26265469448518,156.96047479417044,158.09988403320312,5908000
2024-10-21,158.0807517413792,158.22436862227744,155.40936087619903,155.90725708007812,6082700
2024-10-22,155.41893713877533,156.76897958045865,155.01678067267747,156.50088500976562,5680300
2024-10-23,155.89767860589578,158.9424731878716,155.51467592856474,158.8084259033203,7441600
2024-10-24,157.98498910665833,158.4733010860943,156.39556086135312,156.71153259277344,5386300
2024-10-25,156.72110691667785,156.95090853103437,153.78163614291879,154.0401611328125,6400400
2024-10-28,154.27951897268434,155.0838026381806,154.15504128276555,154.7295379638672,4842500
2024-10-29,154.59550128538734,155.2753073075725,153.25501380759857,153.2837371826172,5216900
2024-10-30,152.6709456158437,154.42314452066108,152.2688037604844,153.78163146972656,5820500
2024-10-31,153.1880153106068,154.0305920927161,152.68054947943023,153.06353759765625,8613900
2024-11-01,153.75291725765334,154.2125058897296,153.08268079211308,153.32205200195312,5256400
2024-11-04,152.9103250715491,153.46566802848986,151.3496347269309,151.5124053955078,4644000
2024-11-05,150.96663949981158,151.84752383750802,149.70276705357225,151.61773681640625,6547100
2024-11-06,153.1018027302796,154.01142491329492,150.66022835288177,151.16769409179688,8926600
2024-11-07,151.73261817533063,152.00071275185203,149.85594152962213,150.06658935546875,7522800
2024-11-08,150.32510367673314,150.40170420888361,148.80270645164373,148.8601531982422,8926100
2024-11-11,149.00376818651625,150.8804446754029,148.32396221359355,148.44842529296875,7146800
2024-11-12,147.96012790111791,148.44843989915321,145.8919571858056,146.15048217773438,7181400
2024-11-13,146.0164467614755,146.9835012476184,144.982361319728,146.72499084472656,7161900
2024-11-14,146.6675107246232,147.06008298852743,144.35039932386343,145.4132080078125,7716400
2024-11-15,144.4844433989031,147.86436340854468,144.4844433989031,147.45265197753906,11328500
2024-11-18,146.102601692419,148.72611529626187,145.85366090477817,148.18992614746094,7510600
2024-11-19,147.4047858843799,147.44309345901232,145.58557056093258,146.49517822265625,8233700
2024-11-20,146.52390910042698,146.7345569415132,145.35577638533414,146.6005096435547,9061300
2024-11-21,147.08882448404214,149.42508995892942,146.31326405886693,148.88890075683594,10141100
2024-11-22,149.27188159946877,150.4400142800186,147.5579901541049,148.5729217529297,8266000
2024-11-25,148.57291610380778,150.36340802195508,148.54419272833388,149.156982421875,12256200
2024-11-26,149.75540196105325,149.84226350679788,147.82506684341334,149.1376953125,5683500
2024-11-27,149.2438464429488,151.1741813291962,149.214892597838,149.9870147705078,4140400
2024-11-29,149.49479557302908,150.24762505535648,148.79987378514417,149.61061096191406,5687800
2024-12-02,149.3596824013233,149.60097429534807,148.56823791982364,149.40794372558594,6946500
2024-12-03,149.40794398540086,149.40794398540086,147.00467141491126,147.0529327392578,8674400
2024-12-04,146.02020482587608,146.2808042106222,144.5338531499507,145.22877502441406,10333100
2024-12-05,144.77513544062865,145.14190382981053,143.7617065470866,144.31185913085938,7898100
2024-12-06,144.18637654653605,144.8233906501293,143.21156264421623,144.10916137695312,8389600
2024-12-09,144.08983907065988,145.63411284878092,143.26945559195312,144.38905334472656,8410300
2024-12-10,144.7075509253966,145.5762104800708,143.16329181812034,144.0319366455078,9398700
2024-12-11,143.3273622637783,143.3273622637783,141.27155094079862,141.5321502685547,13446700
2024-12-12,142.07265547376997,142.62280802723592,140.92410377284637,141.14610290527344,6176300
2024-12-13,140.58629538850732,141.81204745583807,139.9878815503258,141.51284790039062,8324900
2024-12-16,141.61901238406713,142.12090356954877,138.52083319190254,138.83934020996094,8732400
2024-12-17,138.82967806838184,141.55145726011725,138.7042163184176,141.31016540527344,10343000
2024-12-18,140.60559123988054,141.62868113831064,139.63077738813394,139.70799255371094,9336100
2024-12-19,139.1192573691405,140.16164014512123,138.37607419299624,138.57876586914062,9516700
2024-12-20,138.06720811453977,140.4029116007374,137.7776549310487,139.437744140625,17702800
2024-12-23,139.59217804236087,140.267792336278,138.45327275208308,140.2098846435547,8720800
2024-12-24,139.94930075307377,140.7696990966797,139.30264023411007,140.7696990966797,3164100
2024-12-26,140.44151018897102,141.27155478412448,140.03614162770347,140.5090789794922,4656300
2024-12-27,139.8238207734319,141.49357126864479,139.6404365792638,139.99755859375,5588300
2024-12-30,139.79485819424823,139.8334731418133,137.97069219491507,138.34710693359375,6268700
2024-12-31,138.75249005786645,139.63079611590854,138.31816757961903,139.58253479003906,5811400
2025-01-02,140.17127770359986,140.6924764224552,138.77178771612694,139.00343322753906,6051300
2025-01-03,139.05169559339697,139.53427936699416,138.61735841532905,139.16751098632812,5878800
2025-01-06,138.51117612842432,139.7755578650591,137.95137723739865,138.6559600830078,7910500
2025-01-07,138.75247910938674,142.0533503018113,138.5884023962084,141.13644409179688,8422000
2025-01-08,140.4222327932336,140.51874071230193,136.51330125240716,137.31439208984375,11175600
2025-01-10,136.0886039851154,138.66559918692096,135.7797433466903,137.11167907714844,8821500
2025-01-13,137.99963932323428,140.01685050760713,137.35297889223335,139.437744140625,10376400
2025-01-14,139.4667006840154,139.76590024607194,137.8838266079042,139.70799255371094,8681700
2025-01-15,140.2484872782462,140.9627165311371,139.2350584562741,139.9203338623047,7434600
2025-01-16,139.29299277424568,142.91237121378492,139.04203977697296,142.62281799316406,8964000
2025-01-17,142.3043068272754,143.2115666863725,141.5032159884405,141.90858459472656,10773100
2025-01-21,142.42013288090146,143.6748537431962,141.92790269227422,142.9895782470703,11111700
2025-01-22,138.98411781419193,140.40291519506144,137.15995185697216,140.2098846435547,16834700
2025-01-23,140.37395230682986,142.75791701896247,139.76589211782772,141.5321502685547,10506400
2025-01-24,141.69624099896276,142.48768543303163,141.2812260352102,141.70590209960938,9887300
2025-01-27,143.27910722431753,148.1049445489984,142.8447848105536,147.564453125,15152300
2025-01-28,147.34247217275632,147.64167173750818,145.0646763132196,145.1418914794922,10320600
2025-01-29,145.25773297087775,146.58966905570225,144.77514914040972,145.8850860595703,7156400
2025-01-30,146.61861336868796,148.77093298890944,146.0877682442507,147.545166015625,8911000
2025-01-31,147.30388021222504,147.84437173318787,146.76338869126218,146.85025024414062,8457800
2025-02-03,146.70546306261699,147.15909297526994,145.52795750985246,146.57998657226562,6687500
2025-02-04,146.08775838820736,148.80952317315663,145.69203616511683,148.14356994628906,9645000
2025-02-05,148.46208200199285,149.3403732939042,147.96983711809787,149.30177307128906,8947000
2025-02-06,149.39827027274904,149.44653159302166,148.03739529569998,148.16285705566406,7418100
2025-02-07,148.1821754843593,149.10874282931792,147.47760728360964,147.7864532470703,6204900
2025-02-10,148.25938663555067,148.9929086652504,146.98535841170133,148.86744689941406,6936200
2025-02-11,148.7419471034849,150.94252757511592,148.5778704144134,150.69158935546875,7554500
2025-02-12,149.86157455343135,150.2379893212511,148.8964069716075,149.85191345214844,7746000
2025-02-13,149.85190952725455,152.6219504290928,149.39827959749562,151.77259826660156,10704700
2025-02-14,151.81118202971,151.98491982924142,150.62403018751039,150.7108917236328,6411800
2025-02-18,149.9617919746835,151.2362799865368,149.08619383002608,150.78875732421875,9670700
2025-02-19,150.7984766144488,154.0090277952753,150.55525326507066,153.61013793945312,7974700
2025-02-20,152.69559849943272,155.61427836184367,152.69559849943272,155.35159301757812,7224000
2025-02-21,155.5461889335318,159.07778159453383,154.96244700278118,157.9005889892578,12546900
2025-02-24,158.27028004687892,160.40091881814757,157.6573673427363,159.3015594482422,10201900
2025-02-25,159.65179667997424,161.91862500823018,159.49613018892595,161.5878448486328,12303700
2025-02-26,160.60525655351194,160.6539041962727,158.1535608410977,158.6594696044922,11396400
2025-02-27,157.91030243616976,159.50584678654798,157.3460225647323,159.29180908203125,8364600
2025-02-28,159.85608375934913,161.4419044698759,158.28972507001143,160.54684448242188,12037200
2025-03-03,160.48850051821015,162.79425310739774,160.37174321642055,162.74560546875,9191500
2025-03-04,163.5239198311518,165.38214973546795,160.83873946731583,160.93601989746094,11999700
2025-03-05,160.05068422605132,161.9478381887641,159.09725287252516,160.64414978027344,8744800
2025-03-06,160.52741185341884,161.37382436546258,159.0777953354491,161.3349151611328,8037900
2025-03-07,160.65388903997257,163.89362578587057,160.2355371659095,162.17160034179688,9637600
2025-03-10,162.94015236741225,165.2945521789473,162.52181540839626,163.15419006347656,17559000
2025-03-11,162.6677480965093,162.7650433593784,160.57603355137917,161.36407470703125,9890300
2025-03-12,159.2918048957064,159.7588043361096,157.83246504608488,158.4356689453125,8010700
2025-03-13,158.99996003688625,160.07987229654685,158.2508428130634,158.5718994140625,5286700
2025-03-14,157.72547546138435,158.72755448977202,156.73313486804486,158.3967742919922,6235800
2025-03-17,158.0076120830635,159.0680622686795,157.34603688747066,158.4259490966797,6669800
2025-03-18,159.00968826991965,160.39119501744185,158.55242721709214,159.7977294921875,7348800
2025-03-19,159.52533078222118,159.9047586115519,157.813043755401,158.5718994140625,5936400
2025-03-20,158.58159693865755,158.7761726161735,157.5405940539295,158.60105895996094,7485900
2025-03-21,158.5816067766441,159.68098094831194,158.0756981075792,159.1945343017578,17047100
2025-03-24,158.4259400015963,159.93392757223305,158.09515984537686,158.86373901367188,8046400
2025-03-25,159.0875220297203,159.739358781659,156.20775123106108,156.65528869628906,7456200
2025-03-26,156.8401486890274,158.08545103073016,156.28559233544456,157.33631896972656,7223500
2025-03-27,157.949228542403,159.62260615674586,156.94714966052217,158.7080841064453,6752500
2025-03-28,159.15561209352714,160.0604105860502,158.49405177226188,159.27236938476562,5760300
2025-03-31,159.9144805497099,162.11322909532817,159.77827606995103,161.34463500976562,12481400
2025-04-01,156.3731393759347,157.42386594435982,148.97915904115746,149.0959014892578,23303100
2025-04-02,149.83530019147773,151.56704917498004,149.2904822881522,151.14871215820312,10356900
2025-04-03,154.4468204683537,156.29531190911774,153.211241747958,155.48782348632812,13249300
2025-04-04,154.84570846579808,155.4878216368075,148.78457223350892,149.086181640625,16601700
2025-04-07,147.1792988166815,148.57054397010987,143.40446802169475,146.5371856689453,18083000
2025-04-08,149.42668937844223,149.42668937844223,143.98821899414062,145.9340057373047,12018400
2025-04-09,138.34543688978812,149.03754057475763,137.6644144868036,146.87771606445312,18773700
2025-04-10,146.29395366095585,147.10145684213367,141.19600251761705,144.6595001220703,13830500
2025-04-11,145.28217298759347,148.2203152078777,144.17307510704813,147.6171112060547,9943900
2025-04-14,147.48090813003043,150.47742160756627,147.07229468016305,150.1758270263672,10685300
2025-04-15,151.47949153017248,152.0632334778731,147.97708437949197,149.45587158203125,10847700
2025-04-16,151.15843785474706,151.41139963137073,148.1132917072422,149.73802185058594,7986900
2025-04-17,149.98124809164514,155.1181239870104,149.98124809164514,153.20152282714844,10981100
2025-04-21,153.67824504215548,153.9409155665808,151.27519720272846,152.6664276123047,6285400
2025-04-22,153.2793470326259,154.41763044672643,152.02430632426632,153.4739227294922,7136300
2025-04-23,152.2480946489306,152.84156022117614,150.1466413263717,151.16818237304688,9099400
2025-04-24,151.57678926088408,151.67406969029523,149.2807603253007,150.73036193847656,8310400
2025-04-25,150.13691512332085,150.70118022596543,148.31759438866158,150.38986206054688,8643600
2025-04-28,151.28492037829616,151.58651495044614,149.6504666278673,151.1389923095703,5815200
2025-04-29,151.2362546816463,152.76370422940442,150.10769493434165,151.6837921142578,5246700
2025-04-30,153.9117200490407,153.9117200490407,150.8179264212635,152.0729522705078,9598200
2025-05-01,150.79845764332825,150.8860144752473,149.20291326594125,150.27310180664062,7325800
2025-05-02,151.83945925382096,152.47183393908284,150.83736553159852,151.88809204101562,5974500
2025-05-05,152.42319194810284,152.53993439396783,150.5357765656926,150.7984619140625,5464100
2025-05-06,150.6233555245234,151.67406727843394,149.5239812889191,150.2828369140625,8644200
2025-05-07,150.5455131054373,153.65876866577935,150.31201337147158,153.03611755371094,7853100
2025-05-08,151.5962487740799,152.77344141312827,150.58443137777405,151.44058227539062,7606100
2025-05-09,151.20709623082035,151.82974743683212,149.64073720309423,150.0396270751953,6520400
2025-05-12,147.8992476319424,151.148707779188,147.08200595545642,149.96177673339844,9023800
2025-05-13,147.5879172387248,147.5879172387248,144.06604808573897,144.41629028320312,10549600
2025-05-14,144.6400509154053,144.78599382334744,142.1591699321315,142.39266967773438,10216000
2025-05-15,143.98820664200468,145.59347462933604,143.336369920384,145.5545654296875,7945800
2025-05-16,145.6129445411787,147.39334113632552,145.17514550683833,147.2279510498047,8051200
2025-05-19,147.7727644229513,148.52189642911543,146.95553760450343,148.35650634765625,12639900
2025-05-20,148.2008468071015,149.86448613375595,147.99653267031832,149.4947967529297,7351500
2025-05-21,149.03753994842893,150.2439182443103,148.8526878301439,149.02780151367188,7032200
2025-05-22,148.51216054400712,149.16401213735736,147.26685827209232,148.47325134277344,7535300
2025-05-23,148.85268274928774,149.31966740126413,148.0841035336355,148.7943115234375,6727300
2025-05-27,149.65778796891962,151.1492526106123,149.07884863006834,150.37408447265625,6990700
2025-05-28,150.40352805427477,150.75677285026757,149.0788563261916,149.56947326660156,8459300
2025-05-29,148.90223155564834,151.14925040607753,148.71579473504596,150.69789123535156,6810600
2025-05-30,151.0118885418378,152.7879344461785,150.34465668844726,152.2973175048828,15529700
2025-06-02,151.58100078655963,152.62110627080844,149.4419181827181,152.48373413085938,6669300
2025-06-03,151.8949988882907,152.7388605754872,151.18850933750107,151.52212524414062,8209800
2025-06-04,152.02255175157072,152.02255175157072,150.2563428162781,150.3446502685547,6983900
2025-06-05,150.79601160201483,151.19832107582351,149.77553498101082,150.77639770507812,5295400
2025-06-06,151.1100121003389,153.1019156075027,151.1100121003389,152.1206817626953,5391500
2025-06-09,151.9440663702561,153.06267235085258,151.5515638501274,152.31692504882812,5319000
2025-06-10,152.513190491746,154.48548037607026,152.11089593856136,153.51405334472656,6791600
2025-06-11,153.3668508220171,153.66122396588617,151.8263065201517,152.3463592529297,6016000
2025-06-12,153.30797636857517,153.7397066695454,152.2580490016518,153.7200927734375,7075500
2025-06-13,153.04304119427528,154.71113570567954,153.04304119427528,154.15184020996094,6587500
2025-06-16,153.48460660529443,153.56310711488956,151.55157460228295,152.30712890625,7024000
2025-06-17,152.06180829378278,152.36598838641433,149.2456719843281,149.52041625976562,6407100
2025-06-18,149.70684876716982,149.7853342957975,147.8817532915629,147.9013671875,8325200
2025-06-20,148.42143419457733,148.55880634155997,146.2430937406804,146.97901916503906,22605500
2025-06-23,146.92994975378497,148.5882222442172,146.92994975378497,148.4803009033203,7397900
2025-06-24,148.65693061226455,149.85403712588132,148.14668480995888,149.333984375,9544200
2025-06-25,148.53918252601417,150.19747010043844,147.90137155069095,149.4222869873047,7153700
2025-06-26,149.83440236894492,150.34464815120182,148.6863605881969,149.1573486328125,7156900
2025-06-27,149.15734795144718,150.45258378377332,148.17611412905705,149.5498504638672,10010800
2025-06-30,149.3045442573842,150.0993412699026,148.67655520049212,149.8834686279297,9039300
2025-07-01,150.1287868430718,154.78964787251357,149.94235000630354,152.99398803710938,10896700
2025-07-02,153.07249239316593,153.3668655653334,152.15995202913243,152.6407470703125,5544000
2025-07-03,152.5131732081926,153.3472279865642,151.97350655771282,153.08229064941406,3482500
2025-07-07,153.09211130943166,153.41592028051664,151.98331225442314,152.35618591308594,6270900
2025-07-08,151.5810105314348,153.81822265296935,151.31608815535608,152.86642456054688,6438200
2025-07-09,152.86641901439813,153.74953848661053,152.15994439804524,153.34722900390625,6147400
2025-07-10,153.17060053502075,156.25167403525566,152.89585627174677,154.7307586669922,6732900
2025-07-11,154.142033765266,154.23034122517612,152.2678733741525,153.95559692382812,7872000
2025-07-14,153.9261401657519,154.5148864299502,152.60148352996484,153.87709045410156,10185600
2025-07-15,153.4257273325383,154.24015323506973,151.8950049026972,152.258056640625,6873200
2025-07-16,157.29179013965734,163.0025633969383,156.80117321156885,161.68771362304688,22134800
2025-07-17,160.11772203422285,161.60920158142628,159.25424648368562,159.92147827148438,11295700
2025-07-18,160.8536397729413,162.0016964242126,160.29434432694322,160.62796020507812,9792600
2025-07-21,160.6966646369734,161.8250775251508,159.72523777873707,161.2755889892578,8254000
2025-07-22,161.90358694684275,164.90616016372098,161.61903571523425,164.77859497070312,9288000
2025-07-23,165.43604928675916,165.9462801585278,163.4637594729104,165.92666625976562,10617600
2025-07-24,166.3191343471783,166.79994431442555,165.7107741631659,166.3780059814453,6636900
2025-07-25,166.5644487084836,166.6920139022101,164.29780087422668,165.14166259765625,6254900
2025-07-28,164.70991567403397,164.78841617921015,161.95265093414764,163.10069274902344,8014600
2025-07-29,163.54225150828125,165.6126556259495,163.24787834524747,164.95523071289062,7663400
2025-07-30,164.5529153379632,165.44584174400563,163.65018198339874,164.1211700439453,6189200
2025-07-31,162.81613907808057,163.93476013361044,161.1480443889056,161.6484832763672,11036200
2025-08-01,162.37457646550328,164.47441634646825,161.69752270023744,164.1898651123047,8927800
2025-08-04,163.89548837392292,167.97742477350116,163.51280777223997,167.83023071289062,12679100
2025-08-05,167.3396146645784,168.34047738669344,166.4663171345052,167.53587341308594,7934400
2025-08-06,166.72144007168663,168.94883003784128,166.49574551547207,167.388671875,8957200
2025-08-07,167.95779038381158,168.39934260624966,166.73124811457265,168.31103515625,9315900
2025-08-08,167.81062263672857,170.69545264445026,167.19244050009084,170.0772705078125,7686800
2025-08-11,170.14594355852734,171.3234361561855,169.8025206945773,170.55807495117188,7256800
2025-08-12,170.73468888514046,171.48042121662925,168.58578437082326,169.53758239746094,7916700
2025-08-13,169.75345455156247,171.26454807935008,169.45908140467287,171.1468048095703,5878700
2025-08-14,171.03886790121015,172.4224112061355,169.4787096922212,171.44117736816406,8241700
2025-08-15,172.2752370849106,173.94333166305356,171.67668382759828,173.3251495361328,9477600
2025-08-18,173.18776755907857,174.23769492312,172.79528002384126,172.9424591064453,9284000
2025-08-19,172.73639777380563,174.83623758239492,172.6775261392796,174.46337890625,9274200
2025-08-20,175.15025551902494,177.22065969856766,174.65963855678677,175.48387145996094,9030000
2025-08-21,175.19931537251938,176.70060203772263,174.81663475143702,175.57217407226562,8859600
2025-08-22,176.66134044605786,177.76033256843067,174.13957717042288,175.9254150390625,9524000
2025-08-25,176.1511056012645,176.8772090706108,174.94417718110606,175.0619354248047,6229100
2025-08-26,174.7060999231484,175.1113623885591,173.7374366614811,174.44911193847656,9145000
2025-08-27,174.92356235209343,175.63523765047452,174.12293141199973,174.74563598632812,5951100
2025-08-28,174.33048680845172,174.4491094077899,172.61061748261204,173.42112731933594,6424700
2025-08-29,173.935125869698,175.35847646446518,173.42113480328985,175.12124633789062,6942300
2025-09-02,175.41777231103694,177.12776270121626,174.84447750943602,176.00094604492188,9049000
2025-09-03,175.6154493916547,176.22827497981044,174.48863278118253,175.94163513183594,7111700
2025-09-04,175.9416497264455,176.83123630448588,175.49685643742527,176.69285583496094,7854800
2025-09-05,175.94164836318845,177.4341816359529,174.5182977834804,176.36666870117188,9733800
2025-09-08,175.30904455833596,177.37487259095406,174.65667304834938,176.0701446533203,8382500
2025-09-09,175.94164806814993,176.03060370864756,174.4095689027739,174.91368103027344,6005700
2025-09-10,174.261298986729,174.56771178484678,172.31407853418943,173.75718688964844,6891600
2025-09-11,173.71766767314836,176.78182602350546,173.599060151726,176.4358673095703,5792500
2025-09-12,175.65500242690814,176.73239425710358,174.67644516657117,176.00094604492188,7220200
2025-09-15,175.7044094043786,176.92019676144542,174.88400556753885,175.34857177734375,4768100
2025-09-16,175.51662893199313,175.5660386777145,173.61881809435098,174.41946411132812,7959300
2025-09-17,174.6665700727086,176.4457431926535,174.5479474709965,175.15089416503906,6714900
2025-09-18,174.55784393897036,174.97298534494763,171.8594021766082,172.14605712890625,8200900
2025-09-19,172.66993349357537,175.111372273971,171.32565957029007,174.152587890625,25621000
2025-09-22,174.05373018239203,174.59737311930513,172.10650962439226,172.1954803466797,7193900
2025-09-23,172.8675959300631,174.92354491124786,172.80829217483426,174.53805541992188,8350400
2025-09-24,174.10314664000316,174.90377752572223,173.70777820434947,174.64678955078125,6676800
2025-09-25,175.15088893974706,176.3370093451046,173.87581289751407,175.6747589111328,8475000
2025-09-26,176.534716894135,177.82956594360434,175.26951972500925,177.6318817138672,8634400
2025-09-29,177.75048125277442,179.76688443728418,177.72082937376246,179.519775390625,8597100
2025-09-30,179.5988643175683,183.8392642929195,178.97615973360132,183.27584838867188,11569000
2025-10-01,183.8491194887416,184.40264130628626,181.78329160457017,183.89854431152344,13063800
2025-10-02,182.06006679331983,184.432307649533,181.96121714000282,183.82936096191406,7728100
2025-10-03,184.89687190994138,187.58541956236877,184.74861251387858,186.45860290527344,8675100
2025-10-06,185.8260079631804,187.72380368143425,185.20328832291253,185.98416137695312,5806100
2025-10-07,181.64491547464473,187.04176840652755,180.82451166041724,186.70570373535156,8776800
2025-10-08,186.68593506002426,188.02032992573695,186.0928824059712,187.4964599609375,5751200
2025-10-09,187.80287893451043,189.87860099777504,187.53599693612736,188.87039184570312,7484800
2025-10-10,189.78963297098187,189.8489518132843,187.6546222006277,188.51455688476562,9598000
2025-10-13,187.6348554190202,189.08785791521092,187.0912124642651,188.69247436523438,7979500
2025-10-14,190.68910619899648,192.15198752359413,183.73052212206747,188.64305114746094,13613300
2025-10-15,189.26576340131732,191.33160656608345,187.1109796787497,188.9593505859375,9473000
2025-10-16,189.12738216329106,190.81761473078961,188.2279015859536,189.8983612060547,10611800
2025-10-17,190.2739814193722,191.3612673461334,189.4634564408156,190.98565673828125,7764400
2025-10-20,191.26240123179355,192.2310644671735,190.10593270864481,191.4798583984375,8034700
2025-10-21,190.77807075185612,191.31183476056947,189.55241948302077,189.66114807128906,6716000
2025-10-22,189.7797603324635,191.21298988100622,189.56230315049532,190.70889282226562,6343100
2025-10-23,190.33327937203177,191.75662996640008,189.32507018729754,190.24432373046875,8882500
2025-10-24,189.97743032369885,190.08615890653152,187.2295789564792,188.1982421875,6903400
2025-10-27,187.79299820332676,188.59362910846755,187.33831091719009,188.0994110107422,7126000
2025-10-28,187.0714451863413,187.31855425668894,184.46197400676374,184.7683868408203,8329500
2025-10-29,184.54103427695995,184.93641780369282,182.5246310788101,184.44219970703125,10551100
2025-10-30,184.91665572093723,187.19006211561478,184.74862336808084,186.86387634277344,7072500
2025-10-31,185.2922599991901,187.30866324699156,184.60034258095476,186.68594360351562,8791700
2025-11-03,186.81444554993618,186.8440974299442,183.37469172794485,184.1061248779297,7542600
2025-11-04,184.66953635312188,185.6480936170402,183.47352191944393,184.69918823242188,7209400
2025-11-05,184.48173492809292,185.65797643943674,183.25606858943368,183.84913635253906,5049400
2025-11-06,184.60034411961252,185.35156530399473,183.22641836890384,184.80792236328125,6767400
2025-11-07,185.56902044160103,186.17196713607015,183.5526021168054,184.4125518798828,6959200
2025-11-10,183.84914248376896,186.24115639867696,182.97931375749687,186.2312774658203,5323800
2025-11-11,187.19993334062747,191.6775481684981,186.86386864875197,191.58859252929688,7465600
2025-11-12,191.12401706134077,193.28869467126262,190.83737721032932,192.14210510253906,8803000
2025-11-13,191.96420520711595,193.73349940731035,191.2129840261044,192.99217224121094,8631600
2025-11-14,192.74506817041248,194.8998519494097,191.31183862869028,193.664306640625,8824800
2025-11-17,194.6824118183157,197.96401234879545,193.6346567167117,197.27210998535156,13257000
2025-11-18,196.7086833299708,197.9837744779547,196.23423817558447,197.68724060058594,12468600
2025-11-19,197.68724341540397,201.12699722777688,197.07441778716495,200.168212890625,14690800
2025-11-20,199.66410677890858,202.14507614142028,199.23908646439702,200.72174072265625,10612600
2025-11-21,201.60146361938962,204.54699941305245,200.64267925299822,201.54214477539062,13189100
2025-11-24,201.35434501536758,203.73646479570215,200.65254867686934,203.6672821044922,14803900
2025-11-25,204.09500679162497,206.6215838446117,204.09500679162497,205.57713317871094,10275300
2025-11-26,205.39808366901323,206.71109559930028,204.85098904051847,206.46241760253906,6729000
2025-11-28,205.90538444560678,206.3629586449613,203.54792185749713,205.8258056640625,5638300
2025-12-01,205.40801990791223,206.601671225268,204.254150390625,204.254150390625,8473700
2025-12-02,204.15469935722084,204.5227379456605,202.02601625292777,204.333740234375,8393600
2025-12-03,204.8111948667149,205.9252826285737,203.90601848146164,204.2442169189453,8363300
2025-12-04,203.50812947813563,203.7767059746564,200.64336916828415,201.40928649902344,9049900
2025-12-05,201.90663323067022,202.37414907500914,199.74811005779273,200.8621826171875,7785300
2025-12-08,201.58834201037314,202.18516011668032,199.927174755095,200.5538330078125,7785700
2025-12-09,201.84695743157303,204.45309801733026,198.85287977253054,198.90261840820312,7509400
2025-12-10,199.52928142896002,205.70644978186098,199.1214458560129,205.44781494140625,11599800
2025-12-11,206.800616929999,210.1229665164575,206.73099498321687,208.8994598388672,9009000
2025-12-12,209.16803774867068,211.14752008902906,207.8550258037756,210.46116638183594,6922700
2025-12-15,209.23766850267896,214.05207078419528,207.9047429304409,213.03746032714844,8467000
2025-12-16,212.86836535212407,213.5945008532235,207.7058077078452,208.19322204589844,9949800
2025-12-17,208.28274174394826,210.40148312707717,207.35766688422177,209.2177734375,8457600
2025-12-18,208.69057663307282,209.94390826491855,206.6613556922556,207.2084503173828,7499900
2025-12-19,206.46242678675088,208.13355089193627,204.94051859312015,205.27871704101562,24803900
2025-12-22,205.03998416945456,206.97966948419256,204.41331076850065,206.22369384765625,8187800
2025-12-23,203.9358578426093,205.43786749372595,202.20505350398636,204.69183349609375,7047300
2025-12-24,204.91067300087317,206.84041671879498,204.48295412427228,206.68125915527344,2376500
2025-12-26,206.4325814439545,206.93987910302855,205.61692549143734,206.5320587158203,2316700
2025-12-29,206.90009330533488,208.36232114053888,206.28337673035918,206.46241760253906,4348900
2025-12-30,206.41267500751042,206.59173105435548,205.4279198732129,205.81585693359375,3937400
2025-12-31,205.8158700525786,206.40274650834,205.27871705590465,205.85565185546875,4083800
