date,Open,High,Low,Close,Volume
2016-01-04,48.65219106634259,48.73587496086976,47.93705145982942,48.40113067626953,25393200
2016-01-05,48.46200251417852,48.78913737686413,47.95988455685423,48.484825134277344,16566700
2016-01-06,47.71642609889164,48.028347767240376,47.42732704705305,47.78489685058594,22961500
2016-01-07,46.75782990598583,47.16865436634094,45.70794904351854,45.85249710083008,27630900
2016-01-08,46.50678399846617,46.613293425270236,44.7721923691175,44.82544708251953,22373300
2016-01-11,44.75696563720703,45.05367120813585,44.15594502307958,44.75696563720703,20925500
2016-01-12,45.22866664625451,45.31235345655943,44.20160520455459,44.85588073730469,22971600
2016-01-13,45.236272557150556,45.4036461753118,43.29627150965105,43.623409271240234,28808100
2016-01-14,44.247247352432524,45.175405810554025,43.58536533667508,44.277679443359375,31296300
2016-01-15,42.946305129298686,43.79838334405737,42.77132496301027,43.39516830444336,38131700
2016-01-19,43.92011874176129,44.10270842303735,42.99196009109003,43.372352600097656,22818900
2016-01-20,42.32246693646456,42.7408980721583,41.58450461751238,42.231170654296875,34646100
2016-01-21,42.406149199105506,42.99956045877473,41.88881526425811,42.033363342285156,31301100
2016-01-22,42.938692619360666,43.48645859833972,42.832183212817775,43.32669448852539,22732200
2016-01-25,42.96912296563355,43.25061251468039,42.29963156315124,42.345279693603516,21114400
2016-01-26,42.48983401120345,43.47885666818422,42.45940482191731,43.425601959228516,17535700
2016-01-27,43.42560039479714,44.330933316593,43.02999192668964,43.39516830444336,20560000
2016-01-28,43.76035993676263,44.1027138171752,43.08326165226048,43.5777702331543,15497900
2016-01-29,43.996191377272176,45.29713283660685,43.752737543612675,45.266700744628906,26992200
2016-02-01,45.008023805940695,45.38080959475521,44.46025788022577,44.779788970947266,16807900
2016-02-02,44.034226831049125,44.11030415328388,43.17453915941007,43.38755798339844,22448200
2016-02-03,43.64622272745849,43.97336042036416,41.858379626180835,43.67665481567383,31543200
2016-02-04,43.410395642541005,44.52114110993198,43.410395642541005,44.429847717285156,21651300
2016-02-05,44.56677457926396,44.99281220607665,43.684261433063554,43.93532180786133,22001300
2016-02-08,43.12889412877213,43.30387430423651,42.25399325145026,43.01477813720703,28267600
2016-02-09,42.0637970153094,43.1288941136982,41.942071549717426,42.75611114501953,26300000
2016-02-10,43.037608483090814,43.67666801796512,42.20074611935365,42.23878479003906,22389600
2016-02-11,41.0063001626899,41.013906733419155,39.9412003264524,40.374847412109375,44334700
2016-02-12,42.33767419825552,43.798379583865476,41.972494949689406,43.737518310546875,37011400
2016-02-16,44.300510353747875,44.5819999921077,43.85164708612112,44.39180374145508,23730700
2016-02-17,44.77219169872472,45.07650682974903,44.42223132956168,44.71133041381836,21580100
2016-02-18,44.7645875055463,44.77980355312263,43.554939293789424,43.980979919433594,17037800
2016-02-19,43.74513167567077,44.25485616476592,43.425603411252446,43.988582611083984,15658200
2016-02-22,44.51351782134914,44.79501028975459,44.445047072569935,44.559165954589844,14882800
2016-02-23,44.04944674164548,44.19399482744238,42.57352218259013,42.695247650146484,31772500
2016-02-24,41.99532395451148,42.76371536973002,41.33344195306938,42.7104606628418,25560100
2016-02-25,42.702863873802684,43.3875686487177,42.634393106094734,43.372352600097656,14473300
2016-02-26,43.85163961280691,44.20920943178845,43.47124717632918,43.77556228637695,20947500
2016-02-29,43.676659323659756,43.828816878277344,42.8245810808308,42.83218765258789,19554100
2016-03-01,43.18215036306151,45.03846740722656,43.11367960483962,45.03846740722656,23958100
2016-03-02,45.038458998412096,45.5710089182466,44.855869376522364,45.46449661254883,20943100
2016-03-03,45.327564904631764,45.616661071777344,44.96238560541751,45.616661071777344,15790600
2016-03-04,45.72317737198702,46.065531202665895,45.289530153848595,45.68513870239258,18459000
2016-03-07,45.297132036472846,45.685131044763835,45.12975843571471,45.601444244384766,12832400
2016-03-08,45.046066984570466,45.2666952714886,44.64285197218908,44.718929290771484,14132900
2016-03-09,45.00042180028798,45.297127406091825,44.64285201782504,44.977596282958984,13238800
2016-03-10,45.33518003428635,45.3960413275346,43.98098361016151,44.5896110534668,21139200
2016-03-11,45.18301241748912,45.274305788177045,44.62003324572233,45.14497375488281,21055000
2016-03-14,45.00042180028798,45.12214725144247,44.581987841165954,44.977596282958984,13436100
2016-03-15,44.53634948098739,45.0460739794005,44.4526626762535,45.03846740722656,10910500
2016-03-16,44.87109522350594,45.45689997309253,44.48309618269624,44.82544708251953,17423900
2016-03-17,44.71132200093584,44.985204986891056,44.11791079947527,44.69610595703125,19405700
2016-03-18,45.685122768699976,46.38504623421468,45.388417186315706,46.01226043701172,29570200
2016-03-21,45.81446450060441,46.27093424879145,45.61665881480318,45.99705123901367,12684400
2016-03-22,45.63948897971488,46.08835220206299,45.35799646758588,45.82968521118164,12042700
2016-03-23,45.905759354460656,46.03509138983633,45.54058296366797,45.601444244384766,11658700
2016-03-24,45.11453480155812,45.27429890150125,44.787397129009726,45.2514762878418,12921200
2016-03-28,45.28951653844635,45.45689011694166,45.0232430291707,45.190616607666016,11159700
2016-03-29,45.13737171400848,45.13737171400848,44.52874144255899,44.90913391113281,15933400
2016-03-30,45.23626406379109,45.82206871520309,45.17540278817313,45.42646026611328,13307100
2016-03-31,45.22867207831933,45.593848556283035,44.97000504365778,45.05369186401367,14904700
2016-04-01,44.90152882809423,45.6927458854918,44.55156844191756,45.548194885253906,15417500
2016-04-04,45.55585246182393,45.655487549572335,45.18797243434972,45.37191390991211,12305000
2016-04-05,44.90438688410383,45.088328310876996,44.61314750990039,44.728111267089844,12886600
2016-04-06,44.59016192425238,45.1266546571992,44.41388628353346,45.07300567626953,12167900
2016-04-07,44.65148071949625,44.78177321028898,43.73944497854972,43.93104934692383,19226800
2016-04-08,44.22995806008653,44.896743463031314,44.21462935757217,44.252952575683594,13547700
2016-04-11,44.38322989861232,45.12665568507129,44.38322989861232,44.605491638183594,17627800
2016-04-12,44.71278864783451,45.51752628657778,44.60549068582209,45.43321990966797,17779200
2016-04-13,46.35292571021759,47.6405072235834,46.27628513685196,47.35693359375,37516800
2016-04-14,47.2802967480223,48.21532707760347,47.21898486543467,47.97007369995117,24249900
2016-04-15,48.192334368308764,48.20766306951254,47.09635708327084,47.418251037597656,19290700
2016-04-18,47.24196777631638,47.96240199900118,47.15766139505324,47.72481155395508,13813100
2016-04-19,47.93941444361078,48.65218295849976,47.93941444361078,48.52955627441406,19255600
2016-04-20,48.652173749955736,49.28829863960814,48.39925754099641,49.234649658203125,14594400
2016-04-21,49.24998271970413,49.55655084268096,48.54487720631754,48.744144439697266,15395800
2016-04-22,48.77480605783479,49.34195333367907,48.77480605783479,49.02772521972656,12444700
2016-04-25,48.744144439697266,49.01239227821457,48.3992589559112,48.744144439697266,10687200
2016-04-26,48.90510103242936,49.10436829319086,48.5372209884961,48.9970703125,12048000
2016-04-27,48.943416854928415,49.54122150630003,48.744146688704255,49.1350212097168,15284100
2016-04-28,48.77480183672501,49.372606460514504,48.55254009374932,48.744144439697266,12852500
2016-04-29,48.353273727130194,48.75181112468397,48.05437140987745,48.43758010864258,16376400
2016-05-02,48.81312700757083,49.05071747284413,48.39159798901869,48.8897705078125,10247300
2016-05-03,48.20765309468397,48.215315981874895,47.364592244822205,47.94707107543945,19120300
2016-05-04,47.326279354798814,47.71715098290179,46.958399315510526,47.188323974609375,17030200
2016-05-05,47.21132123044257,47.51788942847378,46.79745796384677,46.9354133605957,14033900
2016-05-06,46.521544942662736,47.27263377585715,46.437238546058616,47.21131896972656,11057900
2016-05-09,47.03503358470031,47.43357097138203,46.78978025807313,46.91240692138672,11197100
2016-05-10,47.17299237972374,47.71714805505432,47.01970830851288,47.54853820800781,11897200
2016-05-11,47.49489154028565,47.97773244124351,47.37226486206055,47.37226486206055,11254000
2016-05-12,47.72481870992542,47.94708048955464,47.03504178130053,47.341609954833984,11071700
2016-05-13,47.28794803017001,47.824440725302075,46.76678403188742,46.90473937988281,15122300
2016-05-16,46.912405308816915,47.51021283011557,46.751458366934656,47.257293701171875,10951300
2016-05-17,47.081018061446045,47.640502376310685,46.866422138936365,47.257293701171875,12180900
2016-05-18,47.28796916434884,49.18101875473692,47.280303350673066,49.08138656616211,24007100
2016-05-19,48.69050416188795,49.21933412238769,48.20766322880231,48.58320617675781,16076200
2016-05-20,48.94341875977151,49.19633792128782,48.56787292336411,48.6751708984375,11862000
2016-05-23,48.62919319015642,48.95108715156805,48.40693140328598,48.63685607910156,9347500
2016-05-24,49.004724554672364,49.640849438095955,48.905092403695896,49.464576721191406,13839400
2016-05-25,49.771146275716745,50.7368279595589,49.75581465370624,50.21566390991211,18935200
2016-05-26,50.253988317557756,50.261654128746045,49.748155877843644,49.84012222290039,9428400
2016-05-27,49.97807760625178,50.169681954925025,49.855453863697264,50.146690368652344,10116000
2016-05-31,50.376627957131745,50.44560272968426,49.78648317121832,50.024070739746094,15139400
2016-06-01,49.63319784589188,50.522239085746556,49.24998910431801,50.34596633911133,14031000
2016-06-02,50.21566929620257,50.437931060791016,49.93976439072505,50.437931060791016,10637600
2016-06-03,49.24231550060703,49.70983055913612,48.705822762562974,49.54121780395508,20261700
2016-06-06,49.541223947213844,50.39961360398727,49.51056654726109,50.03173065185547,13193500
2016-06-07,50.162031067180486,50.38429287944149,49.84780288246832,49.863128662109375,9924100
2016-06-08,49.76348991310438,50.18502188891964,49.75582410064365,50.00874328613281,9428000
2016-06-09,49.656187642815624,49.740494030703516,49.257647291472644,49.62553024291992,10817800
2016-06-10,48.997070647980905,49.10436862940644,48.72882569441709,48.92809295654297,16678400
2016-06-13,48.652184620557094,49.31130124275274,48.48357182781007,48.49123764038086,14314900
2016-06-14,48.039042381133925,48.64451282270026,47.27262498886778,47.579193115234375,19509300
2016-06-15,47.832107075121684,48.268964734187186,47.448898397088776,47.4948844909668,16982100
2016-06-16,47.09635492178702,47.747808612969514,46.67482589080712,47.68649673461914,16791200
2016-06-17,47.74780397977457,48.06203500041197,47.46423035716286,47.73247528076172,15751500
2016-06-20,48.62918483583441,48.93575004303807,47.77846105018233,47.80145263671875,12213200
2016-06-21,48.07738173911292,48.28431486795663,47.62519518133997,48.245994567871094,11611600
2016-06-22,48.24597606993147,48.828452009399065,48.03904302042775,48.062034606933594,12643500
2016-06-23,48.82079099353936,49.165679422601706,48.6904985098267,49.08903884887695,16583600
2016-06-24,46.35293414863199,47.28796451689464,45.47921858914439,45.67848587036133,44108700
2016-06-27,44.9963746519497,45.02703205630257,43.72412160781553,44.153316497802734,37300700
2016-06-28,45.36424546306565,45.64015619855724,44.65147703759583,45.617164611816406,29088700
2016-06-29,46.260948730454324,46.912402266482566,45.98503803446354,46.90473937988281,21483000
2016-06-30,47.23431524925261,47.663507213604426,46.766800067811396,47.625186920166016,21343600
2016-07-01,47.62517779642823,47.895510907030655,47.238985954761965,47.31622314453125,14217800
2016-07-05,46.69059170721888,46.806447485571375,45.64787202358783,45.995445251464844,23357700
2016-07-06,45.57834859568277,46.567001469634036,45.38525272255914,46.48976135253906,20429800
2016-07-07,46.74466772180099,47.2235448506776,46.46660908361123,46.791011810302734,13771400
2016-07-08,47.37029692405197,48.01909644717292,47.37029692405197,47.75648880004883,16998800
2016-07-11,48.2121883352697,48.62155369299795,47.995921845729455,48.09633255004883,13151400
2016-07-12,48.68334472527338,49.092710098721255,48.575211476350944,48.81465148925781,16588100
2016-07-13,48.721974709584224,48.992307878727,48.38212392962124,48.78376388549805,18526900
2016-07-14,50.004119795878154,50.18949612933276,49.47117904245133,49.525245666503906,28985900
2016-07-15,50.01184508667827,50.0504666292014,49.131328131095174,49.57158660888672,17607100
2016-07-18,49.53296090953972,49.74150779315125,49.35531597160942,49.40165710449219,10824400
2016-07-19,49.13132881399282,49.50979518613584,49.01547007763309,49.324424743652344,9737400
2016-07-20,49.51752357591254,49.610211748997514,49.208568891783095,49.37849426269531,10411100
2016-07-21,49.432559067764394,49.57158837585529,49.146777910648716,49.193119049072266,9808700
2016-07-22,49.355333367567916,49.50208230436018,49.12361583584301,49.46346664428711,8195700
2016-07-25,49.4171121899165,49.563864042357665,49.18539765317407,49.332149505615234,8168300
2016-07-26,49.41711082181086,49.63338027033858,49.20856686059312,49.53296661376953,8067800
2016-07-27,49.494346862530044,49.9655013714624,49.47889588919011,49.687442779541016,11806800
2016-07-28,49.43255513904006,49.57930992281142,49.216288653157925,49.50979232788086,10013400
2016-07-29,49.27808272604225,49.65655206046444,49.2394641277731,49.40938949584961,13210400
2016-08-01,49.548419887872626,49.671998226466286,49.13133194608059,49.27808380126953,11422600
2016-08-02,49.115879733085606,49.44028242009215,48.95367986278733,49.16222381591797,13550000
2016-08-03,49.19311713791056,49.9500528156594,49.162224028965106,49.94233322143555,13122300
2016-08-04,49.81102660417881,50.065914657064404,49.64110123558841,49.86509323120117,9873000
2016-08-05,50.31308117206782,51.26311585612018,50.259014540801154,51.209049224853516,20752700
2016-08-08,51.03139867267198,51.35579846229268,50.85374780150586,51.054569244384766,11359200
2016-08-09,51.116355865092665,51.19359306009975,50.737889484583754,50.87691879272461,10097000
2016-08-10,50.91553638091217,51.03139512424081,50.32852896226925,50.42121124267578,11556100
2016-08-11,50.41347548395533,50.737881077746245,50.22037958202184,50.56023025512695,9604500
2016-08-12,50.181769546771264,50.47527322910381,50.096806868997646,50.45210266113281,7685400
2016-08-15,50.6374669733203,50.84601384547624,50.56022979181852,50.761051177978516,8371600
2016-08-16,50.48300091925053,50.94642997735563,50.39031275050143,50.753334045410156,10128900
2016-08-17,50.82286041240981,50.96188974310671,50.622038958554015,50.892372131347656,11868100
2016-08-18,50.68382328793648,50.96960150116442,50.61430568686732,50.93870544433594,9313600
2016-08-19,50.761064584234106,50.907819392819626,50.37487268191074,50.869197845458984,9084900
2016-08-22,50.784220108369865,50.88462785180806,50.52161252115348,50.82284164428711,9055600
2016-08-23,51.031400126558715,51.23994117073597,50.79196302161056,50.7996826171875,8949600
2016-08-24,50.96960150116442,51.15497784213531,50.79967613501791,50.93870544433594,10167200
2016-08-25,50.90782042620815,51.08546540490331,50.81513224635356,51.03139877319336,9978700
2016-08-26,51.23220616811978,51.657013617120114,50.86145944318455,51.14724349975586,14038600
2016-08-29,51.35578290193897,51.82693736007944,51.33261233724667,51.71107864379883,14583100
2016-08-30,51.71109277463984,52.213143420502696,51.71109277463984,52.13590621948242,13791200
2016-08-31,52.10501016051017,52.34444725151924,51.6415810615678,52.13590621948242,14952300
2016-09-01,52.244036258189695,52.30582837232419,51.47937799744138,51.91191101074219,12226500
2016-09-02,52.05866593386895,52.197695244595934,51.73426617311278,52.128177642822266,13720700
2016-09-06,52.1358987831433,52.174520324555054,51.52571496432071,52.08955764770508,16649400
2016-09-07,51.873287200927734,52.2054065033226,51.71880693988655,51.873287200927734,10070400
2016-09-08,51.91963948766427,52.2749353251645,51.74971411042054,51.94281005859375,12253000
2016-09-09,51.77288528450646,52.081839983747074,51.47165607327257,51.4793815612793,19686900
2016-09-12,51.08546317074231,51.98143119168984,50.79195945327017,51.79605484008789,16453000
2016-09-13,51.0622884825079,51.64157627570578,50.83829649533297,51.386688232421875,18876100
2016-09-14,51.18585650626376,51.942794996450154,51.139515377842606,51.28627014160156,12648600
2016-09-15,51.20132364347541,51.69564881210489,51.04684334526568,51.471656799316406,12531300
2016-09-16,51.04682449838051,51.178134176583434,50.544779919814935,50.83828353881836,25161500
2016-09-19,51.09318078941989,51.471647136547816,50.86146333201601,51.12407684326172,13466900
2016-09-20,51.5566106879255,51.63384787743333,51.16269336076977,51.332618713378906,10092200
2016-09-21,51.6261100769043,51.8501019980249,51.21674776661503,51.6261100769043,14116800
2016-09-22,51.74198299057522,52.074108220995335,51.62612425571796,52.05093765258789,12781700
2016-09-23,52.050943318145094,52.444860702408235,51.888743428818074,51.94281005859375,13967400
2016-09-26,51.440754159344635,51.59523443779317,50.6220293084377,50.80739974975586,16408100
2016-09-27,50.52162790394543,51.29401171491304,50.28991040352682,51.25539016723633,13711400
2016-09-28,51.4253147312475,51.572063645881045,50.969605225751934,51.52572250366211,11278000
2016-09-29,51.51800798746997,51.911925458685694,50.47529081573139,50.707008361816406,18727200
2016-09-30,51.039110148793846,51.79604278343713,51.039110148793846,51.433021545410156,21680100
2016-10-03,51.247665911307685,51.68792445843172,51.17815419520329,51.37125015258789,14901700
2016-10-04,51.511278335123606,52.265937805837396,51.42569802799169,51.814697265625,17226900
2016-10-05,52.04031102061244,52.95834934392073,51.970294015719645,52.66271209716797,16280000
2016-10-06,52.69383795436608,52.88055592153079,52.164798767685106,52.802757263183594,17485000
2016-10-07,52.740519778820094,53.04393872329115,52.43710083434904,52.989479064941406,18497000
2016-10-10,53.16840779815843,53.728567595771565,53.08283343497667,53.40180969238281,13027500
2016-10-11,53.29289836922384,53.54185765702603,52.849439452336895,53.145076751708984,15657100
2016-10-12,53.10617518172404,53.3629101558505,52.942796221586455,53.00503158569336,11899800
2016-10-13,52.48379095501174,52.80277326727048,51.98587226788601,52.701629638671875,17890000
2016-10-14,53.52629961716106,53.70523594967345,52.35930185750485,52.53045654296875,24163800
2016-10-17,52.452663098109085,52.74052471096777,51.9236238236698,52.25816345214844,14963400
2016-10-18,52.787195037298524,53.067274961536434,52.54601741084926,52.670494079589844,11870300
2016-10-19,52.756073359126844,53.29289419274139,52.756073359126844,53.17619323730469,12705800
2016-10-20,52.966153537423146,53.43295157572786,52.85723419300735,53.10619354248047,14122000
2016-10-21,52.756071307133396,53.31623112291595,52.67049100551901,53.28511047363281,12175700
2016-10-24,53.65855198129071,53.72079327945322,53.292891774157084,53.580753326416016,10197100
2016-10-25,53.58854152935751,53.62744383369209,53.19954222864471,53.52630615234375,9945100
2016-10-26,53.1917493615101,53.876385773126536,53.1917493615101,53.783023834228516,9801300
2016-10-27,54.06311135509809,54.2809499743206,53.75969243037286,53.860836029052734,14210700
2016-10-28,54.09425225279657,54.10981555179893,53.26957547545435,53.767494201660156,12766500
2016-10-31,54.01644030708007,54.13314127831721,53.86084296920253,53.88418197631836,14336300
2016-11-01,54.055323420145534,54.28871934410805,53.16062420581624,53.65854263305664,15564500
2016-11-02,53.40960242962981,53.56519976765358,52.91168382516418,53.43294143676758,12449800
2016-11-03,53.57297342062573,53.82971433214401,53.07505489046385,53.19953155517578,10369700
2016-11-04,53.285110051894875,53.33956970379509,52.62381258291883,52.7171745300293,13571300
2016-11-07,53.7441361525957,54.43655432145988,53.68189484995105,54.36653137207031,16515100
2016-11-08,54.22649727079511,54.88780079548072,53.868618645387876,54.483238220214844,17531700
2016-11-09,55.59578124910343,57.68859945800363,55.48686191602729,56.988399505615234,50948400
2016-11-10,57.743068738641334,60.10040402445826,57.743068738641334,59.63360595703125,56192300
2016-11-11,59.36130721855608,59.68806527020493,58.948962893578894,59.66472625732422,27574300
2016-11-14,60.10036116320676,62.58217732942071,60.10036116320676,61.858638763427734,46130700
2016-11-15,60.97173803317592,61.7808570985515,60.512715880935225,61.7419548034668,28126300
2016-11-16,60.85504148751635,60.95617915213607,59.81252044750145,60.21708297729492,26054900
2016-11-17,60.62941917667051,61.04175740363417,60.372678264752984,60.69943618774414,19306700
2016-11-18,60.65277067832569,61.0106493252011,60.33379433605647,60.45827102661133,19770000
2016-11-21,60.683895086787416,60.81615343357233,60.131516754045705,60.72279739379883,11983500
2016-11-22,60.95619337273001,61.1195723778418,60.49717701584339,61.09623336791992,14410100
2016-11-23,61.36074032573868,61.648595955470064,60.59829922761458,61.35295867919922,13373700
2016-11-25,61.53967733498625,61.81197561034205,61.04954043934581,61.329620361328125,6185700
2016-11-28,60.823922939541205,61.360743803705496,60.69944033048267,60.93284225463867,13007200
2016-11-29,60.98730088150143,61.586363040070836,60.98730088150143,61.39963912963867,14144100
2016-11-30,62.177654561209685,62.652234242159984,62.006493897829706,62.372154235839844,25351900
2016-12-01,62.745578094906826,64.01371347027943,62.745578094906826,63.63249588012695,23823600
2016-12-02,63.64028344639878,63.663622453076954,62.940083567764496,63.48468017578125,16931500
2016-12-05,64.0292757537153,64.79949256859224,64.02149410711651,64.77615356445312,18529800
2016-12-06,65.0406795564923,65.20405854464587,64.1304226500689,65.11070251464844,16130000
2016-12-07,65.00176214897616,65.42187601929528,64.4571597624203,65.40631866455078,18996900
2016-12-08,65.53081032720085,66.51886572095759,65.30519007037141,66.22322845458984,20844900
2016-12-09,66.14543287824864,66.51887478698782,65.46079630382755,66.51109313964844,14567200
2016-12-12,66.40996735051357,66.74450701807739,65.57750900596994,65.91983032226562,14511300
2016-12-13,66.1142986996978,66.65111349495001,65.21181781502054,65.9431381225586,16669000
2016-12-14,65.25852670021101,67.00124800529915,65.16517065806406,65.91983032226562,22622600
2016-12-15,66.44107711983392,67.28909268718941,66.05207784622326,66.90787506103516,19438900
2016-12-16,67.13348764907435,67.13348764907435,66.04428862080822,66.08319091796875,23008500
2016-12-19,65.9742719800787,66.47219052111907,65.49969244320314,66.46440887451172,21685100
2016-12-20,66.74448092681529,67.32797970477195,66.55776297985297,67.32019805908203,14587300
2016-12-21,67.24242706999374,67.53806443560214,66.93122640660339,67.49138641357422,11400500
2016-12-22,67.25018385463197,67.81811936485336,67.07124161025325,67.60028076171875,13924200
2016-12-23,67.68587491930195,67.80257589077718,67.21907696905906,67.72477722167969,10759400
2016-12-27,67.7247748211938,67.81035513486506,67.49137288651623,67.7870101928711,6946400
2016-12-28,67.810349207751,67.98928553112675,67.18016641346719,67.29686737060547,9455600
2016-12-29,67.35909397873377,67.42911097634882,66.16097588907655,66.82227325439453,14689000
2016-12-30,66.98565467598634,67.23461390285972,66.64333944882056,67.13347625732422,13617800
2017-01-03,67.95039677528301,68.27716070752204,66.89232411049701,67.86482238769531,20550700
2017-01-04,68.0290865550606,68.20119421654866,67.59099866654545,67.98997497558594,15266600
2017-01-05,67.91174564935588,68.14643902014252,66.69917914962579,67.3641357421875,14300800
2017-01-06,67.58317511614791,67.7631074840003,67.23114105237146,67.37195587158203,12893300
2017-01-09,67.06686543381586,67.88045562443727,66.90257648633398,67.41889953613281,12806600
2017-01-10,67.33283418503859,67.98214725418973,67.05902926687233,67.61446380615234,13989000
2017-01-11,67.61447983133668,68.12297821044922,67.20768470914726,68.12297821044922,14713100
2017-01-12,67.8726366335715,68.27160702309779,67.29372788866961,67.46583557128906,21337400
2017-01-13,68.14644609467875,68.97568574547742,67.35631803073794,67.82569885253906,28296000
2017-01-17,66.44102671780611,66.66789541564557,65.15022493903041,65.3614501953125,30024600
2017-01-18,65.4240315686451,65.89341838613878,64.95465071965275,65.66654968261719,21270100
2017-01-19,65.76042460710624,66.23763017827405,65.0250634393489,65.16587829589844,16555600
2017-01-20,65.2675711259109,65.58049367110182,65.15804913036925,65.455322265625,18436800
2017-01-23,65.16586156195437,65.71347143652542,65.09545116750952,65.48660278320312,12179200
2017-01-24,65.65089595796827,66.49578501173406,65.36926627337968,66.27674102783203,15175300
2017-01-25,67.1529275072931,67.41108908678407,66.62878561087338,67.30156707763672,17551000
2017-01-26,67.23896213974105,68.02126539194747,67.23896213974105,67.86480712890625,15962800
2017-01-27,67.7943960032869,68.04473278052073,67.48929227404922,68.005615234375,12535400
2017-01-30,67.42673849866333,67.66925066627505,66.74613232596035,67.30156707763672,13661900
2017-01-31,66.96517225535679,67.39544152823615,65.78389240768016,66.20633697509766,15655100
2017-02-01,66.91822710420863,67.35631505607556,66.24544576755542,66.4566650390625,15430900
2017-02-02,65.97945013664071,66.42536869792615,65.83864128802408,66.1750259399414,11081400
2017-02-03,67.42670116326629,68.30287675129063,67.17636442833096,68.20117950439453,17885200
2017-02-06,67.89611205667325,68.41242919138305,67.75529720747944,67.88046264648438,11828400
2017-02-07,68.16992037811002,68.37332094098717,67.65360321819294,67.84135437011719,9392800
2017-02-08,67.41889569837154,67.52059297428504,66.78523196287155,67.24678802490234,13970900
2017-02-09,67.24679579014702,68.31855353691954,67.24679579014702,68.21685028076172,13749100
2017-02-10,68.43588719392683,68.43588719392683,67.9743251980459,68.06037902832031,10992500
2017-02-13,68.40459503557163,69.42158563406169,68.39677033224098,68.96002960205078,18739100
2017-02-14,69.07738952074477,70.17260945700491,68.92874997146617,70.0630874633789,17932100
2017-02-15,70.4698727492504,71.08789298523368,69.89878879472164,70.86884307861328,17381800
2017-02-16,70.72022501399672,71.22089868745681,70.22737007682439,70.8219223022461,17672700
2017-02-17,70.26647966123484,70.77497798179957,70.16478238452203,70.58722686767578,15776600
2017-02-21,70.80628177516007,71.30695546922509,70.76716421810762,71.19743347167969,14068300
2017-02-22,70.8141048033783,71.42430650047051,70.73587565303364,71.2365493774414,11839000
2017-02-23,71.33042309876096,71.45558853711889,70.81409999821891,71.29130554199219,11067000
2017-02-24,70.54809675678675,70.82972636208324,70.19606273441575,70.66544342041016,15062300
2017-02-27,70.65762902668251,70.97837622281615,70.42293566519449,70.74368286132812,12361000
2017-02-28,70.28994947875499,71.0487846257271,70.08654895198401,70.89232635498047,15183500
2017-03-01,72.5899157153083,73.52085844696458,72.44910089849053,73.22357940673828,24451400
2017-03-02,73.43483146352057,73.47394305729676,71.99538992441062,72.0814437866211,16862500
2017-03-03,72.08140961545233,72.84024460329852,72.08140961545233,72.59773254394531,12817500
2017-03-06,72.1674632212878,72.22222420125233,71.26781343458546,71.9093017578125,15059200
2017-03-07,71.69027187044372,72.0423059579079,71.35388122238892,71.51034545898438,11156800
2017-03-08,72.50386086632105,72.63685097797573,71.26782037700177,71.35387420654297,17378400
2017-03-09,71.65898144982303,72.08142595018614,71.30694735043738,71.63551330566406,13726200
2017-03-10,71.93279510382585,71.97191266115091,70.82192571040926,71.40865325927734,13729900
2017-03-13,71.43211962626691,71.79980316935553,71.13484649090857,71.47123718261719,10004300
2017-03-14,71.20525194142888,71.69810689703728,71.00967609390206,71.58858489990234,10237700
2017-03-15,71.81544214217492,72.40216959115183,71.29129441836201,71.76068115234375,16601400
2017-03-16,71.99536726073572,72.60556284177747,71.63550848136495,71.69026947021484,14492000
2017-03-17,71.8388969126798,72.00317985159276,70.91577899271711,70.93924713134766,21734700
2017-03-20,70.61852201011801,71.32259623109896,70.24301973792885,70.43077087402344,14623600
2017-03-21,70.68892005428475,70.90796400283854,68.10731701832948,68.365478515625,33089200
2017-03-22,67.97433247477579,68.89745059685869,67.28590772738364,68.47500610351562,21741000
2017-03-23,68.22466369605472,69.23383557489178,68.13078516017454,68.365478515625,16090100
2017-03-24,68.67839830215335,68.91308567988459,67.88044569976786,68.28724670410156,16093200
2017-03-27,66.91037805734845,68.37328689083215,66.67569072644368,68.24811553955078,16689300
2017-03-28,68.07601709283162,69.64062338377558,68.04473021929216,69.31205749511719,16264400
2017-03-29,69.31206316392306,69.4841708249629,68.9052681211469,69.05390167236328,10207600
2017-03-30,68.9991396720482,69.98484337264881,68.93655995227176,69.64845275878906,11631000
2017-03-31,69.39812771348994,69.42159585843841,68.64711723263504,68.71752166748047,16987600
2017-04-03,68.83486183003745,68.97567665486928,67.7474607815862,68.46717834472656,19831800
2017-04-04,68.36491202072884,68.97861380801714,68.23115773432916,68.69536590576172,14280800
2017-04-05,69.56870481091818,69.66312276869186,67.76693596893456,67.81414794921875,17635500
2017-04-06,67.64891351256037,68.38063609636063,67.07454817144647,68.04231262207031,14379600
2017-04-07,67.60956724143126,68.30194747261874,67.43647068293598,67.80626678466797,13097100
2017-04-10,67.72759946857701,68.20754691437938,67.1925763815905,67.57023620605469,15081600
2017-04-11,67.30271590008877,67.49941544176446,66.72048693751094,67.45220947265625,14690500
2017-04-12,67.60959102405354,67.62532435181768,66.9014712187516,67.19258880615234,14730600
2017-04-13,67.27126162612586,68.44358953391544,66.4057846069336,66.4057846069336,30529800
2017-04-17,66.4372297085239,67.72757803895554,66.3821540847662,67.55448150634766,19071700
2017-04-18,67.16110329141702,67.37353619094444,66.67328618496883,67.00374603271484,14127000
2017-04-19,67.271250948819,67.60170477596714,66.37430141639163,66.4529800415039,17588500
2017-04-20,66.8621254677888,67.49156053710793,66.52380194201662,67.31060028076172,15635800
2017-04-21,67.27126344024144,67.41288739285903,66.49233470224243,66.50019836425781,19820600
2017-04-24,68.09739267734544,69.27759008247938,67.99510506044541,68.8448486328125,25468300
2017-04-25,69.6709899089138,70.12732834797036,69.44281768798828,69.44281768798828,18253800
2017-04-26,69.5136385486294,70.06440103909485,69.34841160232843,69.57658386230469,12832200
2017-04-27,69.52934175988773,69.52934175988773,68.459295994449,68.9313735961914,13329000
2017-04-28,68.92352427425259,69.12022383325605,68.41210422028477,68.45144653320312,10755600
2017-05-01,68.73470677043436,69.03368799301644,68.10526566702497,68.49866485595703,15712300
2017-05-02,68.22324839183277,68.35700260044271,67.68035589444997,68.05802154541016,14414200
2017-05-03,67.711854270456,68.53012515624567,67.68038162068014,68.45144653320312,11540500
2017-05-04,68.99435794436306,69.02583060267254,68.113141520085,68.53014373779297,11540100
2017-05-05,68.64814609220659,68.71895505210664,67.99510211564451,68.45144653320312,9436000
2017-05-08,68.48293775172665,68.70324035709721,68.17608683670396,68.53014373779297,8162200
2017-05-09,68.65601425578345,69.1123526605807,68.05804592869123,68.25474548339844,10273900
2017-05-10,68.08165239993774,68.8291143477644,68.0344464252856,68.7897720336914,8334900
2017-05-11,68.5222651547879,68.82912203267095,67.94003605882534,68.57734680175781,10907400
2017-05-12,68.1996741247429,68.49079164497032,67.93215959211335,68.38850402832031,8738800
2017-05-15,68.53010326991402,68.83695400373753,68.34127343435931,68.71893310546875,8835600
2017-05-16,68.7346740952327,69.30903327646838,68.71893477359227,68.9313735961914,9795000
2017-05-17,68.9314308392037,68.9314308392037,66.06748420714936,66.30352020263672,24679700
2017-05-18,66.1461185870733,66.72048386353308,65.58749263478686,66.0595703125,23350100
2017-05-19,66.25626775156493,67.14534744987832,66.20906178612321,66.70474243164062,13412900
2017-05-22,67.01947334708056,67.1060216324434,66.25627810495048,66.64180755615234,11636000
2017-05-23,66.681146962365,67.71972033865823,66.4923170765282,67.47581481933594,11753000
2017-05-24,67.57023956823068,67.64105454058802,67.06668910869286,67.43648529052734,9833800
2017-05-25,67.6567714678605,67.727586423054,66.94078827037762,67.1532211303711,12238500
2017-05-26,66.96437229486624,67.31842896220903,66.89355735972259,67.16107177734375,8113500
2017-05-30,66.98014111247322,66.99588044097686,65.91796454468736,66.01238250732422,12603200
2017-05-31,65.87862556665434,65.94943453367411,64.2342139665896,64.63548278808594,28327900
2017-06-01,64.87937040112891,65.36718738259655,64.24206586303184,65.35144805908203,17123500
2017-06-02,64.74564074382187,65.29639722004532,64.50173516189368,65.0210189819336,14998500
2017-06-05,65.02100189816811,65.705518484019,64.97379592769349,65.13902282714844,9080200
2017-06-06,64.7455977200038,65.47731998235014,64.61970717892463,65.27275085449219,12196800
2017-06-07,65.54814947989239,66.17759037723619,65.38292259496814,66.02023315429688,13711100
2017-06-08,66.02025124845349,67.4522239797175,66.00451192016992,66.83851623535156,17951000
2017-06-09,67.27912021635976,68.49079024490217,67.18470226510392,68.41997528076172,19120200
2017-06-12,68.41997539504695,69.03367707224933,68.36489975742094,68.43571472167969,16053400
2017-06-13,68.8841955967678,69.12023149204916,68.43572079265891,68.66388702392578,12557200
2017-06-14,68.27047975045315,68.69535151483026,67.52302383334909,68.52225494384766,16175700
2017-06-15,67.86133824357184,68.51438212762964,67.85346858154408,68.11311340332031,12509700
2017-06-16,68.33342011987185,68.41996839911948,67.68037619565551,67.80626678466797,16936600
2017-06-19,68.4278353177755,69.41920265671834,68.33341737980217,69.2933120727539,15972300
2017-06-20,69.04153903426611,69.1752932817532,68.7425578923314,68.8605728149414,11197800
2017-06-21,68.8291157793145,68.8841914184856,68.26262006052924,68.54586791992188,10005900
2017-06-22,68.39635414338181,68.73467754210857,68.17605165170721,68.4671630859375,12180600
2017-06-23,68.97073430715602,69.23824281852283,68.14459378149922,68.34129333496094,18812000
2017-06-26,68.4593062121301,68.9785898507131,68.15245542505986,68.64026641845703,10082400
2017-06-27,69.01005816593792,69.97782243560273,68.84483129117426,69.27757263183594,15415200
2017-06-28,69.71032458444186,70.86691898624281,69.71032458444186,70.67021942138672,17466200
2017-06-29,72.6529530825306,72.89686464059304,71.05575347327166,71.71666717529297,27697800
2017-06-30,72.35395801465776,72.3854306613675,71.72452308884375,71.9133529663086,16892700
2017-07-03,72.43550350872995,73.95447020216423,72.3168394228323,73.37694549560547,13208100
2017-07-05,73.66967268289699,74.19972577942305,73.26619663762747,74.11270141601562,17535400
2017-07-06,74.00194166421979,74.76933500446059,73.47979550189831,73.87535858154297,16596100
2017-07-07,74.33420147067567,74.50033721360829,73.75668284559738,74.24717712402344,12817800
2017-07-10,73.97029141355426,74.11269435503428,73.6459268107002,73.72504425048828,13987200
2017-07-11,73.83579434098779,73.83579434098779,73.00510958939698,73.44023132324219,13262300
2017-07-12,73.26619942721953,73.44024816066123,72.83899054581191,73.18708801269531,13540100
2017-07-13,73.32947295135601,73.87534580248658,73.05257401485223,73.6538314819336,12820100
2017-07-14,71.84215322735045,73.2661825030989,71.66019761955698,72.98137664794922,22235200
2017-07-17,72.64120224431922,72.77569224009969,72.19026058402143,72.30101776123047,14374200
2017-07-18,71.55735122206107,72.45132755163826,71.45450700498436,72.0478515625,14719400
2017-07-19,72.26143768647248,72.48295801124473,71.99245777439512,72.15068054199219,11651200
2017-07-20,72.11112786799876,72.56206939504328,71.91334639059657,72.15068054199219,11561700
2017-07-21,72.03994654221583,72.27728680567485,71.61273768947777,71.90545654296875,10971300
2017-07-24,71.96082914789167,72.41968373331477,71.92127646448058,72.2139892578125,10725100
2017-07-25,73.07629666241404,73.98608655784162,72.99717924906275,73.4164810180664,16447700
2017-07-26,73.65384183578476,73.72504632643636,72.53044417459496,72.72822570800781,11815500
2017-07-27,72.64911904143683,72.83107468399194,72.11906594590491,72.42760467529297,12332400
2017-07-28,72.34847924587382,72.58581948959284,71.92127646448058,72.2139892578125,9351900
2017-07-31,72.39595416671364,73.06841017302689,72.38804121535087,72.62538146972656,11520300
2017-08-01,73.1712561193789,73.68548932541839,73.0051203517317,73.59846496582031,12523700
2017-08-02,73.47186700224407,73.74084692019362,73.18706118570229,73.66173553466797,10165600
2017-08-03,73.33739151647062,73.6775760015951,72.97347421263268,73.17916870117188,11078800
2017-08-04,73.9702949706603,74.68230971229995,73.94656215190791,74.09687805175781,14324000
2017-08-07,74.27883149671457,74.51617174887006,74.13642855258394,74.38167572021484,7978300
2017-08-08,74.32630283067961,75.3310364679057,74.04940987248045,74.11270141601562,13745400
2017-08-09,73.55888009470777,74.11266574456135,73.44021001665031,73.9939956665039,11214400
2017-08-10,73.49562065704522,73.6301106541602,72.83898450292358,72.93392181396484,13252300
2017-08-11,72.88645166242598,73.31366051731162,72.18234985598863,72.32475280761719,10679500
2017-08-14,73.07631812304598,73.49561397937481,73.04467235557416,73.17124938964844,10994800
2017-08-15,73.81995530427575,74.01773677795417,73.29781535238672,73.3611068725586,8812700
2017-08-16,73.6063938804597,73.75670981342165,72.68868444778762,72.85482025146484,11085400
2017-08-17,72.59374199789858,72.75196482399993,71.59692129318108,71.71559143066406,13837500
2017-08-18,71.4465740636261,72.41966152144214,71.35164282390541,71.78675842285156,13040700
2017-08-21,71.87378621111296,71.94499068014383,71.32791344899691,71.69973754882812,11502100
2017-08-22,72.04785860259916,72.55417885828882,71.99248001325228,72.43550872802734,9211800
2017-08-23,71.88960964232498,73.05255959568426,71.86587079625487,72.52250671386719,8811300
2017-08-24,72.72823427912054,72.87855019368952,72.31685129689771,72.40386962890625,8623200
2017-08-25,72.68864314254006,73.16332349566959,72.62535765982602,72.6965560913086,11794600
2017-08-28,72.91018253695121,72.93391535365595,72.09531760327287,72.46714782714844,7292900
2017-08-29,71.55735343596743,72.2377223658336,71.4465962646695,72.07158660888672,10886100
2017-08-30,72.19025104393448,72.68865827550964,72.14278541306429,72.23771667480469,9165300
2017-08-31,72.63329116504976,72.66493693589854,71.83425808541922,71.90545654296875,13217400
2017-09-01,72.19026789159636,73.06841848251268,71.95292761022986,72.54627227783203,9815800
2017-09-05,72.0083093780323,72.07951387990603,70.42605686135924,70.81371307373047,16897300
2017-09-06,71.20135149757454,71.6127344282471,70.91654560871916,71.28837585449219,11845700
2017-09-07,71.28836400658531,71.30418387075323,69.682379199891,70.03838348388672,14592300
2017-09-08,69.86434588299687,70.74249636103855,69.80896729590475,69.95137023925781,14242200
2017-09-11,70.71876561998772,71.39913458756533,70.370668184721,71.03521728515625,13219000
2017-09-12,71.335844739318,72.19026244479412,71.28046614928604,71.90545654296875,14003800
2017-09-13,71.68393620243413,72.38803794659056,71.45450890978124,72.11114501953125,12485400
2017-09-14,72.15069799377228,72.41177105568622,71.78678071162551,71.96874237060547,10562800
2017-09-15,72.05574722938233,72.55415436525057,71.80258718699999,72.48295593261719,18171800
2017-09-18,72.72823085409134,73.68549281924562,72.66493931032565,73.51144409179688,11318700
2017-09-19,73.34529457646987,74.6506537519882,73.19497869713854,74.3183822631836,12626100
2017-09-20,74.44495974299872,75.38640166947145,74.13642106783438,74.84052276611328,15311600
2017-09-21,74.7297606345328,75.44968818593121,74.51615927200857,75.18070220947266,10851500
2017-09-22,74.91961833968774,75.14113865592697,74.70601700807855,75.02246856689453,8358300
2017-09-25,74.76930826222514,75.0620209735489,73.93071072896076,74.46076965332031,10463400
2017-09-26,74.19181632679377,74.38959788280924,73.84371885674604,74.12852478027344,9358100
2017-09-27,75.13323408316963,75.726578558668,74.82469543877545,75.29936981201172,15090200
2017-09-28,75.62373156115783,75.85315882581435,75.08577167469582,75.45759582519531,10270400
2017-09-29,75.39430434071689,75.56834697707566,75.17278400789208,75.56044006347656,11438400
2017-10-02,75.76615087659506,76.64430141084276,75.52090369460625,76.61265563964844,13797200
2017-10-03,76.60474560289975,77.07942007984924,76.55727393013538,77.01612854003906,9633500
2017-10-04,76.97657060880795,77.0873277780213,76.16961862075294,76.23291015625,12166600
2017-10-05,76.3920570684076,77.50610911487425,76.03397172933752,77.2594223022461,14236200
2017-10-06,77.62549530055954,77.6971099605846,76.76608295367677,77.1241683959961,10231900
2017-10-09,77.15599731272171,77.24353038694636,76.50348189556324,76.71833801269531,7765100
2017-10-10,76.75810827810528,77.33104972724111,76.58304216074758,77.291259765625,10631500
2017-10-11,77.0525403335724,77.1957756998054,76.50347041782994,77.06049346923828,14283600
2017-10-12,77.42653932942562,77.58568702822478,76.08967801778778,76.38410186767578,18251600
2017-10-13,75.97824146066331,76.95701093172408,75.56444790405945,76.28062438964844,13190600
2017-10-16,76.66262087717153,77.94378001247506,76.66262087717153,77.85624694824219,12434000
2017-10-17,78.03926823563596,78.12680129532824,77.44245523105901,77.68118286132812,10335700
2017-10-18,78.10292420903096,78.42122566979027,77.68913048871522,77.97560119628906,10158600
2017-10-19,77.33900161412116,78.1427053370584,77.25942169842068,78.07109069824219,9133900
2017-10-20,79.00211721101797,79.48752555419209,78.56445803135118,79.18514251708984,15326600
2017-10-23,79.18514030313906,79.56709717394742,78.97028425110123,79.04985809326172,9238600
2017-10-24,79.4795704140833,80.52200786346926,79.38408422437455,80.3071517944336,13000800
2017-10-25,80.56976699003609,80.72891471861477,79.72627310059505,80.3867416381836,14632700
2017-10-26,80.64932114645396,81.50077403558765,80.62544960011019,80.95966339111328,13054400
2017-10-27,80.71297587323593,81.34957872072452,80.41059285978093,80.98352813720703,10400400
2017-10-30,80.47426722072251,81.1108702179838,80.2673764070443,80.69708251953125,8839500
2017-10-31,80.66523506677534,80.92782813303118,80.02863220127568,80.06046295166016,8690200
2017-11-01,80.45038715009221,80.92783631192243,80.15596330369624,80.3071517944336,8418200
2017-11-02,80.26735859916725,80.98352922332856,79.70237644821377,80.84029388427734,8731800
2017-11-03,80.45039567076704,80.79256871935316,80.15597179318799,80.69708251953125,7103500
2017-11-06,80.64137345652286,80.91989105989397,80.10026880587198,80.19575500488281,8121500
2017-11-07,80.02066684804291,80.17186138297939,78.18248517000222,78.58036041259766,18822600
2017-11-08,78.19839549732004,78.277975400668,77.30715886232748,77.69707489013672,18524700
2017-11-09,77.28331182531886,78.15863639985268,77.03662497468852,77.68914031982422,13697800
2017-11-10,77.83238768590454,78.25413465955698,77.58570686835621,77.59366607666016,9314000
2017-11-13,76.9411501050306,78.02337172527933,76.88544778947796,77.87217712402344,9303100
2017-11-14,77.45836648803994,77.80849872190372,77.06845036375256,77.40266418457031,11043800
2017-11-15,76.7023969125949,78.57240953680275,76.35226471924543,78.13475036621094,15384100
2017-11-16,78.40532519743968,78.82707214922945,78.2302590504107,78.35758209228516,9808000
2017-11-17,77.84032312563262,78.30981913465082,77.64138547645946,78.09496307373047,9017900
2017-11-20,78.34163753611904,78.89866655180982,77.79257379675862,78.78726196289062,9483200
2017-11-21,79.17717986638804,79.21696982239706,78.70768995517521,78.72360229492188,13389400
2017-11-22,78.80317057661388,79.19308661939667,78.45303841593862,78.49282836914062,7342200
2017-11-24,78.64401648724919,78.699718774529,78.19043898480096,78.2381820678711,3680000
2017-11-27,78.23023948750271,78.88275473619393,77.9278564453125,77.9278564453125,13076200
2017-11-28,78.15065701318896,80.92782459867708,77.9596785903176,80.65727233886719,16773000
2017-11-29,81.49283739995931,82.93314431786033,81.13474591901785,82.54322814941406,21105500
2017-11-30,83.34691821955106,84.87476402362901,82.78989521411849,83.1718521118164,23945900
2017-12-01,83.4742212653508,83.80843498866457,81.3256914631324,83.38668823242188,19683500
2017-12-04,85.72619733819535,86.25934867447569,84.96227157532036,85.10550689697266,23576600
2017-12-05,84.01535016195656,85.47157522320542,82.85355500955274,84.12675476074219,17193900
2017-12-06,83.99147545126114,84.15858234314463,83.17980646657551,83.49810791015625,15476200
2017-12-07,82.7182692016278,83.70500427816768,82.54320917620464,83.25142669677734,13371800
2017-12-08,83.35486789292516,84.30181296496026,83.02860726198729,84.29385375976562,13506900
2017-12-11,84.12673874796498,84.39729098749133,83.80047814855412,84.04716491699219,10591200
2017-12-12,85.07370436723818,85.4397489353902,83.98352379804294,85.02595520019531,15508800
2017-12-13,84.90657179415912,85.2328323974246,83.9357613310707,83.95963287353516,15020300
2017-12-14,84.44503614828047,84.70762917095934,83.26732286387463,83.28324127197266,13034200
2017-12-15,84.18248693933904,84.76338168617244,83.71299075973506,84.46099853515625,29350600
2017-12-18,85.29649726949637,85.64662335799856,84.73151514811643,85.11347198486328,12713100
2017-12-19,85.42381384971982,85.53521843258328,84.69968406110733,84.75538635253906,12149900
2017-12-20,85.62279409992051,85.72624560057938,84.42120856242632,84.46099853515625,13091500
2017-12-21,84.81905104662886,85.99676457129203,84.7951795007058,85.8057861328125,12323700
2017-12-22,86.1002079994287,86.30710484454089,84.99411520882485,85.5033950805664,14573400
2017-12-26,85.30448263909912,85.9331264945277,84.6678856469248,85.16124725341797,7403700
2017-12-27,84.88271590169512,85.37608346426919,84.88271590169512,85.32038116455078,9496500
2017-12-28,85.46361405631818,85.81374018542714,85.27263561579555,85.77395629882812,7440600
2017-12-29,86.01269609577894,86.16389068180746,85.09758758544922,85.09758758544922,8925700
2018-01-02,85.64663568325813,85.95697793443617,84.99412042807667,85.90127563476562,13578800
2018-01-03,85.82965998705873,86.33098067821082,85.52727694540918,85.98880767822266,11901000
2018-01-04,86.67671268099618,88.01253725327506,86.54872641881045,87.22064208984375,12953700
2018-01-05,87.39661431944569,87.62858482714373,86.21276588407652,86.66070556640625,14155000
2018-01-08,86.50873397319032,86.93267778047115,86.14877719330828,86.7886962890625,12466500
2018-01-09,86.96467062191228,87.69257261201291,86.7806919063762,87.2286376953125,13292300
2018-01-10,87.56461966863904,88.5484883712516,87.50062652137511,88.18853759765625,15834500
2018-01-11,88.5244653477551,88.73243996128983,88.02853386519143,88.66044616699219,13676800
2018-01-12,89.30836890319492,90.26824143943918,88.66044914364532,90.12425994873047,18884200
2018-01-16,89.19638956715812,90.73218816248281,88.84443343387578,89.80430603027344,22703300
2018-01-17,89.500379737747,90.62823623858525,89.03643850608061,90.38026428222656,14940300
2018-01-18,90.19626633140308,90.96416568809506,89.80431293367361,90.5962142944336,14572900
2018-01-19,91.14014368907425,91.46009717704338,90.22826282237473,90.396240234375,18785500
2018-01-22,90.11627041175011,91.50008683041152,89.98828414499333,91.45209503173828,12475700
2018-01-23,90.92415750932469,91.70005744067124,90.66819108789579,91.3561019897461,12320800
2018-01-24,91.87604257962823,92.78792340765821,91.71606584242771,92.52395629882812,15904500
2018-01-25,92.81991086504631,92.9238951237481,92.05201161695733,92.54794311523438,13510000
2018-01-26,92.54793906863597,93.04387664794922,91.95601790170889,93.04387664794922,13883900
2018-01-29,92.80390974458386,93.86777264288285,92.80390974458386,92.94789123535156,11679900
2018-01-30,92.41198176407268,93.26787022014854,91.9720426358913,92.0760269165039,14279100
2018-01-31,92.50796106619661,93.31585762531837,92.11601378815037,92.52395629882812,13141400
2018-02-01,92.60394296638408,93.57981691245695,92.37197853252067,93.48383331298828,13800600
2018-02-02,93.17986316122735,93.52381861088254,91.26011195623838,91.41209411621094,16477300
2018-02-05,90.38826310246796,91.66009502566457,83.17320266214172,87.02870178222656,30097600
2018-02-06,85.46887638943203,89.97229424879254,85.27690308063302,89.67633056640625,33114800
2018-02-07,89.22842375669934,91.54811785986568,88.90846405541733,90.28428649902344,21878300
2018-02-08,90.47621276954882,90.47621276954882,86.26075856321252,86.29275512695312,27425800
2018-02-09,87.26864185726049,88.82844253082479,84.97294451980056,88.02054595947266,28188000
2018-02-12,88.92443824015312,90.17228016943665,88.04455384699526,89.38037872314453,18043300
2018-02-13,89.04441181105376,90.42823441051128,88.62846862606898,89.93229675292969,16358200
2018-02-14,90.0922576147153,92.20398194140377,90.01226925893717,92.01200866699219,15186900
2018-02-15,92.57992290349573,92.77989682049127,91.36408417335946,92.39595031738281,12130200
2018-02-16,91.62805615979578,92.8438949556329,91.58805893314747,91.73204040527344,13214300
2018-02-20,91.70808881445461,92.30001021794247,91.16415922395356,91.7560806274414,13461500
2018-02-21,91.98800200077042,93.94774395013376,91.72403496515898,92.13998413085938,14212500
2018-02-22,92.38795848277105,93.13186176920867,91.79603734064743,91.97201538085938,17070400
2018-02-23,92.23599313195457,93.89977804796868,92.23599313195457,93.83578491210938,12162500
2018-02-26,94.49969179221851,95.10761432485991,93.84377746319414,95.00362396240234,16511200
2018-02-27,95.1156192167892,95.4515740118346,93.86777753091604,93.87577819824219,17563300
2018-02-28,94.24372808444737,94.77965683520881,92.25998370637271,92.38796997070312,17735600
2018-03-01,92.37196650936995,93.29984243221477,90.10826000815305,90.732177734375,18690000
2018-03-02,89.9002921877992,90.83616884780976,88.88442716502823,90.64419555664062,18353700
2018-03-05,89.6283287272109,92.7319222998892,89.50034246719738,92.0360107421875,13933000
2018-03-06,92.49997450093703,92.64395602745726,91.44411200736273,92.11602783203125,10674400
2018-03-07,90.98816349978863,92.06802180209891,90.47623058457899,91.77206420898438,13006500
2018-03-08,92.0760311676402,92.17202088682967,90.55622751211264,91.78006744384766,11173700
2018-03-09,93.22785759363445,94.45169718676925,92.52394538644117,94.4197006225586,15366600
2018-03-12,94.38772249806314,94.9876444630932,93.78780053303308,94.11576080322266,12339300
2018-03-13,94.5476866103859,94.76366190645362,92.65193736001909,92.9878921508789,13312300
2018-03-14,93.23586915011452,93.25986505196568,91.66807383438132,91.94803619384766,12905100
2018-03-15,92.68396163301674,92.78794592716179,91.85206897168786,92.18002319335938,8748000
2018-03-16,92.25998661001694,93.2678571138157,92.25998661001694,92.33998107910156,19888900
2018-03-19,92.06801622134563,92.34797856383057,90.62820727311397,91.61207580566406,13214900
2018-03-20,91.88402142113682,92.34795628990362,91.54806058846583,91.70004272460938,9921200
2018-03-21,91.83605992102763,93.29187043042884,91.3561235305248,91.78006744384766,13633000
2018-03-22,90.5482089082035,90.86816847273816,87.62059323410604,87.94854736328125,22550400
2018-03-23,88.20451905814875,88.72445261870551,85.39688881604087,85.59686279296875,23081500
2018-03-26,87.34060910841393,88.91640453577332,86.90866471948904,88.23648834228516,20217500
2018-03-27,88.8444258987381,89.34036348969038,85.82882143026151,86.52472686767578,18039900
2018-03-28,86.61273331944486,87.32464023354825,85.30890510543206,86.38876342773438,19189300
2018-03-29,86.78870587376652,88.61246756454018,86.21277984452821,87.96455383300781,13274600
2018-04-02,87.9565335262022,88.57245665433899,84.85294029827153,86.26875305175781,18822500
2018-04-03,86.6767063260407,87.58858701773372,85.79682219754818,87.45260620117188,14050700
2018-04-04,85.66884682472154,88.95641935277156,85.60485369019337,88.78044128417969,15302600
2018-04-05,89.74515611170831,90.70990215492722,89.55220935653124,89.9461441040039,16627000
2018-04-06,88.8769313007067,89.68088361954197,86.68213877147187,87.70315551757812,18906000
2018-04-09,88.44279150086658,90.83053073929221,88.34631501973404,88.75633239746094,15974300
2018-04-10,90.1471766702216,90.74210583782364,89.57637122590326,90.45268249511719,13951400
2018-04-11,89.76930806855245,89.88989599493883,88.85279689233522,88.93319702148438,14503300
2018-04-12,89.68890816037643,91.96409442672471,89.64067298970305,91.1440658569336,16435500
2018-04-13,92.47058322898579,92.57510094492343,87.67099354568275,88.67593383789062,39152800
2018-04-16,89.19046450096515,89.61655821171118,88.26591818752757,88.60357666015625,16580500
2018-04-17,89.5361642135142,89.97833427043207,88.42670618392154,88.60357666015625,15501400
2018-04-18,88.86082760212726,89.29496248668,87.54234660474539,87.88804626464844,16081400
2018-04-19,88.05688570462314,89.93813708955918,88.03276811940208,89.81754302978516,17911000
2018-04-20,90.28382838363463,90.63756315672317,89.14221167555678,89.61654663085938,15584400
2018-04-23,89.69692472626747,90.00242427927681,88.94120788070012,89.1823959350586,11285800
2018-04-24,89.84166688548515,90.76621323005618,88.10512702434279,88.76437377929688,16453100
2018-04-25,88.65182534826626,88.86085468238231,87.30922635930933,88.42671966552734,13548200
2018-04-26,88.41061751962772,89.09397560959417,87.90412374758483,88.51512908935547,10299500
2018-04-27,88.0729637436356,88.56337506396852,87.73529916655818,87.9523696899414,9384000
2018-04-30,88.2337453671662,88.67592148762144,87.4297932453697,87.45391082763672,13744900
2018-05-01,87.18860515536358,87.60666369355178,86.45701191403607,87.45391082763672,10503400
2018-05-02,86.9152574313429,88.02470906262782,86.60975785759797,86.76250457763672,12162100
2018-05-03,86.49720231693463,86.64191393831068,84.55968097182671,86.2158203125,15379100
2018-05-04,85.56464181895389,87.42176963194817,85.20286574467445,87.17254638671875,11967900
2018-05-07,87.43785702122378,88.17749169183796,87.11627486288342,87.92826843261719,9356700
2018-05-08,88.05689745211579,89.51204920215667,87.85590937023525,89.23066711425781,12543200
2018-05-09,89.59244440494452,91.3611369745635,89.26282102466263,91.17623138427734,11368100
2018-05-10,90.99935131808041,92.00429156628373,90.64561038793893,91.88369750976562,9159700
2018-05-11,92.04448204273731,92.23743497939458,91.38524150999571,91.53799438476562,10253000
2018-05-14,91.73898150033362,92.21331033073855,91.44151699290919,91.57015228271484,8710700
2018-05-15,91.5782094890114,91.5782094890114,90.50091021689343,90.8707275390625,11536200
2018-05-16,90.75815806662797,91.40132224253175,90.54912878940902,91.11993408203125,7571100
2018-05-17,91.00736938151796,91.1762047092278,90.20341733350573,90.81442260742188,8617200
2018-05-18,90.64560538145223,90.68580544262745,89.11005382284739,89.34320068359375,11806300
2018-05-21,90.08284453384641,90.47677938598093,89.97832682453738,90.16323852539062,9441900
2018-05-22,90.3240333504026,91.88370266591045,90.275798178556,90.85464477539062,11507600
2018-05-23,90.45267458283311,90.66169776364933,89.33518138156225,90.43659210205078,11453900
2018-05-24,90.1552078847805,90.16324912498077,88.53122698346598,89.42361450195312,14084800
2018-05-25,88.80454556526871,89.30299806043242,88.59551630811391,88.96533966064453,8283500
2018-05-29,87.7755033997013,87.79157974524583,84.38282405862044,85.16265869140625,30643800
2018-05-30,86.53741761372267,87.30921101908189,85.74150662283171,87.10822296142578,17490800
2018-05-31,86.78663279182513,86.97958572551755,85.55658697445986,86.03092193603516,19808200
2018-06-01,87.10018093691338,87.58255717787681,86.66605213391621,87.14842224121094,13594200
2018-06-04,87.62277948644498,87.83985009191296,87.04393271675794,87.18864440917969,9415400
2018-06-05,87.0197861537028,87.07606256348335,86.07916353294122,86.69820404052734,10415200
2018-06-06,87.3574580710023,89.02967415912688,87.21274641462267,88.72417449951172,15453600
2018-06-07,89.38338805586064,89.64065246332348,88.4588419830929,89.07788848876953,13444400
2018-06-08,88.93321349311552,89.35126602724418,88.48299599443486,89.3271484375,10383200
2018-06-11,89.33517477782169,89.97029778105114,89.05378658795472,89.1020278930664,12642900
2018-06-12,89.3512537197019,89.66479461052766,88.04884884988554,88.5875015258789,15294100
2018-06-13,88.80455649128648,89.60046742690166,88.09708078559169,88.4106216430664,14979700
2018-06-14,88.65984453520142,88.7241621810334,86.64996410546374,86.8509521484375,20487300
2018-06-15,86.66605833019078,87.13234599150113,85.43600618819269,86.74645233154297,26028600
2018-06-18,86.23192299403705,87.14842809960807,85.77367044125154,86.9715576171875,9786800
2018-06-19,85.94248724163889,86.7303569246014,85.70129913986035,86.46505737304688,12707200
2018-06-20,86.97154488273162,87.34136214015786,86.37662200197362,86.45701599121094,8876900
2018-06-21,86.1032685410869,86.99565586130676,85.64501609019031,86.43289184570312,11048700
2018-06-22,86.95551107987436,87.12434037997008,84.82503558761091,85.01798248291016,19478900
2018-06-25,84.94558773953985,84.97774042814898,83.5788653942609,84.24614715576172,16907600
2018-06-26,84.18183514103092,84.58381124587798,82.89551283225404,84.30242919921875,17086800
2018-06-27,84.15770827586104,85.15460718852418,82.99198015381955,83.00001525878906,16276800
2018-06-28,83.35377845194829,84.78481262881492,83.21710802689238,84.35871887207031,14491300
2018-06-29,85.76562430128237,85.94249477359837,83.73162613698585,83.77182006835938,18972400
2018-07-02,83.38591840299429,84.48732892854196,83.11257148109824,84.47929382324219,11130000
2018-07-03,84.74460172018826,85.0420600994231,83.22512646629706,83.2974853515625,8311700
2018-07-05,84.17048165575908,84.37256194932452,83.68549018460224,83.83907318115234,10723400
2018-07-06,83.35408152242158,84.46956252027223,82.61042135685334,84.11389923095703,12173700
2018-07-09,84.63931244732007,86.86219575612763,84.63931244732007,86.7166976928711,13900800
2018-07-10,87.31483388674684,87.62199982129657,86.11043729343334,86.18318939208984,14575900
2018-07-11,85.93260151819675,86.53884225395751,85.85177065349524,85.99726867675781,10186500
2018-07-12,86.82985289737516,86.94301736038118,85.65778974466967,86.36911010742188,12456800
2018-07-13,86.73286157162478,87.13702214527261,84.9868849333057,85.97303771972656,21289100
2018-07-16,86.53078256789368,89.5377321001403,86.47420033342401,89.3841552734375,24662600
2018-07-17,89.47306387731173,89.66705921313113,88.71324007543504,89.3194808959961,14821900
2018-07-18,89.25481689340103,90.62896650226764,89.07698525967704,90.15205383300781,14244900
2018-07-19,89.77212720597771,89.79637584896585,88.69706497583803,88.8263931274414,16775300
2018-07-20,88.91531646218775,90.32179337764774,88.73748484254332,89.94996643066406,13578100
2018-07-23,89.77212837229379,92.34258940142863,89.66704886231338,91.62318420410156,18140000
2018-07-24,91.78486027433743,92.77909174026479,91.67977458800338,92.26985168457031,14000400
2018-07-25,92.05161226719761,93.37725848756426,91.64745168374434,93.10243225097656,13329100
2018-07-26,93.29642855312304,93.43384167281442,92.61744172617658,92.83568572998047,11897800
2018-07-27,93.10241809211215,94.007739881488,92.80333708572007,93.78948974609375,12802700
2018-07-30,93.9915907998345,95.06665950623166,93.81375914409945,94.35533905029297,13411600
2018-07-31,94.6382317206778,94.6382317206778,92.81142438797518,92.91650390625,15843800
2018-08-01,93.56318632226255,94.32301028397896,93.18327434140434,93.49044036865234,13531600
2018-08-02,92.60934114707734,93.96732073862523,92.41534582457054,93.88648986816406,11058100
2018-08-03,93.76527970537987,94.67868064100958,93.7167823962145,94.64634704589844,11016100
2018-08-06,94.40383814365411,95.00199413312512,93.91076169502209,94.67058563232422,9857400
2018-08-07,95.17171950743773,95.61629855550851,94.840311080967,95.01814270019531,10562100
2018-08-08,94.84030837941935,95.60012595766003,94.7998898609278,95.2121353149414,8997100
2018-08-09,94.98579336947851,95.15554002323464,94.33104922842008,94.47654724121094,9694200
2018-08-10,93.36108813107396,93.72483016348568,92.69826506807883,93.54700469970703,12630600
2018-08-13,93.40958718074802,93.66824969392728,92.00311015077331,92.0596923828125,10336300
2018-08-14,92.3668376751301,92.98924829675386,91.86568260353671,92.67400360107422,10597600
2018-08-15,92.00312106686954,92.41536661606811,91.31604926287292,91.90612030029297,10152100
2018-08-16,92.43151796542634,93.20750549325571,92.39110561000854,92.77101135253906,10118600
2018-08-17,92.66593182805198,93.01351015304854,92.39110561000854,92.77101135253906,8505100
2018-08-20,92.62551782920694,92.9973509860143,92.2375271298442,92.64977264404297,8618700
2018-08-21,93.25600232081328,94.0804870833036,92.85992056368536,93.21558380126953,10976700
2018-08-22,93.20749678563037,93.28833382291535,92.77908762282036,92.93267059326172,8314700
2018-08-23,92.92459601358713,93.07817900114698,92.49618680302626,92.73868560791016,9265400
2018-08-24,92.94074857660566,93.13474388417478,92.5123332788494,92.69824981689453,8845700
2018-08-27,93.13476036335459,94.79989989586703,93.09434184058458,94.33915710449219,13768000
2018-08-28,94.57357465185878,94.59782329966474,93.74100485318223,93.87841796875,8302600
2018-08-29,94.04816506578003,94.06433494238595,93.24792884981414,93.57125854492188,7221700
2018-08-30,93.43381998238739,93.7975681269522,92.94074985366575,93.1104965209961,8991800
2018-08-31,92.81951955844234,92.82759832973854,92.00311346645393,92.61743927001953,13065700
2018-09-04,92.42342652783695,93.15091671120375,91.84951931845877,93.07817077636719,10174200
2018-09-05,92.95693343471238,93.52275578012325,92.350692564486,92.62551879882812,11462400
2018-09-06,92.55278377620265,92.71444556053942,91.74446252051528,92.22945404052734,9877600
2018-09-07,92.5527780319352,92.77102204394475,91.84953636301312,92.40727996826172,10955600
2018-09-10,92.83567776695125,92.93267851976665,91.87377984461774,91.91419219970703,8276900
2018-09-11,91.77676486467078,92.61741942441847,91.48576881833506,92.49617004394531,9333800
2018-09-12,92.35067180906381,92.85991180548407,91.2190212055747,91.40493774414062,10800800
2018-09-13,91.63935401257406,92.25367353248471,91.07352561223553,91.7605972290039,12470800
2018-09-14,91.99500807047318,92.54466657943118,91.5261865925087,91.74443054199219,10337900
2018-09-17,91.97883661730904,92.49616150369647,91.58276110019972,92.01924896240234,9561300
2018-09-18,92.41534666712035,92.68209409237421,91.79293600819467,92.39109802246094,7944200
2018-09-19,92.50426115386458,95.4303793516292,92.50426115386458,95.07472229003906,16052800
2018-09-20,95.78604901861983,96.38420489754559,95.44655564141877,95.89112854003906,15590000
2018-09-21,96.29527763041257,96.37611466327414,95.17171194403412,95.26062774658203,24788200
2018-09-24,95.18787589456625,95.7536980873917,94.1128075611985,94.34722137451172,12492500
2018-09-25,94.60590004828818,95.35763890020291,94.02390788332188,94.08049011230469,9308300
2018-09-26,94.37149709990798,94.4684978609448,92.68210880577469,92.97309875488281,14023600
2018-09-27,93.29641412873426,93.57124649262684,92.27793404577993,92.56892395019531,13283000
2018-09-28,91.86570474757359,92.34261129091814,90.95229785330152,91.2109603881836,15815100
2018-10-01,91.63935103550008,92.64166731642362,91.37260363402055,91.74443054199219,10146300
2018-10-02,91.63128275377619,92.24560853238816,91.18670367050422,92.12435913085938,13753100
2018-10-03,92.90841931511197,93.49041143186506,92.53659238874192,92.98925018310547,17142000
2018-10-04,93.24157530561128,95.08116886637441,92.9648183900702,93.82763671875,16357400
2018-10-05,94.28350108870698,94.50327341356311,92.810189999917,93.298583984375,13777600
2018-10-08,92.99740232082584,94.24279323573738,92.26481760317579,93.86836242675781,14370900
2018-10-09,93.33928447695145,93.63231839966917,92.52530273833284,93.2171859741211,14069500
2018-10-10,93.36367675940065,93.56717213700195,90.7345199584961,90.7345199584961,23086400
2018-10-11,90.3275342112722,90.73452498903934,87.40533719760708,88.01582336425781,33705600
2018-10-12,89.83915012037382,90.21358090570287,85.95645446716823,87.05532836914062,32075700
2018-10-15,87.25881672036203,88.60188747440785,86.54251521629115,86.55879211425781,18903200
2018-10-16,87.22624555193988,88.54489138112721,86.87623331859825,88.41465759277344,19302800
2018-10-17,88.21932016741077,90.18916028312456,88.09722790027247,89.39959716796875,18794500
2018-10-18,88.74026418410756,89.40772879418115,87.75534727230301,87.98326110839844,17582500
2018-10-19,87.62510928800445,88.90305998833988,87.31579234499989,87.83674621582031,15234500
2018-10-22,88.03210863702662,88.18676091345294,86.37158547769626,86.57508087158203,16199100
2018-10-23,84.81689414933584,86.41230381201208,84.40990328257284,85.67157745361328,21407500
2018-10-24,85.27272598665473,85.49249831666651,83.7668610597496,84.076171875,23168900
2018-10-25,84.80060298366836,86.20065232347454,84.42617219444826,85.35411071777344,17464700
2018-10-26,84.65408714093635,85.10991485366623,83.62033323237058,84.18197631835938,19174900
2018-10-29,85.02852542527474,86.79486417788911,84.40989761051208,85.34597778320312,18445200
2018-10-30,86.04599708594156,87.07975723042877,85.35411394469934,86.85183715820312,18019700
2018-10-31,87.97513403035938,89.92869113930824,87.73907861788516,88.74027252197266,20860000
2018-11-01,89.22865795081356,89.71704562894679,88.17047947303635,88.70771026611328,13065000
2018-11-02,89.45656995871714,90.19728990987694,87.49487152189333,88.21931457519531,19009200
2018-11-05,88.40654874992207,88.96005652813447,88.25189024698136,88.79725646972656,10276400
2018-11-06,88.45537634175045,89.2693579174585,87.71465633715313,89.2123794555664,10825000
2018-11-07,89.83914055895359,90.94615589784213,89.00887594969417,90.74266052246094,12679600
2018-11-08,90.36007681418687,91.9229196093441,90.3519352613475,91.47522735595703,11662500
2018-11-09,91.35314969008522,91.45896505313945,90.21357430797273,90.58800506591797,10432200
2018-11-12,90.69383182559189,91.11710575137002,88.39840387483204,88.68329620361328,13279700
2018-11-13,88.80539724920953,90.44964366873214,88.80539724920953,89.2042465209961,13746100
2018-11-14,89.72519480157992,90.11590249318647,86.26577298997087,87.3646469116211,18361400
2018-11-15,88.10536010703572,89.60308936918953,86.94136625700577,89.5949478149414,19100000
2018-11-16,89.0902801406397,90.1566002177317,88.35770169753042,89.52983093261719,13798600
2018-11-19,89.50542622069064,90.51476178119911,89.15541384427893,90.21359252929688,13987000
2018-11-20,89.35889549831184,89.93682166609072,87.89373240273041,88.27629852294922,18936200
2018-11-21,88.74840001100645,89.22051076112902,87.6169662475586,87.6169662475586,10619600
2018-11-23,86.88439733348768,87.41348663433172,86.33088957740556,86.81114196777344,6488400
2018-11-26,87.68208335324232,89.52168318096103,87.46230488262064,88.93561553955078,13948300
2018-11-27,88.52862947140885,89.56238324150468,88.42280790213776,89.31005096435547,9238200
2018-11-28,89.37516981634734,90.67753895437971,88.61816678452448,90.30310821533203,13977300
2018-11-29,89.75773498700717,90.18915038757824,89.24492889073177,89.58679962158203,11144300
2018-11-30,89.41586105381019,90.6124147791185,89.19608879475906,90.50659942626953,18652700
2018-12-03,91.47523162356504,91.89036389514708,90.95428400087545,91.36127471923828,16034500
2018-12-04,90.84034448628094,90.84034448628094,86.87625810509336,87.28324890136719,23555900
2018-12-06,85.47622473678754,85.7611171053516,83.74243964632024,85.62274169921875,27213900
2018-12-07,85.59831991386906,87.07976638301596,83.7668610597496,84.076171875,19248600
2018-12-10,83.73427115737046,84.23893566473627,80.81207462167843,82.50515747070312,23636400
2018-12-11,83.94594139164438,84.3773569652517,81.56911600929068,81.69935607910156,16860700
2018-12-12,82.74939340040365,83.7587291012538,81.44701754231374,82.22843933105469,22621500
2018-12-13,82.6598344208612,83.0017052043056,81.94352663438329,82.30982208251953,17250900
2018-12-14,81.39001173525641,82.97727945051219,81.28419637164718,81.63420867919922,19879500
2018-12-17,81.21094487359007,81.85399110952912,80.12835402035358,80.59232330322266,25113500
2018-12-18,80.92604118662575,82.12259501404445,79.86786893727786,80.2097396850586,20837200
2018-12-19,80.10392997348956,81.87026850513543,78.63061909619212,79.19226837158203,28767900
2018-12-20,78.63876971130136,79.99811761106645,77.8899080646246,78.50852966308594,31825200
2018-12-21,78.69574456443958,80.12021242287003,76.26194121945935,76.65264892578125,41313900
2018-12-24,75.61075325242719,76.69335031275571,75.0002670288086,75.0002670288086,17009300
2018-12-26,75.44794811304804,78.10966491699219,74.16185583741894,78.10966491699219,22542900
2018-12-27,77.1817295155161,79.07830799762863,76.1479756903079,78.98876953125,20304700
2018-12-28,79.72949600241668,80.03067143297932,78.50038824593494,78.81784057617188,17963300
2018-12-31,79.4364670573251,80.42952567414004,78.76900234588695,79.46089172363281,13237200
2019-01-02,78.10154580828025,81.21909737647125,78.09341046218015,80.8365249633789,15670900
2019-01-03,80.94318776111764,81.14833574434445,79.34303599619643,79.68768310546875,16286400
2019-01-04,81.32885257212888,82.82232937517735,80.64775988585366,82.6253890991211,16935200
2019-01-07,82.41204922513974,83.26546559857584,81.82122202348246,82.68284606933594,15430700
2019-01-08,83.39674180248296,83.5526562468009,81.68991562837638,82.52691650390625,13578800
2019-01-09,82.72386770827832,83.2818704525424,82.00174908772102,82.3874282836914,14230300
2019-01-10,82.07562060691447,82.65824651804786,81.46017652051984,82.37924194335938,14376100
2019-01-11,81.96889807685008,82.19866273339294,81.19753993506994,81.98531341552734,15439900
2019-01-14,81.13194105419907,83.17521357666712,80.95961746899052,82.83056640625,21258500
2019-01-15,81.14834504004016,84.08606599891813,80.91037260096252,83.43779754638672,26504900
2019-01-16,83.90553923816216,84.89024721886054,83.53627531055542,84.11068725585938,18533000
2019-01-17,83.79062964866567,84.93125175593943,83.63471520243073,84.45530700683594,14247600
2019-01-18,85.15282135345633,86.08009423605688,84.38146920071674,85.8257064819336,16428700
2019-01-22,84.58662309941201,85.0051205030423,83.80705695928934,84.47174072265625,17083700
2019-01-23,84.88202867611211,85.0953780638152,83.6757575737857,84.25837707519531,12146700
2019-01-24,83.80704800119443,84.59481546929558,83.65113979833085,84.30760955810547,11296800
2019-01-25,84.93946907010519,85.59593883178697,84.30760980303198,84.84099578857422,14369400
2019-01-28,84.43068839427565,85.53848605369262,84.18450835413033,85.24307250976562,12283100
2019-01-29,85.24309142067113,86.25242229644157,85.12000763391123,85.48106384277344,9743300
2019-01-30,85.45646091871893,86.3591109779211,85.16104726143519,85.67802429199219,12526300
2019-01-31,84.85741651430051,85.17744687379896,84.29941373814071,84.93126678466797,17520600
2019-02-01,85.34154577794746,86.03904754420121,84.94765896583864,85.24307250976562,13000800
2019-02-04,85.16923562363036,85.54670715332031,84.52917493152046,85.54670715332031,9871500
2019-02-05,85.76825613577013,85.79287914982503,84.7589316811805,85.16922760009766,12763000
2019-02-06,85.10357233533368,85.85031385656988,84.90663206207228,85.12818908691406,8745000
2019-02-07,84.72610893938074,84.93125690291434,83.24083968679548,84.01219177246094,13177500
2019-02-08,83.76600557707856,83.97935491993685,82.10840677106826,83.17517852783203,12892600
2019-02-11,83.50342054314082,83.70856848631634,82.69103018052049,82.78129577636719,10978500
2019-02-12,83.65935532008645,84.45533059436643,83.61012180146967,84.19274139404297,12852300
2019-02-13,84.43891752282788,85.21847741369325,84.43891752282788,84.5948257446289,10754100
2019-02-14,84.08605315645559,84.60302380062711,83.1669879728646,84.0450210571289,11518500
2019-02-15,85.25950169485284,86.73656339369685,85.06256138713088,86.61347961425781,14716900
2019-02-19,86.08829555124836,86.46576705782584,85.18563949136842,86.30985260009766,12764900
2019-02-20,86.33448375099945,86.81863628754408,86.06368688787892,86.7283706665039,10030300
2019-02-21,86.53142095832091,86.97454137455297,86.129332644944,86.54783630371094,8400100
2019-02-22,86.73655933453813,87.05658966734163,85.98161630641802,86.16214752197266,10647300
2019-02-25,86.77760575286557,88.02490286338751,86.7283722352695,87.06481170654297,11230700
2019-02-26,85.75184008690655,86.54781510663706,85.29231069845116,86.40010833740234,15465400
2019-02-27,86.3098737472905,86.47398965623272,85.76007856565138,86.29346466064453,9968800
2019-02-28,86.1703641799164,86.33448006901565,85.4892713449768,85.63697814941406,15156900
2019-03-01,86.2442226577101,86.90890647123044,85.5056885652544,85.69442749023438,13813300
2019-03-04,86.09651863542014,86.9171107068838,84.74254046538093,85.49748992919922,12466300
2019-03-05,85.44824044475615,85.79289383370606,84.73432943044696,85.43183135986328,10856600
2019-03-06,85.22667588409202,85.809295386256,84.97229439655237,85.1117935180664,9070800
2019-03-07,84.72612554128912,84.90665678627246,83.8316832501156,84.4963607788086,12705700
2019-03-08,83.69218265425059,84.70972131882415,83.69218265425059,84.52919006347656,10582400
2019-03-11,85.32515390551953,85.79289106763544,85.06256473136006,85.62876892089844,9763200
2019-03-12,85.82571147735428,85.98983362837667,85.13641722491995,85.3743896484375,10219100
2019-03-13,85.49748992492468,86.14575841262305,85.30054332013637,85.66160583496094,13022200
2019-03-14,85.75183752966946,86.87605047646471,85.71901310852746,86.44113159179688,10926500
2019-03-15,86.49857744041766,87.63919944658934,86.35087067829237,87.43405151367188,24811700
2019-03-18,87.43406548308661,88.45159763995616,87.39303338570015,87.95924377441406,12935500
2019-03-19,88.7880371628879,88.95215929202669,87.43406559605253,87.63921356201172,12889300
2019-03-20,87.33559834366005,87.51612956785763,85.67800541902854,85.76826477050781,14920700
2019-03-21,84.9230313291696,84.9230313291696,83.93011614625306,84.41426849365234,19751000
2019-03-22,83.5526530511888,83.9629489326542,81.66528949220064,81.86223602294922,31115200
2019-03-25,81.72273203142254,82.5269147272111,80.49184436644835,81.18114471435547,21032300
2019-03-26,81.91147234644193,82.3874170878822,81.0908805552491,81.9935302734375,15987100
2019-03-27,81.96073533193825,82.42847257073933,81.30426541922172,81.71456146240234,12753200
2019-03-28,82.0592032233302,82.71567935336499,81.84584754197584,82.6418228149414,12454100
2019-03-29,83.32290107421406,83.69216491963469,82.54333502409824,83.06851959228516,14523400
2019-04-01,83.82346525317848,85.8995617935515,83.79884849746172,85.86673736572266,17499300
2019-04-02,85.83391057227671,86.52321101644593,85.6123535163126,86.27703094482422,10295400
2019-04-03,86.8268199420288,87.27814795492378,85.98981902611858,86.44934844970703,11499200
2019-04-04,86.44935740373613,87.42506534387037,86.36666526473067,87.28449249267578,11952100
2019-04-05,87.48295300327003,87.73928099067393,86.81318321357996,87.0777816772461,9933700
2019-04-08,86.91243652735355,87.35894775390625,86.74706480279045,87.35894775390625,8056300
2019-04-09,86.88759323792443,86.98681370567326,86.20128889621571,86.71395111083984,9092200
2019-04-10,86.92891984985995,87.4167768737653,86.38318843420323,87.1025619506836,10882300
2019-04-11,87.40852456358148,88.2519364383003,87.28449266335524,87.8385009765625,11183800
2019-04-12,90.49276284492537,92.48551864335874,90.02971080236274,91.9563217163086,25834100
2019-04-15,91.71653431065855,91.78268550795362,90.22817022267184,90.90620422363281,15163800
2019-04-16,90.87314406893384,92.10518036244424,90.84006846466508,91.86538696289062,11583200
2019-04-17,92.36147555659949,94.8090189336767,91.79093893435294,94.51134490966797,17791900
2019-04-18,94.70150867743233,95.04879288824881,93.7092662726643,93.81675720214844,12501900
2019-04-22,93.2958378672918,94.2053945244789,93.15527133932694,93.93252563476562,7975900
2019-04-23,93.43642652944578,94.56924211330552,93.31239461305562,94.04830932617188,9193100
2019-04-24,93.65140387638642,94.38731850394797,93.2793081704744,93.89119720458984,9245700
2019-04-25,93.44470501645154,94.38733756818105,93.02299898798543,93.94082641601562,9311800
2019-04-26,94.22193249217176,94.74286517429425,93.93252895128373,94.65190887451172,7889300
2019-04-29,94.7594108465486,96.87620479600626,94.63537894072289,96.0162582397461,14242200
2019-04-30,96.27258270600942,96.51237603291611,95.30514523121401,95.9583740234375,11389100
2019-05-01,95.68552658029009,96.74392059970909,95.18113469470354,95.22248077392578,10412900
2019-05-02,95.23073799380141,95.73512984258164,94.74288709891346,95.42919158935547,8613300
2019-05-03,95.91703145338056,96.47930395906896,95.64416252226897,96.0162582397461,8185400
2019-05-06,94.4121319618531,95.47879631937771,94.03177205513137,95.16458129882812,9387000
2019-05-07,94.28811095707272,94.28811095707272,92.84935700284609,93.61007690429688,15017700
2019-05-08,93.15528344848155,93.99041855861253,92.9899054747987,93.11393737792969,9575800
2019-05-09,91.89843304198105,93.22142524504727,91.43538734803899,93.03951263427734,12205900
2019-05-10,92.40283390535143,93.30412026389773,91.4023207561062,93.03125762939453,13189000
2019-05-13,91.02197809121193,91.32791638054974,90.11242108406833,90.50104522705078,13783700
2019-05-14,90.58372528067281,92.3780339298696,90.54237920511419,91.22041320800781,10503600
2019-05-15,90.30256500346287,91.69997876228047,89.80644375389313,90.87310791015625,10142000
2019-05-16,91.46848755759906,92.75013403639697,91.44367612429684,92.03902435302734,9672700
2019-05-17,90.95578814981495,92.40281205219837,90.81522162762907,91.59247589111328,9570100
2019-05-20,91.43538706295152,92.45243475304954,91.26174492826463,92.07207489013672,8518200
2019-05-21,92.146498177912,92.54339269033215,91.96458556450087,92.38629150390625,7967900
2019-05-22,92.1134291544603,92.43590833450159,91.57596175154983,91.63384246826172,7918900
2019-05-23,90.65811624275213,90.78214812751521,88.88861319180188,89.83124542236328,14558000
2019-05-24,90.5588959321619,90.92272113780967,90.28603333645026,90.71600341796875,8537300
2019-05-28,90.294305274581,90.81523801087138,89.66588789431519,89.7320327758789,11665500
2019-05-29,88.84726893526695,89.63280001573484,88.52478981343528,89.48396301269531,9966400
2019-05-30,89.83954675687042,90.27778743284856,88.09484822186347,88.52481842041016,10367800
2019-05-31,87.28449997498774,88.13617608814674,86.68915185085038,87.61524963378906,10952800
2019-06-03,87.48295494002402,88.35943618747376,87.06951943710996,88.0286865234375,11680700
2019-06-04,89.17805114793974,90.87313950760215,88.58270291803828,90.74083709716797,12858600
2019-06-05,90.84005630255442,91.2700264834288,89.83127258726091,91.06330871582031,8340500
2019-06-06,91.07985187709941,91.67520007160276,90.07106813736053,91.26176452636719,8726700
2019-06-07,90.70774287036772,90.97234132838233,90.09586011905738,90.26123809814453,10618900
2019-06-10,91.57595859743043,91.95631848108302,91.13771799905952,91.2369384765625,11380600
2019-06-11,91.63385073830497,92.25400403412688,91.26176128422205,91.5180892944336,9847700
2019-06-12,91.5345983912381,91.69997634241318,90.03796420711556,90.3521728515625,9670500
2019-06-13,90.50928064303024,91.08809401137161,90.17026688185818,90.57543182373047,8406900
2019-06-14,90.60025856073166,91.20387718875571,89.82299777332338,90.80697631835938,9077400
2019-06-17,90.70773127401144,91.26173954747124,90.1785344256364,90.31083679199219,8128600
2019-06-18,90.13720669346944,92.12169829390479,90.11240157359929,91.54288482666016,11057300
2019-06-19,91.63383505964163,92.27052289199612,90.7077373586015,90.88138580322266,13126500
2019-06-20,91.6834594009695,91.85710156377985,90.15374922604695,91.11292266845703,13638000
2019-06-21,91.11291292338001,92.33667840901875,90.20334982233462,90.49275970458984,27089500
2019-06-24,90.36045716433907,90.7656221668496,89.74857442259514,89.8478012084961,13039600
2019-06-25,89.86434995160795,90.11241380101917,89.0292083876843,89.10363006591797,18660100
2019-06-26,89.55015280095726,90.38528816445361,89.4343913385216,89.69898986816406,10324600
2019-06-27,89.99663543701172,90.58371939084947,89.6658920881496,89.99663543701172,10906600
2019-06-28,91.81574444758887,92.96509448082018,91.6999830275889,92.44416809082031,21634700
2019-07-01,93.62659834837989,94.69325629850056,93.50256644695146,93.99868774414062,12724500
2019-07-02,93.85813753930316,94.42867429155761,93.61834417040319,94.09793090820312,10174900
2019-07-03,94.38105807198255,94.82240770365271,93.48171980872362,93.94804382324219,6849400
2019-07-05,94.52260135345045,95.15546767754981,94.03129037867205,94.50594329833984,7929400
2019-07-08,94.06461199769338,94.49763254056361,93.6815592732696,93.98966979980469,6917200
2019-07-09,93.49835076097753,94.50594712765424,93.39009881111842,94.38936614990234,8947300
2019-07-10,94.4060217783539,94.78907446014506,93.88140103877242,94.11456298828125,9242300
2019-07-11,94.40603035676679,95.23042628263686,94.1978491181904,95.013916015625,11595200
2019-07-12,95.03890573544174,96.05483129227913,94.87236327010584,96.01319885253906,10783400
2019-07-15,96.21304238491554,96.23802311713915,94.53926344087432,94.84737396240234,12946600
2019-07-16,94.49764316926692,96.1797450051226,94.03131281271057,95.86331176757812,16945000
2019-07-17,95.2887108656791,95.71340234492877,94.70580597509081,94.92230987548828,13120900
2019-07-18,94.8723640457803,95.8216700829697,94.5559308177798,95.48857879638672,9397200
2019-07-19,95.671777301926,95.86330685245387,94.43101879761576,94.54759979248047,10402800
2019-07-22,94.02297177942674,95.30536253831715,93.90638444815897,95.15547180175781,9061100
2019-07-23,95.66345338794552,96.97083148870915,95.61349191695713,96.89588928222656,12752200
2019-07-24,96.24636327469207,97.32890203307609,96.19639545127978,97.28726959228516,10011000
2019-07-25,97.33722235848657,97.62867483071297,96.02984439462463,96.35460662841797,10138400
2019-07-26,96.40457442704088,97.02079552672791,96.20472219769829,96.77930450439453,12800400
2019-07-29,96.97914650245158,97.57870948041335,96.42122231308771,96.47118377685547,8500400
2019-07-30,95.92159191136942,96.66271663092701,95.5635199179617,96.25467681884766,7121100
2019-07-31,96.67937108275183,96.74599060741582,95.6467938632102,96.59609985351562,13648000
2019-08-01,96.03817050659543,97.26227720595712,93.76482858589698,94.04795837402344,15664500
2019-08-02,93.5982838765705,94.45598954230356,92.76555894235402,94.03962707519531,11025500
2019-08-05,92.25760954287777,92.41582933623995,90.15913884792445,91.24168395996094,15855300
2019-08-06,91.64137627859537,92.01609993615573,90.217411132218,91.95780944824219,10203500
2019-08-07,89.93430118756686,90.16746317413572,88.21888969793517,89.95928192138672,17320900
2019-08-08,90.80865676150502,91.66636242859744,90.53385600801315,91.48316192626953,10903300
2019-08-09,91.05847750425995,91.9744737338729,90.17579103703862,91.38323974609375,9980800
2019-08-12,90.30069653889937,90.35898703187084,89.27644204447235,89.6678237915039,9393700
2019-08-13,89.89267583891487,91.87456572751096,89.12657023899486,91.05016326904297,12124700
2019-08-14,88.51866444743244,89.02662717358727,86.97811821223556,87.26957702636719,19491800
2019-08-15,87.28622794281011,88.58527681598393,86.88651717627127,87.6026611328125,13365600
2019-08-16,88.5769713699688,89.91765929218778,88.16060881904832,89.7011489868164,11830600
2019-08-19,91.29163778064316,91.3915670659493,90.2840413115924,90.50888061523438,8265400
2019-08-20,89.80939058818477,90.30070164517292,89.30142782648626,89.3597183227539,8374000
2019-08-21,90.1091535886129,90.29235406873254,89.47628093543226,89.6095199584961,8189300
2019-08-22,90.24239918084967,90.99184650398756,89.87599819393834,90.53385162353516,9343400
2019-08-23,89.93429782834264,90.58382229614847,87.52772314470958,88.2854995727539,14762300
2019-08-26,88.78512780378395,89.09323193921853,88.27716512553138,88.9933090209961,8209500
2019-08-27,89.39304086427097,89.56791237807215,87.30289902241945,88.05235290527344,14331800
2019-08-28,87.50274013157181,89.2764420053732,87.46943037086167,88.93502807617188,10585500
2019-08-29,90.05087374825978,91.50814238104043,89.95094446915033,90.9502182006836,10002200
2019-08-30,91.46650386977404,92.06606683987009,91.15839970966535,91.48316192626953,10170300
2019-09-03,90.75036115909096,90.7586838336829,89.36803479442348,90.4006118774414,9868800
2019-09-04,91.14174391507038,91.78294568913103,90.40061921230529,91.49149322509766,6929200
2019-09-05,92.64065656176459,94.69748833519647,92.59901777034943,93.57331085205078,13224700
2019-09-06,93.814801633109,94.0812733792189,93.23189032067715,93.77316284179688,7836600
2019-09-09,94.68914374912448,96.6460459135592,94.59754350561087,96.09645080566406,13985100
2019-09-10,96.84591131690617,97.6536491574635,96.3712583637928,97.32056427001953,14333100
2019-09-11,97.33721611368176,97.59535880777973,96.07979969624783,97.5870361328125,9919200
2019-09-12,97.05410085764478,98.65293132573632,96.52948004394871,98.18660736083984,12283500
2019-09-13,99.09429082327212,100.26010728006597,98.88610954002995,100.11854553222656,16257200
2019-09-16,99.01099827804018,99.81874249974089,98.5779777442768,99.22750854492188,11993900
2019-09-17,98.61129603018031,98.76951581810194,97.6286802456117,98.7362060546875,10735400
2019-09-18,98.5280163664343,99.99361406530804,98.05336339647694,99.72714233398438,10665600
2019-09-19,99.677146705804,100.21009001975577,99.1691841170085,99.41067504882812,9382600
2019-09-20,99.71049520525077,100.21012896209344,98.98602848144465,99.0110092163086,21862800
2019-09-23,98.07834282210885,99.19419754997867,97.99507159840206,98.99433898925781,9135100
2019-09-24,98.88608110528097,99.31077257986752,97.46212229974732,97.70361328125,11696500
2019-09-25,97.65364368793838,98.56131710898984,97.52874003873617,98.26153564453125,9389400
2019-09-26,98.16161898300231,98.30318705893008,97.38718449252227,97.45380401611328,9899200
2019-09-27,98.22822591021911,98.7944790817539,97.66197273868431,98.02837371826172,10207800
2019-09-30,98.56129621785009,98.9027100419475,97.61199056600911,98.00337219238281,9755000
2019-10-01,98.59463162961839,99.09426531012448,96.10478590197903,96.22136688232422,11250300
2019-10-02,95.60516327322269,95.68011183319582,94.03964242845039,94.30611419677734,12548700
2019-10-03,94.23894549001457,94.77616459025707,92.77000312305395,94.17179870605469,12735200
2019-10-04,94.29772006901845,96.48015424846807,94.23896261982291,96.2115478515625,9453100
2019-10-07,95.85059461783416,96.95020090782921,95.74986483090238,96.0016860961914,6771600
2019-10-08,94.90206241218719,94.90206241218719,93.72691372113947,93.86121368408203,10806300
2019-10-09,94.57472192472667,94.98603047190612,94.07108573259525,94.54114532470703,7273700
2019-10-10,94.96923268642193,96.86626883548806,94.85171779616911,95.86738586425781,10994100
2019-10-11,97.39508508620959,99.04029994106978,97.26078510013997,97.48741912841797,15076500
2019-10-14,97.243983526173,98.10017066449198,97.08450270949044,97.74761962890625,8779000
2019-10-15,99.7621713813637,102.0621136613753,98.939567233455,100.69390106201172,23379000
2019-10-16,100.69387674568702,101.2478808129707,100.20702585093696,100.45884704589844,11087700
2019-10-17,101.35700734697707,102.04531140571676,100.62673095130664,101.02124786376953,10818500
2019-10-18,100.7274883496055,101.5836691827814,100.60997345885745,101.19754791259766,10417400
2019-10-21,102.44824293491745,103.8919980916802,102.39787484050804,103.70733642578125,12714600
2019-10-22,103.6234057949968,105.008410103666,103.34641005652819,104.74819946289062,12549100
2019-10-23,104.2529357765562,105.0503654758586,104.22775493204527,105.02518463134766,8828300
2019-10-24,105.16788303148662,105.47846173121944,104.14381930142342,104.94963836669922,8020500
2019-10-25,104.92444035972144,106.30944425328569,104.714591479002,105.78901672363281,9055700
2019-10-28,106.24229436184815,106.77950700078611,106.09959865552271,106.19193267822266,9522200
2019-10-29,105.81422291240978,106.95580160931452,105.71349952414717,106.12480163574219,9797300
2019-10-30,105.80582253401879,105.98209484918007,104.85730136623793,105.53721618652344,8513700
2019-10-31,105.33576271837272,105.53722229371259,103.96755005728059,104.85730743408203,11589100
2019-11-01,105.93171933775048,107.43423819023292,105.78062787761036,107.2747573852539,11682600
2019-11-04,108.34917389045232,108.63456528969047,107.9126846392793,108.13093566894531,9159900
2019-11-05,108.60940115524284,109.37325426025092,108.1477309924269,108.36598205566406,13747600
2019-11-06,108.02182739813077,108.98712726477348,107.9294933650306,108.53385925292969,11231100
2019-11-07,109.48238637210586,110.20426726139492,109.05429913159013,109.12145233154297,13528900
2019-11-08,109.02071658268355,109.45719312067553,108.49189319807728,109.44041442871094,9293400
2019-11-11,108.78569080042712,109.20538866183593,108.57584186972272,109.05429077148438,8679000
2019-11-12,108.81086832067467,109.64186186363345,108.29043427888917,108.41635131835938,9099000
2019-11-13,107.55175452452816,108.13093949581825,106.95577805617127,107.84553527832031,8023300
2019-11-14,107.20760919178286,108.1477281838948,107.0984836629982,107.94628143310547,8483400
2019-11-15,108.47508459321318,108.7269058227539,107.77838474168644,108.7269058227539,10163600
2019-11-18,108.75209601207334,109.6670341768219,108.27364716216736,109.64185333251953,8749300
2019-11-19,109.95243162892648,110.17066986877651,109.2725104503104,109.6082763671875,8824500
2019-11-20,109.37326088445808,109.64186084480724,108.23168223461018,108.81086730957031,11782800
2019-11-21,109.12143932208836,109.72580524144826,108.60940744063517,109.06267547607422,7705500
2019-11-22,109.2473104456375,110.14546970656689,109.20535092052762,109.7845230102539,8167900
2019-11-25,110.17068702494706,110.85899765561119,109.85171255628201,110.37214660644531,10068500
2019-11-26,110.64914854763965,110.64914854763965,109.42362517647261,110.52323150634766,10490700
2019-11-27,111.04365863337534,111.16117352657953,110.50644586327583,110.85060119628906,6607900
2019-11-29,110.69108890716312,111.14436968421522,110.33854430732252,110.5987548828125,5712000
2019-12-02,111.06044362699141,111.42139044021583,110.25463092314126,110.35535430908203,8615600
2019-12-03,108.92837823247477,109.08786545695803,107.93788469481314,108.936767578125,10361300
2019-12-04,109.44041628309077,111.19475023525216,109.11305246996898,111.08562469482422,10318200
2019-12-05,111.37101272545947,111.89983610271325,110.95131488526737,111.68998718261719,9587400
2019-12-06,113.05820132623077,113.9731395041234,113.02461832790456,113.35198211669922,10170600
2019-12-09,113.0078339505735,113.70453383693349,112.82316589355469,112.82316589355469,8498200
2019-12-10,111.84944494594872,113.12532963030314,111.5388727246344,112.89868927001953,7532900
2019-12-11,112.72242282902387,113.3351908026984,112.48739309956173,112.63008880615234,9011900
2019-12-12,112.89034274312901,116.23113435177319,112.6553129500483,115.85340881347656,13717400
2019-12-13,115.7945871987741,116.5332592132172,114.34243681415909,114.83767700195312,10592100
2019-12-16,116.15557908855143,116.5416939314121,115.26582171099406,115.28260040283203,11372000
2019-12-17,115.60999109003275,116.39902526738483,115.19029314958289,115.98771667480469,11546800
2019-12-18,115.96247408575144,116.69275682289084,115.60154019704126,115.8701400756836,10381500
2019-12-19,115.63512755227764,116.02125514485893,115.08113621775286,115.29098510742188,9350400
2019-12-20,115.85338170348777,116.57526241564604,114.91324994299507,115.19865417480469,29992600
2019-12-23,115.50085079606883,115.76106140779909,114.89648488126751,115.16508483886719,9738400
2019-12-24,115.27421326936658,115.52603454154813,115.04757284358699,115.48406219482422,3324300
2019-12-26,115.74429461092953,116.75996923701528,115.65196055401265,116.7095947265625,6770900
2019-12-27,116.9278015388741,117.32231846818806,116.3989782489087,116.79349517822266,7868200
2019-12-30,117.43144068299594,117.5825385529973,116.23111110894766,116.36541748046875,6963000
2019-12-31,116.26468006573462,117.07889482323255,116.08001200889012,117.0117416381836,7201600
2020-01-02,117.3391039109242,118.43872289287012,116.89422527279962,118.4303207397461,10803700
2020-01-03,116.15785399145182,117.61932738145413,115.8030460933789,116.86746978759766,10386800
2020-01-06,115.36375536395883,116.80834235675412,115.31307036252512,116.77454376220703,10259000
2020-01-07,115.97199962637478,116.46197611772448,114.7386216398624,114.789306640625,10531300
2020-01-08,114.63722390250686,116.2254224694603,114.55275320897036,115.68476104736328,9695300
2020-01-09,116.62249676832482,116.77455178307011,115.76925621762801,116.107177734375,9469000
2020-01-10,115.91287518911405,115.94666089392479,114.73016927454297,114.94982147216797,10190900
2020-01-13,115.05119890151266,115.90442657470703,114.68793487682214,115.90442657470703,12355200
2020-01-14,116.52955792507424,118.91184314270954,116.31836183281926,117.25607299804688,24906000
2020-01-15,116.45353475275891,117.08712305306689,115.01739095975128,115.4989242553711,16293400
2020-01-16,116.11562485109933,116.49577529116013,115.60030579978502,115.94667053222656,10783800
2020-01-17,116.19164572120128,116.82523404855863,116.00580500433298,116.74920654296875,14697700
2020-01-21,115.89595277458669,116.63936703601148,115.47356065157436,115.60027313232422,8474200
2020-01-22,115.93821613129674,116.07337183910947,115.21170102895691,115.46512603759766,7549100
2020-01-23,114.6456727129954,115.51579943250127,113.80933169068112,115.34683227539062,9345700
2020-01-24,115.2032388933349,115.25392389240491,111.78187255224552,112.4830322265625,15166400
2020-01-27,110.0500872102076,112.30566041744393,109.5770099234989,111.53690338134766,12860500
2020-01-28,112.22117253800901,114.02056769045168,111.91704959520727,113.56437683105469,13062800
2020-01-29,113.88539280120403,114.50208185750235,112.9392383158819,113.39541625976562,9326000
2020-01-30,112.0944374103468,115.00049763541861,112.0944374103468,114.79774475097656,9048900
2020-01-31,113.61506113587133,113.90228474459799,111.06380858154169,111.81566619873047,12785200
2020-02-03,112.06910219814141,113.40386310413928,112.06910219814141,112.66889190673828,10021100
2020-02-04,114.51054578264923,115.39757211849022,114.11349602175268,114.2908935546875,9157100
2020-02-05,115.3721931620633,116.35213311195223,114.89910314613516,116.2338638305664,10150700
2020-02-06,116.78300414300159,116.82523305215523,115.82839361300107,116.25078582763672,8992300
2020-02-07,115.50737450475758,116.30147395204536,115.14412337780853,115.87908172607422,6379800
2020-02-10,115.6932164640798,116.45353012849014,115.52426216878409,116.36060333251953,5960700
2020-02-11,116.7998852728262,117.27297535976665,116.39439237440693,116.58024597167969,6578600
2020-02-12,117.0871217624939,117.67001216442736,116.41129167153723,116.58024597167969,7958000
2020-02-13,116.36902524583604,116.86744483740733,115.2285614030626,116.47885131835938,7447500
2020-02-14,116.44505556872276,116.7407352063902,115.68475491526993,116.1240463256836,6627600
2020-02-18,116.02269410765105,116.3352731218733,114.08814337494319,114.58656311035156,8996400
2020-02-19,115.65945274851444,116.9097302398493,115.17791938047444,116.14942932128906,7071200
2020-02-20,115.87909208511455,116.88438773525655,115.33843050315444,116.14942932128906,7422800
2020-02-21,115.35530865044852,115.66787474337015,113.97830599826035,114.73016357421875,9772800
2020-02-24,111.03846743658055,112.52528339143403,110.4978059175077,111.64671325683594,13618400
2020-02-25,110.6667754134336,111.7058567946477,106.09648793052892,106.6624984741211,20797200
2020-02-26,107.22847822612356,108.9349397839674,106.73005210615779,106.98348999023438,24825600
2020-02-27,103.83245528048528,106.1218202659605,102.47235186013677,102.53148651123047,23005500
2020-02-28,99.27906384295936,100.09850577513045,95.17341742349757,98.08792114257812,45931400
2020-03-02,98.52719305156593,102.7088793082091,96.69401262158908,102.65818786621094,27355400
2020-03-03,102.19356391806178,103.86623332285569,98.19773110404414,98.80597686767578,32547700
2020-03-04,99.96332905972919,101.53462839368284,96.89675788611346,101.24739837646484,25795900
2020-03-05,97.71620591511243,98.35824383691954,95.10582532195937,96.28007507324219,25025600
2020-03-06,89.76679106917574,93.19661362946896,88.71925378523345,91.3042984008789,38159400
2020-03-09,81.58084164961265,83.82797158884537,78.56496114103862,78.9366683959961,40352000
2020-03-10,83.63365517711637,85.55976256814627,79.89970969484305,85.06978607177734,31102700
2020-03-11,82.53542895538097,84.52067734698714,79.87436339167475,81.06550598144531,38127000
2020-03-12,75.68424035286937,81.91030444567157,72.92179787041285,74.3832778930664,49725200
2020-03-13,81.09085039449987,87.84912539807557,77.72016254112062,87.78154754638672,38543300
2020-03-16,71.97562010778405,79.39283170932649,71.42651546645222,74.6451416015625,38589700
2020-03-17,76.78246676835178,82.31580811538095,73.9186476768307,79.20700073242188,35239800
2020-03-18,74.06224128235037,76.69797073421668,67.8868698409747,70.86895751953125,41525600
2020-03-19,68.90062099340632,74.43396198511736,64.97237826812727,72.06011962890625,32175100
2020-03-20,72.90488050228213,75.57439527639626,69.67780505127794,70.53948211669922,30150800
2020-03-23,69.84678577170828,70.75070496842244,65.96922139566911,66.76332092285156,32536600
2020-03-24,71.7221967704666,76.11507306757679,70.03262797231753,74.70428466796875,34363200
2020-03-25,75.38854791594954,80.38122614241617,71.41806434782717,77.4920654296875,38111700
2020-03-26,79.47732858092738,83.2704092420789,79.02114417019109,82.8902587890625,29826300
2020-03-27,78.72545139513451,80.11934034134012,76.49522134697425,76.98519134521484,30041500
2020-03-30,76.5797011429459,79.48575486829455,75.43924358142988,78.98733520507812,21656900
2020-03-31,77.7624146235215,79.55335361143094,75.4730429914774,76.05594635009766,23379300
2020-04-01,71.89114506817877,73.12452941439766,70.32829534945176,71.26600646972656,28029600
2020-04-02,70.5479409396807,74.26499326684787,70.08330698183745,73.92707824707031,24018000
2020-04-03,73.40641134171862,74.6696873324883,70.64940023643723,71.7419662475586,21199400
2020-04-06,75.95855799062883,77.66568373091506,74.85746110668407,76.35973358154297,26820800
2020-04-07,80.6190160347941,80.66169678610912,77.14501517443995,77.366943359375,22563800
2020-04-08,78.61313981547089,80.96897518377929,77.2901212609611,80.49098205566406,22903300
2020-04-09,82.72731683488601,89.10343290398536,82.70171098917369,87.71212768554688,42055900
2020-04-13,88.01088411501733,88.01088411501733,83.05168501879899,83.81135559082031,26911900
2020-04-14,86.22693130838947,87.063425912907,79.9276387190717,81.51526641845703,46151300
2020-04-15,77.80227069644442,78.55340381083185,76.93163276787561,77.49498748779297,30118600
2020-04-16,77.01698255210235,77.30719080932158,74.30265229711424,74.5416488647461,32449600
2020-04-17,78.52779586888889,81.68597635874839,77.64008956891074,81.24212646484375,30191900
2020-04-20,78.92895246563872,80.84093129746135,77.21328942928042,78.28024291992188,23679400
2020-04-21,75.6427637515892,77.99859320279431,75.39522967281346,76.00979614257812,23035000
2020-04-22,77.40963186866213,78.41683648625582,76.12074989336377,76.25731658935547,16662400
2020-04-23,76.59873350820912,77.91322116743495,76.1890269593561,76.29998779296875,16638800
2020-04-24,77.36694762950599,77.75958581703537,75.53178592853374,77.42669677734375,15809200
2020-04-27,78.4765732315435,81.62621582888193,78.13514677728197,80.76412200927734,22870200
2020-04-28,83.48697388723697,83.95643602368675,81.11407038772843,81.33599853515625,20238900
2020-04-29,84.57101855512406,84.88683267848594,83.02606518906296,83.52967071533203,20462600
2020-04-30,81.60062466483451,82.65904100250887,80.70438738734904,81.73719787597656,19127600
2020-05-01,79.80814019988114,80.0129934957035,78.3912224993684,79.5947494506836,18547700
2020-05-04,78.54486318801308,79.09968043192357,77.50352181423239,78.64729309082031,15725900
2020-05-05,79.93615080008749,80.41414384399641,78.44241602570527,78.52777099609375,18064100
2020-05-06,78.66435674909316,79.17649316556097,76.76090869515582,77.05111694335938,20978000
2020-05-07,77.96443067914447,79.30453065836929,77.3157275762283,77.85346984863281,16771900
2020-05-08,79.21063615408957,80.30319557489061,78.62167569574582,79.12527465820312,20487800
2020-05-11,77.76814361863157,77.76814361863157,76.24880216564051,76.79508209228516,31907600
2020-05-12,76.94868647449502,77.49496613666217,74.17460741948447,74.28556823730469,27962900
2020-05-13,73.73074755166111,74.14046053451978,71.18713421896311,71.7248764038086,35451600
2020-05-14,70.60672141948335,75.20742475289727,70.33358156245542,74.70381927490234,35152500
2020-05-15,74.13193468081904,74.4989669789891,72.8089161267031,73.32105255126953,26099000
2020-05-18,75.70250671509278,77.80227097357779,75.01111623707973,77.20477294921875,30504400
2020-05-19,76.86335358524529,77.84494586165584,75.61714582864694,75.68543243408203,19597300
2020-05-20,77.42669832885863,78.86068441786854,77.13649003702236,77.9559097290039,20552400
2020-05-21,77.05112189627496,78.32293533539423,76.53898544688656,76.96576690673828,14621400
2020-05-22,76.82920327983956,77.12794901117712,75.72810628819383,76.36827850341797,13557900
2020-05-26,79.28745912632111,83.22238470891614,79.04846255064243,81.78839874267578,41233900
2020-05-27,87.12314896939758,87.55846779199351,84.33200166347915,86.5256576538086,39402000
2020-05-28,87.86576100389046,87.87429194354628,84.84414776297056,85.23678588867188,24713900
2020-05-29,84.21252640996023,84.65637629250527,82.60782384592106,83.06021118164062,26526400
2020-06-01,83.43578862367501,84.93806142383605,83.1199679489538,84.16131591796875,15176800
2020-06-02,85.59529425063253,85.71479254638183,83.58942255807662,84.44298553466797,21195000
2020-06-03,86.70494200834948,89.55583966108385,86.26108554570827,89.00102233886719,25941100
2020-06-04,88.61690373071006,90.99834510295663,87.73773494881833,90.85324096679688,26784700
2020-06-05,98.09998306194022,98.81697276263068,93.49074216037802,94.94180297851562,42231000
2020-06-08,96.80255603026234,97.46833394312955,95.5478177273201,96.8366928100586,24881800
2020-06-09,94.44673667874312,95.28322467828036,93.04689403643462,94.35284423828125,17031100
2020-06-10,94.28455524474019,94.32723599374381,90.34962983438794,90.52887725830078,24913300
2020-06-11,85.38190077203755,86.7049259482503,82.40296790254455,82.974853515625,36259200
2020-06-12,85.96232822809127,86.32082312216619,83.07728765665152,85.2453384399414,24856800
2020-06-15,82.30051590217691,86.57686695292374,81.83106031346158,86.42322540283203,22153600
2020-06-16,89.93992153828097,90.2045239428575,84.76732614184665,87.1146240234375,22193600
2020-06-17,87.51583174654805,87.52436920175016,84.68200225127747,84.91246795654297,15639800
2020-06-18,84.22104956851868,85.80013962711843,83.76012482221634,84.4515151977539,16591900
2020-06-19,85.80869204063103,85.86844119341175,82.56515637055472,83.48699951171875,40371200
2020-06-22,83.00900349382898,83.60649500151335,82.40297453255798,82.58222198486328,16216900
2020-06-23,84.47713042714464,85.33069341982119,83.52113753096614,83.58942413330078,15381400
2020-06-24,82.58220680349176,82.65902433514283,80.49951133871413,80.79826354980469,22919800
2020-06-25,80.53366551576681,83.82841912543404,80.45684797373669,83.61502838134766,25743600
2020-06-26,81.18236168889459,81.40428984921309,78.52778075332508,79.03137969970703,41896300
2020-06-29,79.72277410989327,80.65315452109901,78.68142635675687,79.38134765625,18499700
2020-06-30,79.23623139198789,80.79825278241194,79.01430325429095,80.2861099243164,19137000
2020-07-01,80.99457655525714,81.69449781655892,79.4069491677879,79.603271484375,18755700
2020-07-02,81.65456109152875,81.84417586375986,79.23267886133095,79.86185455322266,27845600
2020-07-06,81.38736764888928,82.05101267351205,80.56858388692766,81.8786392211914,18625300
2020-07-07,80.8616302919729,81.10295578597582,79.29300800532735,79.56880950927734,25757200
2020-07-08,79.54294346771043,80.44791394873624,79.12062390989838,80.41344451904297,18762200
2020-07-09,80.60306540719134,81.12019899297371,78.24151456291686,78.67245483398438,25600800
2020-07-10,79.2930018074541,83.46450005058924,79.18095971560372,82.97322845458984,28954200
2020-07-13,85.09346836188656,85.55887806559187,82.93876701810528,84.16263580322266,32079200
2020-07-14,84.78319824379477,86.14496461446872,83.2921418904551,84.64529418945312,42731700
2020-07-15,86.95511539629612,87.29986888080316,85.02450508893277,85.95533752441406,22508400
2020-07-16,85.13656216091451,87.23955286847367,84.9383333109818,86.1966781616211,16886900
2020-07-17,86.18806052652769,86.25701255309943,84.5849620746841,84.60220336914062,16137700
2020-07-20,83.97301163356693,84.80041606789035,83.82649353674032,83.86096954345703,14458100
2020-07-21,84.21432676742823,86.23113017121976,84.1539954069863,85.67952728271484,17798100
2020-07-22,85.88637958001728,86.30007847234995,84.05919084127613,85.05897521972656,14271200
2020-07-23,84.8952087511881,85.62780568416983,84.43841324858623,85.30891418457031,12870200
2020-07-24,85.84330188049486,86.01568193670552,84.41258357989379,84.70561981201172,12744200
2020-07-27,84.04196771329583,84.145389162824,82.88704444709661,83.51622009277344,11959100
2020-07-28,83.1714475161233,84.36946058641955,83.1714475161233,83.87818908691406,11754300
2020-07-29,83.6627381201541,85.93810206645996,83.60240674944244,85.91224670410156,12743500
2020-07-30,84.06783338275885,84.24020687019039,82.7836331472009,83.6196517944336,14834800
2020-07-31,83.15421682484637,83.54206034166525,82.09410112958302,83.2921142578125,14535000
2020-08-03,83.61963433019983,84.09367118507298,82.61123583051588,82.82670593261719,12962800
2020-08-04,82.66294620931936,82.69741563622061,81.90448730498916,82.35266876220703,13366200
2020-08-05,82.62846974263559,84.86935728926156,82.49918637779417,83.78338623046875,15260900
2020-08-06,84.10228498285922,84.55045986546496,83.20592864202258,83.80924224853516,10482100
2020-08-07,83.54208181033817,85.74849390980131,83.22318364023928,85.6536865234375,14743700
2020-08-10,86.2828740984005,87.94630404871596,86.21392206689069,86.73966979980469,14989900
2020-08-11,89.51491424341789,91.49724213411483,89.2132573667362,89.48043823242188,31518600
2020-08-12,91.49724125328942,91.72994610573888,87.66186890614628,88.72198486328125,19240800
2020-08-13,87.91179191943026,89.08394967107266,87.60151448072345,88.2306900024414,13598600
2020-08-14,87.48086810750793,89.04086966118528,87.4119160914404,88.26518249511719,12134400
2020-08-17,87.48088511842624,87.91182543920668,85.78297920245099,85.93811798095703,14988000
2020-08-18,86.11048281335654,86.11048281335654,84.56771594895228,84.7400894165039,13246500
2020-08-19,85.25719256984536,86.69653100612283,84.75730044776265,84.93830108642578,13533000
2020-08-20,83.82649541871716,84.49014047994207,83.43003119601285,83.92130279541016,13672600
2020-08-21,83.83509244240712,84.95553944334053,83.55067694578533,83.87818908691406,12228300
2020-08-24,84.85213321140449,86.3690447436039,83.96439734205318,86.23976135253906,17898300
2020-08-25,87.2826407997277,87.89458177954512,86.01568190902773,86.6189956665039,13648900
2020-08-26,86.13632056741243,86.42073607316802,85.36924761505279,85.40371704101562,12052400
2020-08-27,85.32616463436042,88.47202959509588,85.32616463436042,88.21346282958984,22163900
2020-08-28,88.89435285917183,88.98916023874504,87.74805023387836,88.57545471191406,13756700
2020-08-31,88.01523621551051,88.06694693965814,86.2052819628298,86.351806640625,14219400
2020-09-01,85.8002018790438,86.93788381600275,85.36064100605651,86.30870819091797,11595600
2020-09-02,86.14493741501893,87.86008402730882,85.80880460822597,87.61013793945312,14475700
2020-09-03,89.04949867858751,90.48883762727112,86.73965852818806,87.33435821533203,23281200
2020-09-04,89.67866496268584,90.67844288219376,87.36882505476963,89.22186279296875,26325500
2020-09-08,88.75646141714671,89.26496778239456,85.73987950965449,86.11910247802734,22108600
2020-09-09,86.87755772666253,87.64463085176129,85.80882116364452,86.9378890991211,13434000
2020-09-10,87.39467883622238,88.27379400085148,85.87776740493734,86.0415267944336,15922800
2020-09-11,86.16220788787787,87.36022144106876,85.83468903910827,87.11027526855469,13784300
2020-09-14,87.48950516886333,89.17016977818474,87.36884240591858,88.31690979003906,19017400
2020-09-15,88.54098110800322,88.64440255311928,85.4468268876374,85.56748962402344,23683000
2020-09-16,85.69676906052986,87.16196312097415,85.11931076646512,85.92947387695312,19270600
2020-09-17,85.0675926613233,85.61919559005145,84.21433290838846,84.94692993164062,18290100
2020-09-18,84.36949638305589,85.74850410924789,83.98165272043636,84.76596069335938,20121600
2020-09-21,82.05101324555075,82.78361686208528,80.86162063474444,82.14582061767578,28378800
2020-09-22,81.84416554840345,82.44748579997355,80.73233899505551,81.24946594238281,19257000
2020-09-23,81.68902293080427,82.18029449380009,79.86184069856571,79.9307861328125,19952700
2020-09-24,79.56881174824002,81.27533812269326,78.75864193075319,79.86185455322266,18366500
2020-09-25,79.33609837519175,80.77543715439134,79.1809596305362,80.55996704101562,13293100
2020-09-28,81.93035940341099,83.54207832880223,81.31842502869063,82.87843322753906,20894100
2020-09-29,82.76638449197722,82.76638449197722,81.30119025223998,82.18030548095703,12848200
2020-09-30,82.18030001466555,83.77477754023371,82.10273393006744,82.97322845458984,16400600
2020-10-01,83.70582909397667,84.26604610872715,82.76637601307631,83.57654571533203,15778700
2020-10-02,82.0941198909984,84.97279768415629,81.95621585089125,84.3694839477539,15149600
2020-10-05,85.52641951870035,86.33540646438654,84.83921498319113,86.1527328491211,13871900
2020-10-06,87.04870230621317,87.73590681033123,84.82181646567903,85.26544952392578,19220400
2020-10-07,86.08311995863836,87.29224976167527,85.83085456019039,86.7529296875,16358500
2020-10-08,87.43145909137316,88.65798389321543,86.90083286237977,88.53620147705078,15659000
2020-10-09,88.72755943954405,88.82324655418478,87.08349048674275,88.03165435791016,13689100
2020-10-12,87.94468838630522,89.59745836304954,87.7272188271716,89.1103286743164,16058000
2020-10-13,89.59742800525322,89.78880221431163,87.21396430298489,87.66629791259766,21697300
2020-10-14,87.88379078599733,88.66668246929041,87.07480381936847,87.17919158935547,15204100
2020-10-15,86.2049330202769,88.53620698959317,86.15274244914076,88.48401641845703,17171200
2020-10-16,88.21433645912036,89.01462267434944,87.61411847937713,88.30132293701172,13275000
2020-10-19,88.37963500895333,88.61450586928149,86.60508245934714,86.81385803222656,11725700
2020-10-20,87.2574799192246,88.52750129193018,87.09220757451952,87.30967712402344,11257100
2020-10-21,87.30095857003042,87.84897933313714,86.4049852717869,86.43978118896484,10730500
2020-10-22,86.3963006794505,89.80622155649158,86.38760003937942,89.4930648803711,14837200
2020-10-23,90.03238762940059,90.8587692090227,89.53655735429862,90.30204772949219,15087600
2020-10-26,89.29299099953676,89.33648092386936,87.20528216891242,88.06645965576172,12410700
2020-10-27,87.43144754823213,87.78809410944406,86.25711346931796,86.40499114990234,10391700
2020-10-28,84.8131171766404,85.50902233120866,83.56919119258394,83.97803497314453,16389500
2020-10-29,83.61270144243102,85.2306755505476,82.84720431975121,84.52606964111328,14208800
2020-10-30,85.16977040579127,85.61340347116557,83.7083748903006,85.28285217285156,15194500
2020-11-02,86.45718838231397,87.7533049613285,85.12627588106933,87.20528411865234,15011600
2020-11-03,89.61485058311207,91.11104217133472,89.32779581667165,89.95410919189453,17482600
2020-11-04,87.85769272801882,88.78846207858258,86.0570452316331,87.20528411865234,18886500
2020-11-05,87.90986728750525,91.4241751531817,87.85767673198407,90.77176666259766,17837400
2020-11-06,91.36330785681476,91.42419906639714,89.06682990021596,89.56266021728516,12552800
2020-11-09,98.43540159954901,103.42849966083777,95.99103980894347,101.6887435913086,47792400
2020-11-10,102.08020822108264,102.16719471612143,99.7663355971587,101.35820770263672,20539300
2020-11-11,101.68007884189201,101.7409700603521,99.13133503495668,99.84463500976562,14443400
2020-11-12,97.887386675102,99.13131268893582,97.47854288475442,98.61808776855469,22063000
2020-11-13,99.77503039958658,99.91421410207798,98.79207038815692,99.23571014404297,11847900
2020-11-16,102.462943432978,103.17624321812774,100.67099664906011,102.03670501708984,19858600
2020-11-17,100.37523546054484,101.28861013869685,99.6706363090034,101.00154876708984,14553200
2020-11-18,102.07151378695035,103.17626291471322,100.20997480602547,100.25347137451172,12571200
2020-11-19,99.32268006724406,100.74927959652383,98.78335326504587,100.52310943603516,10202500
2020-11-20,99.54015149555494,100.6014038420522,99.24438948976629,99.66193389892578,12718900
2020-11-23,100.9493538972284,102.79349118044682,100.53180949846319,102.53253173828125,13209200
2020-11-24,104.44627239110466,107.42995480208583,104.13311571662051,107.27337646484375,20121600
2020-11-25,105.57710614083051,106.45567823308399,104.79421453273666,106.1512222290039,11715600
2020-11-27,106.12513629313389,106.42959232402316,105.3248499728982,105.4466323852539,5983600
2020-11-30,104.38537323098589,105.01168653223473,102.44554212498701,102.54122924804688,14411800
2020-12-01,104.68114344731117,105.75979723537424,104.06353069784376,104.15921783447266,12668900
2020-12-02,104.12440910083667,106.39479154222629,103.75036124092765,106.15992736816406,10811300
2020-12-03,105.99464595129508,106.02944187195281,104.69852943085066,105.46401977539062,12904400
2020-12-04,106.54266457985105,107.2472636640318,105.85546013623653,106.4208755493164,13583700
2020-12-07,105.38574458768063,106.27301742591932,104.56805696115035,106.020751953125,9724300
2020-12-08,105.29005507766327,106.41219871958954,105.04649025057424,106.12513732910156,9592100
2020-12-09,107.14288924617169,107.25597765217731,104.76812563306329,105.29875183105469,13073900
2020-12-10,104.3766820561121,105.06388662192644,104.00263416931807,104.62024688720703,13668400
2020-12-11,103.46330433198764,104.40276764516686,102.96747407568854,104.00262451171875,9981600
2020-12-14,105.55100154953725,105.62059338774783,102.74129910737545,102.90657806396484,12112400
2020-12-15,103.76775347618076,105.16825766889818,103.18493677493987,104.66372680664062,12590200
2020-12-16,104.646357603408,105.32486158610038,104.2636090442915,104.96820831298828,11169400
2020-12-17,105.48142976191531,105.6467021028792,104.02003415686403,104.09832000732422,11618000
2020-12-18,103.63728120194823,104.28098916811587,102.8804848299833,103.58509063720703,28954800
2020-12-21,107.14289175759707,108.73477038888484,105.33354358553154,107.47344970703125,28323600
2020-12-22,107.33426522182144,107.44734699299813,105.78588316479392,105.83807373046875,11788200
2020-12-23,106.80363264057728,110.05697489411979,106.42958479006472,108.795654296875,14973200
2020-12-24,108.81304520304482,109.21319495774246,107.49083344932714,108.31721496582031,4164900
2020-12-28,109.44804666791205,110.1700469807404,108.55207341455164,109.03050231933594,8072600
2020-12-29,109.77861972242164,109.84821156711917,108.63908147123496,108.74346923828125,8389200
2020-12-30,109.16100199197929,109.47415864201257,108.64777709348455,109.04792022705078,7398000
2020-12-31,108.81304649121425,110.7615781804298,108.57818232833509,110.53540802001953,8580200
2021-01-04,110.90946084299868,111.22261749866333,108.54339128315176,109.49156188964844,16819900
2021-01-05,109.50909904566325,110.6568507884715,108.44020363965305,110.08735656738281,13731200
2021-01-06,113.79344994219689,116.32550251776972,112.04115736825631,115.25660705566406,24909100
2021-01-07,118.88381225721398,121.07416913904376,118.20917859432471,119.04151153564453,21940400
2021-01-08,119.12915618280317,119.46209477681934,117.50828640221737,119.17296600341797,12035100
2021-01-11,117.91128376253545,121.0829159937307,117.49949563243396,120.95149993896484,15937900
2021-01-12,122.1693774993523,124.11441595626906,121.63492975454398,122.85276794433594,18033500
2021-01-13,121.42464704231733,123.35215883965655,120.99534555710689,122.96666717529297,14816800
2021-01-14,123.08930318303366,125.06938104029771,122.65998841079985,123.68507385253906,18565600
2021-01-15,120.40831365067771,124.10563779874346,120.04033523290698,121.46845245361328,27881000
2021-01-19,122.53731218337751,123.27326880456874,120.74998705064512,120.9427261352539,19843800
2021-01-20,120.75001235920253,121.05665433119808,118.66478812656624,119.12914276123047,16028800
2021-01-21,118.88380859628445,119.29559674689797,117.68349734004512,118.13032531738281,13411700
2021-01-22,116.25536734234154,117.75356374828523,115.82605264221779,117.2191162109375,12933200
2021-01-25,115.77350804444507,116.67593405104029,113.95112943212206,115.7559814453125,14212800
2021-01-26,116.30796056685043,116.6759389508191,115.07259596924793,115.28287506103516,11307800
2021-01-27,113.53932846343359,113.76713411986731,111.57677070126815,112.02360534667969,17603900
2021-01-28,113.81094583874884,115.79979376365834,113.01366604082438,113.99494171142578,13761800
2021-01-29,114.94117520869825,115.40552981970428,112.3127468284175,112.73329162597656,14808100
2021-02-01,113.3728603289545,113.95988770410122,112.56681064711164,113.56561279296875,11080700
2021-02-02,115.59827511499813,117.74482215163003,114.96745127344988,117.06143188476562,12253600
2021-02-03,117.09647424068524,118.94513599452885,116.97381478933968,118.40193176269531,10600800
2021-02-04,118.69104868774834,121.48594594673737,118.69104868774834,121.12672424316406,12419500
2021-02-05,122.12554707918179,122.21316670868592,120.36450482472777,120.89018249511719,10051300
2021-02-08,121.08292708124436,122.92283222970381,121.0654004827119,122.78264617919922,10136400
2021-02-09,122.16058563280112,122.64246685228018,121.38081906632712,122.2920150756836,8614800
2021-02-10,122.65999166590005,123.42223162178286,121.81888869788465,122.36210632324219,10323200
2021-02-11,122.36210377958211,123.1418703184933,121.10045603822516,122.0204086303711,9201000
2021-02-12,121.82766871910822,124.07059232676896,121.7838589018425,123.75518035888672,8324600
2021-02-16,125.77030547715242,127.32108202407461,124.76273320487519,126.73405456542969,12130600
2021-02-17,126.12073146165935,127.37362239967605,125.3935314598089,127.12830352783203,10810100
2021-02-18,126.16453835952134,127.73282778043516,125.63884743547312,127.55760192871094,10587800
2021-02-19,127.79420414958922,130.40510625281465,127.79420414958922,129.68667602539062,11969800
2021-02-22,128.6790551051092,131.5878548574455,128.60896209517492,130.9044647216797,11488400
2021-02-23,132.74439477801974,133.44531171271984,131.06220215606666,131.95587158203125,16234400
2021-02-24,131.51775944906512,134.7156744268583,131.51775944906512,134.27760314941406,15061400
2021-02-25,135.16255262531052,135.71451349490434,131.938340190342,132.45526123046875,18127700
2021-02-26,131.68427167802906,132.1836661455895,128.3636828240177,128.9419403076172,19829200
2021-03-01,131.0008808326756,132.630507045509,130.08968479491995,131.8594970703125,14845500
2021-03-02,131.49151219392232,132.98095227069587,131.28123311046045,131.43017578125,14221700
2021-03-03,132.49905115781846,135.78458614346377,132.1398428264004,133.97097778320312,14324100
2021-03-04,133.7081590909672,135.25893565808195,130.21234435326892,131.9120635986328,20093900
2021-03-05,134.24259181587536,134.47915409917874,129.64284242664147,132.2187042236328,18465100
2021-03-08,133.5854728725339,136.20514424721716,132.07850642294116,133.97097778320312,17133300
2021-03-09,132.73563628184831,135.14502901963763,131.2637227718241,133.02476501464844,16238800
2021-03-10,133.09485012195302,136.8184568587185,132.7443849959897,135.91603088378906,14342200
2021-03-11,135.0223639976695,136.80968938175963,134.36525691443552,135.20635986328125,11771500
2021-03-12,137.43175965089253,138.10639334776394,135.86346992681177,136.8096923828125,12849500
2021-03-15,136.98492653158675,137.48432095536938,134.89094585988298,136.1262969970703,12101100
2021-03-16,135.0048226851118,135.45166400909298,133.34015693656318,134.4966583251953,12805600
2021-03-17,136.10001714176914,137.4492845185137,134.0936560445326,135.8809814453125,13952400
2021-03-18,138.08013543200065,141.6635569191888,137.65082057008323,138.12393188476562,21898500
2021-03-19,136.24895797706222,136.6257063217128,132.4640281450565,135.92478942871094,54418800
2021-03-22,133.87462901689184,134.89971453842116,131.95587405266556,132.2712860107422,19944800
2021-03-23,131.71049710549494,133.27878622051142,130.51018621798724,130.94825744628906,17076300
2021-03-24,131.42142584483568,134.2075536556844,131.29876638213565,131.96463012695312,13079800
2021-03-25,131.4214419440347,134.02358756403703,130.83442777428365,133.65560913085938,15608300
2021-03-26,135.1888345268158,136.19639338296517,133.6555846516193,135.8809814453125,16754400
2021-03-29,133.27884761095848,134.6894381505867,132.33261171770982,133.7694854736328,17570300
2021-03-30,135.32901387035344,136.5643649767628,134.82084947550763,135.34652709960938,13184300
2021-03-31,134.29513550131688,135.3552739204871,133.27880688554418,133.37518310546875,16736700
2021-04-01,133.08607593927394,134.74198517168213,132.77943400371817,134.67190551757812,16561500
2021-04-05,136.07320335706132,136.54911459703825,134.48686841745584,135.3857879638672,13508000
2021-04-06,134.65431628878747,135.96746295915096,133.83471072943394,134.43399047851562,13071600
2021-04-07,134.92752543815658,136.80469211171058,134.53092823965198,136.54029846191406,16903500
2021-04-08,135.720677981307,137.05144082686428,134.2312735843088,136.70773315429688,12335500
2021-04-09,137.31584320170472,138.39984232312185,136.57555177476712,137.7300567626953,12122400
2021-04-12,137.11308548891574,138.58485948949442,137.1042773024259,137.4391632080078,12273400
2021-04-13,136.38163572658038,136.77821937681134,134.33700636454745,135.7999725341797,16113600
2021-04-14,133.49097477339598,135.5708505204266,133.01506359318446,133.2618408203125,19939600
2021-04-15,133.2971128028331,134.13434817719468,131.59620403316532,134.10791015625,17694100
2021-04-16,135.6060801940227,136.17011354237428,134.56614917109334,135.10374450683594,13773400
2021-04-19,135.20950613063405,135.61491143203594,134.15194520854732,134.53089904785156,11900200
2021-04-20,133.72892835287362,133.73773654214608,131.0056917345611,131.55210876464844,13716700
2021-04-21,130.2477428358357,132.73302333820973,129.3664399821055,132.67132568359375,12236700
2021-04-22,132.39813618542368,132.45983384574114,129.78066539215624,129.8776092529297,15256100
2021-04-23,129.7101691426233,133.1913267522592,129.27833927890657,132.36289978027344,14041900
2021-04-26,132.88288312319528,134.363479354943,132.530367254865,132.68899536132812,10799100
2021-04-27,132.63611132408963,133.57911205879174,132.29240366653653,133.29708862304688,12821200
2021-04-28,134.33702453132142,134.74242987262318,133.42928341782584,134.1607666015625,8943700
2021-04-29,135.31523612348565,136.8487079514079,135.01559637648464,136.76939392089844,12976900
2021-04-30,135.80877750136375,136.152485082393,134.84814715390007,135.55319213867188,11705100
2021-05-03,136.46977780857608,137.02498956591185,134.95393554078228,135.15663146972656,11801100
2021-05-04,134.72477740470512,137.1659903368525,134.08143001777225,137.0249786376953,12977700
2021-05-05,137.4832611999092,139.49263086471402,136.27588045286507,138.82284545898438,10506700
2021-05-06,139.3075676580866,141.73115083837945,138.50557872372548,141.6165771484375,13542400
2021-05-07,138.55841657686062,142.3303911933586,138.38215872001362,142.10125732421875,14257800
2021-05-10,142.3304276928185,144.29572952349213,141.9955282655983,142.0836639404297,14014300
2021-05-11,141.9602883834848,143.11479315804195,139.28111974169397,139.72177124023438,15451700
2021-05-12,140.66478734368917,141.695910349753,138.39102374790042,138.76116943359375,14381700
2021-05-13,139.40451171888103,143.16767955427244,138.9638601884292,142.3304443359375,15395000
2021-05-14,143.11477410677102,144.93025588746397,142.76225833391183,144.54248046875,10584000
2021-05-17,143.97846419783855,145.28280229648757,143.67882441069608,145.12416076660156,9886800
2021-05-18,145.13296817523488,145.85564307311154,142.98260020175584,143.0795440673828,11098100
2021-05-19,141.88978098698632,142.04840906987988,139.8099053985892,141.98672485351562,13278900
2021-05-20,141.73992919921875,142.64766999627588,140.58542469699736,141.73992919921875,10426000
2021-05-21,142.18942624246552,143.84628022590252,141.83691041295918,143.35275268554688,10249000
2021-05-24,143.96966780317297,144.736397158853,142.87684717230903,144.1282958984375,9440300
2021-05-25,144.40149136914977,146.03189373135058,142.38330011607223,142.63888549804688,12609100
2021-05-26,144.15470276365687,144.30452262315046,142.16294986631263,142.62123107910156,13058300
2021-05-27,144.48960335056196,145.19464833854215,143.27341453010115,144.84213256835938,15707500
2021-05-28,145.13298606170358,145.36213347103492,143.88153729058948,144.74522399902344,10291300
2021-06-01,146.18170577738718,147.09826831187286,145.83799818885876,146.34034729003906,9445400
2021-06-02,147.40675846697306,147.56540002505503,145.8821077989508,146.3491973876953,10498600
2021-06-03,145.77633576178008,147.3979300911092,145.1153584967975,146.4461212158203,13354400
2021-06-04,146.48138609475447,146.8867779677455,145.44144150130873,146.68408203125,8510800
2021-06-07,147.17761650093482,147.26575218926402,145.53839221038496,145.99667358398438,7267200
2021-06-08,144.96553360257215,146.08477871709673,143.79339901267298,145.4149932861328,10370700
2021-06-09,144.65706339730087,144.7275692459046,143.01783939820774,143.59950256347656,12377400
2021-06-10,144.85100505142435,145.6265562272104,141.28172414165348,141.3610382080078,12119400
2021-06-11,141.3874505001537,142.06605765547218,140.1800695510798,141.26406860351562,13683800
2021-06-14,141.14064711935933,141.29928862632244,138.0649087559953,138.8668975830078,19917900
2021-06-15,138.10017389080085,138.29406162166867,135.83523223128665,136.76058959960938,24485500
2021-06-16,136.36402289785494,138.91098828159832,134.93631620003038,137.7212371826172,25321200
2021-06-17,138.45272021392677,138.76998986284713,133.2970917808755,133.74655151367188,29722400
2021-06-18,131.57852221973133,131.93103799146965,130.04505037267867,130.36231994628906,43595700
2021-06-21,131.3846357699513,133.252993583774,131.33175974844534,132.5743865966797,18664800
2021-06-22,132.72426189532027,133.0503397628061,131.014531605311,132.38055419921875,14251200
2021-06-23,132.37169803141228,133.99329220296272,132.27475417074268,133.1824951171875,12733300
2021-06-24,133.88756613362082,134.94512717037946,133.2706566494798,134.40753173828125,13733200
2021-06-25,134.47801648290576,136.16130837700075,133.66721936712557,135.7647247314453,15484900
2021-06-28,135.45623429717654,136.14364938824858,134.06377429413968,136.01145935058594,14125800
2021-06-29,136.60196101277418,137.75646575745708,135.37695041643522,135.8440399169922,14528700
2021-06-30,135.50033911419163,137.55377676131098,135.4650929103979,137.07786560058594,12531000
2021-07-01,137.71238377421685,138.48793461515686,136.97209257929126,138.43505859375,10479400
2021-07-02,138.23121187034394,138.5591822690405,137.49551349774717,138.3021240234375,11424000
2021-07-06,138.08048632792426,138.08048632792426,135.0402047739098,135.97976684570312,15083400
2021-07-07,134.73884364423506,136.75093338695987,134.33111573828694,136.1393280029297,12271800
2021-07-08,134.3842944909461,135.19976381598372,132.99266909841674,133.79042053222656,17834600
2021-07-09,135.6607114124253,138.40848635513726,135.24411096359202,138.07167053222656,13694500
2021-07-12,136.81299170185636,141.07648460789807,136.4495720361371,140.04827880859375,19940400
2021-07-13,138.31983170070205,139.50757962964707,136.0595562373403,137.96527099609375,22671700
2021-07-14,138.2312276312848,139.41011695129913,135.57208245007982,137.4955291748047,14622800
2021-07-15,136.4141084882826,138.74529617923216,136.23683489194195,137.796875,11539300
2021-07-16,138.24007071476723,138.5237057740701,133.86134374994975,134.6502227783203,14002700
2021-07-19,131.67198412889726,132.79769250299162,129.15466373141084,130.27149963378906,22172900
2021-07-20,129.87263584394012,133.94998308965623,129.70422117589024,132.7001953125,15385200
2021-07-21,134.77429701098558,136.19249916155465,134.1626916699141,135.4922637939453,12356700
2021-07-22,135.5100099450649,136.00638142799636,132.93063649792975,133.78155517578125,9913300
2021-07-23,134.26904746858398,135.47452668471124,133.17880215973048,133.5244903564453,9666100
2021-07-26,133.12562945270983,134.69452837457567,133.1078980370376,134.41973876953125,8208000
2021-07-27,133.31181958247143,135.16436785513693,132.77999860847342,134.24252319335938,11218700
2021-07-28,134.98704268827927,135.41251557789045,133.7372549597358,134.46408081054688,9217300
2021-07-29,135.74047166167065,136.3875264139371,134.65022612906373,135.6163787841797,9063500
2021-07-30,135.2441423545307,136.2102953111339,134.020931091054,134.5350341796875,9805200
2021-08-02,134.7565818636977,136.90162352640857,133.9056631756532,133.99429321289062,10203200
2021-08-03,134.6856894630543,135.900041524692,132.53178853840174,135.51889038085938,10394800
2021-08-04,134.06520965448289,135.9443342154893,133.76384317302131,134.0563507080078,10155000
2021-08-05,134.97818099485653,136.22798222307588,134.7388541899592,135.74932861328125,9151500
2021-08-06,137.55756319917384,139.8887511442105,137.48665104788685,139.6051025390625,13328800
2021-08-09,139.62282139179143,140.5357932791384,138.18687412641054,139.45440673828125,9516900
2021-08-10,138.93144367440405,141.8033111299167,138.55029258950182,141.1651153564453,8667000
2021-08-11,141.82108284378526,143.15065549544573,141.005613240447,142.8492889404297,9156500
2021-08-12,143.48746895549382,143.9217873173834,142.30857971230188,143.40768432617188,8844200
2021-08-13,143.40767805504467,143.73564845542185,141.43992327833328,141.80332946777344,8980900
2021-08-16,140.88147684112778,140.96124792957355,138.9668895677798,140.8726043701172,8755800
2021-08-17,139.66716144646568,140.8105878105227,137.62848097032506,139.1707763671875,9347200
2021-08-18,138.55028343661147,140.0571292091094,137.6904923409594,137.90322875976562,8065500
2021-08-19,135.7582030253929,137.88551336012904,135.6252376762786,136.75094604492188,9517700
2021-08-20,136.81297338847997,137.30047233443375,135.75817736703277,137.14093017578125,6974100
2021-08-23,137.6816576116109,139.24168438191933,137.60188651244337,138.89599609375,7934600
2021-08-24,139.16186345943376,140.53575717313072,139.0466295629305,139.7557373046875,7670900
2021-08-25,140.50036762007943,143.39883975635965,139.87104414583447,142.6365509033203,11335000
2021-08-26,143.82430325831407,145.21592914985013,142.84041893805795,143.37225341796875,11027500
2021-08-27,143.37219182838285,144.62199285170692,142.93786007219813,144.5244903564453,8780200
2021-08-30,144.6663247549273,144.91451048294923,141.7146728554796,142.21104431152344,7937600
2021-08-31,142.21108055450983,143.03540903442826,141.24492775811794,141.77674865722656,12340800
2021-09-01,142.01606679453946,142.49470692690596,140.9080897495971,141.5728759765625,8729900
2021-09-02,141.83879545188688,143.24813902967688,141.31581999918535,142.2288055419922,8813300
2021-09-03,142.16671061938024,142.60990131443725,141.06759282660047,141.3689727783203,7959700
2021-09-07,141.81222631804178,143.04429645529288,140.8992541636456,141.120849609375,9285600
2021-09-08,140.83717388360927,141.4487793603148,140.08374410286274,140.49148559570312,7852700
2021-09-09,140.28760376329723,142.55673823881511,140.11918911431437,141.1030731201172,7904300
2021-09-10,142.31740552520614,142.459229805302,139.35689468502122,139.48098754882812,8311600
2021-09-13,140.51805618856187,141.86535983714055,140.11032827820648,141.6969451904297,10052800
2021-09-14,142.21989803076553,143.00877696408253,138.50595766741557,139.22393798828125,11685600
2021-09-15,138.91371765637592,140.65989039261834,138.6921222687828,140.1901092529297,11691500
2021-09-16,141.29811263288966,142.57450446830256,139.35693451029184,140.12808227539062,10880900
2021-09-17,139.49871431000017,140.9435068493016,139.16188503728958,139.76461791992188,25581600
2021-09-20,136.4052763472482,136.9991504505012,133.39158404191113,135.58094787597656,15819900
2021-09-21,136.08616063722135,136.99027362084948,135.24410085521612,135.59864807128906,8999900
2021-09-22,137.56640294445904,139.38348768286616,137.4777729115538,138.19573974609375,11236200
2021-09-23,140.04828699778437,143.33676854859056,139.7557794588898,142.86697387695312,12336100
2021-09-24,143.09743791055868,145.00315281056876,142.54788568406644,144.51564025878906,10102400
2021-09-27,146.25296382658053,148.38027425401413,145.90727554399484,148.00799560546875,13220900
2021-09-28,148.6462000588142,150.06441610941982,146.83798744314717,147.21026611328125,13387900
2021-09-29,147.32546905737283,147.93706090633802,146.28839084257476,147.09500122070312,7777100
2021-09-30,147.95480547062252,148.01685867065802,144.29404537157927,145.091796875,13161200
2021-10-01,145.36658196561464,149.17802553924722,145.01203473671805,148.14096069335938,11285000
2021-10-04,147.99913095445916,151.07487606627808,146.90001294508417,147.9813995361328,14120000
2021-10-05,149.10493893725976,151.71767957159614,148.62340112323432,150.39793395996094,12292900
2021-10-06,149.80052072885388,150.79033359868424,148.02598742698203,150.718994140625,8692600
2021-10-07,152.66293906274976,152.93937095083857,151.18267596444397,151.67312622070312,10195400
2021-10-08,151.6107358946688,152.7878030831522,150.9686942985462,151.78907775878906,8190100
2021-10-11,152.30629654146736,152.74323211878422,148.43622184932963,148.5967254638672,12154700
2021-10-12,147.80307841177563,148.64130015871032,146.92919373388324,147.45530700683594,13032600
2021-10-13,146.30496301898236,147.4998682783772,143.21068388442018,143.56736755371094,22753500
2021-10-14,144.23614856760418,146.25143699697023,142.72913500829483,145.76991271972656,15176800
2021-10-15,147.44638038353847,149.06930891373983,146.36738973573767,148.5699462890625,14267400
2021-10-18,148.45400658921304,150.35338049012066,147.94573167325507,148.5164337158203,12672900
2021-10-19,149.27437570608612,150.3890290898132,148.5431701617977,150.3177032470703,8053900
2021-10-20,150.07693400228655,152.36865427914998,149.32789019552558,152.34190368652344,8185600
2021-10-21,152.27056891851095,152.778857407259,150.41578400193282,151.14700317382812,8415200
2021-10-22,151.6196152219426,153.45656187508905,151.32534508722364,153.1801300048828,8817900
2021-10-25,154.00942899241946,154.23235966088902,152.02087763291308,152.4310760498047,10159200
2021-10-26,152.48460963226674,153.81328159703315,152.07441112821843,152.84129333496094,8015100
2021-10-27,151.8782625215193,152.2171079970425,149.22091827870824,149.65786743164062,9847000
2021-10-28,150.0769629620378,152.04766290105195,149.77378044936046,151.91390991210938,7212900
2021-10-29,152.64508251076484,153.59031998532373,151.0489048933667,151.49476623535156,8140100
2021-11-01,153.41198590418654,153.67059313821292,150.71006688442648,151.41453552246094,7435500
2021-11-02,151.4145407390419,153.09989635999239,150.62982028683703,152.01199340820312,7173800
2021-11-03,151.7088222619016,152.60054516737262,150.83492401777954,152.0655059814453,8402700
2021-11-04,151.59289106689397,151.77123292329742,148.46294862618703,150.0680389404297,9574200
2021-11-05,150.61192937268362,151.67308135690598,149.28327151563707,149.85397338867188,7975600
2021-11-08,150.7457568589579,152.41327430453094,150.46932494088017,150.75466918945312,6413700
2021-11-09,149.22983167815818,150.22855696481795,148.561039507996,149.61326599121094,7990300
2021-11-10,149.31898980167068,150.65657408823077,148.99796902863181,149.4705810546875,6999200
2021-11-11,149.3814181296251,150.4158063118274,148.8285407009222,149.461669921875,5815300
2021-11-12,149.4973169398305,149.57758233014954,147.77629852499552,148.79286193847656,8113400
2021-11-15,149.1049421860028,149.6221293210665,148.02595185126418,148.5253143310547,6492500
2021-11-16,148.97123329486502,148.9801592325637,147.2412886012529,147.45530700683594,9706100
2021-11-17,147.32151606149384,147.63361084847645,145.69857418539243,146.66163635253906,9909600
2021-11-18,146.59027548399607,147.0004738607869,144.95842151753504,145.39537048339844,8122500
2021-11-19,143.83492232584197,144.55721577730006,142.18522933658568,143.49606323242188,12193600
2021-11-22,146.3851817390977,148.00810975638757,145.34186795513853,146.5546112060547,14549900
2021-11-23,147.58010923254673,150.30877856154126,147.46418092556044,150.05909729003906,12354400
2021-11-24,150.2196030126866,151.09348739638543,148.41831945694972,148.88201904296875,9629800
2021-11-26,144.583935256684,145.0387089894779,141.62342261546195,144.39666748046875,13619300
2021-11-29,145.62726142030473,146.93809514301478,142.51515727595626,143.77247619628906,12104400
2021-11-30,141.92659435531044,143.23742786971184,141.15078632015687,141.63232421875,18922600
2021-12-01,143.56737162742732,145.59158620494438,140.7138613723036,140.7941131591797,12253400
2021-12-02,142.52407198109907,145.57376265007133,141.60559848751728,143.75465393066406,12969900
2021-12-03,144.01325448902335,144.30752469136095,140.1699308032473,141.15081787109375,12681800
2021-12-06,143.5762697440025,145.00303153362952,142.1941104181493,142.8183135986328,11186500
2021-12-07,144.3520858229234,145.69858230221814,143.71004434239103,144.96737670898438,9851600
2021-12-08,145.04764903420445,145.59160054317354,142.8272541323578,143.3087921142578,11705700
2021-12-09,142.3635542341384,143.5049584471208,141.47183134233268,143.0858612060547,11189600
2021-12-10,143.85272084640215,144.19156623957966,141.8998458429725,142.51513671875,10405400
2021-12-13,142.2298162848346,142.48840996389734,140.25019016713733,140.82089233398438,12069000
2021-12-14,140.40170986266781,143.4692375480698,140.26795692558588,141.89981079101562,12563600
2021-12-15,142.54186224517971,142.54186224517971,140.31255575780818,140.8386688232422,14014200
2021-12-16,143.02342149950582,144.29859219812784,141.51640776777535,143.041259765625,19542800
2021-12-17,142.06930593021548,142.1228071297828,138.37755988072212,139.78648376464844,28082000
2021-12-20,137.78007971088095,137.94950921352105,135.3991815578562,137.2718048095703,15148000
2021-12-21,138.58263044611493,140.16096985538925,138.29727264605543,139.18899536132812,11291300
2021-12-22,138.88583718511464,140.0539919692928,138.4310634191967,139.73297119140625,7273000
2021-12-23,140.54439288378134,141.89088904772566,140.18770930329208,140.23228454589844,8055200
2021-12-27,140.53551899986942,141.0705445169588,139.41193956142254,141.03488159179688,6188100
2021-12-28,141.07056088721586,142.8094178311062,140.96355849270313,141.46292114257812,6342300
2021-12-29,141.65017828769635,142.34572101294867,141.02596141568108,141.39157104492188,6398900
2021-12-30,141.8820719249357,142.88972344554224,141.22219189097686,141.32028198242188,6948200
2021-12-31,141.29346403591148,142.04250786452585,140.85652860585765,141.2042999267578,5805900
2022-01-03,142.5508074096061,145.02979570607448,142.23869898683654,144.1915740966797,13120900
2022-01-04,146.51899877276364,150.3266596579955,146.44765930249227,149.65786743164062,20195800
2022-01-05,150.54589861881163,151.03030912388292,146.8768815510556,146.92173767089844,17539400
2022-01-06,149.72962048334253,150.14226409057565,147.00252614681173,148.48269653320312,14047500
2022-01-07,148.6172517115506,150.28579871431185,148.0700396921458,149.95388793945312,13913300
2022-01-10,151.66725014479462,151.88253764306427,148.49162266364252,150.09738159179688,12922500
2022-01-11,150.9406408791439,151.1738872950451,149.19136120073472,150.24990844726562,11854100
2022-01-12,151.12008752741153,152.1337651012082,149.97182784699717,151.10214233398438,12568000
2022-01-13,151.01243535927617,152.33112651496512,150.60875746610398,150.91375732421875,13623400
2022-01-14,144.21262668620088,144.45483884518694,140.7499441404792,141.63804626464844,40158400
2022-01-18,139.7452498407538,139.7452498407538,135.04460866379125,135.69947814941406,32324800
2022-01-19,135.9685835962169,136.5606379872775,133.25943479672728,133.60031127929688,22380000
2022-01-20,133.6541308190506,135.10737621361324,132.19190598643854,132.46102905273438,14860800
2022-01-21,132.31750901849324,132.32647476932985,129.41998367064005,130.1466064453125,20705400
2022-01-24,127.63482895550824,130.5054437056573,125.2037824359175,130.02999877929688,28471400
2022-01-25,128.86384214406542,131.73447134996093,126.29822653081412,131.44740295410156,18915900
2022-01-26,133.41194726222673,135.07152845299575,130.93604463603194,132.6942901611328,20709100
2022-01-27,134.0399011384233,134.9010924554884,129.29441736258735,130.3529510498047,17536800
2022-01-28,129.34818667418392,131.65364341738257,127.53610618806906,131.5190887451172,14117000
2022-01-31,130.64894890234572,133.47470689018692,129.77879207420813,133.3042755126953,13985700
2022-02-01,133.3850326915344,135.87888044168872,133.03517674638817,135.59181213378906,14584900
2022-02-02,135.00871874818094,135.40343081369807,132.82885032476105,134.50636291503906,12441100
2022-02-03,134.56020362018114,136.0403603847344,133.0262112761155,133.39401245117188,12474900
2022-02-04,133.7528269810391,137.69992019541172,133.45679293673572,136.85667419433594,16654400
2022-02-07,137.49358929406347,137.80755481973785,135.3226868013496,137.31417846679688,12572300
2022-02-08,139.04549350075374,142.16728526408394,138.86608269838612,139.897705078125,20411400
2022-02-09,140.47184026392864,141.22537391331863,139.78110792940515,140.48081970214844,9131100
2022-02-10,140.53462916792185,142.66067523671998,139.24284948980815,139.897705078125,16455600
2022-02-11,139.59273762754455,141.9071744713745,137.2244788993741,138.07669067382812,16830000
2022-02-14,137.00917180548444,137.86138354343666,134.84724864411163,136.79388427734375,17026500
2022-02-15,138.60596700346375,139.88878131736223,138.01391254675843,138.7943572998047,9500000
2022-02-16,137.91520126799364,140.03228171250873,137.91520126799364,139.04550170898438,9076500
2022-02-17,137.25140566676166,137.90626148202614,135.16123555879835,135.84300231933594,11367500
2022-02-18,136.470968939486,138.27407082015867,135.57390087559804,136.4799346923828,11733300
2022-02-22,135.0984501377166,137.46670917789797,134.9280050227362,136.2377166748047,11333500
2022-02-23,137.35902915525605,137.52050849121017,132.73913505693665,133.38502502441406,11799000
2022-02-24,128.22689316888548,130.0658851782874,125.39215520138974,129.67117309570312,25655100
2022-02-25,130.29909502708057,134.6767901730923,129.99409526708283,132.73912048339844,18367700
2022-02-28,128.77410009096587,130.12866769546804,126.37893043481135,127.20423126220703,31315300
2022-03-01,125.62537757109381,126.02008962110743,119.83032683874998,122.4049072265625,36840400
2022-03-02,123.15844868627475,125.62538546571929,122.54844907113377,124.94361877441406,19405600
2022-03-03,125.44596171550761,126.46861849135587,122.95211425005012,124.05550384521484,16640800
2022-03-04,121.05035761091736,121.48094641645369,118.77179723493775,120.56593322753906,21016000
2022-03-07,118.5654697259643,119.03194889429288,115.67690982175037,115.91015625,27560100
2022-03-08,116.29588641089471,118.22457699363802,114.16983294354164,115.09381866455078,19207800
2022-03-09,119.22031810161903,121.3194673847629,118.80767453414713,119.70474243164062,17536200
2022-03-10,118.2873764038086,119.71371111054437,116.90589783067844,118.2873764038086,15604200
2022-03-11,118.85254288973613,120.27887770827775,115.20146960113092,115.62309265136719,20061800
2022-03-14,116.13442880461204,119.23827640592145,115.92809331001376,116.7713394165039,15786900
2022-03-15,118.23356721414025,119.80343624171145,117.632533286165,118.84356689453125,15096600
2022-03-16,120.98756382238545,124.2349594793706,120.59285168930212,124.15421295166016,20354900
2022-03-17,122.77272760626585,125.75996570292797,121.92948149218344,125.72407531738281,17050500
2022-03-18,125.75994730094517,126.35201538226215,124.20802371340471,125.67921447753906,23656500
2022-03-21,125.90347877298659,126.27126619008537,124.45021954168062,125.27552032470703,12676100
2022-03-22,127.6258613949576,129.11498379263227,127.13247128360273,127.93982696533203,13548600
2022-03-23,126.46862193420927,127.01583387142114,124.8718422528046,125.39214324951172,12093200
2022-03-24,125.85864012963835,126.2264412860091,124.79112704504428,126.20849609375,10017600
2022-03-25,126.56728363770694,128.44215192153672,126.30714001695651,127.31185150146484,8383500
2022-03-28,125.58952740321332,126.45968450956079,123.70567901689624,126.3699722290039,10818100
2022-03-29,128.59467468549798,128.81894163563788,125.80479327823062,126.64802551269531,11316500
2022-03-30,127.29392643604707,127.49128246429648,125.50877011893141,126.07391357421875,8771000
2022-03-31,125.43700288101368,125.90348200973193,122.23446398986555,122.28829956054688,17353900
2022-04-01,123.2571164358171,123.26609587469585,120.02768040650668,121.38224792480469,15721300
2022-04-04,120.31475755865607,122.84449592638089,119.21136773503028,121.92051696777344,17416400
2022-04-05,121.16137143271622,122.36330317195386,120.20341961893156,120.50164794921875,12110300
2022-04-06,118.91111181777714,119.79675082003195,118.350811561808,118.82978057861328,12914700
2022-04-07,118.34178761407875,119.21839457185682,116.33553393644571,118.46830749511719,12994200
2022-04-08,118.9924577792596,121.00774354023187,118.8297952808065,120.6372299194336,13126900
2022-04-11,120.19441223144531,121.91146974746992,119.80582037483363,120.19441223144531,10466400
2022-04-12,119.41719772278182,121.62227003499122,118.11584266707588,118.87496185302734,12989900
2022-04-13,114.71788172495935,116.8054665809154,113.8774243201899,115.04322052001953,30838000
2022-04-14,114.32023197182036,115.9469257775669,112.98272740989371,113.97682189941406,18835200
2022-04-18,113.57015086957827,116.79642823350373,113.45267010329815,116.0915298461914,11834400
2022-04-19,116.0824761116992,118.67615395385494,115.88365721677071,118.49539947509766,15015400
2022-04-20,119.76060629218166,120.65527748799845,118.69421283370293,118.9111099243164,13430200
2022-04-21,119.4895004790748,120.02269036750445,117.44710438004198,117.98932647705078,12174200
2022-04-22,117.73627984097091,117.95317694084274,114.49193828872706,114.60037994384766,14318800
2022-04-25,113.87742689939034,114.88055372440961,111.25664516641041,114.56424713134766,17149000
2022-04-26,112.63932512452813,114.23890862656471,111.03974851730746,111.17530059814453,17209500
2022-04-27,110.55174861207772,111.66331712699217,109.5486217699453,109.72936248779297,17215200
2022-04-28,110.98553131004637,111.74465750876819,109.47632491193721,111.4645004272461,13015600
2022-04-29,111.2024020190457,111.70848143469783,107.45197433424244,107.86768341064453,14874800
2022-05-02,108.33764166212026,109.08772877433148,106.83747433251453,108.8527603149414,18545000
2022-05-03,109.82875036993589,112.21456322976351,109.15096246896634,111.184326171875,15720900
2022-05-04,110.9764847378184,115.13358284670139,110.92225701254574,114.86246490478516,17128500
2022-05-05,113.19059313864258,113.95875147359433,110.39810995874578,111.9886474609375,15055400
2022-05-06,111.88019850998393,112.32301803273535,109.51245682857419,111.80789947509766,14417900
2022-05-09,110.35292059808538,111.45545681268602,108.89793518633415,110.12699127197266,14312300
2022-05-10,111.25664333112601,111.86213229989619,106.24100928876732,107.44295501708984,16382400
2022-05-11,107.81347496811165,111.05781671505078,106.584418907676,106.7651596069336,14630300
2022-05-12,105.73493774681695,106.92784446098837,104.26188083982865,106.6748046875,16318800
2022-05-13,107.91288389324319,108.67200310019037,106.602489698181,107.62368774414062,10443200
2022-05-16,107.12664354740598,107.95806176191319,105.94277615729646,106.87360382080078,10269000
2022-05-17,109.38594626877723,111.13012098857104,109.17808824950363,110.41618347167969,11160200
2022-05-18,109.62090876078413,110.22639768329066,108.02132531497953,108.52740478515625,12664900
2022-05-19,106.81036630341985,108.12979293675538,106.30427984919123,106.91880798339844,12765800
2022-05-20,107.95806604887714,108.14784585136711,103.94555909675869,106.04218292236328,13150100
2022-05-23,108.8617832949212,114.3834964563956,108.85274419152519,112.6031723022461,24376700
2022-05-24,112.38628336640434,115.2149160178376,111.25663674756771,114.19371795654297,19324900
2022-05-25,114.12141540511509,115.54929034212526,113.11828868688272,114.98898315429688,12780400
2022-05-26,116.01018869398546,117.65496084587582,115.86560440198564,116.9771728515625,15990900
2022-05-27,117.62784706146951,118.63097381591797,116.70605155449836,118.63097381591797,11177800
2022-05-31,117.64591943764148,120.32996110302054,117.22118496442737,119.49854278564453,17015000
2022-06-01,120.07691976449294,120.07691976449294,116.28130965612804,117.40192413330078,10768000
2022-06-02,117.39286063613095,119.29970451012328,116.28129232350196,119.2906723022461,8374800
2022-06-03,118.57673629460967,119.082815704969,117.47420024077128,117.6278305053711,8596000
2022-06-06,118.46829864467907,119.6431339034861,116.99524880898599,117.23924255371094,11323500
2022-06-07,116.42589443991919,117.77243810052948,116.23610775084937,117.5465087890625,6722200
2022-06-08,116.57952135801315,116.98619134901037,114.68171657533412,115.6758041381836,8422100
2022-06-09,115.1064820824074,115.76619878581485,113.20867011950584,113.24481964111328,13560100
2022-06-10,110.78670816689691,111.51872391904678,107.83155542504012,108.03941345214844,12945200
2022-06-13,105.6084029666021,106.59345150231019,103.98170908812959,104.8221664428711,16805600
2022-06-14,104.42453907119632,106.02411569368229,102.31887606109719,103.07799530029297,13357900
2022-06-15,104.487791576086,105.68973028599125,102.27368016294533,104.29801177978516,14083500
2022-06-16,102.89725044105892,103.2587387333875,101.09885497761422,102.50865173339844,16724900
2022-06-17,102.60805347215813,103.59310192751218,101.36092619693915,102.14715576171875,30919900
2022-06-21,104.7137236762791,105.76203213537997,103.96363667940597,104.67757415771484,11680500
2022-06-22,103.81904622285296,105.01195284374018,103.3762266538764,104.09016418457031,9842700
2022-06-23,103.93651712551367,104.09014739479201,100.74639651197921,102.95146179199219,11851500
2022-06-24,102.32793068544296,106.47599050338297,101.96644232369506,106.02413177490234,14841100
2022-06-27,106.69286698952862,107.09050482560198,104.50587268075745,105.17462158203125,11280500
2022-06-28,106.3404243885005,107.80444905292455,104.46972965358916,104.66854858398438,11590900
2022-06-29,104.83122310770838,105.57227113319433,103.68350499188654,104.19862365722656,9338400
2022-06-30,102.27369580618208,103.09608194408895,100.24937077452782,101.76761627197266,15172600
2022-07-01,101.80376401830425,103.40334074376509,100.45722705553179,103.0689697265625,10573600
2022-07-05,100.99025424622354,102.75897633463552,99.65004452314356,102.67692565917969,12514200
2022-07-06,101.86551285671348,103.0142641569838,101.00850195629745,102.01138305664062,10656200
2022-07-07,103.47924085796106,104.75563817159926,103.38807111180242,104.5915298461914,10347400
2022-07-08,104.99266212672636,105.43939865431905,103.57950702483791,104.26329040527344,8807800
2022-07-11,103.52481970997854,104.14478366510028,102.31224202549255,102.89573669433594,7939500
2022-07-12,102.64045824039744,105.01090619267762,102.34871090712919,102.99602508544922,11250900
2022-07-13,101.8837325408835,102.54928481624609,100.63468561996145,102.02960968017578,12979900
2022-07-14,98.45570180114818,98.67451752235421,96.69609870566313,98.4648208618164,26204800
2022-07-15,99.52239630334259,103.82566725409747,98.16394162937758,102.97777557373047,18863900
2022-07-18,104.63711552960913,105.61264646067788,101.46436371610588,101.92021942138672,13977900
2022-07-19,103.14188563923433,104.79208764257848,102.7224993215758,104.44563293457031,11862300
2022-07-20,104.0262511393981,104.60974577679487,103.46099462206014,104.42740631103516,11667500
2022-07-21,104.33624634213706,105.33000834839368,103.36071550184063,105.1385498046875,11595900
2022-07-22,105.06560059004582,105.98643088341088,103.63421423183108,104.62798309326172,7645500
2022-07-25,105.6126351020783,106.17789861992284,104.63710427592753,105.04737854003906,9394000
2022-07-26,104.46387653413653,105.3755877827379,103.05072131648251,103.40628814697266,10675100
2022-07-27,103.94421928884785,105.52147612511402,103.29690502563852,105.06562042236328,9337400
2022-07-28,105.07471625177361,105.74026849118914,103.50657186810258,104.6735610961914,10384800
2022-07-29,105.38470801865441,106.21436865768555,104.65534313697755,105.17501831054688,12944500
2022-08-01,104.39096118147198,104.9471057232701,103.08721352778554,104.1265640258789,14740400
2022-08-02,103.86214039559214,104.29976484125143,102.35781549313182,102.50369262695312,14942900
2022-08-03,103.43364403265252,104.02625776783941,101.84726832088568,103.57952117919922,14394500
2022-08-04,102.88660928971977,103.31511467398225,101.21817609577185,102.43987274169922,18033900
2022-08-05,102.59487277237781,105.9317395113263,102.15725523809935,105.53970336914062,14174600
2022-08-08,105.98643368868454,106.39670097225427,104.09919166381499,104.25418090820312,10332500
2022-08-09,104.61886174429863,105.7493817013612,104.27241398727425,105.1932373046875,10233800
2022-08-10,107.54546386367775,108.83098013248042,107.12607750134782,107.9375,12847300
2022-08-11,109.31418836276644,110.49940890206962,108.77627506840615,109.53299713134766,11684900
2022-08-12,110.01620001587027,111.45670552766606,108.89479902114954,111.34729766845703,9906700
2022-08-15,110.44471177405394,111.885217368511,109.95238681306967,111.6481704711914,8456200
2022-08-16,111.49316927609387,113.27100342615174,111.11025222158983,112.71485900878906,9555000
2022-08-17,111.50229532862933,112.28636760700563,110.94615087639019,111.76668548583984,8149300
2022-08-18,111.44758384323562,111.65728049616463,109.90679652486368,110.90055847167969,9531800
2022-08-19,109.97062156422541,110.30795029981103,107.6822242108551,108.15631103515625,13464500
2022-08-22,106.44229282044341,106.81609778712179,105.30265371101682,106.36935424804688,8967600
2022-08-23,106.38759219568678,106.93461757615913,105.19324568100646,105.32088470458984,7607000
2022-08-24,105.11121235352732,106.13233166654368,104.3453711298135,105.57618713378906,9771300
2022-08-25,105.9043771653364,108.25658679346095,105.46675272533386,108.08336639404297,10758900
2022-08-26,108.91303469165574,109.39624058382452,104.48211706957878,104.54593658447266,11276200
2022-08-29,103.93509018612681,104.71916247557431,103.44276524002221,104.29065704345703,8117300
2022-08-30,104.84679761492905,105.37559182881495,103.3515916662762,104.30889129638672,10745400
2022-08-31,104.3727024754996,104.87413946796919,103.33334529582191,103.68891906738281,10738300
2022-09-01,103.28775856961052,104.50944819017472,102.02959966780205,104.4000473022461,9979800
2022-09-02,105.64000776502449,107.0805065634678,103.19662081121355,103.67070770263672,10666600
2022-09-06,104.23595712027515,104.61887420614619,102.17548758479874,103.69804382324219,9751900
2022-09-07,103.14189889372177,105.85880168171782,102.80457015780182,105.66734313964844,10647900
2022-09-08,105.1020858095489,108.30219467162539,104.50947202682278,108.12896728515625,11435000
2022-09-09,108.6212780102312,109.45093858836361,108.19277260884894,108.64862823486328,9299700
2022-09-12,109.97061235072863,110.81850408276097,109.21389035159987,109.93414306640625,8614600
2022-09-13,107.64575766629521,108.42071091435533,105.55793786240258,106.11408233642578,12904600
2022-09-14,106.3966995282637,107.43604979128575,104.73738534029823,105.86791229248047,9345700
2022-09-15,105.86792222450472,108.84009615439363,105.53970558898975,107.46341705322266,10821400
2022-09-16,107.02576939983022,107.03488845878988,105.18411597080465,106.7431411743164,14844100
2022-09-19,105.75850642596968,108.24748123258331,105.31176985507157,107.7278060913086,8201300
2022-09-20,107.04402106759404,107.29929910434645,104.51857701299748,105.603515625,9619000
2022-09-21,106.2508365921889,106.30553704477167,102.49458350185508,102.55840301513672,12606300
2022-09-22,103.36980708348212,103.57038464824764,101.26375656505213,101.39139556884766,11684500
2022-09-23,100.33382622887612,100.5982163712799,97.69898126275494,99.50416564941406,18138600
2022-09-26,98.46484152270969,99.93269758705907,96.6961189954251,97.3616714477539,15753600
2022-09-27,98.23688374799112,98.6198007901911,95.41058036310774,96.50463104248047,12793600
2022-09-28,96.59581180339339,99.13037512194984,96.31318351937313,98.45570373535156,12762600
2022-09-29,97.50753073066873,97.80839715984979,95.18267085124788,96.78728485107422,12713900
2022-09-30,96.69609393780543,98.11836823229466,95.1826568643499,95.2738265991211,15973400
2022-10-03,96.29495458578577,98.79304171886318,95.2373660887453,98.21866607666016,12248100
2022-10-04,100.84437475429372,103.01424487104165,100.16059136537436,102.81366729736328,16013600
2022-10-05,100.95554298426751,102.05938210489853,100.10926585724786,101.54425811767578,10943500
2022-10-06,100.68878182704552,101.36028876432013,99.29058511910067,99.47455596923828,11521400
2022-10-07,98.90423905253799,99.0790162797713,96.83453532470998,97.4876480102539,11681100
2022-10-10,98.1775566472107,98.71107498130193,96.1446413233369,96.57698059082031,8931700
2022-10-11,96.00665021944351,96.16302613507425,93.68857833699754,93.78976440429688,12739700
2022-10-12,93.64261174938743,96.33782660968231,93.1642762215454,95.30757141113281,13181000
2022-10-13,93.80817634083039,101.0935319046176,93.60580418327433,100.60600280761719,22398700
2022-10-14,102.98846986738337,106.0056372325939,101.84783496498314,102.2801742553711,33387100
2022-10-17,106.16201266050514,107.63380065874259,105.15935248111793,106.5759506225586,22276300
2022-10-18,110.07144505078197,110.51297790830733,107.58779640955845,109.31714630126953,21539700
2022-10-19,108.53525208343639,109.30794505734121,106.40115803927876,107.1738510131836,17072000
2022-10-20,107.77176521617909,109.19755676213065,106.3827622235615,106.82429504394531,12207400
2022-10-21,107.12785001119728,112.58266873224537,107.00826967137668,112.43549346923828,20593300
2022-10-24,112.28832177486858,113.23578498979896,111.607621205954,112.57347869873047,12624200
2022-10-25,112.0859417817139,113.39215297652444,111.20286912812207,112.86782836914062,11289100
2022-10-26,113.14380157648334,115.16750904136775,113.03341485332959,114.16485595703125,11667000
2022-10-27,115.16750488693133,116.08737315924878,114.25683726238766,114.61558532714844,10727600
2022-10-28,115.25029299205744,116.16096058745379,114.10965833594217,115.97698974609375,11859500
2022-10-31,115.62743795815351,117.21881314254274,115.52625188768748,115.79301452636719,13295200
2022-11-01,116.70368792073003,118.00069850959324,116.2069582213661,117.88111114501953,13386900
2022-11-02,117.42118022887425,119.91402227442202,116.49211135733317,116.79566955566406,16546100
2022-11-03,116.18855810244017,117.90870726342665,115.82061641151631,117.00724029541016,12474400
2022-11-04,119.11376529557342,120.34638559457294,118.16630195749849,120.2083969116211,14953200
2022-11-07,120.50274709319883,121.68937102228881,120.02441164791836,120.84309387207031,12011200
2022-11-08,120.72349967445196,121.47778425004283,119.711639106627,120.91666412353516,9884100
2022-11-09,120.79711309521187,120.89828513458521,118.8653840315612,119.34371948242188,9494000
2022-11-10,122.00214652649201,124.41219716675424,121.91015407496917,124.25582122802734,16351600
2022-11-11,124.35698959135296,125.25845653630671,123.05997200450365,124.45817565917969,10704700
2022-11-14,123.99825532210671,124.85372614294145,123.17957305908203,123.17957305908203,11085600
2022-11-15,123.88786977737047,124.83534714564182,121.05468744790996,122.28730773925781,14038300
2022-11-16,122.34249351684839,122.857617559568,121.45022007282428,122.45287322998047,7893400
2022-11-17,121.42263451629441,122.24131686939295,120.76032811422833,121.91935729980469,8820200
2022-11-18,123.78667965255467,123.87865805777638,121.6801734570925,123.11516571044922,9468500
2022-11-21,123.02318484922705,123.7774695157206,122.11251022843456,122.38847351074219,7800500
2022-11-22,123.2623601112816,124.43059685736328,122.97720316575173,124.2190170288086,9185700
2022-11-23,124.12702629211735,125.56201854399083,124.05343514637053,125.54361724853516,7316200
2022-11-25,125.54361640660314,126.15073282788606,125.15727342108012,125.78279113769531,3220500
2022-11-28,125.16647159292468,125.75518667422138,123.43711490083294,123.58429718017578,9906900
2022-11-29,123.86948131269101,125.69081680282673,123.63951421417616,125.61722564697266,7925300
2022-11-30,125.18484749152381,127.10736846923828,122.51723559184835,127.10736846923828,14761200
2022-12-01,127.1073856696894,127.54893252740312,124.57774802951523,125.3228530883789,8858500
2022-12-02,123.71308145892138,124.50416868635519,122.65522458856769,124.32939147949219,8931900
2022-12-05,123.48312543307155,123.78668365587976,120.13480538826083,120.84309387207031,10154500
2022-12-06,122.70122927275459,124.28340383678933,119.46328899797697,121.04546356201172,13966700
2022-12-07,120.78790740397876,122.41607826790143,119.88644037637134,120.96268463134766,11739400
2022-12-08,121.72618627524957,122.32409511698182,120.89829629891516,122.23211669921875,8907300
2022-12-09,121.60657462432539,123.04156678697399,121.42260378943517,121.56978607177734,7957800
2022-12-12,121.79056240564566,123.86026616731614,121.05467896369105,123.45553588867188,8841600
2022-12-13,125.92076505466073,126.10473589872196,122.41606924361821,123.3359375,10025400
2022-12-14,123.05997414348795,124.83532717601992,122.1217045924292,122.7196273803711,9966100
2022-12-15,120.64073154455386,121.49621643048803,118.70901638225929,119.67488098144531,12087800
2022-12-16,118.80099041726888,119.49089167180837,118.13868409002481,118.92977142333984,21133700
2022-12-19,119.26092738556954,120.80631353076245,118.74580334919769,119.63807678222656,9017200
2022-12-20,120.47515997879809,121.4686194898387,119.7668574129856,120.21759796142578,8549900
2022-12-21,121.58817333001387,122.32407070564969,121.2110380311152,121.56978607177734,8051700
2022-12-22,120.59475441782034,120.77872529298976,118.12030614396916,120.19001007080078,8648200
2022-12-23,120.11641749726087,120.90750488363216,119.25173895447388,120.76032257080078,5091900
2022-12-27,121.02708811180806,121.62499693754901,120.08881844482123,121.18346405029297,5411000
2022-12-28,121.28463632779308,122.71962857510283,120.51193631794675,121.84575653076172,8827700
2022-12-29,122.27807593663951,122.59084179934095,121.70776213090038,122.54484558105469,6585200
2022-12-30,122.16771679293986,123.56592065481509,121.82736998530295,123.35435485839844,9292500
2023-01-03,124.40298100932641,125.7827833158519,123.1611533190235,124.29258728027344,11054800
2023-01-04,125.09288160202586,126.64744707010873,124.70653864225898,125.45162963867188,11687600
2023-01-05,125.71111429984926,125.7574502808693,123.894848478059,125.4238510131836,8381300
2023-01-06,126.14662546516878,128.23161699617597,124.62689887038037,127.82388305664062,10029100
2023-01-09,128.43549812036827,128.6949626305302,126.84163662094194,127.29569244384766,8482300
2023-01-10,127.68489216994938,128.54669613706488,127.24009787646544,128.4355010986328,9048700
2023-01-11,128.71347947194283,129.5011486437458,127.97216041583958,129.38995361328125,8703700
2023-01-12,129.73278578614702,130.52971632156627,129.00998996794718,129.26019287109375,11001700
2023-01-13,125.65551692138334,132.9668879183642,124.91418364348826,132.52207946777344,20200000
2023-01-17,130.81701239235827,131.1598731733884,129.01928393227195,130.47415161132812,14292900
2023-01-18,128.73202429534666,130.4092820894624,126.40610521894243,126.55437469482422,13392600
2023-01-19,125.39606366686675,125.93351584840185,123.79292624413358,124.86785888671875,13303400
2023-01-20,125.24777975943063,125.5535802591071,123.7558517008759,125.17364501953125,13092500
2023-01-23,125.21072205128073,127.84245618023675,124.93273441420591,127.20305633544922,10487100
2023-01-24,126.4153837477437,130.00156557157928,125.0995237869042,128.2965087890625,6945000
2023-01-25,127.92585143360175,128.91737365722656,127.18451808131469,128.91737365722656,8967000
2023-01-26,129.19535017159177,129.78841390951436,128.2130896812595,129.7142791748047,7487600
2023-01-27,130.29811453716846,130.90043996782737,129.50118361089568,130.02938842773438,7489900
2023-01-30,129.01927829434823,129.81620899523966,128.72275350365265,128.92662048339844,6729300
2023-01-31,129.62160502072973,129.79767322600014,128.111140038413,129.69573974609375,9188700
2023-02-01,128.07413485377785,130.54832405092324,127.99072441450754,129.35292053222656,8841800
2023-02-02,129.7328251316886,130.1590963500424,127.87949905837876,128.7505645751953,11822100
2023-02-03,128.04631141594143,131.89197209651468,127.99998956875123,130.74290466308594,11501200
2023-02-06,129.94594596554768,131.8085476082206,129.76061619715742,131.5120086669922,8406200
2023-02-07,131.0116128404591,133.7545272635078,130.82626893802635,133.11512756347656,10447900
2023-02-08,132.1884607576999,133.47652165944172,131.8455999997501,132.17919921875,6958000
2023-02-09,132.62398085326885,132.82784780881434,129.61232662969095,130.1219940185547,6443100
2023-02-10,129.52894300362496,130.91893739625775,128.4262118564423,130.696533203125,6582900
2023-02-13,130.9374834079669,132.26260469752583,130.41855439555908,132.11434936523438,7134600
2023-02-14,132.04947412052846,133.26340035710024,131.21548309777444,132.69813537597656,9249400
2023-02-15,131.2247560339507,133.3375466721923,130.93749274871482,133.254150390625,6728300
2023-02-16,132.4294012298099,132.87419547207415,131.28959565811144,131.41934204101562,8165300
2023-02-17,130.64094356400273,132.35527574081405,129.797690994526,131.8085479736328,7948800
2023-02-21,130.37221408839721,130.97453935641977,128.57448568386212,129.38995361328125,9996300
2023-02-22,128.73203678321767,129.20462987621065,127.36057934765923,128.3984375,11107500
2023-02-23,128.55596690113632,129.89036401708915,127.82390927933932,129.42703247070312,8068000
2023-02-24,128.90808525344383,130.99307691865604,128.74127856755442,130.5946044921875,9126900
2023-02-27,131.68808479655095,132.80007761336196,131.32668677759347,131.7344207763672,10014700
2023-02-28,132.45720773155335,133.21706401736367,131.49347032058068,132.83714294433594,11019800
2023-03-01,131.67881442565394,132.9390766374571,131.400812705156,132.09580993652344,7139200
2023-03-02,131.80859009324035,131.9846442391168,129.30658792437492,130.72439575195312,11106800
2023-03-03,131.13207104919564,133.19853964117584,130.7336127614423,133.12440490722656,9513100
2023-03-06,132.9205348006957,133.4765240826197,132.19773883636643,132.34600830078125,9261300
2023-03-07,131.59541238871836,131.87341412691322,127.70343047325758,128.4540252685547,11747600
2023-03-08,127.87948258754065,128.4262103152073,126.85088618374637,127.69415283203125,10002500
2023-03-09,126.73041665822825,127.27715853073298,119.74338441829867,120.78124237060547,25888100
2023-03-10,119.50247292330836,125.34043881545394,118.44607054402006,123.8485107421875,37599700
2023-03-13,121.58745904945458,124.0616475748519,119.91946281330038,121.62451934814453,42901100
2023-03-14,125.35895349551325,125.59061921592036,121.66156350750458,124.74735260009766,29648100
2023-03-15,121.37432254422968,121.38359822418991,117.43601164465217,118.85379791259766,34280600
2023-03-16,118.622124529571,122.27317898084158,116.77806715483966,121.16118621826172,24558500
2023-03-17,118.96501175812325,119.05766958306614,116.249881557702,116.58348083496094,38396000
2023-03-20,117.67693998398852,119.97506748303013,116.7688141445197,117.8159408569336,22875500
2023-03-21,121.01291326343416,122.06930847844701,120.64225373315954,120.9758529663086,17807800
2023-03-22,120.98512295227205,121.077794911188,117.76033956652832,117.8530044555664,17250200
2023-03-23,118.52020864551586,120.03066691183282,116.77807754068986,117.5379409790039,16677600
2023-03-24,116.41668031012709,116.46301629212412,114.08149245696909,115.7494888305664,22311100
2023-03-27,117.49159382480615,119.89165449151159,117.02826235948388,119.06692504882812,18853900
2023-03-28,119.27080607716869,119.85459417722348,118.37193472748154,119.42833709716797,10820500
2023-03-29,120.55886081071779,120.67005584493987,118.39972727457906,119.66925811767578,14595300
2023-03-30,120.4198541009021,120.57738511423462,118.28853344143305,119.307861328125,12134700
2023-03-31,120.15112321607968,120.781247244047,119.40052847816081,120.75344848632812,13105200
2023-04-03,120.38279804783063,121.800591357579,119.91946653118723,120.61446380615234,11775400
2023-04-04,120.92952841287085,121.0129246940969,118.06614297272823,119.00206756591797,11579900
2023-04-05,118.42301895348227,119.68382327165587,118.1054771924964,119.17950439453125,9614700
2023-04-06,118.60980863489203,119.61846068612611,118.47905823477232,119.04875946044922,8760200
2023-04-10,118.18019048329045,119.75853651896533,117.88133142990569,119.44100189208984,9477300
2023-04-11,119.82392910432019,120.4216472622933,119.11413611971616,120.0293960571289,10516300
2023-04-12,120.64578863891776,121.8132080873547,119.5997853733505,120.0107192993164,11821000
2023-04-13,119.9733609656406,120.51503101665217,118.45104153577316,120.46834564208984,12450200
2023-04-14,126.22138924982342,129.92911468105393,125.98790535239443,129.56488037109375,43931300
2023-04-17,130.70426129549892,130.80699476339154,128.56555541938278,130.59219360351562,16050500
2023-04-18,131.00314941057005,132.41338702348074,129.84506414684276,132.05848693847656,13760100
2023-04-19,131.89971508470921,132.1518816759903,131.1245468601976,131.890380859375,9158100
2023-04-20,130.66691009806405,132.08648169838483,130.6015277772831,131.5074462890625,10586200
2023-04-21,130.5081577667996,131.78764489908252,129.61157337617786,131.2552947998047,11842500
2023-04-24,131.18057170318022,131.77828978527313,130.78830629708887,131.43272399902344,7567500
2023-04-25,130.37742388920663,130.71364129697216,128.5375694982017,128.57492065429688,10629300
2023-04-26,128.5281866035268,128.70563661159716,125.14734497851775,126.29608154296875,14416100
2023-04-27,127.01523730060727,128.7990576564003,126.69770262752995,127.9958724975586,9041100
2023-04-28,127.53823491258476,129.18197058151966,126.7070328529894,129.1072540283203,9887300
2023-05-01,132.86164281251018,133.8983116604561,131.52612205157675,131.87167358398438,20415800
2023-05-02,132.05846547051718,133.00174938505765,129.2846760746085,129.7423095703125,14113400
2023-05-03,129.29403145898817,129.50883263139102,126.79107693650953,126.99654388427734,12930900
2023-05-04,126.0439619693163,126.75374793516626,123.10205611262752,125.25944519042969,17089200
2023-05-05,127.42615349343724,128.77102280482822,126.93116885115082,127.70633697509766,11261400
2023-05-08,128.40680811856598,128.85509320709122,127.46352406161003,128.01455688476562,7484900
2023-05-09,126.94982546566656,127.90244351422342,126.27740512337513,127.39812469482422,7343600
2023-05-10,128.83637946001252,128.93911291916152,125.95985685456311,127.46349334716797,8133400
2023-05-11,126.08129266895112,127.77171364610035,125.98789341853605,127.06192779541016,7057300
2023-05-12,127.7810899480628,127.93985730776284,124.33486491785524,125.24078369140625,9988600
2023-05-15,125.39951152949791,126.70701540361097,125.10999383242455,126.29608154296875,7639500
2023-05-16,126.5109139682824,126.95919903532884,125.11001066437758,125.44622802734375,6477200
2023-05-17,126.92182174170358,129.43411037810316,126.51090211500139,129.30335998535156,12711500
2023-05-18,129.13525995720966,130.49879774748342,128.6589437524678,130.28399658203125,10999600
2023-05-19,130.55483917276476,131.20860543284945,129.00451705077612,129.98513793945312,13492200
2023-05-22,131.68493833804226,132.28265663706523,128.5655964103514,128.91114807128906,11402500
2023-05-23,128.4535126339781,129.84508198677483,127.44487459721127,127.56627655029297,9514900
2023-05-24,126.45486808153771,127.34211825680605,126.15601611517806,126.39883422851562,8578000
2023-05-25,125.91318702081462,127.2673906034073,125.68903737754901,126.70702362060547,8472500
2023-05-26,127.1179516965541,128.5095206147694,126.6696666812411,127.89311981201172,8579900
2023-05-30,127.76235293887645,128.6215717118427,127.03388453895458,128.37875366210938,7399900
2023-05-31,127.69701940034612,127.79975289345691,125.52094759225562,126.74441528320312,14219900
2023-06-01,127.50087540035871,129.09789708675177,126.50155759891467,128.4908447265625,12248100
2023-06-02,130.340041387807,132.13319591046866,130.13457442941316,131.18992614746094,12922500
2023-06-05,130.8536954120118,130.8536954120118,129.00450722615906,129.9010772705078,8511900
2023-06-06,129.51816641951615,130.8443673509023,129.07922985155474,130.1345672607422,9329500
2023-06-07,130.33069985868914,131.93707003389363,129.65826516903496,131.3953857421875,9281400
2023-06-08,131.37669015550273,131.58215708222744,130.265304756598,131.43272399902344,7368100
2023-06-09,131.07782738876298,132.43203074772646,130.9470770144642,131.6942138671875,7249100
2023-06-12,131.75030359782357,131.98378750077507,130.52683597574745,131.68492126464844,7596600
2023-06-13,131.1992738679104,133.4313794630357,130.88173917253985,132.63754272460938,7701600
2023-06-14,133.5527697521183,134.12247094836258,131.40471536050583,132.1425323486328,9068700
2023-06-15,131.30200183365224,133.92635857454218,130.77900018075655,133.6368408203125,9343100
2023-06-16,133.5994595526633,134.45867839599362,133.0857922412367,133.7955780029297,13813500
2023-06-20,133.1885471192388,133.55278140759413,131.72226149001006,133.11383056640625,8428600
2023-06-21,133.45937940871084,134.50539687612533,132.3293254158356,132.91770935058594,9926500
2023-06-22,132.90835879827526,133.17920807383072,129.7703349465135,130.3587188720703,10075200
2023-06-23,129.3874089623591,129.98512707104325,128.52819007179585,129.67694091796875,9919500
2023-06-26,129.69562536058743,130.76031131831627,128.59358825115126,129.99449157714844,8429700
2023-06-27,129.8170304532332,130.60153282860406,129.38741386630664,130.00381469726562,8154000
2023-06-28,129.96646260371023,130.01316222705987,128.8457428969404,129.43411254882812,7558600
2023-06-29,130.81638118783746,134.07580768151263,130.61091419244656,133.9543914794922,15423200
2023-06-30,135.04707113220857,136.35457505574118,134.1691695332407,135.83157348632812,14212800
2023-07-03,136.53201946891622,137.73678987397622,136.35456946141917,136.9242706298828,8021600
2023-07-05,136.29423841477606,136.7550004176732,135.74883406462274,136.0121307373047,8934900
2023-07-06,134.48879649989652,134.83672124143538,133.0030424908184,134.66746520996094,9709500
2023-07-07,135.3256981118395,137.1405657343438,134.46997663504473,135.73004150390625,8981500
2023-07-10,135.88047789499134,137.28160355919408,135.88047789499134,136.49169921875,9100100
2023-07-11,137.61073314225018,139.00246063974816,137.0183227540901,138.62631225585938,11260900
2023-07-12,138.654517681909,140.93016153305126,138.23136331698382,139.31275939941406,11323200
2023-07-13,139.82996469805036,140.4599971273314,138.9366355624607,139.9898223876953,11234900
2023-07-14,142.50995667461993,143.77002144671843,139.55726008625822,140.8361358642578,27028400
2023-07-17,141.38154673382755,144.57872915123014,141.38154673382755,144.23080444335938,17262400
2023-07-18,144.2307981597808,145.18994423405886,143.70420478207672,144.4940948486328,13491700
2023-07-19,143.6383802268648,145.95164621525822,143.1399961602172,145.0489044189453,12510000
2023-07-20,145.3121945631174,147.24931207038827,145.1993572243928,146.83555603027344,9935900
2023-07-21,146.50645614114134,146.82617153003497,145.46266761385175,145.7071533203125,10636400
2023-07-24,145.72593796800209,149.31806497568195,145.5002489615279,148.5751953125,14381400
2023-07-25,147.91695509945538,148.31190010322183,146.65689041859213,147.46559143066406,9944700
2023-07-26,147.36214726296728,148.81027889268154,146.95778959680948,148.34950256347656,8728600
2023-07-27,148.35891389637547,149.3086615291176,146.2713372909812,146.7133026123047,10778400
2023-07-28,147.89818721933534,148.19910598533352,147.10829698148484,147.55026245117188,9103800
2023-07-31,147.8041422898382,149.87292287540654,147.77593294990737,148.53762817382812,8892700
2023-08-01,148.03921029249162,148.57521637814307,146.83556411782206,147.8041229248047,6853900
2023-08-02,146.28075415135822,146.40300416806969,144.75739267551066,146.1302947998047,8299400
2023-08-03,145.75417354946845,147.55964288063694,145.14295210950536,147.02365112304688,6084000
2023-08-04,147.070625591232,148.38712322764363,146.412383947322,146.7133026123047,6209400
2023-08-07,147.25873467525594,148.29311049668297,147.25873467525594,147.4091796875,7251800
2023-08-08,145.11472231111318,146.67569136732507,143.4879075627913,146.5816650390625,8623400
2023-08-09,146.05508084120885,146.2431478581163,144.31542865047933,144.6163330078125,6277800
2023-08-10,145.17113300465522,146.16790099076863,143.9580743433723,144.40003967285156,5995100
2023-08-11,143.90165938480195,145.30278507694817,143.52552538554008,145.23695373535156,5180700
2023-08-14,144.44709391815624,145.67894952408608,143.79825043751342,145.53790283203125,5044300
2023-08-15,143.73242626004551,144.1273713266908,141.268700822504,141.83291625976562,10300300
2023-08-16,141.61664110081486,141.95516749633964,140.7515069300112,141.23109436035156,6978200
2023-08-17,141.87991569368114,142.23723869259535,139.54783895539543,139.76412963867188,9953900
2023-08-18,138.84259411154915,140.5822463780734,138.64512875720078,140.0838623046875,8517500
2023-08-21,140.72328846968446,141.14645719810247,139.19052863393927,140.5634307861328,8327000
2023-08-22,140.35655794613976,140.71389533939447,137.1499771305122,137.6483612060547,9673300
2023-08-23,137.62013862354203,138.7861626811415,136.78322824246797,138.57928466796875,7858000
2023-08-24,138.7015454667466,140.49761638052095,138.2219724072368,138.44764709472656,6534000
2023-08-25,138.49465769081132,139.75472243593128,137.14996494383848,138.27838134765625,6695500
2023-08-28,138.76736250583897,139.7453195308282,138.35360648998457,138.75794982910156,5094100
2023-08-29,138.89901243341095,139.97101014649476,138.40061406417527,139.88636779785156,6337000
2023-08-30,139.75471146583337,140.25309545797032,138.41001882441265,139.32215881347656,6277300
2023-08-31,139.4162165882018,139.50085895109873,137.25342414131575,137.60134887695312,10933900
2023-09-01,137.37562270812614,139.24692293859306,137.00888706330605,138.0620880126953,7903500
2023-09-05,138.38184883030152,139.36921876753888,136.36008860670202,136.53875732421875,7854700
2023-09-06,136.06856453152616,136.85845463739395,135.51376179159,136.3130645751953,8629200
2023-09-07,135.5325498322872,136.6045474653403,134.8366861815507,135.14700317382812,8373700
2023-09-08,134.81790593039398,135.5231680695546,134.1408531289122,135.25047302246094,7107900
2023-09-11,136.11557526086284,136.39768294977497,135.1188071954874,135.84288024902344,6854200
2023-09-12,135.88050858043627,138.5323011715463,135.45735415699824,137.61074829101562,8363200
2023-09-13,138.55107750514435,138.8896038639501,137.1217567444918,137.6765594482422,8325900
2023-09-14,139.02124145269468,140.95835877601152,138.7203371284726,140.34713745117188,10034900
2023-09-15,140.03681912618072,140.79849978022395,139.46320546657168,139.93338012695312,19863400
2023-09-18,139.32217189447775,140.2437102977801,138.93662519308836,140.2248992919922,6512400
2023-09-19,140.58222487765715,140.78910287820727,138.42883122468425,140.0462188720703,7943400
2023-09-20,140.7232746604071,141.28749001053504,139.30335230566138,139.4538116455078,7332000
2023-09-21,138.77679322179205,139.9710412101602,137.88346398739847,138.363037109375,8052400
2023-09-22,138.50403667111058,138.71091465691347,136.52931182743455,137.03709411621094,7071700
2023-09-25,136.67978144617302,137.77998844520116,135.12819643580607,137.7141571044922,7044700
2023-09-26,135.97451790667134,137.14054188461932,135.6265788999616,136.28482055664062,7468400
2023-09-27,136.52933425011622,137.37564298659942,135.88988918481877,137.08413696289062,6717800
2023-09-28,137.55432304561114,139.9898247951475,137.30042466423484,138.7861785888672,8868100
2023-09-29,139.73594458475532,139.88638960320975,136.21903221009904,136.36949157714844,11917800
2023-10-02,136.19078341077514,136.93365300386665,134.1220179333575,135.1940155029297,9170600
2023-10-03,134.6580429468487,135.02477867086904,133.85875449633997,134.19728088378906,9431100
2023-10-04,134.64865866551852,134.9119554000495,133.4638090115332,134.7991180419922,8128700
2023-10-05,134.55279382335263,135.55693133960906,133.40658332997998,135.36746215820312,8576200
2023-10-06,135.3769743966121,138.19042180344073,134.64755835849704,137.4515380859375,10270600
2023-10-09,136.08742554116313,137.73569774934012,135.93585596091424,137.138916015625,6964900
2023-10-10,137.75463145002604,139.03347614529983,137.62201169643586,137.97250366210938,11288800
2023-10-11,138.78717603176514,139.46922462849858,137.3757259962922,138.44615173339844,8698200
2023-10-12,138.5882302551215,139.21344377245325,137.47990508592446,138.12405395507812,10484400
2023-10-13,140.67228296640758,145.03928168920007,140.04706935081757,140.19863891601562,29427000
2023-10-16,141.57220133475337,141.63851843881218,138.98610891137227,140.05654907226562,12663500
2023-10-17,139.7913175888073,141.43958969955224,139.052419542389,139.75341796875,11482700
2023-10-18,138.86294467928195,139.70603042248965,137.70725216102403,138.2187957763672,9620300
2023-10-19,137.8114720413774,139.2703038448197,137.24310784044647,137.63148498535156,11143600
2023-10-20,136.94944192742966,137.48938860591738,134.62857461422652,135.41482543945312,13332900
2023-10-23,135.40536824661368,136.10635221522327,133.31185510958022,133.567626953125,10133400
2023-10-24,133.74761802339899,134.25914727136302,132.96136711370946,133.72866821289062,8881400
2023-10-25,133.16028874973279,133.7381205866468,132.15615127028062,132.99923706054688,8242600
2023-10-26,132.39299802343572,134.20232201457276,132.08039117252162,133.3402862548828,9109400
2023-10-27,131.62564403609548,131.76774588645773,128.06384691911668,128.53749084472656,17434700
2023-10-30,129.24800741422763,130.76365989782184,128.8690834524757,130.1763458251953,9855500
2023-10-31,130.45104346496146,131.9003930222097,130.2236891298068,131.72987365722656,9672500
2023-11-01,131.90986793580896,133.12239554755078,131.17098437410596,131.6162109375,9432000
2023-11-02,132.70558968102353,134.02231959380507,131.8909213170707,133.96548461914062,10186200
2023-11-03,134.6949028990368,136.19161989432564,134.3728284006059,135.4622039794922,9538700
2023-11-06,135.62323960267491,136.589477540853,135.26326548846805,136.4852752685547,7625100
2023-11-07,135.9453164987424,136.6557826075624,135.29169982038272,136.41896057128906,6297900
2023-11-08,136.51370634039606,137.205222695659,136.0495299077011,137.091552734375,7618200
2023-11-09,137.7735634122232,137.9724857896062,136.12527715585688,136.68417358398438,7992500
2023-11-10,137.2999300838166,138.75874729751894,136.4852617956672,138.7113800048828,7983300
2023-11-13,138.01988781690304,138.54089921767564,137.50835854898958,138.09567260742188,6676300
2023-11-14,138.94819661187788,141.38273370494164,138.79664151758968,140.6154327392578,9927700
2023-11-15,140.63438110068913,142.24476778987932,140.63438110068913,141.84690856933594,8365300
2023-11-16,142.1784692062087,143.54256639967807,142.1784692062087,143.46678161621094,8126200
2023-11-17,144.1772437015897,144.80245730700287,143.5520300961765,144.7645721435547,7812400
2023-11-20,144.06356739386794,145.64553669201902,143.91199783783145,145.20977783203125,7019000
2023-11-21,145.12451892158361,145.53186027850327,144.52773730974798,144.90664672851562,7083500
2023-11-22,145.32348071050913,145.7687073039535,144.84035449600086,145.24769592285156,5174500
2023-11-24,145.4939767932843,146.29917746551416,145.20031979301464,145.4466094970703,3496900
2023-11-27,145.34240642173663,145.43714101363966,144.66037228701836,145.1150665283203,6259100
2023-11-28,145.1434848193456,145.75921630671945,144.66984076614435,145.4466094970703,6582700
2023-11-29,146.04339921623102,147.4264461508105,145.88236197975067,146.1855010986328,9126100
2023-11-30,146.74441201649734,147.90010472554917,146.24235044914354,147.8527374267578,9869800
2023-12-01,147.6064237377565,149.53888490616447,147.6064237377565,148.57264709472656,8916000
2023-12-04,147.79588967365407,149.71888331169214,147.66326992118485,149.66204833984375,9607500
2023-12-05,148.97053122729264,150.1451737523716,148.69582402014166,149.6431121826172,9135600
2023-12-06,150.4672246773074,150.82719874806344,147.77693018657288,148.07058715820312,9366000
2023-12-07,148.4305789322475,149.0178929455568,147.9190352491648,148.52529907226562,8130900
2023-12-08,148.97051606229314,150.41039796992956,148.70527656015864,150.1641082763672,7369400
2023-12-11,150.16413310802218,150.90301676536245,149.8136266365866,150.71356201171875,8093900
2023-12-12,150.83667559584973,152.18182292300537,150.50513344346612,152.05868530273438,10223000
2023-12-13,152.05869172694915,153.48909157190943,151.34822564322266,152.57022094726562,12379100
2023-12-14,153.299648728851,156.1509809623848,153.18597877206992,155.34579467773438,13643000
2023-12-15,154.48373746814988,156.5677682945357,153.83010639865176,156.52040100097656,20309300
2023-12-18,157.17404014465845,158.32026510801109,156.89933295505307,157.4676971435547,8469600
2023-12-19,157.249825740006,159.58962852032627,156.82354898280948,159.5706787109375,10345700
2023-12-20,159.13494074793843,160.48008817985806,157.67610890953222,157.77084350585938,10734700
2023-12-21,158.04553227748778,159.22964232114157,156.94667468790465,158.67074584960938,7601700
2023-12-22,158.6707386092771,159.3622547959651,158.41496680426792,158.5760040283203,6576300
2023-12-26,158.63288391713263,159.87382911188115,158.36762993040162,159.51385498046875,4683600
2023-12-27,158.99282920902155,160.53691341777682,158.74653950976872,160.47059631347656,6428600
2023-12-28,160.42326026550225,161.66420547787502,160.09170361823246,161.32318115234375,6320100
2023-12-29,161.03897817607512,161.69260928256372,160.68848620194564,161.1337127685547,6435100
2024-01-02,160.1769417494101,163.0945908390409,160.00643682914077,163.00933837890625,9977400
2024-01-03,162.80093544417744,162.9714403661268,161.38947095422876,162.2988739013672,9852300
2024-01-04,162.64200181002505,165.2249889082347,162.54668305166135,163.37591552734375,11972500
2024-01-05,163.43311119195872,165.25359196797962,163.43311119195872,164.19561767578125,10066000
2024-01-08,163.9573211669922,164.28138166799556,161.5459049822079,163.9573211669922,11229900
2024-01-09,163.57606788439452,163.7380981420264,162.1273216242973,162.66107177734375,9923600
2024-01-10,162.03201526200067,163.0613968688974,161.03122637666203,163.00421142578125,9670200
2024-01-11,162.34655536903335,162.37514809158236,160.73576412862877,162.31796264648438,11919500
2024-01-12,165.65385909483828,168.04620816885065,160.9835172541114,161.12649536132812,19436500
2024-01-16,157.14242238539558,160.21149988215635,156.59914624931994,160.11619567871094,17206400
2024-01-17,159.49665940891614,161.14558362965596,158.68650820042498,159.2583770751953,11107500
2024-01-18,159.28698002537405,159.67776656824674,157.4951066503195,159.5729217529297,9382300
2024-01-19,159.69685192528067,162.57530711076893,159.2488798931695,162.32748413085938,13115700
2024-01-22,162.47045721383148,163.91920354895163,161.7556101053545,162.13685607910156,12837500
2024-01-23,161.71747224218575,161.79372434351498,160.54512708940132,161.06935119628906,8360800
2024-01-24,161.42197810648736,162.99463562700143,160.94541345862262,162.508544921875,9967100
2024-01-25,164.2337218321671,164.8818573759675,162.8993465119901,164.83419799804688,8873500
2024-01-26,164.51964304532098,164.94854830593454,163.72854400998565,164.20510864257812,7443000
2024-01-29,164.16702433184227,164.73889328483656,163.2710803075229,164.63404846191406,6971200
2024-01-30,164.72935032471554,168.47514175793654,164.72935032471554,168.00811767578125,10822100
2024-01-31,167.94140729707823,169.94298497281716,166.1685859265556,166.18765258789062,11521800
2024-02-01,165.50136480104896,166.64511700900374,163.3949427286569,165.58714294433594,9354800
2024-02-02,165.1773303806104,167.57922057647215,165.1391970596281,166.54029846191406,8607600
2024-02-05,165.71107322302376,166.88341827855515,164.81512928623064,166.32107543945312,7820200
2024-02-06,166.42595139685622,167.62688939480586,165.61578546147888,166.8929901123047,6764800
2024-02-07,167.45529669210487,167.6268529930128,165.80638700000247,167.2074737548828,7225500
2024-02-08,166.79766339757882,167.09313121719248,165.43469518617331,166.60704040527344,6060300
2024-02-09,166.79763336618873,166.8929521169806,165.52996960737374,166.80715942382812,6296700
2024-02-12,166.58795793021326,168.52280947847834,165.55857641715193,167.5506134033203,8539300
2024-02-13,167.10266035536173,167.96999709238426,164.52919923319496,166.0923309326172,8397600
2024-02-14,166.86437705636513,167.84609921027982,166.24483419786299,167.7793731689453,7056700
2024-02-15,167.893719432731,171.76343658557707,167.893719432731,171.43936157226562,8723400
2024-02-16,171.19156494301498,171.54421815228707,169.80953027964074,170.6387481689453,8152600
2024-02-20,170.79127046965817,172.00174895752147,170.0478306534527,171.3059539794922,9668000
2024-02-21,171.51564198980836,172.50690476436938,170.15267385428854,172.42111206054688,7024000
2024-02-22,173.2979986219762,174.8229969721862,172.7451818115598,174.48941040039062,9296500
2024-02-23,175.19470112930267,176.51955032615737,174.60376559423926,175.36627197265625,7105800
2024-02-26,175.1375279912981,175.81425626734668,173.92704957596644,174.76580810546875,7145400
2024-02-27,174.71815547760136,174.93737117679154,173.69831453855065,174.85159301757812,5717100
2024-02-28,174.83252201060458,176.51956515120406,174.38456456464726,175.73800659179688,6131600
2024-02-29,176.9580179517879,177.69191716010636,175.23285596671522,177.33926391601562,9643000
2024-03-01,176.9961332386516,177.70145425651842,176.4242643035929,176.6053466796875,6311800
2024-03-04,176.05253948496141,178.79754229244386,175.6331602181459,177.93019104003906,7063600
2024-03-05,177.62518409467728,180.4273866766866,177.62518409467728,179.71253967285156,6617800
2024-03-06,180.37974662423542,181.1613197464156,178.83568158449552,180.64662170410156,7572900
2024-03-07,181.00879937810365,181.57114220733695,177.882536255817,179.0644073486328,7618300
2024-03-08,179.60769987770607,181.53302526732264,179.11206853567012,179.39801025390625,6172200
2024-03-11,178.5020662570391,179.60769981055208,177.49175145743587,179.4647216796875,5762600
2024-03-12,180.09379307200683,181.24708601861974,179.1025449180289,180.94207763671875,5708400
2024-03-13,181.4377008563352,182.74348339179392,180.94206952975253,182.40989685058594,7795500
2024-03-14,182.07630255175962,182.6481859917152,178.3305111052107,179.15972900390625,10310900
2024-03-15,177.73956247395188,181.99052590228584,177.73956247395188,181.38052368164062,17214200
2024-03-18,181.69506181540558,183.6680321068183,180.989740825109,183.62991333007812,9013800
2024-03-19,183.6775727454706,184.84037723128353,183.36303829879972,184.70693969726562,8478700
2024-03-20,185.08818771788046,187.34709958577037,184.5353709588645,187.1278839111328,9367000
2024-03-21,187.30899243272455,190.08258791393138,187.12789552103195,189.7299346923828,11203800
2024-03-22,189.68227554589657,191.08337691916773,187.32804477821512,187.404296875,8108800
2024-03-25,187.38524407916947,187.70930458163005,185.25022900773442,185.6886749267578,8620000
2024-03-26,185.4694784107619,187.4424635896231,184.96432090521446,186.55604553222656,5961500
2024-03-27,187.28992589560684,190.2446328340464,187.17555502229447,190.1683807373047,8725800
2024-03-28,190.1397869801665,191.31213205601443,189.23430242605596,190.9118194580078,8628300
2024-04-01,190.61635887297004,191.52182891767458,189.26291683518835,189.61557006835938,7309000
2024-04-02,189.09133467432258,190.41618391366802,188.79586689731462,189.539306640625,7014700
2024-04-03,189.71087593046866,190.2065073077986,188.43368598081162,189.0055694580078,9353400
2024-04-04,190.92291652385342,191.43102054493633,187.47164475584307,187.5675048828125,9243800
2024-04-05,188.05646456443594,189.93548708042957,187.0498380452217,189.2931671142578,6532300
2024-04-08,189.45613591686737,190.75995368251904,189.45613591686737,190.28060913085938,8001000
2024-04-09,189.88754573284515,190.66408151697928,186.8580848467124,189.0055389404297,7351500
2024-04-10,187.47164011404152,188.92885151517444,186.1582262140192,187.3949432373047,7681400
2024-04-11,187.90305769185724,188.44951748332386,185.2570811252899,187.35659790039062,10137700
2024-04-12,180.54033357260192,181.1251198648831,174.99909726257042,175.23876953125,31532300
2024-04-15,176.87814585813857,179.71587214147985,174.67315791633376,175.33465576171875,14766600
2024-04-16,175.34423200208582,175.59350053236452,172.2284924010812,173.33099365234375,16451800
2024-04-17,173.87741892391227,174.88404529771748,171.79706555321258,172.64071655273438,9017100
2024-04-18,173.61862312306104,175.78525548815472,172.53529962629594,173.76242065429688,9557700
2024-04-19,174.86489872904636,178.20114757259395,173.91580581309498,178.12445068359375,13402300
2024-04-22,178.30661179894182,182.27558455132464,178.29701554462287,181.5853271484375,11529700
2024-04-23,183.23422878946118,184.28877788672364,182.64942792856337,184.20249938964844,9144400
2024-04-24,182.65903852652195,185.24749624840408,182.313909855042,185.10369873046875,6964900
2024-04-25,184.30795637329263,185.92814308976315,183.2821521432213,185.38168334960938,9802300
2024-04-26,185.5734772876732,186.81976155716063,185.0845364286734,185.4967803955078,6413700
2024-04-29,185.4871603065969,186.2349366235766,184.48053384037513,185.29542541503906,5387800
2024-04-30,184.8448663979771,186.93481650696833,183.72320176459183,183.81907653808594,8153700
2024-05-01,184.3271633446403,186.42669488243652,182.90829289804591,183.93409729003906,7445300
2024-05-02,185.09409510958633,185.5063243643034,181.6907461813504,183.74234008789062,6501700
2024-05-03,184.06831413963806,184.57641821151952,180.67456103420002,182.63986206054688,8922800
2024-05-06,183.80944819934183,184.2600332249276,181.9783632240918,184.06829833984375,7911100
2024-05-07,183.78070641582713,184.95988996978727,183.73276903282613,183.82864379882812,7688800
2024-05-08,183.10960669680316,188.5261939231099,183.10960669680316,187.5675048828125,9227600
2024-05-09,187.10734763918092,189.42737347784018,187.04024700977476,189.34109497070312,7977300
2024-05-10,190.33813049739558,191.10508471525102,190.0792949687619,190.5586395263672,7529800
2024-05-13,190.58739418867287,191.5940206597629,189.85878111742107,190.52027893066406,7049200
2024-05-14,190.77912056033855,193.25254005969873,189.9738252708075,193.1854248046875,8596200
2024-05-15,193.66479112658575,194.31670735941614,191.51733677946362,193.7606658935547,8370000
2024-05-16,193.866101662291,196.03273365800683,193.64560727584146,194.10577392578125,8497900
2024-05-17,195.39042954302607,196.5792093322775,194.43174041156257,196.32994079589844,9260500
2024-05-20,195.94646044000078,197.37491243517428,187.32784034615054,187.5004119873047,17373300
2024-05-21,188.86174835342052,191.64194082806156,188.47827857361983,191.27764892578125,14420800
2024-05-22,190.77914312561188,192.63900243934597,189.52326266468145,190.11764526367188,9425300
2024-05-23,189.63828212351265,190.1080450328782,187.97017250806806,188.78504943847656,8069400
2024-05-24,189.58077653024836,192.4664255616402,189.398623253968,192.4185028076172,7356200
2024-05-28,191.6036125630803,192.13089451702652,190.45318851802023,191.25848388671875,6910200
2024-05-29,189.82044693132437,190.76955443221763,188.75630141642043,189.9259033203125,6120000
2024-05-30,190.35731003961553,191.59402720097117,190.2039162690166,191.0955047607422,6829100
2024-05-31,191.06671917230923,194.9014751431396,190.15596755492365,194.2591552734375,14417900
2024-06-03,193.95236848520958,194.05782485993137,190.96126349809424,193.4826202392578,6444300
2024-06-04,191.89121473962575,193.63602130368506,190.08887454138957,190.93252563476562,6848300
2024-06-05,191.5077459064257,191.5652795452849,188.78507213786327,189.11102294921875,8351600
2024-06-06,189.11102988577807,189.8396430536934,187.26076671659627,188.77549743652344,7640300
2024-06-07,189.2739797714667,192.61980995746194,188.8713321096013,191.68988037109375,6964500
2024-06-10,191.0092423122621,192.54313626193007,190.24228802320997,191.36395263671875,6070800
2024-06-11,189.73415971337363,189.76291921555642,185.60221211085312,186.330810546875,9235300
2024-06-12,187.9030786059077,188.5933359833063,183.406824027288,183.61773681640625,12751300
2024-06-13,184.3751194659853,186.54175185638388,182.99460463625155,185.65975952148438,8587800
2024-06-14,183.54103282309364,186.81016629946183,183.5122733191848,185.7747802734375,6874000
2024-06-17,185.48719801193855,187.50045135363084,184.68190252663663,186.92523193359375,8725400
2024-06-18,186.56089227703083,189.7820880234745,186.11030725978767,188.8617401123047,9023000
2024-06-20,188.276958498773,191.21054490916163,188.00852671144565,190.4627685546875,8731100
2024-06-21,188.58373987114496,189.0247286665629,186.19659873864725,188.190673828125,20972100
2024-06-24,189.6382886582382,190.99962542574337,188.957627588703,190.66409301757812,9785900
2024-06-25,189.90672123301874,191.80493619273605,189.57118882344554,189.88755798339844,6862500
2024-06-26,189.29316469485687,189.7629276320688,188.1715001746751,189.27398681640625,7758600
2024-06-27,189.28358009107907,191.6036059802996,188.76587978010525,190.94210815429688,7913500
2024-06-28,191.74739901722398,194.2304148700683,191.06673795740363,193.90444946289062,15307600
2024-07-01,194.46052794066284,198.53495733658485,194.28797089377957,196.96270751953125,10205800
2024-07-02,196.8092810628776,200.2318082090956,196.31077325787848,200.2030487060547,7802900
2024-07-03,200.89332093759472,201.68903471376527,199.07180271542398,200.06884765625,5560900
2024-07-05,199.53864617381842,199.90495668701004,197.15756164535284,197.41783142089844,8093100
2024-07-08,197.65882429121405,199.45186733579698,196.6273505271732,197.78414916992188,8707000
2024-07-09,198.22757616752443,202.20889121555817,198.05404829847083,200.15557861328125,9058900
2024-07-10,198.71924271374257,200.48336699388562,198.17940429764292,200.31948852539062,8328500
2024-07-11,198.7867035323604,200.60866530004373,197.98658073254825,199.9820556640625,10658100
2024-07-12,196.65627534258937,199.9820770572198,194.82467866192138,197.56243896484375,15443400
2024-07-15,199.73142020773267,203.9923039434172,199.27833844604416,202.48846435546875,10719700
2024-07-16,202.44029700424292,206.045667589165,200.58941605391487,205.9299774169922,11557000
2024-07-17,206.1034814139679,209.72812101590785,205.59256190040833,209.06295776367188,11572500
2024-07-18,207.8675905221039,208.8412264717513,201.70762323329453,202.4209747314453,12415100
2024-07-19,203.59705993394337,204.70567019101722,201.3991382728385,202.22817993164062,8095900
2024-07-22,202.8837329720962,204.53216706260875,202.16073195111863,202.710205078125,7663200
2024-07-23,203.42357088396682,203.86700327176683,201.81369037966206,202.75840759277344,5557300
2024-07-24,202.00648720315863,204.39720644869962,200.57976931414956,201.08103942871094,7119000
2024-07-25,201.1388579458968,202.62342813048153,200.56046601291564,201.15814208984375,6403800
2024-07-26,201.7076360111633,205.48651931773958,201.10994520654938,204.59963989257812,8027800
2024-07-29,204.9948645941633,205.92031228740183,202.97047074878532,203.25967407226562,6533600
2024-07-30,205.55398670734905,208.02182760531736,205.29371695525305,207.4434356689453,8850700
2024-07-31,207.04822985707858,208.60027277698123,205.01418621310052,205.13951110839844,9071600
2024-08-01,205.5250819532728,206.13240750216778,198.9506004887708,200.47372436523438,10918600
2024-08-02,196.5406090896375,197.30216371939395,189.80223404419826,191.9712371826172,18041700
2024-08-05,187.06447299920575,189.10815124254898,184.02785978968814,187.8838653564453,13927000
2024-08-06,188.3658523579827,195.30667364113896,187.01625639153167,193.12802124023438,10605800
2024-08-07,196.1838811464482,198.34324915440877,192.99303949169902,193.1858367919922,9204400
2024-08-08,195.18135272592363,197.53351835192714,194.5258241649833,196.714111328125,7761200
2024-08-09,196.14535459603678,199.0373586273821,195.59586676952446,198.3914794921875,5540200
2024-08-12,198.97952226974954,199.68323913689548,196.32851855610414,198.76744079589844,6936000
2024-08-13,200.2519905060568,200.59903157036632,198.00586566059425,200.45443725585938,6387800
2024-08-14,200.26165785619665,203.17293151843467,199.66396698059305,202.67166137695312,6999800
2024-08-15,205.3322777083701,206.1902382803681,203.5006811149563,203.93447875976562,7001000
2024-08-16,204.06942756348838,206.38302468646538,203.97302155440943,206.26734924316406,7931200
2024-08-19,206.29627759905622,207.77119840700038,206.12276442611807,207.69407653808594,6090800
2024-08-20,207.26027814783114,208.224279441542,205.98778937957647,206.7975616455078,5640000
2024-08-21,206.71080165097436,207.26028947898703,205.17804304045464,206.87469482421875,5202300
2024-08-22,206.85539841898242,208.9954824579449,206.62403281413785,208.83160400390625,5247100
2024-08-23,209.76670860699275,211.29946728870814,208.70630119288492,210.45114135742188,7214000
2024-08-26,211.12590763751555,211.77178670733872,210.20047467846717,211.2801513671875,5105200
2024-08-27,211.60792033180917,212.48516504618274,211.2994475643601,212.25379943847656,5185200
2024-08-28,211.35728113662915,214.2107314043105,211.299443413212,213.32383728027344,6506400
2024-08-29,214.15290195541283,214.95302487070535,211.0584657445463,214.21075439453125,6416100
2024-08-30,214.49029824755388,217.36301812340238,213.9408104229473,216.70750427246094,8574100
2024-09-03,214.29750959484844,216.032715019767,211.3476677272337,212.3695068359375,8956100
2024-09-04,213.08285179473262,214.0757867173276,209.39073957096207,211.43441772460938,7389500
2024-09-05,212.22489665150468,212.85150637044612,208.25321569674185,209.79562377929688,8067900
2024-09-06,209.76668787436864,210.86564876332926,203.49103002390277,204.8117218017578,7777000
2024-09-09,207.4434494984693,210.29688521091413,206.4697987366713,209.005126953125,8935100
2024-09-10,210.73069601813924,210.7692495990519,193.3883068457007,198.1601104736328,28406900
2024-09-11,197.86127052265937,200.22307080989853,194.56438778018585,199.76998901367188,13658700
2024-09-12,200.17487888132874,201.26420513801557,197.51424039176328,199.16268920898438,9054400
2024-09-13,199.41330902113066,200.3676756012256,195.71154756841665,196.96475219726562,10226700
2024-09-16,198.42041290016462,200.7147409735797,198.18904726528012,200.37733459472656,8634900
2024-09-17,200.25196867030928,202.37276840561572,200.18449623406093,201.71725463867188,7573300
2024-09-18,201.48590664975958,203.73203144648693,199.25906599771233,200.05918884277344,8259900
2024-09-19,202.22820187533188,204.28152945633747,199.87603622956823,202.9029998779297,11635200
2024-09-20,202.37279798547686,203.80916530403834,201.9582844621734,203.4910430908203,20885000
2024-09-23,203.40428249196864,204.17548650492685,202.4306464351734,203.8284454345703,7223500
2024-09-24,203.54887478135018,205.2840801158477,202.79695492131674,203.97303771972656,7323200
2024-09-25,204.05981155012714,204.59966469607758,201.10033486830633,202.6234588623047,8976500
2024-09-26,203.52958749575163,204.079060556282,201.48589485458146,202.22817993164062,7807500
2024-09-27,203.06688130801132,204.79245198574228,201.79440715731258,202.9222869873047,7032500
2024-09-30,198.88309377750343,203.36570837610932,197.8708895320446,203.26930236816406,8663800
2024-10-01,201.37986551461756,201.56302811498028,198.76743023115927,199.58682250976562,8540100
2024-10-02,199.62538779175662,201.4280654870263,198.2854265944641,199.82781982421875,5810900
2024-10-03,198.7481435436215,199.05663101596807,196.9840194235567,197.84197998046875,7251300
2024-10-04,203.00189752185364,205.30057644632367,200.68381627913752,204.86412048339844,10211700
2024-10-07,204.67983675803367,206.9106297822478,203.3801626203171,204.5828399658203,6718900
2024-10-08,204.2433966990474,204.9708282984031,202.10960030086417,204.4082794189453,6021800
2024-10-09,203.3898480577516,207.79324177053485,203.0794849747064,206.99790954589844,7024000
2024-10-10,208.3461158889662,208.3461158889662,205.10662391004624,206.43539428710938,7927100
2024-10-11,209.18022188553982,217.87061094482132,208.6855737425154,215.60101318359375,18320700
2024-10-14,216.48362813038722,216.96858250110924,212.293630063158,214.8153839111328,9048900
2024-10-15,216.92978625602393,218.66591634009174,215.14515777638977,215.697998046875,9235800
2024-10-16,215.63980707901965,216.94917496872304,214.38861654483065,216.91038513183594,6382500
2024-10-17,217.521435503585,219.0538930763408,216.59031660888084,217.6669158935547,6470200
2024-10-18,218.22947162354006,219.12178590933368,216.3866508941279,218.5883331298828,7000500
2024-10-21,218.44284085419463,218.90839289110613,216.19264554312963,216.28964233398438,5870000
2024-10-22,216.30905529120685,218.50104375579213,214.4468322523353,217.37594604492188,9586800
2024-10-23,216.92977880561352,218.0354741082416,215.83377726191281,216.6873016357422,6180500
2024-10-24,215.15486108792416,218.28766222544806,214.98997837538428,218.21006774902344,6002200
2024-10-25,218.22944850915363,218.83078714249672,214.23342956566813,215.62039184570312,6369700
2024-10-28,216.6291337876938,218.85021840107262,216.24116139259178,218.7144317626953,6843000
2024-10-29,218.43314372922367,219.9267966077979,216.10535398126922,216.19264221191406,6580000
2024-10-30,215.84348713272396,219.5000472712289,214.91238301870854,217.6572265625,7110900
2024-10-31,217.93850223567313,218.89871726600515,215.1451749831653,215.24215698242188,7829900
2024-11-01,216.83279926451777,219.34485939228048,215.99867714182966,216.23146057128906,6923500
2024-11-04,215.95016767681818,217.02676693348934,212.57488952061908,213.16653442382812,8229600
2024-11-05,213.40901525279463,215.28094678500298,213.37991917505954,214.82508850097656,5600700
2024-11-06,227.92855883805424,240.53737273122323,227.70548396691856,239.6256561279297,23987800
2024-11-07,237.14269869088656,237.2105994098778,228.14194632127268,229.2670440673828,16451100
2024-11-08,232.13795371871322,232.13795371871322,228.68508098059854,229.84896850585938,9502100
2024-11-11,232.7781040164942,234.81491834649185,231.8081952497588,232.08946228027344,9017100
2024-11-12,233.3115332694767,234.19415371010874,231.57538846430984,232.351318359375,6861000
2024-11-13,233.34066461202306,236.74503922660472,233.0787850879371,233.90321350097656,11472600
2024-11-14,235.12526487780747,236.93898940783777,233.79649469695167,234.59181213378906,10172200
2024-11-15,234.1941593644623,239.00489819067897,234.1941593644623,237.9282989501953,11518800
2024-11-18,240.30458500761375,240.46946771808433,235.37744681373624,237.65673828125,9051400
2024-11-19,234.9603657514657,237.77309486021696,234.28143267000485,235.77508544921875,6792700
2024-11-20,237.04568704958282,237.24937439416908,231.4590181077945,233.5346221923828,9015300
2024-11-21,235.91087737162837,238.10288039774477,234.82458441685804,237.39483642578125,8783500
2024-11-22,236.2794645809059,241.6527523940075,235.71691574566026,241.07081604003906,7997300
2024-11-25,242.07952020730173,246.65749066946253,241.56546975622135,242.75845336914062,10295400
2024-11-26,242.95243099918525,243.44707909896903,240.86711845381728,242.4480743408203,6212100
2024-11-27,241.8467358877818,243.63136431157088,241.2841870760072,242.2734832763672,5472300
2024-11-29,242.34141408182535,244.19394344725544,241.94374792072875,242.20562744140625,5494800
2024-12-02,242.04074411571574,242.71967731611377,237.65675219372102,238.8400421142578,8899700
2024-12-03,240.76045697978563,241.54608073886425,237.26879418392127,237.4530792236328,6657700
2024-12-04,237.33667477531787,237.96712436015684,234.94099891212346,236.07579040527344,7346300
2024-12-05,238.0059276994125,239.7420579969039,237.25909375485318,238.0932159423828,6572500
2024-12-06,238.30657391988672,240.28519603281265,237.47245181338516,239.9166259765625,5519700
2024-12-09,239.69356932385114,240.4112923726013,236.42496656531813,236.4734649658203,7076500
2024-12-10,236.55103726892423,240.498572865486,234.93129148152076,235.55203247070312,9108300
2024-12-11,236.6577320701239,236.919611573279,234.89249106315413,236.20187377929688,7884400
2024-12-12,235.68782146085866,236.75472698403252,233.78679383764873,234.26205444335938,6113800
2024-12-13,234.78580466330752,235.41623939456244,231.94396449404366,232.7198944091797,10392700
2024-12-16,233.3697476379754,233.42793979570948,230.37273311760396,232.37074279785156,9032000
2024-12-17,231.46872125413844,231.8275975615697,229.50951620113162,231.1874542236328,8083600
2024-12-18,231.80818316746954,231.87608388142587,222.62314644125652,223.4378662109375,11322400
2024-12-19,225.28071175973975,229.24763503500648,225.28071175973975,225.949951171875,11790800
2024-12-20,224.941228167182,232.0118710112261,224.6211565141942,230.4503173828125,32348400
2024-12-23,228.96635695747324,231.43961233565523,227.81216322118433,231.21653747558594,8611500
2024-12-24,232.22522821125293,235.1931612045448,231.87607529400537,235.01856994628906,3729100
2024-12-26,234.16505795563904,235.93999271034167,233.54431695942878,235.8236083984375,4451800
2024-12-27,235.41624907067862,236.0660861464205,232.8168859680783,233.9128875732422,5730200
2024-12-30,231.58510803780834,233.59281138216528,229.97505601890364,232.11856079101562,5723800
2024-12-31,232.8265915853147,234.17476411638413,231.83728054536303,232.496826171875,4871000
2025-01-02,233.67039035457807,235.95937536225344,232.24462345405482,232.778076171875,9220900
2025-01-03,236.55104128388234,237.51125626141643,233.0302678325568,235.9593963623047,9491100
2025-01-06,237.58749766624487,239.52758971131513,234.5457584708976,234.80899047851562,9917800
2025-01-07,236.0666364630763,239.1083757665875,234.85773282590426,237.07080078125,8753400
2025-01-08,236.66132574542317,238.12370262953496,234.4677604192555,237.03179931640625,8675300
2025-01-10,236.99279835682842,237.69474046339533,232.75191424539267,233.8535614013672,10256800
2025-01-13,233.65858101637204,238.4064266263034,233.00538778135987,238.084716796875,10005300
2025-01-14,236.57360158862997,241.50668420793562,236.11538894602398,241.26295471191406,12407400
2025-01-15,244.11945166267157,247.3074375627741,237.5680017698704,246.0205535888672,18448500
2025-01-16,247.62917824638126,250.59293737173945,246.00106693044077,247.8924102783203,15292300
2025-01-17,247.76565189599165,254.08311616597211,245.81581595917703,252.6597442626953,17678100
2025-01-21,253.54692929719334,257.6220793628749,252.9912189012906,256.43267822265625,13712100
2025-01-22,256.3058986971185,256.7738699793231,253.72237232606903,256.2474060058594,9021900
2025-01-23,258.0510736566997,260.1666292674806,257.1931409703937,259.27947998046875,10749700
2025-01-24,257.0761463209556,260.4006204848565,256.4132091788652,258.1972961425781,7666300
2025-01-27,257.54409076732867,259.29893119572284,255.68199389214797,259.18194580078125,7522300
2025-01-28,259.18192280699503,260.62478221944906,258.18748753394436,260.4395751953125,7375400
2025-01-29,260.50781879552153,263.89078529426916,258.94794411487567,259.89361572265625,7684900
2025-01-30,261.8921889760082,262.935358224664,259.9325945605879,261.5022277832031,8753500
2025-01-31,262.4771954897471,264.02731160822725,260.26411249024557,260.5955810546875,7193800
2025-02-03,255.262756728444,261.4437627852604,255.13604238526239,260.11785888671875,8381400
2025-02-04,263.07185105882786,263.07185105882786,260.13733856440666,261.2195129394531,5626000
2025-02-05,262.1651995788102,263.8518184078893,261.59973048488587,263.6470642089844,5704400
2025-02-06,265.6164359735269,270.0328135723906,264.38802970359865,269.9548034667969,7264400
2025-02-07,270.3154852917386,271.56337905921515,267.8196977567854,268.8823547363281,6857900
2025-02-10,269.2236076160228,269.2528539667919,262.8281477293246,264.2417907714844,8627400
2025-02-11,263.4813389480683,269.29184169342403,262.89638221818285,268.0926818847656,7196400
2025-02-12,267.205505594858,269.51608618824747,266.3963367662514,268.5411682128906,6683900
2025-02-13,268.5899033779397,270.02303399802724,266.9422896122563,269.38934326171875,8398700
2025-02-14,270.41299219849265,272.22635509125433,269.516084328549,269.6525573730469,5688600
2025-02-18,269.81832331528267,272.9478018588014,269.09686374213265,272.9283142089844,7919800
2025-02-19,271.39767571560697,273.2207676026046,270.26676727320427,272.245849609375,7007200
2025-02-20,271.69015497097405,271.74864767378955,259.0747130267057,260.1081237792969,13846700
2025-02-21,261.5899865090395,262.44791904906305,256.2474255338871,257.6123046875,12835600
2025-02-24,258.8309374152343,260.3030729288853,252.12349766706268,254.7850341796875,10372800
2025-02-25,255.65274860472138,256.40342472680305,246.99547231748238,250.94387817382812,9608400
2025-02-26,250.70993578394783,254.3658785658787,250.4856939158862,252.29905700683594,5943600
2025-02-27,253.65416763491982,257.02740546326555,251.39235064938032,252.55250549316406,8204400
2025-02-28,254.19036230579462,258.168014364657,251.42159895805173,258.01202392578125,10467100
2025-03-03,257.3783420975841,259.64015891107533,251.35335622990308,254.08311462402344,9058300
2025-03-04,248.87705700074721,250.7781589340054,239.7810705990394,243.9732208251953,13465600
2025-03-05,244.94812402975685,246.70297923682514,241.61390657436039,245.22109985351562,7861400
2025-03-06,241.88689051222846,243.10553793634068,237.7337454462382,240.35626220703125,9983200
2025-03-07,239.07911459680213,240.53174763621962,233.414843927151,236.20310974121094,20498700
2025-03-10,230.28537474013976,231.55275617002158,222.9637314395914,226.39544677734375,18887200
2025-03-11,225.93725209212354,227.4678805305205,221.0041692701968,223.39271545410156,18143000
2025-03-12,228.1308131535452,228.44279405563543,221.55986044493463,222.18380737304688,16054000
2025-03-13,223.54869198918365,223.74367260665568,218.6058507740928,219.54177856445312,16467900
2025-03-14,222.39828672532758,227.29237919177538,221.8718375571281,226.6099395751953,11962100
2025-03-17,225.38152145062264,229.7589083414952,224.67959422222768,228.0625457763672,9586000
2025-03-18,228.44277110288516,230.2463603051488,227.66283380209185,229.0764617919922,10344900
2025-03-19,229.82715648248669,236.25186202365677,228.99847029765743,233.1126251220703,10120600
2025-03-20,230.6266057896815,235.69617654833334,230.27563470537115,233.01515197753906,8328500
2025-03-21,231.8452338048883,236.2226207273677,230.5680936788464,235.56942749023438,19326900
2025-03-24,239.3228749688017,242.45236840534434,238.27972040733326,241.83816528320312,9422700
2025-03-25,243.05680360286865,245.50385729754217,241.4091898067444,244.83116149902344,9287700
2025-03-26,246.26428619669275,248.28235866743117,243.51501036934545,244.73365783691406,12779300
2025-03-27,243.27127484247194,244.353434361877,240.98021170983642,241.89663696289062,8022500
2025-03-28,240.7462457637879,243.25177720979866,235.06247221658606,236.7588348388672,11978400
2025-03-31,233.4051183081998,239.69333633486474,231.40653346417213,239.1473846435547,13603000
2025-04-01,236.53458470709884,239.52758990904476,234.8382370203243,237.5485076904297,8054700
2025-04-02,235.54017262888723,241.0484528611315,235.40368471674867,239.65432739257812,7758800
2025-04-03,228.39403885290514,229.24221273335493,221.59885935670877,222.95399475097656,17188500
2025-04-04,211.2025352982525,213.54694074239666,204.944241574114,206.26849365234375,27170700
2025-04-07,201.84453550263905,217.81396118841425,198.303402775656,210.34913635253906,22914400
2025-04-08,219.25590423367711,223.49348363812953,209.18182124244132,212.73275756835938,19485700
2025-04-09,208.4461369100307,232.9495891897229,206.9747524141952,229.86949157714844,24022400
2025-04-10,225.6122868759835,225.95561590830835,215.9011552975308,222.7774200439453,18896400
2025-04-11,221.99268738474478,234.02861709200695,220.70768061687372,231.6940155029297,20284500
2025-04-14,232.57685007270544,235.20571653709092,229.1730460537919,230.24224853515625,13017800
2025-04-15,231.5959137609775,234.0972553015322,228.37848769241106,228.6825714111328,10912900
2025-04-16,227.574126341125,229.1239864114683,223.58176271607732,225.22972106933594,9322300
2025-04-17,226.39702262242238,229.86948332210488,226.15179188192315,227.53489685058594,9557900
2025-04-21,226.23027991963676,227.38776189376563,222.02211180001825,224.62156677246094,8716200
2025-04-22,227.5545095207112,231.48802026386073,226.95614590207006,231.09564208984375,10701400
2025-04-23,235.63731625364926,242.08197236154456,235.4215120035636,236.28472900390625,14126800
2025-04-24,235.16649038746075,240.78717510551016,233.04769307035298,239.97300720214844,9055200
2025-04-25,239.98281495355522,240.93431149661754,237.13814413406232,238.90380859375,8588600
2025-04-28,239.89452661223797,242.13102985600685,236.24549185288936,238.58009338378906,7394300
2025-04-29,237.5697486449445,240.5713706917717,237.07928713486953,239.95338439941406,7216800
2025-04-30,236.60844827615284,240.541944198583,233.88146850985436,239.95338439941406,12991700
2025-05-01,238.20734299709588,243.7103217475342,237.55012636868136,242.18008422851562,8689600
2025-05-02,246.4667021122206,248.78168093946223,244.70105272563194,247.69285583496094,7165000
2025-05-05,246.38824947467103,250.29233406900863,245.8095084557676,247.74192810058594,5450700
2025-05-06,245.23074839753636,247.83018834347143,244.2498254039462,244.49505615234375,6369900
2025-05-07,245.08361641763196,247.63400722536448,244.08307077124687,244.63238525390625,8724100
2025-05-08,246.77078915965458,250.99856460126213,246.7511665100619,248.63453674316406,8320100
2025-05-09,249.64490778917525,250.63563464782604,247.52611048052464,248.2519989013672,5087600
2025-05-12,257.88465637383746,258.57131446306823,253.76479764463758,255.08901977539062,9603900
2025-05-13,256.0503155003321,258.639966447806,255.4225403810428,257.9925537109375,8589000
2025-05-14,257.9827669437803,261.5533412811179,257.28631994724986,260.5724182128906,8643100
2025-05-15,261.8770157752101,264.3783574631619,259.7091843166256,262.3870849609375,9214600
2025-05-16,262.39686601715493,263.3385435843166,259.6600828457583,262.4557189941406,8932900
2025-05-19,260.4840753869021,263.2012510960716,256.933139124985,259.8268737792969,12145000
2025-05-20,257.51191281628184,261.5729486833489,257.29610854408895,260.61163330078125,8436300
2025-05-21,259.3070029050421,260.58219084007044,255.7560664091254,256.0601501464844,7464000
2025-05-22,254.49065855609336,257.29608389039316,253.93152527688756,255.69720458984375,6514100
2025-05-23,251.9108110430405,256.99198455091897,251.11626587786765,255.7364044189453,6671800
2025-05-27,257.04106526626447,260.23885381510826,256.99200115618,260.22906494140625,7506600
2025-05-28,261.1608861867363,261.63173992459315,257.8846075078793,258.4633483886719,5535400
2025-05-29,259.74841937820054,260.3467980228732,257.5217347653291,259.3266296386719,5081200
2025-05-30,258.4241883810186,260.26829856132497,257.7179225906518,258.96368408203125,10977700
2025-06-02,258.00232557179766,259.9739901433687,256.90369673393997,259.6110534667969,6011200
2025-06-03,258.69884566926845,261.49445240173793,257.86505509318295,261.19036865234375,6998400
2025-06-04,260.84705493579474,262.0241445637471,259.14022857540317,259.1794738769531,5915700
2025-06-05,259.68954289634314,259.68954289634314,255.34406123341302,256.9527893066406,8173800
2025-06-06,259.28735892431575,261.56310742936586,259.2187170664052,260.6606750488281,7738100
2025-06-09,260.9255242470256,262.7892720045682,258.32608422186917,261.6513977050781,8285000
2025-06-10,260.80780989527875,263.7701865542935,260.77838340293533,263.4759216308594,7538100
2025-06-11,263.5543728329388,264.4764428071077,260.71952105435884,263.03448486328125,7434100
2025-06-12,261.76909370629187,263.17183632733907,260.0819349081481,263.1227722167969,6618000
2025-06-13,260.0230636958611,261.92605676944186,257.69828090375347,259.89556884765625,7098300
2025-06-16,261.90644458682067,266.5462212171046,261.75931212188453,265.20233154296875,8566000
2025-06-17,263.0541348281509,265.42795173106725,262.69116817138956,264.37835693359375,6739300
2025-06-18,264.84919608413435,272.42192244365935,264.5745388559813,268.733642578125,9586400
2025-06-20,270.3129479704052,272.00992553694005,268.5865139770169,269.7538146972656,13969700
2025-06-23,269.81270157543656,273.2361135654262,266.9189664982738,272.9614562988281,8094600
2025-06-24,274.864422081068,277.31672955102783,274.1777939507156,275.8944091796875,9267900
2025-06-25,276.1298306696613,278.85679547317505,275.55108967897763,278.6409912109375,6826900
2025-06-26,279.26878993935657,283.88892888521605,279.04316687272353,283.24151611328125,8942100
2025-06-27,280.3575637051558,283.19244517476585,279.6022638703118,281.63275146484375,17868600
2025-06-30,284.86003722869964,287.0671140098136,283.4082903268862,284.37939453125,12689200
2025-07-01,285.3406963303482,285.57610826317716,281.122709609671,284.8698425292969,9338300
2025-07-02,286.46878021661104,287.23389900971387,284.17342383730266,286.4295349121094,8158700
2025-07-03,287.95726066275904,292.1462676228288,287.03074848169234,291.75201416015625,6541600
2025-07-07,291.012803517784,291.7914744795477,285.9169860687423,287.7798767089844,8825700
2025-07-08,285.1185912184717,285.54244302383853,276.28718720828704,278.72174072265625,15440900
2025-07-09,283.0586107622728,283.078342988919,278.42607952209454,279.0963134765625,11273800
2025-07-10,278.9385584232814,284.1723501696605,278.9385584232814,284.0540771484375,8410900
2025-07-11,281.4223984494675,283.2557206237078,279.5792402426265,282.7431640625,7384700
2025-07-14,282.95018101073435,285.1481583723004,281.1661592607552,284.5567932128906,9079900
2025-07-15,283.8668247126896,287.7601490973643,281.3830008251136,282.4376220703125,12526100
2025-07-16,284.2611002489253,286.5576787356624,278.9484690013939,281.7181396484375,9979800
2025-07-17,279.3722805662569,286.13381646736286,279.3722805662569,285.73956298828125,8509500
2025-07-18,285.36498911319075,288.30223294760714,284.0935239995615,287.0898742675781,12217000
2025-07-21,286.8237577094983,289.95811320350606,286.4097720406625,286.794189453125,7898100
2025-07-22,287.3166222633084,289.41605899858814,285.0299098515737,287.24761962890625,6717500
2025-07-23,288.6373728619252,292.72780910920665,288.3515263055785,292.5011291503906,7083500
2025-07-24,293.15163750090335,295.29047824712586,291.9491449333037,292.2940979003906,7001200
2025-07-25,292.4419829511327,294.6103920554469,291.71258245493334,294.33441162109375,5918500
2025-07-28,293.3882007039174,295.13278810430046,292.5602593912129,293.9992980957031,5840400
2025-07-29,295.69464217411235,296.9661375577531,291.94918873841937,292.7771301269531,7635700
2025-07-30,293.15168061940614,296.2958726319795,293.1122462449408,295.3299560546875,8061700
2025-07-31,294.8469611494763,296.66055111466636,291.2591855090535,291.9885559082031,14749700
2025-08-01,286.2323800564947,287.61228223789124,280.1607803787386,285.2171630859375,12007100
2025-08-04,286.0944227268155,290.0961543423283,286.0944227268155,290.0370178222656,6649500
2025-08-05,290.46083768957914,291.5450573497094,283.11774234014615,287.1884765625,7182300
2025-08-06,288.1051104485434,289.08092314098127,285.99583781724914,287.16876220703125,6330200
2025-08-07,288.7359444448802,289.2484709612734,282.29965937267906,282.8220520019531,8057100
2025-08-08,284.8327802026082,287.0504898402696,280.62404088373916,284.6159362792969,6634100
2025-08-11,285.246742053437,287.13920088726815,284.635644641562,285.4044494628906,5510100
2025-08-12,287.31661546362176,290.5199739550687,286.1732592848133,288.6472473144531,8570900
2025-08-13,289.7314666813669,290.32283187703916,283.0389031406188,286.36053466796875,8420400
2025-08-14,286.40977645449954,289.9778498963191,285.48329438065525,289.93841552734375,6322400
2025-08-15,290.6086841881212,291.25921599583813,285.66073811560074,286.32110595703125,7340500
2025-08-18,285.8381195988006,287.7108460905947,284.2709417940018,287.3461608886719,5386900
2025-08-19,286.6562214265169,288.2825659770611,285.37489004447787,286.4886779785156,6031500
2025-08-20,286.63648908496583,289.1203129200321,283.1472843493455,288.04595947265625,7374200
2025-08-21,287.7502738983734,288.56834905595423,285.31572049067694,287.2870178222656,6624000
2025-08-22,288.9922055724686,292.8953659306035,285.96625689985,291.9885559082031,8552800
2025-08-25,291.9885819039242,293.08266767966575,289.9187435512912,290.6678161621094,5856300
2025-08-26,289.9384115603751,294.4526691589569,289.2878798394283,294.2851257324219,6714700
2025-08-27,292.98408908730437,296.74927450763425,292.77711127340297,294.9849548339844,6056500
2025-08-28,295.71431837356056,296.91681101607145,294.41328492266325,296.749267578125,6410500
2025-08-29,297.7053662302992,298.60231023054706,295.4285199525983,297.0942687988281,6796400
2025-09-02,295.9508866438156,296.14799833495414,290.273540537871,295.39892578125,7221900
2025-09-03,296.25645520177414,296.25645520177414,292.1265844883639,295.211669921875,6316900
2025-09-04,295.694622931837,300.0610396446901,293.99930589050996,299.4598083496094,6605800
2025-09-05,299.2922261938372,300.7706992658433,290.08627080836624,290.1552734375,9837700
2025-09-08,290.6579550877705,292.20540066234315,287.2574550934962,288.70635986328125,8188500
2025-09-09,288.40084429899173,294.7089905900123,288.1149977252914,293.57550048828125,7848200
2025-09-10,292.44198029068025,297.2125163723058,291.1606189374317,296.22686767578125,7787300
2025-09-11,296.91679522122274,301.342378196144,296.4732713682419,301.1748046875,7942500
2025-09-12,300.622869917122,303.13626220753474,299.3415385689925,302.5054626464844,6846700
2025-09-15,302.76170501933825,305.50180702662493,302.76170501933825,304.46685791015625,7122000
2025-09-16,305.55111968192784,306.43819756185593,302.72231251567524,304.75274658203125,10525600
2025-09-17,305.9355027165261,308.41932651675705,304.3387266167954,307.2759704589844,8657800
2025-09-18,307.3154654859234,308.9417800837306,305.1667281175776,308.73480224609375,8050700
2025-09-19,309.09945390156855,311.2678631029987,304.68373667454165,310.26251220703125,23568600
2025-09-22,305.35395817376326,309.198012204534,305.11741210895696,307.9560852050781,7520200
2025-09-23,307.34495961699116,311.7705122911332,306.12273487521253,308.2517395019531,8584400
2025-09-24,309.54299157852137,312.036681822986,307.1971727167786,308.92205810546875,7310500
2025-09-25,309.61196690994507,311.12000822788536,307.3252546914858,308.95159912109375,7083200
2025-09-26,310.3807528469309,313.2489940185383,309.1979925185918,311.52410888671875,7258100
2025-09-29,312.5097576619959,313.4461359086411,309.15855827757576,311.159423828125,6462400
2025-09-30,311.71140689202116,312.85476301381095,305.65950932869447,310.9031677246094,11823300
2025-10-01,309.46414008660315,310.0752375005356,302.99828667529783,306.25091552734375,9235200
2025-10-02,305.5510816946321,306.1030425326149,301.7464923414213,303.13623046875,7600000
2025-10-03,304.08248279942853,307.18727011434805,303.78677014872494,305.5806579589844,6029900
2025-10-06,307.21486689804453,308.7698659390142,302.2131538143922,306.22442626953125,7214500
2025-10-07,306.39285354178503,307.0465480670538,301.78731007714714,304.74871826171875,8454200
2025-10-08,305.2636917190969,305.8282501205831,300.64823485280857,301.1236572265625,6489900
2025-10-09,302.13392206728275,305.09536030036105,300.4898171115272,302.6093444824219,7060300
2025-10-10,302.7380934229591,307.50211054267186,297.9344502139145,298.0137023925781,8597400
2025-10-13,302.6786918104351,306.5017785031187,302.53013174675476,305.0260314941406,10788700
2025-10-14,302.91638858642943,304.0653034578676,291.39755808509767,299.19232177734375,16178800
2025-10-15,303.4611428511513,309.13634876005415,302.520212088773,302.767822265625,11354800
2025-10-16,302.43105556912377,305.72920960204,294.2302082762473,295.6861572265625,10549400
2025-10-17,296.30025689141456,296.68651306450823,291.3876792596173,294.7155456542969,10153500
2025-10-20,295.6465484229892,300.78693806489423,295.3098022126917,299.4696350097656,6894900
2025-10-21,298.7763208850087,301.1434582480101,294.16086397135297,294.25,7372700
2025-10-22,294.92353982678844,295.21077611588424,287.76267234049385,291.29852294921875,8054100
2025-10-23,291.5659521228084,293.53691953831486,289.7138327608809,291.72442626953125,5438800
2025-10-24,293.2496561856281,299.70734860853685,292.6257039619419,297.5679931640625,7228300
2025-10-27,299.27155593587753,301.6188954834183,298.13255521259686,301.2425231933594,5642200
2025-10-28,301.9457586189306,305.0260451309229,300.26202744552563,302.44097900390625,6336000
2025-10-29,300.6086875532579,305.3033671273222,300.1134671686232,302.5895690917969,7520300
2025-10-30,302.8668617019339,309.62164411662417,302.1834552198523,306.4819641113281,7514600
2025-10-31,305.5905808443981,309.8791757592273,304.3129038831637,308.1459045410156,7721300
2025-11-03,308.02707397940236,309.3344630267029,303.28285431242927,306.3928527832031,7770000
2025-11-04,303.7780648320401,309.23540287266394,302.1834697809128,306.2937927246094,7085200
2025-11-05,306.6503419445097,310.107000668758,302.70840715746203,308.7005615234375,6865200
2025-11-06,308.01715622418413,311.83035912038315,307.2941538281452,310.4239501953125,7206100
2025-11-07,308.90856044061366,311.4242580235003,304.6991875199946,311.20635986328125,7302300
2025-11-10,311.9888313123107,316.5052386427636,311.2063746689554,313.86077880859375,5794100
2025-11-11,314.4649387231156,316.00010979819433,312.2661590448994,312.6029052734375,5030200
2025-11-12,313.23678409164455,319.16951418656384,313.1872439213492,317.34710693359375,10578300
2025-11-13,316.17840351377913,317.565014483568,306.1452341336872,306.5216064453125,8973300
2025-11-14,304.57044575572996,304.69920788981074,298.3504790333013,300.70770263671875,10327000
2025-11-17,301.0939616708072,302.66875869849656,294.8244855709175,297.4986572265625,8344000
2025-11-18,296.6369875977812,300.05402007948175,294.1806837974681,296.5478515625,8077300
2025-11-19,296.8746866890342,301.5396841634701,296.409178349521,300.3709411621094,5546600
2025-11-20,303.411609711364,306.95740445253,295.3098117912242,295.5277099609375,7501600
2025-11-21,298.40987233529637,298.7961284719156,290.01092472978763,295.1711120605469,11766800
2025-11-24,295.3890327721484,296.9539460474125,291.69470820468445,295.1513366699219,10940200
2025-11-25,297.18170363006027,301.5891765934406,292.7346348034667,300.103515625,8877200
2025-11-26,302.0844103036798,305.5806647286523,300.30162915288383,304.6991882324219,7910900
2025-11-28,306.14525372757277,310.7210853336642,305.29345893213815,310.0871887207031,4322400
2025-12-01,309.958455126882,311.038031953238,305.5906076467962,305.96697998046875,7727300
2025-12-02,305.7886541478843,307.5120415313108,304.1544330268201,304.9368896484375,7249000
2025-12-03,304.26340519365976,309.37405277594195,303.86720471987456,309.1462707519531,8535300
2025-12-04,310.2654601734084,315.44544563675794,310.00793592177615,313.07830810546875,9627800
2025-12-05,312.62274341566774,315.4355916137351,311.6718985008828,312.0284729003906,6518900
2025-12-08,312.0482477999388,313.44477282870224,310.3546026483966,312.1968078613281,7417200
2025-12-09,311.939326475107,315.7524991840304,297.15202309779255,297.6373596191406,18049200
2025-12-10,297.62741810314117,308.2152311685389,295.60691069504315,307.1455383300781,18874100
2025-12-11,306.2838676543348,314.96013772429524,306.2838676543348,314.3460693359375,9721900
2025-12-12,316.6240735225281,317.20842990436694,313.5735294870918,315.47515869140625,8982900
2025-12-15,316.534963668203,319.7935222813264,315.3464528736662,316.9608459472656,10864100
2025-12-16,316.0397072252412,316.46558945571707,311.3945381021762,312.5335388183594,8331300
2025-12-17,315.3860269605939,316.3170436429019,311.65207637787455,311.9690246582031,8718700
2025-12-18,312.979256626897,314.66301788263524,309.2353920446346,310.0079345703125,11444900
2025-12-19,310.79038320864026,315.51477427620307,310.1961127673861,314.17767333984375,24494400
2025-12-22,314.47481933577194,320.14014104266494,314.47481933577194,320.00146484375,8354600
2025-12-23,320.51650136966475,324.6466524002949,320.00148308544306,322.8143310546875,6668300
2025-12-24,323.1213622604756,326.8355148620812,322.3884458193645,326.02337646484375,4289300
2025-12-26,325.9639318748006,327.6972031402456,323.4185221880518,324.7754211425781,4158300
2025-12-29,323.8741142125664,324.63674268276935,320.43728371815735,320.6551818847656,8635300
2025-12-30,321.7050354533748,321.83379757815135,319.40720581728044,320.3283386230469,7904300
2025-12-31,321.2395304565584,321.77437689354394,318.9615289550125,319.1398010253906,5048500
