date,Open,High,Low,Close,Volume
2016-01-04,19.775322667703914,19.925266549585686,19.673436330890613,19.909887313842773,7716400
2016-01-05,19.932959688032028,20.1732547890387,19.64652687164774,20.104049682617188,8915200
2016-01-06,19.971402522802016,20.12134640267641,19.89643058286482,20.038684844970703,6983200
2016-01-07,19.836841729749022,20.19632226369043,19.80608325270328,20.127117156982422,12870800
2016-01-08,20.15979451366125,20.35779740482284,20.13672566033038,20.217464447021484,14382000
2016-01-11,20.246301935281277,20.492363859298827,20.205932538370096,20.296283721923828,16397200
2016-01-12,20.332803505116402,20.392397669557983,20.057905933591314,20.257831573486328,8618800
2016-01-13,20.315506043496114,20.355875438437568,19.942567633115964,20.111736297607422,10292800
2016-01-14,20.148261817723398,20.525044335005454,20.06560024981773,20.31743049621582,9981600
2016-01-15,20.269372373599566,20.355878021358564,20.00793119225231,20.234769821166992,15260000
2016-01-19,20.273219132407622,20.80763526107995,20.20978086677945,20.724973678588867,15298400
2016-01-20,20.542347459163828,20.673068051167128,19.8675984131876,20.244380950927734,13866000
2016-01-21,20.267444391105748,20.334726707246205,19.96563388729471,20.192472457885742,8786400
2016-01-22,20.33857690654857,20.50774412110373,20.18671023440078,20.49236488342285,9400400
2016-01-25,20.51543125818207,20.57502396368047,20.275136198405097,20.457759857177734,8533200
2016-01-26,20.49236407227141,20.709591762641967,20.35010979596624,20.48467445373535,12272000
2016-01-27,20.546185380324456,20.7230436341551,20.417387598350448,20.517351150512695,10999600
2016-01-28,20.330888270680983,20.909517816612894,20.286673326871934,20.819168090820312,14686000
2016-01-29,21.028703763367382,21.50352709507166,20.91528518506773,21.47469139099121,24626400
2016-02-01,21.46123303265004,21.807258517820703,21.297832679459056,21.718830108642578,15117200
2016-02-02,21.540054283769624,21.928370536867664,21.530441892695258,21.897613525390625,11020400
2016-02-03,21.939900868815396,22.205187568684135,21.85339522898978,22.0590877532959,13532000
2016-02-04,21.899528449541783,22.09945409914866,21.63616602392019,21.822633743286133,11712800
2016-02-05,21.780344505403896,21.941822079364574,21.572729224616193,21.839937210083008,11007200
2016-02-08,21.845706899078596,22.032176121826225,21.68422930410837,21.94759178161621,10296800
2016-02-09,21.916831441561357,22.289768363723315,21.84762634948087,22.174427032470703,13775600
2016-02-10,21.64962763780587,21.93798175487851,21.417022159364663,21.864931106567383,13794400
2016-02-11,21.728443354385323,21.90722296306275,21.50737157448282,21.51121711730957,13052800
2016-02-12,21.553504240208007,21.59387363056426,21.26130465289913,21.466997146606445,11447200
2016-02-16,21.61694059447843,21.71498137865938,21.37856833226553,21.59771728515625,9395200
2016-02-17,21.580420386131163,21.582341690736254,21.39010563180635,21.42086410522461,10793200
2016-02-18,21.499677095734118,22.06485149863679,21.470842864275436,21.97834587097168,13084800
2016-02-19,22.011028738582837,22.19365240783458,21.838015992286863,22.0590877532959,13488000
2016-02-22,22.126373119714046,22.401270780296883,22.059090783203196,22.241714477539062,10462000
2016-02-23,22.170580193685385,22.403185598269392,22.078306260197344,22.322446823120117,9229200
2016-02-24,22.208179837227238,22.489025746537415,22.169441502266825,22.46772003173828,13355200
2016-02-25,22.539381078667677,22.65753039456032,22.297272067037856,22.436725616455078,8776400
2016-02-26,22.33213568554971,22.430915097727453,21.729768350127035,21.793684005737305,9756800
2016-02-29,21.76463462653299,22.068723519355032,21.702654771872332,21.85179328918457,10503600
2016-03-01,21.96993812177226,22.026107584456305,21.68521771472926,21.80917739868164,9832800
2016-03-02,21.739456125647642,21.859542750412732,21.177762815454646,21.762699127197266,11023600
2016-03-03,21.785938723600122,21.797559483700397,21.297846111361945,21.619367599487305,13735600
2016-03-04,21.539959470460214,22.184938384838166,21.431495080432626,22.136516571044922,11726400
2016-03-07,22.091965453833925,22.22173702377621,21.981563789479303,22.167503356933594,8543200
2016-03-08,22.175251226741025,22.409612604878483,22.11327137035522,22.361190795898438,8272400
2016-03-09,22.33988447506982,22.547131230484123,22.33988447506982,22.518077850341797,7436400
2016-03-10,22.628474248096182,22.655590335862662,22.18299313013381,22.407670974731445,6253200
2016-03-11,22.521949642356052,22.541318068758795,22.345695041060026,22.43285369873047,6350000
2016-03-14,22.512264987582427,22.61685478021631,22.328261252114082,22.436725616455078,6013600
2016-03-15,22.4386634263817,22.59748688261167,22.332136345406234,22.390241622924805,9315600
2016-03-16,22.378618577846066,22.762118394543805,22.16556295993443,22.68464469909668,7542000
2016-03-17,22.715636090392085,22.961619678273557,22.56649758666789,22.919008255004883,8162800
2016-03-18,22.998417420750794,23.025533510187472,22.771803754294524,22.951932907104492,21650800
2016-03-21,22.829915387039186,22.930632101098098,22.58586905220134,22.771808624267578,6316800
2016-03-22,22.73113115443625,22.886081514004093,22.607171457868436,22.669151306152344,5932000
2016-03-23,22.60330014461293,22.874462574089186,22.54906795426095,22.79505157470703,6684000
2016-03-24,22.75631337286661,22.975180899411015,22.715639229865808,22.94806480407715,9832000
2016-03-28,22.922879258555742,23.02940780701228,22.731129349050004,22.773740768432617,5526400
2016-03-29,22.845405052325503,23.073956011469978,22.696266555887036,23.05071449279785,5559200
2016-03-30,23.0778298810411,23.120441300931898,22.87445773254996,22.951932907104492,5168000
2016-03-31,22.90157769373177,23.01004354753179,22.82603979214256,22.92094612121582,8025600
2016-04-01,22.872524316633612,23.046843119445427,22.75050189352349,22.992610931396484,8320800
2016-04-04,23.05459136764557,23.0836447484666,22.84347299059767,22.994548797607422,5239600
2016-04-05,22.913198158571863,23.029410192195922,22.496770350179144,22.535507202148438,8802800
2016-04-06,22.529696252287277,22.61104452599498,22.38636813036663,22.605234146118164,6557200
2016-04-07,22.53938417783688,22.721449174769504,22.465782082442786,22.504520416259766,5359600
2016-04-08,22.46578170712755,22.74662908117253,22.46578170712755,22.624605178833008,4268800
2016-04-11,22.67302542808102,22.783427084020563,22.47352782855133,22.512266159057617,4226000
2016-04-12,22.560691314723623,22.711767131846106,22.48127883367818,22.671092987060547,5726400
2016-04-13,22.736938775954158,22.775675622288627,22.421229192951927,22.560684204101562,4754400
2016-04-14,22.500638229931646,22.64784089319095,22.27402459522335,22.49676513671875,6168000
2016-04-15,22.564562662810065,22.777618323739684,22.49677242674832,22.744691848754883,6431600
2016-04-18,22.74468631166745,22.81053924560547,22.558746790428636,22.81053924560547,5816000
2016-04-19,22.870585219134494,22.932565064807648,22.704014106816132,22.87445831298828,7352000
2016-04-20,22.866711869768377,22.917070958855735,22.35925231798249,22.37281036376953,5898800
2016-04-21,22.31857688957467,22.322449983411424,21.778189419808673,21.86922264099121,9754800
2016-04-22,21.97381030106743,22.182992813176515,21.933136169998875,22.16556167602539,6966800
2016-04-25,22.140382706918782,22.17137336730957,22.0512867748693,22.17137336730957,4530800
2016-04-26,22.219797437981573,22.39798932030165,22.11907925912854,22.374746322631836,7878000
2016-04-27,22.40573533001709,22.858962668205827,22.351503150512396,22.64009666442871,10262400
2016-04-28,22.42898007327547,22.802796457087265,22.299208516246868,22.55875015258789,8615200
2016-04-29,22.508388779005625,22.8066672369679,22.303080824943237,22.773740768432617,9361200
2016-05-02,22.82216724103688,23.00229642858768,22.715638670764132,22.866714477539062,7651600
2016-05-03,22.92094799451725,23.039097332857352,22.74663065519774,22.936443328857422,5263200
2016-05-04,22.858960771163883,23.32768487880424,22.80472859615986,23.13787078857422,6705600
2016-05-05,23.1301312888352,23.32769311347882,22.847348078123233,23.019729614257812,8386400
2016-05-06,23.060394765059666,23.068142429446862,22.75824324253845,22.949993133544922,5848800
2016-05-09,22.97905354808251,23.06621221314765,22.880272644016703,23.027475357055664,4924800
2016-05-10,23.10301152705851,23.24052927689621,23.03134820089471,23.16499137878418,4637200
2016-05-11,23.197918400298697,23.310257345994156,22.95193627355366,23.182424545288086,5758800
2016-05-12,23.21728297568631,23.511686841337113,23.101069484627068,23.46520233154297,7977200
2016-05-13,23.418720887554592,23.50006915977284,23.18435806689575,23.389667510986328,5877200
2016-05-16,23.30832419210838,23.534939409693898,23.205670180597632,23.529129028320312,5292800
2016-05-17,23.455526741609518,23.49232779364527,23.037163031077018,23.199859619140625,8535200
2016-05-18,23.08558008917825,23.399352437998317,22.740817076036283,22.858964920043945,9197200
2016-05-19,22.68658456859664,22.94225165140516,22.56456214647767,22.934505462646484,8242800
2016-05-20,22.97130337698753,23.12237916807886,22.829912537721512,23.112695693969727,8964400
2016-05-23,23.135940236650075,23.1456251897407,22.829915520385725,22.85315704345703,4948400
2016-05-24,22.90350831956555,23.25601891704558,22.87058185464589,23.221155166625977,7466000
2016-05-25,23.164985523455687,23.236650309221265,23.02165742964038,23.06814193725586,5688000
2016-05-26,23.06424857592559,23.393989179126685,23.06229703410936,23.378379821777344,4618800
2016-05-27,23.393990019807934,23.431060384106953,23.259361912864858,23.382282257080078,4366800
2016-05-31,23.382274080992687,23.58324114448705,23.306180348525704,23.436906814575195,13375600
2016-06-01,23.436909239250284,23.57543890726771,23.337401467810466,23.44276237487793,6606800
2016-06-02,23.38033168781256,23.452522361521396,23.15985360581893,23.376428604125977,5515600
2016-06-03,23.579340299930433,23.875912070308896,23.53836686229721,23.764698028564453,7846400
2016-06-06,23.819331321712333,23.940300103598247,23.641778254816483,23.75494384765625,5638800
2016-06-07,23.809576679111753,23.89737819189035,23.622268869210284,23.63007354736328,6731600
2016-06-08,23.602758018239065,23.996884590801187,23.575442388882784,23.983226776123047,7323600
2016-06-09,23.99298228568281,24.22126353365486,23.973471335090263,24.190046310424805,5551600
2016-06-10,24.178339362549885,24.359794037485877,24.022250263968594,24.16077995300293,5889600
2016-06-13,24.168585385947924,24.260287008540352,24.069077596303977,24.11395263671875,4673200
2016-06-14,24.139314507748406,24.392959820142803,23.9754192624042,24.385156631469727,6342400
2016-06-15,24.316868304036646,24.32857606529819,24.0593198851344,24.162729263305664,7671200
2016-06-16,24.22711616406564,24.402717692911903,24.162728688723664,24.359792709350586,6134800
2016-06-17,24.394917241628537,24.43394063734981,24.141271868096794,24.4085750579834,11624400
2016-06-20,24.369552941247434,24.408574848042736,24.03981232104293,24.24077796936035,6514000
2016-06-21,24.299307100579828,24.383205521906294,24.110047767220824,24.246625900268555,7440400
2016-06-22,24.271990799603063,24.297354884010076,24.0944377429841,24.12370491027832,5465200
2016-06-23,24.141271555552724,24.156879425048828,23.992985630912347,24.156879425048828,5585600
2016-06-24,23.8290873179392,24.40662009638152,23.657388866593692,24.154926300048828,16309600
2016-06-27,24.1646836970552,25.017325888637323,24.1646836970552,24.950986862182617,13596000
2016-06-28,24.88269181308497,25.083657408932357,24.64075277922316,25.06414794921875,10236400
2016-06-29,25.138283317891787,25.22608331089576,24.83585996197506,24.92561149597168,9655200
2016-06-30,24.968543223261747,25.44851823606995,24.855377632497362,25.442665100097656,12484800
2016-07-01,25.612414102688135,25.612414102688135,25.087561095724435,25.311939239501953,6346800
2016-07-05,25.30998847023951,25.622169596135386,25.26901354380848,25.534366607666016,10086000
2016-07-06,25.495347873102375,25.750944750253016,25.261213488233555,25.538272857666016,9991600
2016-07-07,25.462177736412833,25.52266212671757,24.96854341770506,25.03878402709961,7687600
2016-07-08,24.991955456502314,25.36071790407323,24.71294605469099,25.350961685180664,7956400
2016-07-11,25.249503120526693,25.313890586929606,24.991953254915042,25.304134368896484,5507600
2016-07-12,25.179269360103355,25.362675591111582,24.830017797599957,24.84367561340332,9178400
2016-07-13,24.949031697716396,25.081708234854744,24.85928014150369,25.007564544677734,8285600
2016-07-14,24.83391933335146,24.993913016080175,24.689536496833913,24.826114654541016,9823200
2016-07-15,24.884639934628883,25.030972771090106,24.79683844644447,24.892444610595703,5394000
2016-07-18,24.923664609586286,25.105119252459648,24.894397443589313,25.02317237854004,8186400
2016-07-19,24.956835988987223,25.034879783728456,24.828061048202244,24.991954803466797,6388800
2016-07-20,25.08561946533509,25.101225847849573,24.808558540807844,24.82026481628418,6747200
2016-07-21,24.779282962989047,25.064148470790453,24.66026424069379,25.025123596191406,6518000
2016-07-22,24.976345943071276,25.393886505272977,24.925617773204152,25.32754898071289,6752800
2016-07-25,25.2280419863578,25.32559821756786,25.097316993797904,25.265113830566406,5101600
2016-07-26,25.245603586417793,25.288528570053302,24.974397359182625,25.05829429626465,7142000
2016-07-27,25.005616654504635,25.109026032811098,24.496372952370052,24.812454223632812,9644000
2016-07-28,24.783185563622485,24.993908879448064,24.691483952105003,24.861230850219727,7392800
2016-07-29,24.831968863003535,25.073907962205936,24.831968863003535,25.030982971191406,9340000
2016-08-01,25.013422288187662,25.13244103410024,24.954889430444105,25.071956634521484,8235600
2016-08-02,24.92561854631547,25.036834085509856,24.748065480503428,24.902204513549805,6613200
2016-08-03,24.894398571450285,25.06414843964137,24.79098920368718,24.991954803466797,20291600
2016-08-04,24.9431782498258,25.050490707201686,24.78904070354416,24.867084503173828,9086000
2016-08-05,24.736359109947443,24.810502802448557,24.449543536217437,24.58222007751465,7072800
2016-08-08,24.63099819580642,24.781235633755486,24.502224737582967,24.58222007751465,7976400
2016-08-09,24.588071692885958,24.70318881900193,24.515881034976392,24.597827911376953,6860800
2016-08-10,24.62124603988049,24.689535114911767,24.5178366564631,24.6563663482666,4592400
2016-08-11,24.656360245606542,24.79683995579087,24.603679051771323,24.78318214416504,6036000
2016-08-12,24.837825295250283,24.9178206572942,24.726611214346974,24.738317489624023,6001600
2016-08-15,24.802699186435667,24.837819492652475,24.443691446376054,24.451496124267578,4743200
2016-08-16,24.43003115486667,24.43003115486667,24.191993713378906,24.191993713378906,6435200
2016-08-17,24.19004422045878,24.584170747300995,24.000784890023414,24.545148849487305,8080000
2016-08-18,24.447594613932996,24.787089916139617,24.447594613932996,24.771480560302734,10607600
2016-08-19,24.693434438292606,24.693434438292606,24.27199226501726,24.4046688079834,9796400
2016-08-22,24.4768592776832,24.525637396202768,24.33637954676248,24.39686393737793,6145200
2016-08-23,24.451494588430158,24.531491415350978,24.236871169959436,24.246625900268555,4941600
2016-08-24,24.184189809053414,24.287600667491436,24.088585116554864,24.22321319580078,4933200
2016-08-25,24.260286775959877,24.359794564649857,24.201753920946512,24.29345703125,4957600
2016-08-26,24.352401016066807,24.546921142810895,23.87101088543473,23.896554946899414,7512400
2016-08-29,23.945674216654833,24.20503486280228,23.89458759722843,24.038021087646484,8560400
2016-08-30,24.02230189026889,24.1559120025786,23.78455477112715,23.817956924438477,6802400
2016-08-31,23.808134067516523,23.906376761365213,23.700068003721686,23.762943267822266,8194000
2016-09-01,23.725615048211466,23.82189248663997,23.62147801290199,23.774736404418945,8328800
2016-09-02,23.973186042111905,24.30328160117775,23.835645351380027,24.193248748779297,9426000
2016-09-06,24.315069002511326,24.617656707763672,24.277736295655256,24.617656707763672,9724000
2016-09-07,24.945782681658706,24.945782681658706,24.44670965624224,24.572460174560547,9802400
2016-09-08,24.41723892525033,24.711967012296746,24.41723892525033,24.635337829589844,6993600
2016-09-09,24.43295841216526,24.47225639035267,23.72561129450233,23.747224807739258,10747200
2016-09-12,23.77473391334223,24.281666616063397,23.70596432167029,24.224685668945312,10174000
2016-09-13,24.128406591631972,24.210930095998517,23.79241525416256,23.880834579467773,7679200
2016-09-14,23.971219374088466,24.151985586642137,23.8769057202413,23.990867614746094,7883600
2016-09-15,23.971211951014478,24.175556888517388,23.85725009179982,24.114646911621094,5134400
2016-09-16,24.020338168180636,24.273804493155925,23.916201154622893,24.23057746887207,13406000
2016-09-19,24.29541798562313,24.53905944158587,24.250225687799915,24.509586334228516,4990400
2016-09-20,24.529232449740586,24.710000126323237,24.529232449740586,24.574424743652344,8329600
2016-09-21,24.596045757614167,25.124592034780026,24.570503191823803,25.118696212768555,7809600
2016-09-22,25.230694168533272,25.321075785169263,25.089224422544227,25.156028747558594,6233200
2016-09-23,24.67070763886592,25.08922252222837,24.374015748623897,24.904525756835938,9808400
2016-09-26,24.865228173827205,24.949716956483638,24.71982789730659,24.802352905273438,5540800
2016-09-27,24.971330665595904,25.266058788010888,24.86522986070349,24.912385940551758,9823200
2016-09-28,25.016519863113725,25.042062424220195,24.623549082041208,24.851472854614258,6843200
2016-09-29,24.73554408813072,24.74536895664524,24.11661484832755,24.305240631103516,11084800
2016-09-30,24.423135604980835,24.53709599669016,23.924062513479228,24.034093856811523,12255200
2016-10-03,24.061599814342816,24.104826838438854,23.625402024376605,23.800273895263672,6773600
2016-10-04,23.802234991382207,23.802234991382207,23.20491935220463,23.36210823059082,9205200
2016-10-05,23.395515036796663,23.607719615136865,23.26583546052068,23.291378021240234,8268800
2016-10-06,23.20885229412014,23.40337238942539,23.09095987363027,23.1911678314209,10979600
2016-10-07,23.55663587901696,24.21879225583461,23.513408848610535,23.920133590698242,19343200
2016-10-10,23.943709283587424,24.1559138604707,23.8238530780736,24.124475479125977,8225600
2016-10-11,24.000694174029526,24.065534721922074,23.731508610971392,23.804208755493164,7655600
2016-10-12,23.841535182121806,24.195209464152498,23.815992622500218,24.163772583007812,7682400
2016-10-13,24.15395147731411,24.594078375357388,24.073391739776273,24.48797607421875,8133200
2016-10-14,24.432960032778965,24.568535443155085,24.342576925549782,24.370084762573242,5538000
2016-10-17,24.432961328070853,24.456540117797267,24.28952781299662,24.375980377197266,4531600
2016-10-18,24.562642407520126,24.649094971666397,24.299351169134134,24.582290649414062,5262800
2016-10-19,24.541022764515137,24.633371127331095,24.389728191669818,24.478147506713867,6226400
2016-10-20,24.478149776734966,24.680529484705065,24.346504927734063,24.38973045349121,7426000
2016-10-21,24.271839677831643,24.401520753131592,24.146089149757806,24.307207107543945,4504800
2016-10-24,24.40545205834098,24.47029260198749,24.263982326408474,24.438854217529297,5948000
2016-10-25,24.391694425355443,24.678562894058892,24.344538354914114,24.662843704223633,5546800
2016-10-26,24.672670128437524,24.859330647542134,24.53316568274779,24.79645538330078,5264000
2016-10-27,24.72768872937772,24.83575630529328,24.42903156358384,24.58425521850586,6072400
2016-10-28,24.625510932096528,24.84557357950137,24.54298743931971,24.704105377197266,7975200
2016-10-31,24.963466908636747,25.240512000448234,24.711964375313755,25.150127410888672,12201200
2016-11-01,25.187461175349423,25.205144139881543,24.649090158382954,24.735544204711914,6615200
2016-11-02,24.226649490794383,24.419204335935778,24.00855058523096,24.301313400268555,24144400
2016-11-03,24.305242485372673,24.44081788608101,24.15394939253224,24.33275032043457,8894000
2016-11-04,24.448678343855462,24.501728742184337,24.19717727209781,24.20307159423828,8741600
2016-11-07,24.32489032960178,24.49583164859373,24.12840495213832,24.493867874145508,11381600
2016-11-08,24.503693056184872,24.645162778273775,24.383836847140916,24.59407615661621,8492000
2016-11-09,23.80813403471623,23.80813403471623,22.827672371195128,23.085067749023438,28179200
2016-11-10,22.947533056040943,22.97307562172823,22.07513728590334,22.60761260986328,29856000
2016-11-11,22.509370627445062,22.699961736481296,22.15766152400812,22.308956146240234,16962000
2016-11-14,22.185169704402984,22.50936945125871,21.709673844155965,22.48579216003418,26612000
2016-11-15,22.458277796364772,22.66262125658103,22.35021024609855,22.60171127319336,17999600
2016-11-16,22.650839963487105,22.713715240660772,22.238220863343372,22.45631980895996,16990000
2016-11-17,22.381657576893335,22.623333832795154,22.377727028549018,22.55259895324707,8694400
2016-11-18,22.72353520474539,22.72353520474539,22.293231729439015,22.417016983032227,12270400
2016-11-21,22.48578596407509,22.523117164582253,22.338421938268723,22.468101501464844,9200000
2016-11-22,22.537403106689453,22.715595998362016,22.48988399520524,22.537403106689453,10324800
2016-11-23,22.353271292397746,22.537403700215666,22.319613053794672,22.456226348876953,9386000
2016-11-25,22.555217078862885,22.802706736532702,22.549277568767927,22.72153091430664,4609200
2016-11-28,22.818551518485638,23.09772063957107,22.76905357592927,23.026443481445312,18561200
2016-11-29,23.02644177392549,23.46796254287533,23.002682219459682,23.21849250793457,12683200
2016-11-30,22.94328330633522,22.96506251954703,22.602738767279238,22.61659812927246,13353200
2016-12-01,22.476023959352972,22.555220965565898,22.299811413571774,22.363168716430664,12088800
2016-12-02,22.511655779555085,22.751227066843054,22.49383725154812,22.652231216430664,8462800
2016-12-05,22.63243391527288,22.848245684005718,22.408703806720364,22.7690486907959,10162800
2016-12-06,22.73341426416985,22.89180827946813,22.664117448935833,22.719554901123047,11771600
2016-12-07,22.773010484203045,23.303628436113016,22.72945356794895,23.29966926574707,10788800
2016-12-08,23.121481253259518,23.28977397453136,23.034364381306215,23.139301300048828,8990000
2016-12-09,23.163056093378128,23.240272760646807,22.91556638788691,23.06406021118164,11916000
2016-12-12,22.984858635534152,23.321445474446712,22.939321384685464,23.254127502441406,16726000
2016-12-13,23.266013071264346,23.596658961157406,23.26007355991591,23.564979553222656,9606800
2016-12-14,23.69763293339698,23.844146404776456,22.967042895832297,22.97298240661621,10513600
2016-12-15,22.963088076528805,23.1749392277871,22.739356390894397,23.170978546142578,10830800
2016-12-16,23.21255079585101,23.59863558888496,23.188792754195248,23.541217803955078,15695200
2016-12-19,23.66001355782175,23.697632472798244,23.424402897591513,23.604576110839844,5144400
2016-12-20,23.608539921703247,23.73921522432428,23.51350471121289,23.620420455932617,6166000
2016-12-21,23.578838509178013,23.719413991263067,23.46400443379184,23.481822967529297,6073200
2016-12-22,23.489739529439138,23.564975845610842,23.39470434170194,23.541217803955078,5002800
2016-12-23,23.539241765125308,23.61249926491728,23.46994494670444,23.60655975341797,3570400
2016-12-27,23.576857360361526,23.675853232875077,23.475881147441704,23.610515594482422,2621600
2016-12-28,23.624383893144675,23.693680728007223,23.45609114831914,23.491729736328125,5213200
2016-12-29,23.606555669259386,23.810486918426182,23.46598020549564,23.794647216796875,4048000
2016-12-30,23.80058577807971,23.907501493978007,23.58081483604827,23.65209197998047,5696000
2017-01-03,23.66793791841626,23.689717135388396,23.32343263899121,23.505584716796875,6101200
2017-01-04,23.60655618923473,23.72139025218391,23.47786125413678,23.57487678527832,8541600
2017-01-05,23.715451311719693,23.715451311719693,23.313528305342217,23.561017990112305,6155200
2017-01-06,23.444212122502048,23.586764963980272,23.36501509242012,23.491729736328125,8810000
2017-01-09,23.584776030410552,23.661992686259893,23.382823614683772,23.432321548461914,6061200
2017-01-10,23.388764213139076,23.503599787380438,23.23037172401452,23.477861404418945,6372800
2017-01-11,23.41054703799736,23.681796313373674,23.41054703799736,23.64219856262207,5600000
2017-01-12,23.677827913017463,23.74514588001844,23.53329481039012,23.660009384155273,6534000
2017-01-13,23.62041888696899,23.64417693273476,23.3392694240963,23.570920944213867,5775200
2017-01-17,23.640219049707863,23.81643161467031,23.59666061602143,23.80257225036621,6962000
2017-01-18,23.8025706252857,23.951064451501782,23.727332786579538,23.764951705932617,5786400
2017-01-19,23.634278938222447,23.80653081726573,23.531322368383872,23.616458892822266,4725600
2017-01-20,23.65605193614577,23.685749486410636,23.432320320437206,23.61249351501465,5106000
2017-01-23,23.66595560156769,23.743172269636933,23.493703731516582,23.5174617767334,9114800
2017-01-24,23.50953808471362,23.612494632360352,23.436282109851152,23.52339744567871,4850400
2017-01-25,23.410546215934033,23.578838916554783,23.384807829905032,23.564979553222656,6880400
2017-01-26,23.501622100533964,23.61843802836417,23.34520993414825,23.51152229309082,5508000
2017-01-27,23.751090983678225,24.12331494296279,23.626356720593904,24.03026008605957,12540400
2017-01-30,24.089653908438233,24.475738695995407,24.06391552682391,24.24408721923828,11280000
2017-01-31,24.24211329715971,24.612356947862747,24.186675842116948,24.495542526245117,8781200
2017-02-01,24.297550797937483,24.477722527165596,24.172815013299118,24.277751922607422,8219600
2017-02-02,24.34506350465027,24.455938392645738,24.178751172657066,24.444059371948242,5004800
2017-02-03,24.531184746119308,24.727196208551142,24.461887917033064,24.592561721801758,8227200
2017-02-06,24.630177766533407,24.715314292467774,24.457924373905996,24.52326202392578,4192800
2017-02-07,24.564835657845958,24.677690891688304,24.49949801968535,24.616313934326172,6258800
2017-02-08,24.598495060478772,25.030117144032804,24.598495060478772,25.006359100341797,8594400
2017-02-09,25.006360867411022,25.006360867411022,24.586617776041436,24.67967414855957,6426000
2017-02-10,24.649969727472463,24.85786164264984,24.600471796292798,24.842021942138672,4821200
2017-02-13,24.847968373979842,24.970723821301362,24.776691212381206,24.946964263916016,3542800
2017-02-14,24.75293165499586,24.964782799036975,24.653935765059682,24.946964263916016,6450400
2017-02-15,24.758869349804648,24.937060719295904,24.661852303104425,24.806386947631836,7062000
2017-02-16,24.847971884904794,24.98854588720985,24.79649359190822,24.984586715698242,4990000
2017-02-17,25.083580756113317,25.139018216502937,24.939046082476803,25.117238998413086,9351200
2017-02-21,25.030116530907083,25.439960901224072,24.9469603589111,25.394420623779297,6306800
2017-02-22,25.33898911589009,25.477581249553754,25.232073371537776,25.430065155029297,8544400
2017-02-23,25.49143832354729,25.669629693673894,25.38254225464129,25.574594497680664,7606400
2017-02-24,25.706868043829836,26.12783432006836,25.63703831708242,26.12783432006836,10271600
2017-02-27,26.149788224458167,26.149788224458167,25.772711242418264,25.91037368774414,7332800
2017-02-28,25.928327461389358,26.231580545786077,25.846527610186318,26.13581657409668,8994400
2017-03-01,25.848523085096236,25.988179519312762,25.658989135496522,25.8185977935791,9072000
2017-03-02,25.81860158074531,26.26350823082489,25.73680171289052,26.123851776123047,6120400
2017-03-03,26.07596452411147,26.13581815163573,25.898400690501408,26.095916748046875,5286000
2017-03-06,26.036065978670166,26.133827015834385,25.888427420474013,26.063997268676758,8208400
2017-03-07,26.010125966493224,26.159758513900584,25.984191728387685,26.065988540649414,7964400
2017-03-08,25.840546132477478,25.960250352604017,25.712859804439855,25.8245849609375,6328000
2017-03-09,25.868475050826383,25.972218089905176,25.678941103117992,25.686920166015625,5044400
2017-03-10,25.896408809980567,25.970226564888968,25.738794143095568,25.948280334472656,5922800
2017-03-13,25.95425920498284,26.06997538828919,25.82657290690022,26.028079986572266,5837200
2017-03-14,26.002153860110496,26.129840212954928,25.942300216277808,26.050037384033203,5369600
2017-03-15,26.103896100518487,26.46102082066149,26.010126126689787,26.31537628173828,8121200
2017-03-16,26.25751673684897,26.289439074181317,25.85251159532496,25.916353225708008,10442800
2017-03-17,25.960248671601583,26.291436109975812,25.954263613196915,25.982194900512695,18648400
2017-03-20,26.079955671290858,26.17172859544617,25.844532213992945,25.91436195373535,7566800
2017-03-21,25.980196614658936,26.40315690839522,25.854504320309136,26.30539894104004,9536400
2017-03-22,26.33732366077174,26.57474113490702,26.291437196345917,26.417129516601562,5535200
2017-03-23,26.433086865407656,26.55877612320587,26.289439389968255,26.353281021118164,6200400
2017-03-24,26.329346068793143,26.590703792142758,26.2794685477178,26.49493980407715,5728000
2017-03-27,26.54481334534722,26.55478945692305,26.063993383641463,26.15576934814453,8160000
2017-03-28,26.08594169493929,26.24754436481707,26.03805818211984,26.18769073486328,5511200
2017-03-29,26.04603385925293,26.141797816966683,25.980195186986805,26.04603385925293,4426800
2017-03-30,25.944286690899684,26.05202382738324,25.493395054230685,25.56322479248047,13592400
2017-03-31,25.549255432070098,25.792657926287074,25.501373448300782,25.611103057861328,9346000
2017-04-03,25.63704054562025,25.69090910967139,25.355730654141873,25.680932998657227,6970000
2017-04-04,25.7228269569865,25.920342984550107,25.6190839322595,25.844528198242188,5436400
2017-04-05,25.818600717598677,26.103898676645848,25.736800852478556,26.063997268676758,7146400
2017-04-06,25.948283280953905,26.026092098668496,25.81660588350381,25.888429641723633,6118000
2017-04-07,25.942290172368082,26.00613484621336,25.69090861873592,25.722827911376953,7067200
2017-04-10,25.722832927792876,25.864486422836062,25.65101222213302,25.822587966918945,4207600
2017-04-11,25.762736520208815,25.850521438799074,25.599136800239307,25.800643920898438,4214400
2017-04-12,25.658985664649677,26.04403857006708,25.637039439078425,26.038053512573242,5874800
2017-04-13,25.954268756036516,26.235578733925443,25.938307582367365,26.089937210083008,7746400
2017-04-17,26.06998490260016,26.189692182613253,26.030083490689993,26.117868423461914,4508400
2017-04-18,26.11586447048248,26.34929390923035,26.026085556346573,26.32335662841797,7822400
2017-04-19,26.321364506411616,26.333337668915092,26.10789029480944,26.235576629638672,8320000
2017-04-20,26.235570842198438,26.235570842198438,25.780688184446582,26.109878540039062,8054800
2017-04-21,26.18768449300356,26.800181724166123,26.18768449300356,26.5388240814209,10480800
2017-04-24,26.459021368490184,26.5567823871273,26.221603926286985,26.48495864868164,9744400
2017-04-25,26.457029397392056,26.53483819966491,26.307396851153346,26.518877029418945,5167200
2017-04-26,26.53483759378216,26.700431306485754,26.465007856085773,26.50092124938965,5967200
2017-04-27,26.4670072581825,26.774251433943604,26.461022199480038,26.638586044311523,5624000
2017-04-28,26.604672882406252,26.758293466539445,26.548810298306453,26.646568298339844,6652800
2017-05-01,26.76228228477751,26.79819568257377,26.490948451414553,26.54281997680664,7204000
2017-05-02,26.582726559571714,26.7423322025824,26.54881020821782,26.738344192504883,6858400
2017-05-03,26.70641395509462,26.784222748570603,26.568751541033674,26.606658935546875,6574400
2017-05-04,26.556786607673434,26.834105494356837,26.554792602834777,26.802183151245117,7013200
2017-05-05,26.889961245991532,26.975752140788906,26.780230122079278,26.800182342529297,7312400
2017-05-08,26.834104515131756,26.96578189245081,26.76826582647223,26.92388343811035,5804800
2017-05-09,26.822132677220306,26.919890657272983,26.632598731028867,26.688461303710938,6190000
2017-05-10,26.698436172697853,26.82612248206784,26.618630326665517,26.76826286315918,7498800
2017-05-11,26.750312498442504,26.866028712780953,26.65255146108357,26.862037658691406,3581200
2017-05-12,26.879994618931995,27.099456944182027,26.86603049511563,27.043594360351562,6115200
2017-05-15,26.981741740027594,27.261054607657325,26.943834341360287,27.159305572509766,7712400
2017-05-16,27.15930999983434,27.294975402146328,27.09147425439591,27.113420486450195,5438000
2017-05-17,27.11342099830159,27.36679967420575,27.11342099830159,27.22315216064453,7484800
2017-05-18,27.259059962414668,27.478519197743147,27.077505080580824,27.320907592773438,8878000
2017-05-19,27.338866008730154,27.452588215543496,27.053568055691308,27.390737533569336,6914800
2017-05-22,27.40470067452874,27.648103179824076,27.33287693453533,27.602216720581055,8549600
2017-05-23,27.63612639722012,27.943370461570023,27.608195118642858,27.72391128540039,7788800
2017-05-24,27.767807328907267,28.017194891687144,27.73588803452559,27.961332321166992,6207200
2017-05-25,28.07445047328103,28.303498332601528,27.97600198700056,28.26934242248535,4765200
2017-05-26,28.287419795320822,28.341668851119202,28.203034078403594,28.27134895324707,4430000
2017-05-30,28.235188989631197,28.33966788407287,28.176923741564533,28.25929832458496,11000400
2017-05-31,28.273356240227695,28.49637672353567,28.273356240227695,28.418018341064453,13267600
2017-06-01,28.3999414896039,28.51044464111328,28.27336136199544,28.51044464111328,6446400
2017-06-02,28.6852400120738,28.7173847596472,28.476282291033467,28.673185348510742,7339600
2017-06-05,28.61089986296041,28.65912158645619,28.488338998303348,28.500396728515625,4325600
2017-06-06,28.632999316493464,28.659119798313654,28.474274468456294,28.51445770263672,8223600
2017-06-07,28.516470565847264,28.727436412846924,28.418022085489586,28.647069931030273,5715200
2017-06-08,28.647074198914,28.647074198914,28.255282176564744,28.420034408569336,6776400
2017-06-09,28.349704877335693,28.478293063256093,28.11864592093623,28.17691421508789,7172800
2017-06-12,28.17693377731254,28.301502806654895,27.75700996066431,28.012178421020508,8946400
2017-06-13,28.012171072045913,28.199027632824052,27.919749902195417,28.1186580657959,6944400
2017-06-14,28.35975456237793,28.568712326119602,28.249251413278706,28.35975456237793,5689200
2017-06-15,28.37181492242233,28.552641061139997,28.261308697301477,28.504419326782227,11065600
2017-06-16,28.568712093449438,28.765612123776194,28.514463030987283,28.699308395385742,10408800
2017-06-19,28.741503716540077,28.769632293205945,28.556658346195103,28.608896255493164,9268400
2017-06-20,28.618952866037272,28.69731129034805,28.51447394502757,28.522512435913086,8612800
2017-06-21,28.554650685105518,28.602872422055025,28.21308847928941,28.341676712036133,6520800
2017-06-22,28.30750969673211,28.572724547267665,28.26531531022542,28.448152542114258,7685600
2017-06-23,28.448155169216033,28.99867500430396,28.403952690044807,28.759580612182617,11007600
2017-06-26,28.809814741559244,29.10717441036595,28.755565678848175,28.978586196899414,7911200
2017-06-27,28.845986900463487,29.002703717501497,28.534561355811153,28.58479118347168,9662800
2017-06-28,28.715384569727295,28.77766905912516,28.279390078157196,28.33363914489746,8363600
2017-06-29,28.16687552336629,28.205050678677114,27.919745657123897,28.12267303466797,11584000
2017-06-30,28.174911485622133,28.45418917913719,28.142766728868136,28.154821395874023,8531600
2017-07-03,28.29948393823768,28.490356655406018,28.052350997924805,28.052350997924805,4121200
2017-07-05,28.044316293125064,28.086507629332328,27.777093255933252,27.891618728637695,7705600
2017-07-06,27.835357209893335,28.090525567733724,27.726862141762307,28.042306900024414,6964400
2017-07-07,28.042307297967724,28.36176823921563,28.00413214163273,28.225141525268555,5514000
2017-07-10,28.255281092302013,28.492364385933694,28.182950024352753,28.335647583007812,6750400
2017-07-11,28.434102883833116,28.434102883833116,28.034272335332833,28.279394149780273,7593600
2017-07-12,28.5024242129191,28.578774560630237,28.261321562941305,28.285430908203125,6771600
2017-07-13,28.373823671943075,28.395924917481544,28.166877039076162,28.245235443115234,5557200
2017-07-14,28.460215712707928,28.556659177614478,28.39391504603907,28.46222686767578,5052800
2017-07-17,28.411996206292063,28.476288781877845,28.279388745303677,28.323591232299805,11244400
2017-07-18,28.383871390204146,28.554650961874852,28.327614229443757,28.42807388305664,5471600
2017-07-19,28.51849075148006,28.5426000905027,28.395929835138737,28.4903621673584,3773600
2017-07-20,28.594830202086357,28.90625259861757,28.53053456810277,28.82789421081543,6280000
2017-07-21,28.763601377319084,29.018766624653463,28.645059752262842,29.006711959838867,5413600
2017-07-24,29.014753112492752,29.014753112492752,28.755565532029205,28.761592864990234,8410400
2017-07-25,28.805787469103553,28.821861374529973,28.554638445160656,28.753549575805664,5401200
2017-07-26,28.655110004112274,29.2498324897573,28.588806266248167,29.23175048828125,7041600
2017-07-27,29.12324750913637,29.203617056430037,28.92433939437714,29.062971115112305,5680000
2017-07-28,29.05293573328038,29.285999821181523,29.022795994942864,29.157411575317383,4625200
2017-07-31,29.199603075219606,29.511028612317727,29.18553725223887,29.3523006439209,6780400
2017-08-01,29.310112806825764,29.579343972919144,29.302074316795284,29.448747634887695,6042000
2017-08-02,29.366361352516257,29.5311135603451,29.209644566573182,29.482894897460938,6688000
2017-08-03,29.44472094999316,29.703905470952403,29.40252655245869,29.64362907409668,5674400
2017-08-04,29.525098036733706,29.601448371218083,29.350299182294208,29.484914779663086,5915600
2017-08-07,29.50098283167161,29.633590312853368,29.43267100165145,29.553220748901367,4819200
2017-08-08,29.535138136822713,29.651671702807818,29.474861731549684,29.60546112060547,4750800
2017-08-09,29.71195082498665,29.774235325342886,29.525094258132345,29.583362579345703,11042000
2017-08-10,29.509013604949338,29.796329768899305,29.498970093600274,29.67979621887207,5367600
2017-08-11,29.663726644985033,29.74610429742702,29.46481542548044,29.57130241394043,5086000
2017-08-14,29.657696749460943,29.810394307362152,29.611486170822502,29.748109817504883,3908000
2017-08-15,29.633585987822762,30.005284819825523,29.633585987822762,29.947019577026367,4777200
2017-08-16,29.93496296446635,30.174054319097312,29.89276856906986,30.13387107849121,5415200
2017-08-17,30.0233642634527,30.202185352253963,29.804363000638453,29.858612060546875,5450800
2017-08-18,29.83651387412053,30.258445599664515,29.746100808871102,30.12382698059082,5754800
2017-08-21,30.137898456483953,30.306669952051728,30.073602801533045,30.22831153869629,3898000
2017-08-22,30.252427034525798,30.376996046494362,30.14192078239923,30.306673049926758,5402400
2017-08-23,30.260757974444623,30.40636902817723,30.08278822301693,30.262779235839844,5781200
2017-08-24,30.335579544780984,30.335579544780984,30.12120860974102,30.196035385131836,5164400
2017-08-25,30.266832895416233,30.42659899320323,30.133355546340873,30.355817794799805,5036400
2017-08-28,30.39625185806798,30.517592326854018,30.34366821095539,30.5135498046875,3499600
2017-08-29,30.543886585903127,30.594445890069146,30.363895586507905,30.48119354248047,5597200
2017-08-30,30.420519287363682,30.505458541150322,30.36995998730772,30.460966110229492,4246000
2017-08-31,30.537819958346777,30.541865566762738,30.378053913709515,30.438722610473633,6826000
2017-09-01,30.537819422458504,30.598491204052987,30.266822295350828,30.36794090270996,4287200
2017-09-05,30.37198517184834,30.426590087013192,30.194018511070027,30.388164520263672,4299200
2017-09-06,30.45692912085786,30.47917534035951,29.981670379638672,29.981670379638672,9138400
2017-09-07,30.02211252675308,30.5175930628421,30.020091265621073,30.232440948486328,7742400
2017-09-08,30.175821935974156,30.230423772544373,29.741009989650344,29.983694076538086,11796800
2017-09-11,29.98369984854684,30.659174750179137,29.933140525466662,30.618724822998047,9118000
2017-09-12,30.554003275544783,30.60860819562155,29.916954103703713,30.15964126586914,7717200
2017-09-13,30.143449113073846,30.171762191848245,29.9412119544298,29.967500686645508,5824800
2017-09-14,29.931101543744568,30.29917467909288,29.860317298979318,30.244569778442383,4588000
2017-09-15,30.35783589254327,30.412440818000114,30.173799241263527,30.353790283203125,9065600
2017-09-18,30.3355896894214,30.3355896894214,29.805729043666148,29.99178695678711,6562000
2017-09-19,30.024145917595305,30.119194593747704,29.87448922958638,29.914936065673828,7026800
2017-09-20,30.014032083366505,30.054478917629666,29.506414592792545,29.67629623413086,5489600
2017-09-21,29.67628953961827,29.89672735963643,29.621684628438423,29.684377670288086,5647600
2017-09-22,29.736967114082304,29.78145956078948,29.567088546234473,29.59944725036621,4904800
2017-09-25,29.569117117663748,29.79157629708045,29.49226595584719,29.692481994628906,6024800
2017-09-26,29.71067346869014,29.979649366384013,29.71067346869014,29.870439529418945,5562000
2017-09-27,29.69852820759297,29.80975617697964,29.46797796841731,29.577184677124023,6888800
2017-09-28,29.423494675246097,29.805722903151086,29.263725541028833,29.726850509643555,5395600
2017-09-29,29.718758719783665,29.777409241404598,29.593372631469357,29.63786506652832,5267200
2017-10-02,29.803703607765033,29.86639666375728,29.597423827254218,29.67629623413086,4581200
2017-10-03,29.601456965584905,29.722800515798774,29.449779070764905,29.706621170043945,4008400
2017-10-04,29.728872786669466,30.054474850149752,29.647979129091045,30.04638671875,4390400
2017-10-05,30.040316967551863,30.04638692351208,29.74100672939766,29.882572174072266,6817600
2017-10-06,29.76931629359865,29.864368027889164,29.58123717206309,29.82392120361328,5110800
2017-10-09,29.923031223651098,30.009991778392255,29.868426290501883,29.9108943939209,4396400
2017-10-10,29.910890457214077,30.161665778397207,29.817863042799672,30.139419555664062,3512000
2017-10-11,30.058523439400055,30.487265421691163,30.058523439400055,30.309295654296875,5319600
2017-10-12,30.35783643786106,30.525693740691192,30.21424661971621,30.477155685424805,5221600
2017-10-13,30.616697858714787,30.794667630297376,30.424573083972096,30.446819305419922,4461200
2017-10-16,30.586356311795473,30.699608654024843,30.315356109009606,30.642982482910156,5396400
2017-10-17,30.638939761514326,30.913982512512245,30.543888018352867,30.87555694580078,5164400
2017-10-18,30.786565390096715,30.897796457513945,30.67331306177899,30.849258422851562,4298800
2017-10-19,30.8755544147913,31.134417796169696,30.78050267942166,31.11823844909668,5249600
2017-10-20,31.091955867069807,31.193074491878402,30.938253582387595,31.176895141601562,5750800
2017-10-23,31.140487306236956,31.2860983563467,31.009034343227274,31.221384048461914,4873200
2017-10-24,31.168799015422472,31.225425189526828,30.98071988412481,31.189023971557617,5718400
2017-10-25,31.132399823024954,31.182959130757318,30.610627396919504,31.116220474243164,7509200
2017-10-26,31.30632105752025,31.549005094917547,31.015098978285508,31.02116584777832,5894000
2017-10-27,31.021164894168994,31.710794507005108,31.019143633031845,31.516645431518555,5807200
2017-10-30,31.409460352598078,31.58743008353162,31.324521095351134,31.419572830200195,5413600
2017-10-31,31.364975827177076,31.460027585989298,31.207231011679283,31.360933303833008,5310800
2017-11-01,31.48226010088463,31.49237257663329,30.960487828376017,31.01913833618164,5747600
2017-11-02,31.041390195914108,31.296207967310593,30.005933591575815,30.307268142700195,15917200
2017-11-03,30.28300347421041,30.972630072824902,30.23446542882047,30.871511459350586,12337600
2017-11-06,30.922061977531953,30.968578748353845,30.669265515695052,30.71173667907715,5631600
2017-11-07,30.806795291905058,31.512604282275664,30.723877293246176,31.445865631103516,7872000
2017-11-08,31.344743564435316,31.49642145875195,31.126327026312005,31.330585479736328,7970800
2017-11-09,31.213294610373627,31.470136766997577,31.164759648167458,31.39733123779297,4779600
2017-11-10,31.26182764541186,31.431706157682896,31.114195349216423,31.379125595092773,5143200
2017-11-13,31.4155325610258,31.75124712474308,31.31441393960942,31.706754684448242,4000000
2017-11-14,31.65214978598429,32.06471548974026,31.59956921373499,32.03437805175781,6055200
2017-11-15,32.12538356406268,32.21234408725088,31.75731034320407,31.82404899597168,5320000
2017-11-16,31.83213314718094,31.894829269562955,31.619786561890237,31.809886932373047,5458800
2017-11-17,31.751253259141166,31.80990071309947,31.52676975279038,31.557104110717773,4312000
2017-11-20,31.59148936535191,31.684516793408243,31.409473947417638,31.532838821411133,5787600
2017-11-21,31.648108345572005,31.729002011168163,31.500472931310487,31.591482162475586,5325200
2017-11-22,31.592085696724862,31.738618846839252,31.45572906364783,31.5819091796875,7773600
2017-11-24,31.667396374305447,31.830208260814587,31.642972106978934,31.754907608032227,2544400
2017-11-27,31.79967783059284,32.066285832654565,31.73048247693842,31.952316284179688,6070800
2017-11-28,32.05407930141646,32.23724422667805,31.966568067584582,32.11309814453125,4949200
2017-11-29,32.01337798088288,32.2148587879748,31.850562980343078,32.109031677246094,8354400
2017-11-30,32.17415128033219,32.33493219642978,32.02761811103908,32.16397476196289,13614800
2017-12-01,32.23520978466387,32.398024774885215,31.836313213893458,32.0479736328125,5712400
2017-12-04,32.08460351953178,32.147696692489546,31.65111239848308,31.742694854736328,5603600
2017-12-05,31.83630152201604,31.917710539948082,31.433336975921062,31.67552375793457,6810000
2017-12-06,31.854625819354432,32.2311321094093,31.706055501320066,32.11105728149414,7935600
2017-12-07,32.10089569410478,32.19247817993164,31.95436247460642,32.19247817993164,5808400
2017-12-08,32.25352394819816,32.36545944213867,32.031690127303534,32.36545944213867,5248000
2017-12-11,32.35731137958626,32.43057794631071,32.04185801992716,32.41022491455078,6435600
2017-12-12,32.32680412542195,32.44077372882628,31.915699928204727,31.96657943725586,7953600
2017-12-13,32.08053537840716,32.16397537758265,31.708097158111826,31.844453811645508,14412000
2017-12-14,31.897370270589494,32.40820235799743,31.66129178772767,32.15176773071289,8908000
2017-12-15,32.2942228344996,32.36748941168557,31.999122464463948,32.243343353271484,13972000
2017-12-18,32.28200401130891,32.393939462510765,31.771175268197563,31.82002067565918,7763200
2017-12-19,31.850559611858404,31.95028452668371,31.34990408159899,31.362117767333984,6260000
2017-12-20,31.36212856805079,31.61448892894184,31.23798244987618,31.268508911132812,8838800
2017-12-21,31.307156299197622,31.60022254744381,31.073108870600468,31.439441680908203,7148800
2017-12-22,31.526967727363456,31.620584249319926,31.402821648339575,31.451663970947266,4315200
2017-12-26,31.484220646612812,31.616509153856896,31.33972466684645,31.341758728027344,2894000
2017-12-27,31.469980064981854,31.616513230258942,31.36618392807215,31.604299545288086,4305200
2017-12-28,31.585973258521438,31.834265311937802,31.575796743787397,31.82002067565918,3426800
2017-12-29,31.921792459393384,32.009303689366114,31.75083501719223,31.7874698638916,4746400
2018-01-02,31.836311944936586,31.885157371687363,31.42724197675046,31.5635986328125,4766400
2018-01-03,31.360070866713887,31.714193112615185,30.889945038554444,30.89401626586914,11008000
2018-01-04,30.835004709925716,31.14435287572164,30.655911018517628,30.73528289794922,13629200
2018-01-05,30.808553947197296,30.92252352334832,30.649810165352935,30.875715255737305,10318000
2018-01-08,30.87570097612884,31.187083104616313,30.83499491309689,31.130098342895508,7225200
2018-01-09,31.250173801162152,31.250173801162152,30.79429259252851,30.902156829833984,6527600
2018-01-10,30.70882593921139,30.855359123995196,30.560258692713653,30.647769927978516,7042800
2018-01-11,30.62944984436035,30.751561850034385,30.480882618292213,30.62944984436035,7550400
2018-01-12,30.554138877528786,30.82685207856577,30.377076218580438,30.59280776977539,6386400
2018-01-16,30.617250007274226,30.74750140982257,30.338431326531307,30.63759994506836,7471600
2018-01-17,30.721031728438472,31.087364633256605,30.645731086078193,30.91030502319336,9304400
2018-01-18,30.946940345872967,30.946940345872967,30.57246804665184,30.686437606811523,7951200
2018-01-19,30.747495023540672,30.78616393438787,30.515484663895244,30.560258865356445,8988000
2018-01-22,30.6213133826835,30.792267722408948,30.446287814268135,30.53176498413086,7438800
2018-01-23,30.527689751213398,31.158596581580017,30.527689751213398,31.08125877380371,10592400
2018-01-24,30.920480244058872,30.981536249339083,30.54397390479953,30.70068359375,7874400
2018-01-25,30.696611468306124,31.209477550061205,30.527691204323055,31.15656089782715,9845200
2018-01-26,31.516786804627287,32.406159166133364,31.48422319048041,32.092742919921875,14587200
2018-01-29,31.993023946857782,32.013376985831826,31.645009960640916,31.68367576599121,10057200
2018-01-30,31.647047356796122,31.84649411691758,31.400789223189715,31.565641403198242,7823200
2018-01-31,31.592087425622378,32.31457669869566,31.467941364021407,32.241310119628906,12930800
2018-02-01,32.27997587524486,32.48959907440816,31.681632722123652,31.817989349365234,8848000
2018-02-02,31.64297075277,32.03779608207664,31.561564812999322,31.732519149780273,9291200
2018-02-05,31.756928381958126,32.21280954757162,31.311226836789185,31.400772094726562,14612400
2018-02-06,30.900125499749496,31.211507662198148,29.947660039866534,30.438138961791992,16941200
2018-02-07,30.448319470541833,30.66608205396698,30.098268361364397,30.13897132873535,11514800
2018-02-08,30.05552428649473,30.346556520642498,29.565048470009653,29.569116592407227,9683600
2018-02-09,29.70954258927929,30.354693968677854,29.530448946463707,30.141002655029297,9090800
2018-02-12,30.16542543459218,30.761731431470253,29.888640947581735,30.527687072753906,8123200
2018-02-13,30.48291681383364,30.898095150602053,30.17153461397599,30.74545669555664,6312400
2018-02-14,30.543968200683594,30.839068548084,30.28142835863949,30.543968200683594,6436800
2018-02-15,30.574489611346586,31.431301234840735,30.495117764003506,31.429264068603516,8742000
2018-02-16,31.478116443471478,31.862765189639166,31.256282655062165,31.75897216796875,6546800
2018-02-20,31.66331092304217,31.77117514685117,31.187079847496435,31.303083419799805,7792000
2018-02-21,31.303093821598743,31.58394957224322,30.853320913716807,30.885881423950195,8582000
2018-02-22,31.03852096145355,31.237970785315664,30.796337213227993,30.997817993164062,5802400
2018-02-23,31.032412613794836,31.881081996031106,31.012062684373923,31.80171012878418,7286800
2018-02-26,31.922644643678346,32.041529912025496,31.59263645344097,31.699220657348633,7758800
2018-02-27,31.71356901637098,31.86729947510042,31.09044647216797,31.09044647216797,8176400
2018-02-28,31.223693138685952,31.46556098331024,31.106856444900913,31.186796188354492,10905200
2018-03-01,31.299523306560477,31.643881188382263,31.15194180401606,31.408159255981445,12315600
2018-03-02,31.40201551114942,31.684880626023933,31.020763754096578,31.330276489257812,8696800
2018-03-05,31.29952337521876,31.818107248921905,31.170391905949966,31.77506446838379,6870800
2018-03-06,31.68487375753188,31.889847708768865,31.330269697635092,31.414306640625,10504800
2018-03-07,31.307725887266038,31.502450536864384,31.168341958687837,31.371267318725586,8304000
2018-03-08,31.477847434199873,31.70536549035856,31.34871285949021,31.629526138305664,6678800
2018-03-09,31.637733150826918,31.74841771716539,31.41840950421585,31.732019424438477,6500800
2018-03-12,31.709468852097526,31.7689130479828,31.471698323864853,31.64592742919922,8162400
2018-03-13,31.816050101920773,32.05586919784638,31.572130652111237,31.70331382751465,6522400
2018-03-14,31.996437735589662,32.47607607126772,31.984136670249196,32.387935638427734,12254000
2018-03-15,32.38589650403522,32.60726883014095,32.16042382161583,32.41459274291992,9372800
2018-03-16,32.471986961705106,33.14020120450743,32.43919036474833,33.00901794433594,31720000
2018-03-19,33.009011591083926,33.14224656770621,32.54987183268227,32.781490325927734,9596000
2018-03-20,32.816341246125496,32.94547274953159,32.69540419954417,32.88193130493164,6401600
2018-03-21,32.8819233692462,33.197585029513625,32.72819289419058,32.812232971191406,6814800
2018-03-22,32.85938348239906,33.66698159303116,32.754847861856035,33.18324279785156,14222400
2018-03-23,33.20169036804248,33.5296500460095,32.62981423729536,32.691307067871094,12314400
2018-03-26,32.80199254531922,33.22014130238571,32.773296307297436,33.08895492553711,6942000
2018-03-27,33.154528605795804,33.69975993505037,33.00079817949381,33.32670593261719,9727600
2018-03-28,33.44151011211368,33.50300294364507,32.804040784804116,33.26113510131836,13328400
2018-03-29,33.51939153598523,33.640325422135646,33.35336312827798,33.478397369384766,7818800
2018-04-02,33.603434487388476,33.761265326349815,33.006959460174166,33.28162384033203,8113200
2018-04-03,33.281623213652544,33.45175198767799,32.94546602083188,33.20578384399414,9571200
2018-04-04,33.14429904935605,33.34927307331948,32.88808151940176,33.273433685302734,6724400
2018-04-05,33.261141299495115,33.70388288818379,32.94957985529086,33.615745544433594,6187200
2018-04-06,33.5214557158353,33.64854175726184,33.2529402031104,33.359527587890625,5771200
2018-04-09,33.26728234005682,33.49685222965861,33.07460627086025,33.23243713378906,7316000
2018-04-10,32.98646540917446,33.357470988669185,32.98646540917446,33.164794921875,7605200
2018-04-11,33.062313196304615,33.152502274107945,32.84708982930224,33.00901794433594,5022400
2018-04-12,33.00696042279544,33.15044158619266,32.51912133959008,32.6052131652832,6236400
2018-04-13,32.72818702231421,32.97825546708475,32.693341829538504,32.84092330932617,5483200
2018-04-16,33.00285597790885,33.339013145208966,32.94341490602933,33.230377197265625,6602800
2018-04-17,33.254982680228274,33.53579605764145,33.031558644592636,33.45585632324219,5316400
2018-04-18,33.60138152698173,33.851450021532976,33.3677113254106,33.38206100463867,4332800
2018-04-19,33.345171151452085,33.43536021818624,33.013114249072004,33.31647491455078,6535600
2018-04-20,33.353361204811485,33.49684234346586,32.824528041496016,32.957759857177734,6915200
2018-04-23,33.0356710364748,33.0992124988075,32.857344593456425,33.02747344970703,6576000
2018-04-24,33.20578971173525,33.58499288234492,32.71590195158808,33.24063491821289,11652000
2018-04-25,33.1155852098952,33.36360502323471,32.7753277603283,32.863468170166016,7904400
2018-04-26,32.96801356594146,33.59113620478445,32.916770071915444,33.45380401611328,7402400
2018-04-27,33.35131883192988,33.699773984622716,33.27137910203179,33.60753631591797,5682000
2018-04-30,33.6751780344558,33.81046162891195,33.574742773319805,33.5972900390625,9057600
2018-05-01,33.552194352858606,33.56449229235773,33.36361864934381,33.45585632324219,5028400
2018-05-02,33.50504246380726,33.64852359993889,33.3800082321095,33.50299072265625,10694000
2018-05-03,33.37592203389085,33.636239930492884,33.107406552170374,33.423065185546875,10460400
2018-05-04,33.451755246485256,33.847356681891505,33.42511075402982,33.63418197631836,6462400
2018-05-07,33.6731224536132,33.6854203909912,33.38820876962322,33.48249816894531,7877200
2018-05-08,33.330818640655345,33.33286725447676,32.70154702780901,32.77738952636719,8817600
2018-05-09,32.82452698833357,32.85527182861084,32.357186650194194,32.4453239440918,8864800
2018-05-10,32.74254038117464,32.851176326062244,32.48837155347581,32.84297561645508,7849600
2018-05-11,32.945465653599975,33.06845128789834,32.78558620560487,32.94751739501953,4292800
2018-05-14,33.01105543387351,33.02745372527192,32.66669756981544,32.83682632446289,4741600
2018-05-15,32.64210414970846,32.777387718171646,32.29364903235393,32.560115814208984,6076400
2018-05-16,32.5109261514338,32.59291450008512,32.11122747836233,32.215763092041016,6155200
2018-05-17,32.29160065769327,32.34899625171235,31.982091062110797,32.06203079223633,5956400
2018-05-18,32.072276624583566,32.254703328730216,31.816059167767794,32.06817626953125,6256800
2018-05-21,32.19115632665319,32.906513340535156,32.18090700462411,32.84092330932617,8385200
2018-05-22,32.931124951519976,33.068457161876644,32.62571255294296,32.67900466918945,6550000
2018-05-23,32.812231541976146,32.97825994737973,32.67079901066068,32.85322570800781,9017200
2018-05-24,32.82249231176434,33.1401995550463,32.79174433077689,33.041812896728516,6408800
2018-05-25,33.043849591470966,33.40870294725852,33.017201978947526,33.291866302490234,6498000
2018-05-29,33.13404043209646,33.71616887394637,33.13404043209646,33.560386657714844,7674000
2018-05-30,33.48454800674555,33.958037379034984,33.421006576199986,33.87604904174805,8811600
2018-05-31,33.7756095501249,34.15276089338648,33.664924985692174,33.986732482910156,10660000
2018-06-01,33.95803635899,33.95803635899,33.20988263884261,33.427154541015625,7797200
2018-06-04,33.53859729702168,33.65829730625686,33.16298974653559,33.26205062866211,7173600
2018-06-05,33.307463763485394,33.313654873579935,32.80389914853214,32.87613296508789,8493200
2018-06-06,32.880261041928875,33.01853441425998,32.149678568311344,32.2219123840332,10116800
2018-06-07,32.23428227258757,32.535593342073014,32.083626737844845,32.273494720458984,7104400
2018-06-08,32.333345851616926,32.47574763777378,32.23634762478802,32.36017608642578,7227600
2018-06-11,32.40559042825662,32.43654597942179,32.00108671485714,32.07125473022461,6426000
2018-06-12,32.071249329981164,32.51496543286884,32.044422239851784,32.4860725402832,7450800
2018-06-13,32.53147796168372,32.75023889645922,32.34367257462577,32.43035125732422,6272000
2018-06-14,32.43447211879592,32.847229453525046,32.24253832062083,32.777061462402344,8846000
2018-06-15,32.72754116626921,32.94836478188651,32.37050682564142,32.925662994384766,16682000
2018-06-18,32.94217979528713,33.17951728130466,32.845181516938354,33.105220794677734,6415600
2018-06-19,33.15267468171953,33.660367676051926,33.15267468171953,33.63972854614258,9922400
2018-06-20,33.74911838769218,33.74911838769218,33.46638049406006,33.577823638916016,5251600
2018-06-21,33.56749442480846,33.96374430153486,33.53653887932471,33.716087341308594,7038000
2018-06-22,33.77181312522182,33.93485092605882,33.594327302631385,33.908023834228516,8840800
2018-06-25,34.04009669566741,34.4342806921808,33.92865045574052,34.341407775878906,7033200
2018-06-26,34.32697087976184,34.7376656423567,34.32697087976184,34.41777801513672,7905200
2018-06-27,34.535419459626276,34.80577511976249,34.456997675574975,34.688140869140625,8846000
2018-06-28,34.71702776458258,34.987383377965116,34.37443834115754,34.42603302001953,7838400
2018-06-29,34.39094417045763,34.710831764146334,34.23203170020913,34.471431732177734,6784400
2018-07-02,34.59733186642119,34.923410653689,34.46731225244191,34.880069732666016,6444400
2018-07-03,34.875945426055914,34.929602766352595,34.59320440260751,34.787200927734375,5366400
2018-07-05,34.81402449131623,34.83878892837915,34.55398530579898,34.78306579589844,9321200
2018-07-06,34.85117532927882,35.21852921887968,34.797517992840206,35.14836120605469,6277600
2018-07-09,35.11120745135301,35.1648647769495,33.996760638631116,34.118526458740234,9356000
2018-07-10,33.91215256701105,34.731473183055584,33.74498315963559,34.556053161621094,7404400
2018-07-11,34.60971056854385,34.93785197618158,34.547796322986514,34.75624084472656,5583200
2018-07-12,34.77274703979492,34.90895458356396,34.54366656511158,34.77274703979492,7370000
2018-07-13,34.80989787554865,35.00595702720211,34.650985381453204,34.985321044921875,6308800
2018-07-16,34.98531055324237,35.09469098870259,34.82020699906652,34.98118209838867,5545600
2018-07-17,35.020390664378404,35.22883194960076,35.00800845027839,35.127708435058594,5195200
2018-07-18,35.102953072060885,35.150422441412246,34.88006369344076,34.96467971801758,4843600
2018-07-19,35.0823137449872,35.39394442520478,35.02246216293589,35.13597106933594,6447200
2018-07-20,35.06374564161,35.131851001710345,34.743861123230495,35.07819366455078,4944800
2018-07-23,35.160747926512315,35.19996039431283,34.73147973279021,34.842926025390625,6605600
2018-07-24,34.63446362918375,35.17930309320069,34.30425655743917,35.127708435058594,9324000
2018-07-25,34.8821236121648,34.999757816292615,34.364111136131875,34.62002182006836,10608800
2018-07-26,34.752109469179466,34.9626166267546,34.541602311604336,34.70464324951172,7826800
2018-07-27,34.64273106684641,34.770684861850505,34.304270101763585,34.461116790771484,6894800
2018-07-30,34.4074430310076,34.502375430656514,34.20725552202859,34.30631637573242,6059200
2018-07-31,34.47762215868164,34.615895497921954,34.246479042230824,34.576683044433594,6672400
2018-08-01,34.47969794775868,34.727351808414404,34.14536224423825,34.6509895324707,8429600
2018-08-02,34.778928906093896,35.005943518105454,34.42808585183013,34.97085952758789,7048800
2018-08-03,34.94199154450187,35.48270295287407,34.84705906700112,35.32172775268555,5184000
2018-08-06,35.2205855151406,35.51158020336473,35.202012190127654,35.292816162109375,3531200
2018-08-07,35.28661661602509,35.28661661602509,34.991496692204144,35.214385986328125,4073600
2018-08-08,35.10501956919548,35.27837692852301,34.91721418871273,35.10089111328125,3776000
2018-08-09,35.1194608124949,35.2948839561983,34.99976079606381,35.25979995727539,3419600
2018-08-10,35.387756229439496,35.71589760933342,35.24948287720285,35.276309967041016,4484000
2018-08-13,35.32171007053627,35.577620769206256,35.29075452795427,35.35266876220703,6452000
2018-08-14,35.38569556908456,35.608581808256744,35.35060841662396,35.48475646972656,4366800
2018-08-15,35.55904958300059,35.893382059355716,35.50126380064511,35.65604782104492,6485600
2018-08-16,35.61478289223436,36.12866397143278,35.46825259210578,36.072940826416016,6614400
2018-08-17,36.12864633631691,36.25040898528666,35.87686412880314,36.15134811401367,5126000
2018-08-20,36.147229399324274,36.24216499047944,35.88513070785101,35.97180938720703,4678800
2018-08-21,36.01102366033946,36.01102366033946,35.530160869203655,35.627159118652344,4931600
2018-08-22,35.68907316612608,35.74066784992544,35.31552815927309,35.437294006347656,5132800
2018-08-23,35.50126775549545,35.71177177934534,35.37537661224907,35.420780181884766,4972400
2018-08-24,35.530162250672774,35.67049827289542,35.30727284853435,35.641605377197266,5074800
2018-08-27,35.76747972695535,35.86860638894677,35.2081954052476,35.38568115234375,5547600
2018-08-28,35.3526648836704,35.38774887777719,35.02658622486276,35.19994354248047,6960800
2018-08-29,35.31628794741313,35.49286027421013,35.29343744829491,35.42430877685547,5860000
2018-08-30,35.388995821046656,35.6299641504885,35.37237698766601,35.486629486083984,6477200
2018-08-31,35.505321305574775,35.68812528667386,35.189569839054,35.334983825683594,7193600
2018-09-04,35.36406703092476,35.47000852142755,35.15010471479755,35.32044219970703,6797200
2018-09-05,35.31419996536054,35.70057898588788,35.24149299166261,35.65072250366211,7756400
2018-09-06,35.81691750414178,36.313393619923374,35.76706100814081,36.10774230957031,8914800
2018-09-07,35.78575251296756,36.041260271753615,35.62372289327714,35.75043869018555,7582000
2018-09-10,35.8875356931381,35.93531601117543,35.6569546107694,35.73589324951172,6013200
2018-09-11,35.754583003520054,36.01217003923876,35.750430674512586,35.76081466674805,8125200
2018-09-12,35.77951399032533,35.9456959081014,35.67149320799736,35.83352279663086,7226000
2018-09-13,35.8917002837836,36.28846657308614,35.71097563848287,36.269771575927734,8164800
2018-09-14,36.17212736003104,36.22198067123274,35.731736369540805,36.07241439819336,6674800
2018-09-17,35.89169744818706,36.15759239693779,35.81691429574355,36.11604690551758,6198800
2018-09-18,36.11189959543499,36.192914431479345,35.9000165902227,36.02880859375,4172400
2018-09-19,36.00594861958916,36.053725774501835,34.8426558837528,35.141788482666016,9291600
2018-09-20,35.04001125203505,35.21658360634345,34.57054103394416,35.162574768066406,8137200
2018-09-21,35.237350570338535,35.60087920161278,34.886285270695936,35.472084045410156,16923200
2018-09-24,35.41807040944644,35.422225909332134,34.99014584303259,35.0670051574707,8995600
2018-09-25,35.141780539051645,35.141780539051645,34.51028099387354,34.659847259521484,7246400
2018-09-26,34.76372137371974,34.76372137371974,34.12391066813123,34.16130065917969,8836800
2018-09-27,34.20492529197072,34.60169154435041,34.11975497543979,34.39811325073242,9672400
2018-09-28,34.49989575023418,34.821878789183,34.49989575023418,34.81564712524414,9424800
2018-10-01,34.77202529898212,34.77825696345702,34.54767586873353,34.688934326171875,5196000
2018-10-02,34.823963504597714,35.26435143623488,34.79903684272178,35.17710494995117,5572400
2018-10-03,35.10024323463898,35.54271047105708,34.59545617806488,34.94860076904297,9156000
2018-10-04,34.93405965794266,35.168796284093304,34.52275389816717,35.158409118652344,9448000
2018-10-05,35.18747857380196,35.88960886379463,35.18747857380196,35.806514739990234,8373200
2018-10-08,35.85014632224323,36.23860151903179,35.72966219725849,36.003868103027344,6803600
2018-10-09,36.064112189391814,36.242760645043134,35.85430540938407,36.08903884887695,5881200
2018-10-10,36.08903499328978,36.48995668557641,35.85014607949862,35.885459899902344,7882800
2018-10-11,36.03710117788885,36.15550913339324,35.075310719952945,35.12516403198242,8446000
2018-10-12,35.1521655596176,35.27472582908628,34.87380737040226,35.18124771118164,6944400
2018-10-15,35.162554917522215,35.434681460519926,34.99636982547046,35.23941421508789,6965200
2018-10-16,35.39729608502604,35.80029399162132,35.24357745612684,35.582176208496094,4700400
2018-10-17,35.55309497784531,35.64657629428315,35.22280404689943,35.48454666137695,3537600
2018-10-18,35.555183817278476,35.748371827494935,35.42223630936174,35.64035415649414,4088400
2018-10-19,35.652807750177196,36.246917457252465,35.58425626439339,36.032955169677734,7297200
2018-10-22,36.0599481586477,36.074490819718676,35.71096232954692,35.86676025390625,5971600
2018-10-23,35.08984768813585,36.23652132807271,35.08984768813585,35.445068359375,8898800
2018-10-24,35.592562656217986,36.733004868631006,35.46377068979628,36.47749710083008,8558800
2018-10-25,36.32169259500064,36.39855189405139,35.702653194389725,35.97893524169922,8854400
2018-10-26,36.165902443583576,36.313389409694686,35.046234521337226,35.29135513305664,8519600
2018-10-29,35.370286686681986,35.93115861782775,35.33081736939135,35.89168930053711,6566800
2018-10-30,36.086957190382776,36.25729462046384,35.58840505826772,36.05164337158203,7572800
2018-10-31,35.895842600655335,36.15342647503839,35.52815860965613,35.83352279663086,9051600
2018-11-01,36.04541366430178,36.04541366430178,35.17502196572981,35.411834716796875,9389200
2018-11-02,35.538565107670834,35.68397594969808,34.63909088308419,34.92991256713867,11806400
2018-11-05,34.93820328359096,35.642409752985884,34.93404778488333,35.46168518066406,8274000
2018-11-06,35.43052183625565,35.644484047580484,35.21032796205469,35.61748123168945,5963600
2018-11-07,35.845996861904126,36.118123478958054,35.669427728942885,36.0495719909668,6530000
2018-11-08,36.0495644820035,36.149277445430755,35.65695380144562,36.13681411743164,6676400
2018-11-09,36.21160346618234,36.77662784059751,36.066189495338726,36.676918029785156,8160400
2018-11-12,36.60005784558576,37.389434822602325,36.47957370759271,37.07783889770508,8538800
2018-11-13,37.19209084951053,37.281416669261816,36.8306415795102,37.113155364990234,7297600
2018-11-14,36.909579454704264,37.02798744373095,36.38610051189034,36.730934143066406,12378000
2018-11-15,36.61667110993057,37.223244037838384,36.28222474125115,37.22116470336914,10935600
2018-11-16,37.42889410474715,37.516143737049724,37.04251827174729,37.47251892089844,7948000
2018-11-19,37.42474419115719,37.821510382351775,37.221165928932905,37.809043884277344,7018400
2018-11-20,37.93575473018454,38.14971695835524,37.090292979685316,37.13599395751953,9752800
2018-11-21,37.07991321249402,37.07991321249402,36.53981236840262,36.59797668457031,5978800
2018-11-23,36.59797240040248,36.93449809851319,36.41517164372453,36.83686447143555,4360800
2018-11-26,36.855562383482194,36.96981484653241,36.496189335812794,36.7745475769043,7455200
2018-11-27,36.88673248856846,37.01552447532644,36.60213934692974,36.97605514526367,9084800
2018-11-28,37.092384055458616,37.23156320946157,36.81194958206813,36.98644256591797,7868400
2018-11-29,37.015706976182784,37.10768236172314,36.553740858665165,37.02406692504883,6867200
2018-11-30,37.141130291369805,38.05042874994043,37.044976513396904,37.98353958129883,15807200
2018-12-03,37.71178905075344,38.148668932198355,37.51111519705477,38.14657974243164,9724800
2018-12-04,38.14866292315247,38.497748935368236,37.96053380649561,38.079681396484375,10024800
2018-12-06,38.13193676918223,38.257358296591704,37.35014938614736,38.182106018066406,11354400
2018-12-07,38.03995677015562,38.50401189955389,37.801658448810684,38.223907470703125,10121600
2018-12-10,38.161216676603246,38.33262595352258,37.55919820688121,38.171669006347656,10441600
2018-12-11,38.111036876312696,38.428765896850884,37.870646137150516,38.24899673461914,12055200
2018-12-12,38.249007514099254,38.401604499307496,37.88110913892944,37.89992141723633,11912400
2018-12-13,37.90618738332368,38.29499036718231,37.90618738332368,38.08595657348633,12916400
2018-12-14,38.006528229048385,38.138217358214234,37.60518051371575,37.88528823852539,9227600
2018-12-17,38.11939966185439,38.11939966185439,36.55373552548786,36.71678161621094,13147600
2018-12-18,36.84219831770117,37.17038283514293,36.6686999230131,36.789939880371094,11764000
2018-12-19,36.894465403809264,37.03660685565887,36.29662861302462,36.4805793762207,13437600
2018-12-20,36.476387229429335,36.90490702964384,36.035325915288844,36.56209182739258,13112400
2018-12-21,36.45548914949027,37.325070420553175,36.213012394153466,36.39487075805664,24148400
2018-12-24,36.46595153937545,36.66035466271479,34.89192703160281,35.13440704345703,6630000
2018-12-26,35.132310927150286,35.61308609672205,34.444587965788095,35.606815338134766,8393600
2018-12-27,35.64862955192045,35.987266540527344,35.10723267362117,35.987266540527344,9961600
2018-12-28,36.07923748917372,36.449225042587805,35.874382055411296,36.10432052612305,6924000
2018-12-31,36.164935167896544,36.3781505286026,35.8033076012029,36.33425521850586,6417600
2019-01-02,36.095942574546164,36.22554565467191,35.328789176505055,35.50019836425781,10549600
2019-01-03,35.51691996620538,35.778212114995185,35.257717006349374,35.41240310668945,9260800
2019-01-04,35.358059141066484,36.077135784031604,35.255634640264084,36.06459426879883,10848800
2019-01-07,35.88065204000501,36.150307439800066,35.640264435489456,36.01234436035156,9478000
2019-01-08,35.9851656632224,36.327980951148405,35.863928871904406,36.27572250366211,10599600
2019-01-09,36.27990298194745,36.371878357094886,35.96426311687551,36.11894607543945,7047600
2019-01-10,36.225546262082574,36.710502859970155,36.0687709636514,36.66242599487305,11384800
2019-01-11,36.61017736579408,36.819211153012176,36.29871587458222,36.72932815551758,8860000
2019-01-14,36.50147482632024,36.50147482632024,35.39986918723845,35.792850494384766,15355600
2019-01-15,35.826297986682164,36.750226874395246,35.69251650044321,36.52238082885742,9261200
2019-01-16,36.37604394116692,36.562083799290214,36.127293337581634,36.51400375366211,7059200
2019-01-17,36.60808587902267,36.77322115713765,36.46385206455645,36.6833381652832,8200800
2019-01-18,36.87355010102048,36.91744858941769,36.60389798247159,36.80875015258789,7414400
2019-01-22,36.670788926802935,37.197554865514704,36.6310751938985,37.078407287597656,8654400
2019-01-23,37.19547367654271,37.51320593533129,36.829664538401424,37.496482849121094,9089200
2019-01-24,37.47139311725526,37.81002999950695,37.199651763184725,37.684608459472656,9812800
2019-01-25,37.31252685288521,37.519471427384865,36.35515183155473,36.41368103027344,15254400
2019-01-28,36.81293817081405,36.81293817081405,35.90573235459344,36.05205535888672,11976800
2019-01-29,36.17955930170681,36.25271919532756,35.89945486180678,36.13357162475586,7924400
2019-01-30,36.00398485697878,36.503575539101156,35.974720250939924,36.28617858886719,8345600
2019-01-31,36.2548263518611,37.47767228849668,36.236014073513545,37.412872314453125,12519600
2019-02-01,37.285353292221856,37.442128622909024,36.8944611550479,37.170387268066406,8934000
2019-02-04,37.021975378617306,37.24773225886335,36.817123153609856,37.228919982910156,11302000
2019-02-05,37.11813479067364,37.35434082461259,36.95090710647426,37.243553161621094,7956800
2019-02-06,37.36060910418509,37.467218380458334,37.12440308592232,37.228919982910156,6647200
2019-02-07,37.2080074521113,37.929173250762744,37.18292442281619,37.90827178955078,8516800
2019-02-08,37.87900609528788,38.33051655753466,37.839289173652794,38.25526428222656,7322400
2019-02-11,38.13193513896106,38.44757494365797,38.11103367835436,38.25526428222656,7404400
2019-02-12,38.2531798926015,38.54791827367198,37.97725378531794,38.30961990356445,7004800
2019-02-13,38.26571613074747,38.43294376152736,38.134023853198016,38.22182083129883,5726400
2019-02-14,38.328444383704166,38.55420130984993,38.15703510678484,38.171669006347656,6408000
2019-02-15,38.58972037806402,38.69423725215123,38.31588667829183,38.4705696105957,8813200
2019-02-19,38.48938494180037,38.8405601065363,38.336788009636,38.74858474731445,9774000
2019-02-20,38.68796861300642,38.90118394090621,38.47057171682569,38.80502700805664,10203200
2019-02-21,38.64825890966612,39.06214493795634,38.57927737335064,38.997344970703125,8274800
2019-02-22,39.05377884303318,39.327612565865856,38.83011118264182,39.325523376464844,6735200
2019-02-25,39.392409602994356,39.588901838597096,38.94507750497186,39.27326202392578,7555600
2019-02-26,39.33597940413732,39.511570222249205,39.120674842836195,39.346431732177734,7644400
2019-02-27,39.26225540745472,39.45374857849568,39.15703980282897,39.31065368652344,7288000
2019-02-28,39.3527401000947,39.716788411495465,39.15283108935629,39.50214767456055,12454000
2019-03-01,39.46005569272366,39.683112229323804,39.2643530260391,39.46847152709961,6865600
2019-03-04,39.60946208403089,39.676801606226924,39.260148748145674,39.611568450927734,8609200
2019-03-05,39.63892551628943,39.81569017083482,39.56527652024381,39.6284065246582,7666800
2019-03-06,39.57369028594361,39.76518344531245,39.34642420849355,39.4705810546875,7155600
2019-03-07,39.615775993312866,39.7988533181414,39.43059872337256,39.54633331298828,9411200
2019-03-08,39.68942835685761,39.86198026942188,39.33379911872576,39.70836639404297,6972800
2019-03-11,39.68942915763501,39.9356332787879,39.65786576168925,39.876712799072266,7135600
2019-03-12,39.98192110465032,40.268107615731125,39.86197380009249,40.16920471191406,7140400
2019-03-13,39.95457478823817,40.30178822843951,39.868300428181115,40.18605041503906,4916000
2019-03-14,40.22602778310561,40.43856213294052,40.02611879115244,40.188148498535156,5816800
2019-03-15,40.14186102666232,40.390171552369445,39.984037601222255,40.24287033081055,14402000
2019-03-18,40.291260916122155,40.398579668980105,40.00928388717564,40.165000915527344,7469200
2019-03-19,40.093457748590964,40.11029263051901,39.516875083525534,39.666282653808594,8080800
2019-03-20,39.779916287613524,40.228135812263204,39.52739946661358,39.95457458496094,8669200
2019-03-21,40.0429569543377,40.4617162538971,39.95036991121606,40.38385772705078,7499200
2019-03-22,40.45539893280531,41.14982254756909,40.45539893280531,40.808921813964844,9486000
2019-03-25,40.918342384037715,41.05512457784417,40.72895560605955,40.741580963134766,7038400
2019-03-26,40.78578083498929,41.103530823073996,40.61743521584103,41.034088134765625,6093200
2019-03-27,41.08668228819833,41.097204487947444,40.58585512064659,40.80680847167969,6116800
2019-03-28,40.804715057506236,40.905721135177096,40.25969901618963,40.385955810546875,9324000
2019-03-29,40.388062402882596,40.71212827891452,40.25549291807462,40.680564880371094,12039200
2019-04-01,40.70159905678879,40.771041732534556,40.02611675704133,40.08503723144531,9640400
2019-04-02,40.13133789085667,40.19236152958653,39.710475466463095,39.87250518798828,9960400
2019-04-03,39.79463011549226,40.04083414604967,39.53790388651634,39.83671569824219,8202800
2019-04-04,39.97771865175908,39.990344010066245,39.44111844722753,39.64523696899414,7106800
2019-04-05,39.851455234712816,40.05346735590494,39.56105919820876,39.998756408691406,6452800
2019-04-08,39.86409300284699,39.944057898300684,39.525298591748175,39.69574737548828,5772800
2019-04-09,39.695735545687214,39.96929670725492,39.67258798868706,39.9208984375,6617200
2019-04-10,39.92931658226414,40.280736269113255,39.645233203632976,39.6915283203125,5291600
2019-04-11,39.69153686001252,40.01980905915018,39.64524173337252,39.99034881591797,5738400
2019-04-12,39.84936040619348,40.20288653702814,39.65576406277777,40.16080093383789,4768400
2019-04-15,40.21550624033384,40.417521602528325,40.12501915582295,40.22602844238281,5872800
2019-04-16,40.204994570139334,40.46803363564158,39.85988744463743,39.88093185424805,6523200
2019-04-17,39.92932382522608,40.09766944269541,39.77991624685407,39.90827941894531,8045600
2019-04-18,39.85986580253899,40.125007880671745,39.82198973891617,39.84724044799805,6670800
2019-04-22,39.80727408509562,40.156590686033766,39.782023365822,40.06189727783203,7303600
2019-04-23,40.162895602954485,40.29125875266077,39.5778971727324,39.9377326965332,8818000
2019-04-24,39.93141880262118,40.213399018769735,39.80305565682163,39.99454879760742,6187200
2019-04-25,39.8619819241416,40.34387118536352,39.82620900433141,40.08293533325195,5898400
2019-04-26,40.276537605960506,40.69529692486016,40.2533900413796,40.341773986816406,5653600
2019-04-29,40.40910396263419,40.59217808314085,40.11029203741198,40.354393005371094,7094400
2019-04-30,40.35228343884268,40.96042944348297,40.247067844884675,40.91624069213867,10643600
2019-05-01,40.72054156512251,41.04250105380796,40.59849108018761,40.670040130615234,8541200
2019-05-02,40.579553999373054,40.7962978900467,40.09977109468523,40.3438720703125,10035600
2019-05-03,40.31229804803513,40.535354559380885,40.15236831467431,40.48905944824219,6694800
2019-05-06,40.44487543789986,40.68266371810403,40.15868888142479,40.17131423950195,6730000
2019-05-07,39.94195046356226,40.14185948592822,39.742041441196285,39.929325103759766,7748400
2019-05-08,39.897754275865786,39.98402862209496,39.41376190435355,39.53581237792969,7887200
2019-05-09,39.65576047294188,39.81569024588318,39.45164194447499,39.689430236816406,6872400
2019-05-10,39.678919322145006,40.4448890081047,39.577913212712495,40.352298736572266,6420000
2019-05-13,40.28073586283498,41.12035742222687,40.20919003266098,41.01934814453125,10632800
2019-05-14,41.01725578839202,41.393929495760055,40.72054697752294,41.01304626464844,8954400
2019-05-15,41.07828325993054,41.27187961300042,40.92256298834295,41.00463104248047,7071600
2019-05-16,40.92676350058444,41.6485409445949,40.785774987901135,41.478092193603516,8465600
2019-05-17,41.20874408017115,41.972610397011834,41.16455211343494,41.87160110473633,6821600
2019-05-20,41.93473497807608,42.21460889742211,41.86318913097504,41.949466705322266,5464000
2019-05-21,41.98102303125942,42.294566664969814,41.831615471323545,41.85476303100586,6069200
2019-05-22,41.97892494408622,42.58075835757071,41.79584760052002,42.492374420166016,6706800
2019-05-23,42.56181867377528,42.883778193127135,42.56181867377528,42.82906723022461,8216000
2019-05-24,42.86904710661717,43.0815814764951,42.74068393783878,42.79539489746094,5559200
2019-05-28,42.87956563028342,42.94690194320029,42.28193859442312,42.33244323730469,7048400
2019-05-29,42.44607732443756,42.56602143468621,41.76427910364067,41.81688690185547,7214400
2019-05-30,41.89895880334305,42.09676465662411,41.76217979973831,41.86318588256836,6462800
2019-05-31,41.99023521534932,42.22317442856665,41.63447703286593,41.973297119140625,9161600
2019-06-03,42.12576539276106,42.28035380414414,41.782712375334555,42.26341247558594,6806000
2019-06-04,42.382007143050664,42.41800626183011,41.583664240622156,42.2210693359375,7811600
2019-06-05,42.45823373304179,43.37939870004042,42.358705445343894,43.33704376220703,7546400
2019-06-06,43.41115240568802,43.70973720504611,43.17609676829105,43.57209014892578,5614400
2019-06-07,43.81350709387037,44.14597460989892,43.281986236572266,43.281986236572266,6242800
2019-06-10,43.220575907947875,43.34551456911714,42.66575790722193,43.076576232910156,7104800
2019-06-11,43.0299896848936,43.15916448984152,42.51329046510193,42.76952362060547,4606800
2019-06-12,43.057522565582,43.47680997988648,42.94316939635368,43.31587219238281,5236000
2019-06-13,43.326465786354895,43.517050114804185,43.04058606245231,43.362464904785156,6806400
2019-06-14,43.55092670217163,43.90456847282914,43.40057442266627,43.82621765136719,5525200
2019-06-17,43.887630091956446,44.046451431251825,43.4641065205021,43.70127868652344,6233600
2019-06-18,44.01044192605344,44.03585230034908,43.171864030793124,43.50009536743164,6576400
2019-06-19,43.260809985469294,43.849510670823605,43.25445739095362,43.67374801635742,6602800
2019-06-20,43.76268506170753,43.932095111945046,43.35186674003065,43.703392028808594,8883600
2019-06-21,43.86220563839754,44.145965564732265,43.50009167924846,43.95114517211914,12560800
2019-06-24,44.12267736298159,44.18408684735473,43.80715119936397,44.08879470825195,6009200
2019-06-25,44.12691991401777,44.23915339679224,43.61233711813236,43.66951370239258,6954000
2019-06-26,43.495858659376935,43.673740970804026,42.991867932145084,43.00245666503906,7394400
2019-06-27,43.368812636707105,43.50857618521803,43.11893205925773,43.31587219238281,7529200
2019-06-28,43.19304766047826,44.09515162020733,43.04057893049192,43.38151550292969,11647600
2019-07-01,43.27776231211805,43.381526767622525,42.57683120179351,43.20364761352539,8478800
2019-07-02,43.36245025924684,44.02526227542029,43.35821411991265,43.97444152832031,6696000
2019-07-03,44.02314783107848,44.355615312596974,43.974443535808405,44.201026916503906,5654400
2019-07-05,43.92787171026384,44.14598612265381,43.4810541484183,44.06975173950195,4196400
2019-07-08,44.17562287377499,44.328091606344756,43.9236258510214,44.28573989868164,4322400
2019-07-09,44.09727122401192,44.258209002597425,43.87068458387037,44.08032989501953,7276000
2019-07-10,44.13750134663632,44.6436150465393,43.951153198192166,44.3598518371582,5922000
2019-07-11,44.383153335595814,44.62244519522725,44.165038947715814,44.55467987060547,5830400
2019-07-12,44.44878776360955,44.525022118967264,44.00197036466834,44.201026916503906,6283200
2019-07-15,44.18832163647473,44.38949464203832,43.98079603724697,44.2264404296875,8714000
2019-07-16,44.186208149538494,44.349262372838794,43.79233115977121,44.021034240722656,4281600
2019-07-17,44.194679320449794,44.753730245882394,44.194679320449794,44.45091247558594,6556800
2019-07-18,44.52503313705826,44.99514457289254,44.2582144428936,44.96973419189453,4413200
2019-07-19,44.85115214900698,44.99938477023965,44.34292186462934,44.412803649902344,5843600
2019-07-22,44.472093643062706,44.616093344673345,43.98927700637326,44.334449768066406,6547600
2019-07-23,44.345026011382046,44.36408379217043,43.819854578432334,43.89820861816406,6337200
2019-07-24,44.11843938522314,44.491142109265596,43.73726761346502,44.482669830322266,6080000
2019-07-25,44.07608355487789,44.35137443264717,43.84314437417449,43.96808624267578,7010000
2019-07-26,44.07609036864028,44.41702691425147,44.004092149375275,44.29420471191406,4324800
2019-07-29,44.448785899813885,44.796075008275025,44.31749466101381,44.7621955871582,5274000
2019-07-30,44.76432482054348,44.971850470749104,44.103629067350106,44.34080123901367,6447200
2019-07-31,44.44243398228789,44.5059631485929,43.667388493295164,43.87067794799805,8446000
2019-08-01,43.75633145841238,44.81090406919686,43.724565257159746,44.5250244140625,7507600
2019-08-02,44.70714577676057,45.15396325998228,44.47420975845024,44.768558502197266,6912800
2019-08-05,44.80031225260393,45.029015314728106,43.8558567216092,44.057029724121094,8838400
2019-08-06,44.076091557742146,44.925255032074965,43.75844892523284,44.76643371582031,7171600
2019-08-07,44.76431417106153,45.31701244271951,44.181969384998546,45.077720642089844,6892800
2019-08-08,45.15184344711012,45.7193634219882,44.72620346595156,45.57536697387695,5971200
2019-08-09,45.71089091006592,45.990414736316275,45.53089213233577,45.84218215942383,5828800
2019-08-12,45.97560218887761,45.97560218887761,45.45043385633229,45.62407684326172,3922400
2019-08-13,45.61136421312833,45.96288950140612,45.48218941351917,45.66006851196289,7496800
2019-08-14,45.76172156083475,46.15983150660961,45.47160572746979,45.52031326293945,9558000
2019-08-15,45.45043245825966,46.13653856627231,45.37843099640277,45.98406982421875,7865600
2019-08-16,46.22547482847654,46.541001025448224,45.82524521695463,46.064537048339844,10488400
2019-08-19,46.01794651181508,46.50499919508735,45.87183038371061,46.36735534667969,5632400
2019-08-20,46.5452346336046,46.5452346336046,46.0348880259464,46.40335464477539,8316000
2019-08-21,46.55793549628313,46.87134196142572,46.40758324169208,46.854400634765625,7483600
2019-08-22,46.83534141271548,46.962399743142385,46.488052304939856,46.930633544921875,9159600
2019-08-23,47.123343956034425,47.476985705698965,46.72099790656,46.989933013916016,10485600
2019-08-26,47.11698818880176,47.368985181954045,46.92428422565851,47.35416030883789,7455200
2019-08-27,47.48333252974268,47.767095707958,47.41345077004077,47.436744689941406,9541200
2019-08-28,47.517676591621786,47.69655386342967,46.88521464903813,47.10242462158203,11356800
2019-08-29,47.385633466413026,47.385633466413026,46.68076950778126,47.087501525878906,8512000
2019-08-30,47.23444794589,47.266392401569,46.60411764588522,46.65309524536133,11786800
2019-09-03,46.595599563648285,48.03940063163899,46.595599563648285,48.03301239013672,9718400
2019-09-04,48.03939712927334,48.11819085098991,47.451656208395306,47.72636032104492,8909600
2019-09-05,46.674384604297394,47.134357435034346,46.55087645006866,46.80854415893555,17661200
2019-09-06,46.872434085320215,47.068347734917815,46.58495022758385,46.878822326660156,9130400
2019-09-09,46.67865216607858,47.03853828478529,46.61263816785143,46.82558822631836,8297600
2019-09-10,46.69569230104856,46.77661436954313,46.07600680142599,46.44866943359375,11094800
2019-09-11,46.42737301050524,46.9746529752677,46.30598991656148,46.86178970336914,8818000
2019-09-12,47.247215457904545,47.32813749769552,46.78937425767049,47.00658416748047,8671200
2019-09-13,46.86178808403813,46.87456456730439,46.378390554518475,46.52745819091797,8213200
2019-09-16,46.54449720921501,46.653100572461135,46.265529894947306,46.48912811279297,5033600
2019-09-17,46.51681487656274,47.34519053786935,46.51681487656274,47.3217658996582,7596800
2019-09-18,47.45804161800281,47.74126553470992,47.1407449182273,47.679508209228516,7681600
2019-09-19,47.85839033450914,47.998934883100034,47.60710761247413,47.892459869384766,5906800
2019-09-20,47.956350330937184,48.126711019817364,47.62414877476877,48.06708526611328,19007200
2019-09-23,48.007465278312566,48.22467526395665,47.87969393396658,47.973392486572266,6634000
2019-09-24,48.10115274952935,48.695281890336034,47.99041782656426,48.66120910644531,8674400
2019-09-25,48.74426213021271,48.86990512145467,48.448261708996014,48.8443489074707,8423600
2019-09-26,48.97639248033329,49.572650134201886,48.88908216338806,49.34479522705078,8703600
2019-09-27,49.457644054888355,49.52578962361244,49.01044769587536,49.246822357177734,7501200
2019-09-30,49.408676360971555,49.7131934026714,49.351178932006604,49.615238189697266,8937600
2019-10-01,49.43848548074506,49.653563866230066,49.11692881854632,49.41080093383789,6727600
2019-10-02,49.3384015839902,49.50663070734106,48.66547859186644,48.78899002075195,8138400
2019-10-03,48.735753030930965,49.040270070592996,48.67186736021524,49.01471710205078,8017600
2019-10-04,49.001938544601934,49.800501271362414,48.978513907975895,49.743003845214844,6552800
2019-10-07,49.71318770818065,49.7919814349545,49.22766186208377,49.52153396606445,6154000
2019-10-08,49.434231102285764,49.442747675708816,48.97000149076167,48.972129821777344,6968000
2019-10-09,49.45338474302708,49.8878046255019,49.1914571149629,49.69401931762695,6004000
2019-10-10,49.40867504174043,49.58755231667727,49.0296241856009,49.404415130615234,7465600
2019-10-11,49.35969182301029,49.485334824984754,48.66973572434086,48.88055419921875,8301600
2019-10-14,48.980645035298046,49.05943877173521,48.45678967627595,48.74427032470703,4711600
2019-10-15,48.83796544729014,48.94018381451325,48.30346197229602,48.454654693603516,5672400
2019-10-16,48.48232993444908,49.050906089376284,48.25021519598565,48.9593391418457,7662000
2019-10-17,48.8230573059336,49.317099716406005,48.8230573059336,49.21062469482422,5366400
2019-10-18,49.231918204084835,49.570507973647494,49.04452113694392,49.506622314453125,8784400
2019-10-21,49.491717683956026,49.625873994462005,49.11692354829585,49.57476806640625,6488400
2019-10-22,49.785585657893556,51.08458212951997,49.61948489586389,50.307315826416016,12636800
2019-10-23,50.58627970509554,50.80987788394234,50.19445243416679,50.25620651245117,8912400
2019-10-24,50.25621141262341,50.611837603459044,50.004931915253024,50.58628463745117,6411200
2019-10-25,50.60118062965101,50.60756887003929,50.164635706108555,50.443599700927734,6072400
2019-10-28,50.362691324498634,50.40741226871244,49.54070392808632,49.666343688964844,7164400
2019-10-29,49.46191450132119,49.653568267803244,49.234056362892716,49.532188415527344,6861200
2019-10-30,49.68763922766182,50.39037509445639,49.61949364693404,50.1412239074707,4959200
2019-10-31,50.153999121071244,50.7885893910633,50.02622778512329,50.7545166015625,8228400
2019-11-01,50.82905597654108,50.8716453433908,50.062434375804344,50.19446563720703,8018000
2019-11-04,50.092232206588896,50.092232206588896,48.59306549814642,48.89332580566406,13459600
2019-11-05,48.426976185992196,48.82945168821345,47.85201164701329,48.36309051513672,9502400
2019-11-06,48.44614383398781,48.65909391677457,48.25449005922388,48.44401550292969,6976400
2019-11-07,48.25874785165282,48.26300776322924,46.9895671481589,47.50703430175781,12473200
2019-11-08,47.50915636698037,47.84774615888169,47.07047654456202,47.29194641113281,6431600
2019-11-11,47.35157878016691,47.5900818242366,47.213162531239384,47.3217658996582,6142800
2019-11-12,47.315367844036956,47.700806879730095,47.294071541221804,47.534706115722656,5798400
2019-11-13,47.892469292055374,48.59094525950141,47.892469292055374,48.533451080322266,7189200
2019-11-14,48.55260920187245,49.0040622476386,48.46955881610679,48.95082473754883,6329600
2019-11-15,49.06795659917519,49.3064596468193,48.627151627235776,49.280906677246094,7382400
2019-11-18,49.400155305118815,49.92401389618201,49.351177699854574,49.4384880065918,7002400
2019-11-19,49.42357312693616,49.90271070843584,49.21914291180438,49.54495620727539,6522400
2019-11-20,49.689767431156895,50.41805626417716,49.557739430535484,50.09011459350586,8506000
2019-11-21,50.1987255625623,50.313720434828376,49.85374744448529,50.07308578491211,4990000
2019-11-22,50.13270467334276,50.29241722451704,49.344790070754996,49.69828796386719,5016000
2019-11-25,49.802622773508624,49.94955881498302,49.353298077552836,49.523658752441406,7456400
2019-11-26,49.65355966479855,50.09436780043696,49.61735854848462,50.026222229003906,15634000
2019-11-27,49.9534395802012,50.05191879495427,49.78858996121082,49.89777755737305,8584000
2019-11-29,50.22747102300667,50.46724989921866,49.93202686000105,50.05834197998047,3557600
2019-12-02,50.034782295916486,50.034782295916486,49.46958700719214,49.508121490478516,7118000
2019-12-03,49.668697864735364,49.84425258901766,49.53810331295581,49.71793746948242,9249200
2019-12-04,49.59376531807858,50.19749847204993,49.56165324254486,50.15253829956055,6699200
2019-12-05,49.90847357012186,50.26600214434417,49.88920632601968,50.21676254272461,6413200
2019-12-06,50.18465302974353,50.40302167419378,49.99197077866479,50.18037033081055,6196000
2019-12-09,50.29812154388624,50.30454395910529,50.06262209671379,50.15468215942383,4560000
2019-12-10,50.173947171704405,50.30025902104614,50.05619745335953,50.193214416503906,4345600
2019-12-11,50.3109579339426,50.49507476173223,50.08402392296179,50.47794723510742,6212800
2019-12-12,50.422300588440805,50.56573999254842,49.83355515661837,50.07547378540039,6970400
2019-12-13,49.89990384917601,50.82048792824002,49.83353672953561,50.72842788696289,8345200
2019-12-16,50.79051874507578,51.274359120667604,50.61068134936104,51.26793670654297,14284800
2019-12-17,51.265807996240675,51.574093740629344,51.12879102093159,51.34288024902344,10374000
2019-12-18,51.537696482605554,51.59550148609522,51.11166102992916,51.44349670410156,8585600
2019-12-19,51.41352423898317,51.59978407945903,51.25937974115456,51.52056884765625,6882800
2019-12-20,52.25490247290904,52.45400389952697,51.42637815341464,51.96160125732422,16198000
2019-12-23,51.97657312699499,52.01511087978219,51.02601660363995,51.120216369628906,9474800
2019-12-24,51.14805598164677,51.490596771240234,50.918978949789555,51.490596771240234,2739600
2019-12-26,51.43493141333426,51.801025390625,51.39853664055551,51.801025390625,5813200
2019-12-27,51.869530235947686,51.97443511819761,51.70896333866782,51.91876983642578,4319200
2019-12-30,51.743226610933895,51.85669364169089,51.4434997283697,51.657588958740234,4450000
2019-12-31,51.71752970851681,51.93589834086998,51.36428056781264,51.843841552734375,6910000
2020-01-02,51.80316820266255,52.169258935090696,50.94252863390968,51.085968017578125,7884800
2020-01-03,51.08811694148256,51.672579658343146,50.98321203671575,51.449928283691406,7097200
2020-01-06,51.531278145230374,51.938049651255504,51.471333420846456,51.70683288574219,5518800
2020-01-07,51.52913097340708,51.85454747779573,51.41780367276901,51.661865234375,6653200
2020-01-08,51.73893547666619,52.01296938552547,51.59549610771187,51.63831329345703,5936000
2020-01-09,51.52056010803144,52.19922568662734,51.49487045166524,52.042938232421875,6958000
2020-01-10,52.19923490489689,52.38763119608882,52.064357651672005,52.14142990112305,5125600
2020-01-13,52.03439368994673,52.84365080642398,52.03439368994673,52.751590728759766,5879600
2020-01-14,52.71519349690443,53.05131517713762,52.623136690262804,53.03632736206055,8252800
2020-01-15,53.218293770338754,53.99115591362316,53.211871355673,53.86056137084961,6397200
2020-01-16,53.71069406607187,54.016840022827125,53.595084080481705,54.008277893066406,7914400
2020-01-17,54.029686764266906,54.32513088596963,53.82416297531506,54.25019836425781,9354000
2020-01-21,54.38508454821593,55.08515394881766,54.12389543726171,54.99738311767578,11486400
2020-01-22,55.43840383747856,55.83018421912733,55.16222692573545,55.64178466796875,7065600
2020-01-23,55.52617624200859,56.25194182445563,55.52617624200859,55.680320739746094,10212400
2020-01-24,55.02734141122229,56.536667509619676,54.843227853373676,56.459598541259766,10310400
2020-01-27,56.22410135923201,57.32452291872801,56.15345480211069,57.10614776611328,8678800
2020-01-28,57.10614482305018,57.58998845243582,56.45745487988809,56.90704345703125,8262800
2020-01-29,57.10830091788135,57.121145748736126,56.54524520930346,56.89635467529297,6008400
2020-01-30,56.919898950583736,57.85761076429503,56.737921809845595,57.789100646972656,6328800
2020-01-31,57.68848349778015,57.945393193459395,57.104024067011544,57.41873550415039,7536800
2020-02-03,57.523632113508036,57.692764423946436,56.992688504446484,57.12114334106445,11041200
2020-02-04,57.00553635098538,57.22819097733847,56.50243189229548,56.63516616821289,10482800
2020-02-05,56.58165055543207,57.303130293330696,56.136341250041276,57.0997428894043,8666800
2020-02-06,57.108294214665065,57.87473067747104,57.024796290425144,57.44655227661133,7874400
2020-02-07,57.69918595286189,58.157333471798225,57.63067583658668,57.70560836791992,6410000
2020-02-10,57.87044022086703,58.191573960334004,57.66063049236151,58.17658615112305,7666800
2020-02-11,58.39497541040069,58.65830095907495,58.221563671791316,58.26437759399414,7850800
2020-02-12,58.110225712454465,58.29005984320494,57.82976940376798,57.859745025634766,5836400
2020-02-13,57.85974818063281,59.060785433683826,57.85974818063281,58.97515106201172,7500400
2020-02-14,59.02225464932341,59.74801367161973,58.990142574617224,59.62812423706055,7354800
2020-02-18,59.9449776869161,60.66217783379566,59.59601123573839,60.38172149658203,9789600
2020-02-19,58.878816230135385,59.32840490874199,58.77819403317812,58.803890228271484,21134800
2020-02-20,59.07576757577866,59.332677199622445,58.51271199918394,59.30912399291992,10731600
2020-02-21,59.41617509872553,59.679507165379505,59.10360669776305,59.429019927978516,11030800
2020-02-24,58.8317233297554,59.64740285017482,58.64546672747646,58.64760971069336,9091600
2020-02-25,58.647590681507126,59.06720364628857,57.76125833736933,57.874725341796875,10285600
2020-02-26,57.57501422515286,58.510583101396605,57.375912812161914,57.69062423706055,9551600
2020-02-27,57.68416063028779,58.30610624851268,55.009132457344954,55.06078338623047,14604000
2020-02-28,53.40368816785094,54.64328427074478,52.31258890556914,54.39579391479492,27468400
2020-03-02,54.58733841873258,57.8692502299562,54.30326644822404,57.75088882446289,19305600
2020-03-03,57.910138922174525,59.03136725861578,56.57585743331409,57.06222152709961,15636000
2020-03-04,57.933801504286606,60.81112174243253,57.933801504286606,60.73579788208008,14713200
2020-03-05,59.62317168064086,60.22790358549629,58.63106931582557,59.431640625,12412000
2020-03-06,57.79607601238798,58.73222914650575,56.31975698339234,58.49765396118164,14556400
2020-03-09,54.76166528536273,57.314024660400335,54.76166528536273,56.22937774658203,15564400
2020-03-10,57.16551989500111,57.52922078123733,52.14688375398112,55.03496551513672,23743600
2020-03-11,53.629652358520126,53.63395742349165,51.33984708023103,51.92090606689453,19631200
2020-03-12,46.512752847681895,49.854921813707215,44.34346296067041,44.95465087890625,31668400
2020-03-13,47.356369774799,47.77387248647875,42.2581080160057,47.681331634521484,31586400
2020-03-16,42.611048478955496,47.487647037437576,42.33988844353123,43.33629608154297,20240400
2020-03-17,44.21649626575422,48.95320807398516,43.90229214182665,47.72437286376953,21538000
2020-03-18,44.99124036171364,49.06511650721917,42.9898116926588,45.331268310546875,22198000
2020-03-19,45.19568976300338,47.69640114690098,43.15767610450471,44.56943893432617,17441200
2020-03-20,44.27890506530523,45.172014109115814,40.21363901593504,41.2660026550293,22482400
2020-03-23,40.17273434169526,40.581630060291175,37.618225501723984,39.094547271728516,23661600
2020-03-24,40.42669141669688,44.86641565072471,40.13400936604577,44.44676208496094,17900800
2020-03-25,44.26383630776155,47.39940827473802,41.980489985547244,45.25164031982422,17794400
2020-03-26,45.387212196284366,50.39508631808743,45.322652641946725,49.73440170288086,14655200
2020-03-27,48.524943934764224,51.71862295004275,48.075161439457844,49.917335510253906,16184400
2020-03-30,51.07085029150208,53.420913910427295,50.43598933303418,52.943153381347656,16373600
2020-03-31,52.10383262406323,53.349881280932365,51.468971830022426,51.783172607421875,18899200
2020-04-01,49.70428666781657,49.925949956288406,45.84776840226807,46.96469497680664,13691200
2020-04-02,46.26956925404836,49.39868193454195,46.08449084568006,48.73369216918945,9234400
2020-04-03,48.19782989144469,49.189935707466816,46.81619609159371,47.69854736328125,8755600
2020-04-06,49.667697824629364,51.01274362572297,49.071575889923004,50.46826934814453,13267600
2020-04-07,51.72507279088553,51.86280532333834,49.10169543456771,49.17271423339844,10507200
2020-04-08,49.41805289080466,50.829812240283296,48.215041599288526,50.25090408325195,18290800
2020-04-09,50.75448401561899,53.98904916421095,50.655490505965794,52.786041259765625,19587600
2020-04-13,52.20067444262672,52.48259543852494,50.44028056519696,50.834110260009766,10757200
2020-04-14,52.04788954544319,52.72148619674874,51.29896573786714,52.161949157714844,11673200
2020-04-15,51.658362258094236,51.94889344579894,50.687778453176236,51.05147933959961,9990800
2020-04-16,51.645443908169995,51.81976128554675,50.720051915636375,51.107425689697266,10331200
2020-04-17,52.189920871354495,53.18418082520665,51.38504767514415,52.9969482421875,10952800
2020-04-20,52.8226269911878,53.220761778527134,51.02779903787084,51.13540267944336,8714400
2020-04-21,50.588776255495375,51.25591684490139,49.72579297181444,50.66409683227539,10622000
2020-04-22,51.20426689317878,53.522050233588644,51.20426689317878,53.19278335571289,11759600
2020-04-23,53.02493431641151,53.31761641882155,51.67773760238766,51.89509582519531,9360400
2020-04-24,52.02205653426922,52.0694024000836,50.778158678897135,51.58518600463867,8029200
2020-04-27,52.103835661685835,53.00985977221797,51.95749300098544,52.424495697021484,8457600
2020-04-28,52.99694832450282,53.13468086465346,51.24085925853272,51.499107360839844,8464800
2020-04-29,52.07801829712038,52.15333888558166,50.20571206703625,50.6016960144043,9901600
2020-04-30,50.32837766094935,50.33698450779422,49.26094804303759,49.73870849609375,17934800
2020-05-01,49.47830497500864,49.50197790641536,48.42163647536695,48.86281204223633,9168000
2020-05-04,48.85206562652156,49.74947983009773,48.40873903655285,49.51705551147461,9077200
2020-05-05,49.79035170684025,50.476863390295826,49.366393142771486,49.51919174194336,8042000
2020-05-06,49.69566754013284,49.747318472449926,47.90944635741626,47.91805648803711,7377600
2020-05-07,48.46468769191522,49.194240373627096,47.94388637281087,48.30973815917969,8692000
2020-05-08,48.93597954246995,49.63325225875716,48.58088887102314,49.4395637512207,11308800
2020-05-11,48.80684406143483,49.12750400194547,48.230090287084586,48.93381881713867,7854400
2020-05-12,49.110295752573855,49.37499976117007,48.4797400611418,49.052188873291016,9565200
2020-05-13,48.817626435657566,49.61174195161319,48.6368530795807,49.52350616455078,14076800
2020-05-14,49.01776970869306,50.214321821771264,48.91446783599638,49.97759246826172,11595600
2020-05-15,49.504138777306665,49.68706630994717,48.03857747659476,49.03498840332031,20232400
2020-05-18,50.34559708347406,50.982608862616935,50.03354715030048,50.67055892944336,9123200
2020-05-19,50.34129426090568,50.51561165902028,49.59667879688491,49.60528564453125,6532800
2020-05-20,49.99265310127051,50.838416157447014,49.6698421728729,50.09810256958008,5847200
2020-05-21,50.07874043144641,50.24660187071382,49.082332818113564,49.26095199584961,8308400
2020-05-22,49.245887515462535,50.36065976823199,48.88433753902187,50.326229095458984,5990000
2020-05-26,50.86209103325187,51.30541753311216,50.315465951822844,50.42522048950195,7658800
2020-05-27,51.16554627371811,51.91662108993689,50.560814159677044,51.892948150634766,12343600
2020-05-28,52.59667223283405,54.24516123438828,52.43311583769054,54.09451675415039,12416000
2020-05-29,53.825499589359396,55.20282832199069,53.69422300097084,54.99837875366211,15309600
2020-06-01,54.983221063779034,55.90072401047076,54.36866658026087,55.32079315185547,6655600
2020-06-02,55.30349437263257,56.33351932866841,54.9053292199687,55.5263786315918,10640000
2020-06-03,55.87042883926529,56.751148667426165,55.54800584622264,56.17121124267578,7303200
2020-06-04,55.75575486583092,56.38112645814699,53.682711994936,54.50716781616211,12012400
2020-06-05,54.56991572502991,55.95050236509683,54.10034390870006,55.045982360839844,12370800
2020-06-08,54.7603413484019,56.422235857752916,54.22152558730165,56.3659782409668,8149200
2020-06-09,56.06951473562097,56.07817229351479,54.97673413672438,55.974308013916016,7990400
2020-06-10,56.00460823995976,56.45686830421796,55.303497828889235,55.56749725341797,6674400
2020-06-11,55.14984917034427,55.17148976326506,53.20447741408121,53.7368049621582,9718400
2020-06-12,54.481199923676314,54.55693539994206,52.85176289004163,53.42953109741211,8356800
2020-06-15,52.95563249622288,54.299429585383656,52.22206122724131,53.78874588012695,8404400
2020-06-16,54.8598851822758,54.89450550922726,53.37759367863221,53.70218276977539,8056800
2020-06-17,54.09602398393291,54.31457946961184,53.16986329139123,53.88179397583008,6767600
2020-06-18,53.70867242258507,54.08086816499055,53.308347871876386,53.86663818359375,6386800
2020-06-19,54.422774132633215,54.453068984170166,52.4124870300293,52.4124870300293,14452800
2020-06-22,52.626709596123774,53.70867321159462,52.05327020068059,53.45765686035156,7190800
2020-06-23,53.9185666989963,54.15227120271138,52.43411269898622,52.628868103027344,9306000
2020-06-24,52.22421760105779,52.90369060130845,51.61399185525117,52.29562759399414,6901200
2020-06-25,52.219896281655565,52.219896281655565,50.97563805810882,51.75248718261719,7824800
2020-06-26,51.609666207369926,52.3800237993954,50.81117650378353,51.11629104614258,10107200
2020-06-29,51.39542908366994,51.60749630742458,50.58395645716447,51.55339813232422,5793200
2020-06-30,51.69838897634918,52.325926585454596,51.39327442834179,51.97104263305664,9532400
2020-07-01,51.86284448658569,53.55719993531156,51.56855024577461,53.28887176513672,6024400
2020-07-02,53.70002525605854,54.03759741538981,53.178517939759985,53.31917190551758,5981200
2020-07-06,53.706519377256384,53.91425457680909,52.92534138529627,53.44035720825195,6256800
2020-07-07,52.89720007359234,53.73896762756761,52.7219224976015,53.38841247558594,6017200
2020-07-08,53.412220179628896,54.9940505738911,53.258579882060666,54.805789947509766,9633600
2020-07-09,54.36434799556857,54.82742833433244,53.78657976696305,54.52880859375,6818800
2020-07-10,54.56991174770008,56.541252759825085,54.48119324648443,56.1755485534668,10079200
2020-07-13,56.04355107734406,56.78361712024009,55.264539229813494,55.44847106933594,9600800
2020-07-14,55.44846260321428,57.276983535601595,55.36623562358475,56.813899993896484,12154400
2020-07-15,57.25318771920618,57.651356168488185,56.00460399820246,56.045719146728516,8444800
2020-07-16,56.2296590954557,58.382763060291076,55.99162574255686,58.07548904418945,10142000
2020-07-17,58.439018164738805,60.04032299198106,58.19449333147987,59.59022903442383,12461600
2020-07-20,59.6162081117491,60.13122396075356,59.12932437943899,59.3630256652832,6368800
2020-07-21,59.274306158277604,60.49692389920791,59.23968252513873,59.795806884765625,5958400
2020-07-22,59.826085792647156,61.1092928277853,59.40195797976827,60.68083953857422,6368000
2020-07-23,60.58996451002381,61.526942126961146,60.39737181015871,60.79986572265625,8150000
2020-07-24,61.213175973671355,61.808255975869926,60.159344444564816,60.64406204223633,7716000
2020-07-27,60.8063526806619,60.93834906648805,59.74602970200454,60.077110290527344,8909200
2020-07-28,59.98404793358939,61.301878439219315,59.86070253260543,60.598602294921875,6547600
2020-07-29,60.64189165517078,61.641624930602276,60.55533589090228,60.90156555175781,5381600
2020-07-30,60.62027242875454,61.1179731473311,60.4038796634981,61.09633255004883,4235200
2020-07-31,60.78905793547653,61.20020286474357,59.70060260088104,60.741451263427734,8030400
2020-08-03,60.836660592654034,60.99245703222327,59.81744599066026,60.06846237182617,8624400
2020-08-04,60.310817730486775,61.72170259864484,60.027343774023095,61.68274688720703,9142400
2020-08-05,61.71953835939759,61.888324434613416,61.01409590472973,61.40793228149414,6381600
2020-08-06,61.24563904774157,61.62216031510103,60.83016206696564,61.19803237915039,4588000
2020-08-07,61.204525436936926,62.62622740837815,61.130952693405874,62.27350616455078,4368800
2020-08-10,62.38386081068129,62.563463867548535,61.22399236566923,61.37763595581055,7240000
2020-08-11,61.45120387993919,61.58103422231567,59.81960100500027,60.111732482910156,6825200
2020-08-12,60.429832089420366,61.88182536726966,60.30865269655023,61.58320236206055,6124400
2020-08-13,61.245634384793014,61.77146713616392,61.15907861315789,61.542091369628906,3680000
2020-08-14,61.457710415672736,61.48584253132284,60.594298805186114,60.69816970825195,4912800
2020-08-17,61.03572916713853,61.68707335786151,60.661367389744825,61.23697280883789,4801200
2020-08-18,61.1785627756473,61.70872769132992,61.06604091522633,61.249969482421875,4764800
2020-08-19,61.5053180461994,61.51180956500576,60.98381068947741,61.09633255004883,5481600
2020-08-20,60.7587551181541,61.40360788029846,60.711148449757104,61.04655456542969,3631200
2020-08-21,61.16557508532,61.24780538635771,60.68734896017962,61.11147689819336,5685600
2020-08-24,61.23912948294069,61.26509554837803,60.64621564285276,61.15906524658203,3548800
2020-08-25,61.368961772552005,61.37977876440593,60.4038523253657,60.87342071533203,4051600
2020-08-26,60.61810581163773,60.89508828438157,60.191811803983704,60.37358093261719,5238800
2020-08-27,60.46057142216201,60.99993430477582,60.15609505176998,60.65195846557617,4555600
2020-08-28,60.80418889847068,60.88901086533429,60.29527700854877,60.797664642333984,4618400
2020-08-31,60.75634272000373,61.68935117896039,60.608455154771846,60.71502685546875,6013600
2020-09-01,60.68238838914972,60.791130398286164,59.60149255285006,60.27134704589844,5729600
2020-09-02,60.343138486686456,63.00514847032983,59.95384671375127,62.69197082519531,9754400
2020-09-03,62.75500499495358,63.30741620849403,60.449679924833774,61.023834228515625,7855200
2020-09-04,61.58712486747422,62.20043141347268,59.3274692894372,60.31267166137695,7247600
2020-09-08,60.40401524082192,61.076040129029494,59.87335365141964,60.44099044799805,7158000
2020-09-09,60.89554022069234,62.378783186111555,60.8607419726872,61.41097640991211,4781600
2020-09-10,61.12607599088655,61.3283345956847,60.11912362212774,60.22351837158203,4362800
2020-09-11,60.49752561951514,60.71935690436809,59.90596888948913,60.49317169189453,3932800
2020-09-14,60.79765997856224,61.76328963523931,60.55407891869525,61.31310272216797,3916400
2020-09-15,64.29915752090488,65.09297296939282,63.320479304035445,64.3100357055664,10827600
2020-09-16,61.93293261593752,62.40705290509841,60.7063259838928,60.971656799316406,19501600
2020-09-17,60.46055295534784,60.954239253798086,59.9842624568551,60.7911262512207,9385600
2020-09-18,60.6715247604342,61.32832419197693,59.99079863247466,60.225685119628906,14386000
2020-09-21,59.8081159020441,60.17566449073633,59.062147176603055,60.06909942626953,7558800
2020-09-22,60.343118176582834,60.884657934114244,59.80158505613741,60.473609924316406,7192800
2020-09-23,60.60410804757711,60.60410804757711,59.39924451485406,59.44056701660156,5855200
2020-09-24,59.310086571419276,60.84335344623235,59.277465284101545,60.360538482666016,7478400
2020-09-25,59.89511582772314,61.35878611269593,59.66240626330433,61.29136657714844,5456800
2020-09-28,61.64801951594877,62.2069550499064,61.469687660652646,61.79591369628906,6918400
2020-09-29,61.78720286157416,62.18519564279689,61.37398460815723,61.574066162109375,7094000
2020-09-30,61.06735170394928,61.57626361321709,58.09869558134364,60.36487579345703,23238400
2020-10-01,60.69544603699445,61.77417170873196,60.599759160667375,61.495792388916016,10018400
2020-10-02,60.62801929710098,62.450536489653004,60.569300999665806,61.149986267089844,8306000
2020-10-05,61.73066032869664,62.84853132094927,61.53274908402247,62.615821838378906,6599200
2020-10-06,62.77461234202183,63.614097762590944,62.03951503927561,63.131282806396484,7288400
2020-10-07,63.7119611095558,64.76022928520833,62.9616384114754,64.61886596679688,10130400
2020-10-08,64.9559612859346,65.67583292890613,64.57753454230726,65.47139739990234,5694400
2020-10-09,66.05424379255011,66.05424379255011,65.3104455579215,65.87808227539062,6472000
2020-10-12,65.89766248560457,66.99813116974381,65.68017845099861,66.47834777832031,5816400
2020-10-13,65.89766118959133,66.1847417025258,65.0277250682766,65.56491088867188,8596800
2020-10-14,65.68017449752176,65.9585537795775,64.96030291727405,65.3843994140625,5501200
2020-10-15,64.80591309051464,65.2213085088835,64.3013483966447,64.9103012084961,5739200
2020-10-16,65.14952161330034,66.59361889390067,64.96683580739665,66.46312713623047,7449600
2020-10-19,66.36088793457591,66.90459788502852,64.8406770369774,65.14732360839844,7710400
2020-10-20,65.51054160094057,66.13689668666466,65.11907299090606,65.46051788330078,6003200
2020-10-21,65.00599247351985,65.78458922410411,64.25132242386354,64.74066162109375,7796000
2020-10-22,65.16255271991103,66.18255317490441,65.07556045039607,65.73888397216797,8463600
2020-10-23,65.91939656845913,66.45222834450789,65.60187181169292,65.91287231445312,5617200
2020-10-26,65.52359636603731,65.8867976612049,64.71890270105716,65.82154846191406,5707600
2020-10-27,66.23693700102362,66.48921927743555,65.26260613733815,65.92375946044922,4834200
2020-10-28,65.01900977126877,66.15863035666769,64.62754125626921,64.77542877197266,7508900
2020-10-29,64.705851942513,65.27131179797158,63.453148332071066,64.38397979736328,7753100
2020-10-30,64.14038542956811,64.67974151217051,63.07036120874372,63.68801498413086,8790500
2020-11-02,64.46226610069279,65.63667855233024,64.13169275964317,65.3582992553711,9233600
2020-11-03,66.15865676414514,66.92419830137095,65.58449563341046,66.13255310058594,6887900
2020-11-04,64.81894037256045,65.16691613838411,63.5053350091918,63.783714294433594,12128800
2020-11-05,65.50618505686752,66.33262162224504,64.80153236641661,65.02771759033203,8644100
2020-11-06,65.24519656471705,66.16732655229798,64.47965531437484,65.87155151367188,6076100
2020-11-09,70.54311142778803,72.50046754914177,65.54968033658504,65.68887329101562,12864500
2020-11-10,67.32436500388737,67.44615554637797,65.51489603390297,66.10645294189453,8649200
2020-11-11,66.55880102279083,68.18557699251119,66.29781758440816,67.454833984375,6903300
2020-11-12,67.5157632594782,67.76804560716272,66.13256095832351,66.6980209350586,5901900
2020-11-13,66.98507775873917,67.62013401365263,66.80239197948377,67.1503677368164,6235000
2020-11-16,68.0290037045971,68.09860018891405,66.39352614566506,67.63753509521484,7667600
2020-11-17,67.63753972792311,68.26389485550459,66.45442596184397,66.64581298828125,5866300
2020-11-18,67.26348147445329,67.29827972653753,65.91507741381234,65.93247985839844,6501900
2020-11-19,66.06295203602234,66.13254188244764,65.07991995841195,65.3582992553711,7392300
2020-11-20,65.48876930592357,66.40220459739696,65.4626722925244,65.7236557006836,5891000
2020-11-23,66.11513295578216,66.1325287546638,64.48835032133546,64.87112426757812,7634600
2020-11-24,65.65409592304148,65.81938594970012,64.81895784223394,65.22782897949219,6699600
2020-11-25,65.26278601283425,66.44270651229478,65.10546283502525,66.39900970458984,6443100
2020-11-27,66.4689175750088,66.53883378517659,65.28899067402935,65.6648178100586,3669300
2020-11-30,65.8134133893689,65.90081366359085,64.02167776085813,64.31884002685547,13120300
2020-12-01,64.78206153448482,66.04938193444491,64.63347376220794,64.80828094482422,8099500
2020-12-02,64.79953901290666,64.9918235799582,63.72450317815449,64.9481201171875,5128800
2020-12-03,64.71215837740199,65.1579084936157,63.82065814497457,64.10908508300781,7660500
2020-12-04,63.90804755538047,64.28387467408619,62.876708485551696,63.38363265991211,7763800
2020-12-07,63.36615706848806,64.49363845651287,63.27875680617404,64.03914642333984,6752200
2020-12-08,63.68081377637948,64.93065706997297,63.04277908739246,64.39750671386719,8255400
2020-12-09,64.27513612122802,64.58978240822834,63.3224552333068,64.38875579833984,6683700
2020-12-10,64.49363972471573,64.77332457054787,63.794424276029055,64.04788970947266,6204600
2020-12-11,63.925534199205025,64.58104624527417,63.81191451177652,64.50238800048828,6022500
2020-12-14,65.02678672080597,65.74347951882847,64.24017104780265,64.28387451171875,5759900
2020-12-15,64.3800218082754,65.81340751587668,64.05663348748,65.47254180908203,6859400
2020-12-16,65.70852998897924,66.20671889412729,64.8519912857739,65.06175994873047,7787700
2020-12-17,65.60363006591797,66.4426845136909,65.41134550468026,65.60363006591797,9384200
2020-12-18,65.6298720114052,66.02318329486762,64.6160167061227,65.1229476928711,13298300
2020-12-21,64.6247326926388,65.15788288312676,63.69827137718459,65.02677917480469,7251400
2020-12-22,65.06175572633765,65.75222919361192,64.5723022127506,65.29773712158203,5335300
2020-12-23,65.69104923761431,66.0319149621985,64.96561431884766,64.96561431884766,4626400
2020-12-24,65.07050299833818,65.69106036431974,64.81704417001988,65.53373718261719,1387500
2020-12-28,65.92703809383165,66.32034269185425,65.58617233068836,65.97947692871094,3753700
2020-12-29,66.08435355210649,66.3115995904117,65.64734553055743,65.83963012695312,3774900
2020-12-30,66.1018275364182,66.66993926883156,65.99694988430137,66.3465576171875,3804800
2020-12-31,66.33781599424331,67.46529743885804,66.1280540205189,67.43033599853516,4119400
2021-01-04,67.48278260272575,67.73624807312048,64.31010654514813,64.86947631835938,9388400
2021-01-05,65.12292698648153,65.7085160428008,64.72961582807574,65.35016632080078,7339800
2021-01-06,66.99333237416931,69.37065712575706,66.07561284331513,68.54907989501953,12155700
2021-01-07,69.83388581350687,70.49813989843764,68.95112770955275,69.30073547363281,8816000
2021-01-08,69.77271842945477,70.97885844683726,69.43185262740721,70.908935546875,8376200
2021-01-11,70.77781866015891,70.79529604615664,69.02104463191394,69.65033721923828,7064300
2021-01-12,69.61538140376997,70.4019972014819,68.64522303129418,69.7027816772461,7669300
2021-01-13,70.4456942855707,71.87908011458893,70.06113174709662,71.52947235107422,8542600
2021-01-14,71.63434899937762,72.31608039761315,70.92639818862729,72.13253784179688,8899000
2021-01-15,72.05388478976143,72.77057767899923,71.62561212715582,71.70427703857422,10561600
2021-01-19,72.10631549155008,72.71812398601158,71.45954555908901,72.37725830078125,8142700
2021-01-20,72.23741312813219,74.31756850217828,72.03638654363216,73.4610366821289,8576800
2021-01-21,73.63584884010143,74.0728568450872,73.11144056776111,73.16387939453125,9268600
2021-01-22,73.37363746628418,73.89805237893815,73.02403641546502,73.60088348388672,6371800
2021-01-25,73.52224435519973,76.64248188897132,73.50476029718737,75.92578887939453,13215600
2021-01-26,75.73348697139521,76.26663725948615,74.07285525446666,74.49238586425781,12476900
2021-01-27,73.9417642864931,74.11657151583788,69.5804256046039,70.08735656738281,16893300
2021-01-28,70.50688323250127,73.29499696440672,69.96499747169202,72.07137298583984,8541300
2021-01-29,71.51199905250343,72.07136883882521,70.11357458669899,70.68168640136719,13189700
2021-02-01,71.90529334517623,72.66568966530131,70.66419222625171,71.4071044921875,5589500
2021-02-02,71.76543925492018,73.8281171161405,71.71300043973692,72.48213195800781,6645400
2021-02-03,72.93662955457278,73.31245668595555,72.46466680187126,72.58702850341797,5971200
2021-02-04,72.56080471736826,73.02403879439856,72.16750018827754,72.54332733154297,6398400
2021-02-05,72.87546440295199,73.89806836933275,72.54334066552232,73.0677490234375,5745800
2021-02-08,73.4173603484639,74.05539510455417,72.65696385858335,72.89295196533203,6792300
2021-02-09,73.03277263403649,73.74073010717136,72.54332582255574,73.26876068115234,5008900
2021-02-10,74.24766255715211,74.28262400017442,72.93663845077593,73.33869171142578,6200800
2021-02-11,73.41734543591336,74.11656091687394,73.08522174997425,73.37364196777344,4417200
2021-02-12,73.44355997168589,73.56592167249526,72.21120093690216,72.65694427490234,5787200
2021-02-16,72.79680493157927,73.04152838329621,70.78656514696623,70.96137237548828,8312600
2021-02-17,70.64671347224036,70.82151400147107,69.58915493350517,70.51560974121094,8598300
2021-02-18,70.646718813704,71.04876539590283,69.86884506385206,70.55931854248047,5378900
2021-02-19,70.30584375521401,70.42820545232632,68.12953928183295,68.2606430053711,9660900
2021-02-22,67.99847422828576,68.12083598298456,65.15792111037767,65.63862609863281,13190300
2021-02-23,65.55120257171156,65.55120257171156,64.07411333993412,65.29773712158203,12719000
2021-02-24,65.40262708534105,65.4725499744842,64.09160292086885,64.4674301147461,12302200
2021-02-25,64.44544549403675,65.31525946398908,63.88314083637057,65.06925201416016,11747100
2021-02-26,65.130763054515,66.3871641673586,64.55088922723398,64.55967712402344,12583200
2021-03-01,65.57885099619581,67.57328123684088,65.34163141192583,66.6946792602539,12272600
2021-03-02,67.3272713872706,67.52056490707625,66.29052072002341,66.36959838867188,8738500
2021-03-03,66.58045758436292,66.71224922321551,63.33841410331493,63.71621322631836,11748900
2021-03-04,63.51414978176825,64.19067048310738,61.932663241595456,62.63554763793945,11998700
2021-03-05,62.91669186140755,63.259346116616435,60.034878277496155,62.11716079711914,15509900
2021-03-08,62.380743767982,63.64593282886413,61.98537553805707,62.25774002075195,12479400
2021-03-09,63.61958302876882,65.64036389244109,63.54050535192825,65.03412628173828,9363700
2021-03-10,64.84960746788998,65.66670754552906,63.86557757874245,65.42070007324219,8247200
2021-03-11,65.86002227336188,66.37840107407375,65.42072115891587,65.77216339111328,6602500
2021-03-12,66.05328975017005,66.78253092092397,65.05168414104796,66.48380279541016,6113100
2021-03-15,66.32565564975143,66.95825009117577,65.93028747546148,66.35201263427734,7129200
2021-03-16,66.04450593343208,67.07246858998748,66.00936105160103,66.22901153564453,6512700
2021-03-17,65.89514727209928,66.06208379021292,63.97100682672966,64.10279846191406,10343300
2021-03-18,64.13794901530609,64.1467369126156,61.73936249313319,62.49496078491211,14198800
2021-03-19,62.53889005869663,63.81286026581631,61.55485341450405,62.24016189575195,22806700
2021-03-22,62.16988029825776,63.637144050762366,62.16988029825776,62.98698043823242,10057700
2021-03-23,62.89034165693824,65.27135260905774,62.8815537587999,65.03412628173828,10723800
2021-03-24,64.51576552529309,64.71784699859131,63.61959415137006,63.98860549926758,14537400
2021-03-25,64.23459608796057,64.77933176936726,63.67229131505119,64.53331756591797,6823600
2021-03-26,64.2257950276609,65.13075387661739,63.821638973913345,65.06925201416016,10106000
2021-03-29,65.11321419825738,66.07088744667016,64.74420285684346,65.71945190429688,8644500
2021-03-30,65.1131997329391,65.50856798187706,64.78811455493997,65.20984649658203,5964600
2021-03-31,65.49100257081965,66.72104687460752,65.39435580174475,66.43110656738281,9430500
2021-04-01,66.33445094184312,67.10761828801279,66.22901628878309,66.57167053222656,6548900
2021-04-05,67.24819806527448,68.08286728623914,67.24819806527448,67.45906066894531,7328400
2021-04-06,67.27455690334563,68.3113075627802,66.72982123374392,68.14437103271484,6570500
2021-04-07,68.18830623122781,68.583674475894,67.45906491460183,68.01258850097656,6761600
2021-04-08,68.26737819454745,68.89119156340158,68.03894648252952,68.32009887695312,7454600
2021-04-09,68.44309608295583,68.68910356664195,68.19708859926972,68.47824096679688,4969600
2021-04-12,68.33766439170262,68.78575330108488,67.8368615058759,68.21466064453125,6052900
2021-04-13,67.89836822743766,69.58528262612137,67.87201123733354,69.44470977783203,6319000
2021-04-14,69.00539366325897,69.61163111605781,68.86481414247062,69.52376556396484,4478200
2021-04-15,69.59405936088011,70.52537527891833,69.42712284606161,70.44630432128906,5012400
2021-04-16,70.92953858378868,71.52698817969299,70.50780669712643,71.11404418945312,15124100
2021-04-19,71.16676054802745,71.49184569454741,69.95429222591719,70.10365295410156,7658200
2021-04-20,69.9894503768027,71.13162914809045,69.96308668165399,70.75382995605469,7192100
2021-04-21,71.06132891568309,71.32491220278278,68.2585930319834,68.50460052490234,8565100
2021-04-22,68.70666862614678,69.67313611707276,68.54852000974078,68.81210327148438,8261700
2021-04-23,68.69790283378629,69.08448321361941,68.38160553006682,68.74182891845703,6034900
2021-04-26,68.87360800678606,69.06690151302026,68.1267976716821,68.46945190429688,7425100
2021-04-27,68.46947692502376,68.66277050189302,67.7226663170136,67.89838409423828,5871900
2021-04-28,67.872001956585,68.04771966871968,67.32726632384578,67.7314224243164,5522200
2021-04-29,67.74021506265647,68.3288768130348,67.35363472825956,67.84564971923828,5558700
2021-04-30,67.86319948625669,68.21464153825421,67.37997253005975,68.10042572021484,8024600
2021-05-03,68.38158787036666,68.522160689493,67.23061481671688,67.38876342773438,6076000
2021-05-04,66.94947075040466,67.13398307206512,65.6842884090852,66.50138854980469,9178300
2021-05-05,66.56289243510176,66.68589618446005,64.48939108420248,64.82325744628906,10643200
2021-05-06,65.01655695052666,65.18349349853246,64.41031934204435,65.02534484863281,7069200
2021-05-07,65.45584363723022,66.4486614027366,65.45584363723022,65.4822006225586,5677400
2021-05-10,65.31528896480168,66.52776437688068,65.245005878249,65.71945190429688,6210400
2021-05-11,64.6826880774616,65.14834611119873,63.86558786817886,65.07805633544922,10515100
2021-05-12,64.57724945826926,64.71782900115736,62.82004539137759,62.85519027709961,9093200
2021-05-13,63.3911447587669,64.26095898698385,62.97820068685718,63.812870025634766,5469300
2021-05-14,64.13795827101148,64.70905102091443,63.953452620095625,64.24339294433594,5446200
2021-05-17,64.13795839104455,64.27853795574025,63.004560787695205,63.1714973449707,10369300
2021-05-18,63.039687613289225,63.847999769039895,62.62674363933815,63.51413345336914,8195100
2021-05-19,62.91668721039464,63.89193592718827,62.556457187434376,63.8392219543457,8486600
2021-05-20,64.25215043065879,65.69305691838541,64.12914670876994,65.27133178710938,10798500
2021-05-21,65.52614859862199,66.11481041816131,65.00776985519313,65.40314483642578,8689300
2021-05-24,65.69307905086715,65.78972582251228,64.94626857259317,65.04291534423828,6746900
2021-05-25,65.03412156018402,65.03412156018402,64.26974205769942,64.4630355834961,7440600
2021-05-26,64.48940905788685,64.84963250906124,64.1818995987859,64.55091094970703,7408800
2021-05-27,64.68267505067362,64.8496048554574,63.96222175234189,64.137939453125,10956100
2021-05-28,64.66511179988177,65.21863540078057,64.30488843245418,64.33124542236328,9177500
2021-06-01,64.83026865263045,64.83026865263045,63.62905335148707,63.69971466064453,9056100
2021-06-02,63.664390123548756,64.62712528345286,63.434744216037124,64.22083282470703,6421000
2021-06-03,63.61140583949208,64.45932835449989,63.61140583949208,63.92054748535156,8871500
2021-06-04,64.19433875860878,64.37981966547491,63.82337694487649,63.8940315246582,6586300
2021-06-07,64.09716572573745,64.43279679959832,63.690873350442956,64.00884246826172,5988500
2021-06-08,64.4063037717204,64.57412268650188,63.33757680305684,63.71737289428711,5803000
2021-06-09,63.920533470753114,64.38865290457619,63.655556900579924,63.991188049316406,6660400
2021-06-10,63.89402603737957,64.96275985539248,63.74387580261643,64.92742919921875,8203300
2021-06-11,65.00690949902207,65.00690949902207,64.40630190100136,64.90975189208984,4548400
2021-06-14,65.01575475955826,65.30722762927917,64.50347033495193,64.75077819824219,4991900
2021-06-15,64.84792377030463,65.42203505404211,64.53878899864064,64.85675811767578,7770300
2021-06-16,65.36021294857039,65.8813249253732,64.57412444003634,64.741943359375,9646200
2021-06-17,64.77726001025077,66.21695533864244,64.49462155279396,65.87248992919922,10553800
2021-06-18,65.74885790125144,66.17281235917902,64.50347736149065,64.72428894042969,17539000
2021-06-21,65.08643331906751,65.82835710551129,64.14135988330565,65.6517105102539,6499700
2021-06-22,65.51920917206351,66.01382493138415,65.43088589198973,65.45738220214844,5513100
2021-06-23,65.46622100770234,65.63403322967436,64.48581703329327,64.78611755371094,6079700
2021-06-24,64.90091702470187,64.99806788213604,64.11482190963054,64.37096405029297,7925200
2021-06-25,64.67128004607066,65.32488026846184,64.6624456983182,65.23655700683594,6676800
2021-06-28,66.04031580358541,66.99422332255702,65.9166618739373,66.3759536743164,8444300
2021-06-29,66.02266639711121,66.81758948072317,65.38672793022164,65.43089294433594,6477400
2021-06-30,65.5987009062106,65.79301617385849,64.53880802275705,64.72428894042969,8672600
2021-07-01,64.74193436676636,65.78416491424001,64.54761916897144,65.52802276611328,6423000
2021-07-02,65.6516936933426,65.74885131743758,65.11291295559181,65.60752868652344,4282300
2021-07-06,65.8106908029919,66.3936299198206,65.39556391900432,66.3582992553711,6957200
2021-07-07,66.47311565807188,66.78225050247815,66.11098145560007,66.53494262695312,5661800
2021-07-08,65.90784844556923,67.1443880081256,65.73119512332173,66.3582992553711,5881400
2021-07-09,66.24346874873144,66.61443055645215,65.60753037056216,66.23463439941406,5592800
2021-07-12,66.420125170319,66.67626742950141,65.6958634072855,66.32296752929688,5743500
2021-07-13,66.33179686977095,66.9147426718728,65.9166700237835,66.11981964111328,5165500
2021-07-14,66.24346285835227,67.27685926167052,65.9254936975415,66.86173248291016,6956100
2021-07-15,66.82643545772335,67.90399056005344,66.41130851191146,67.85099792480469,7638200
2021-07-16,67.89513584338145,69.20233640769206,67.89513584338145,68.82254028320312,9088000
2021-07-19,68.38976734260774,69.22884870655457,67.14438671463634,68.00113677978516,9891800
2021-07-20,68.0276298049564,68.62823758272785,67.88631389534625,68.16011810302734,6562000
2021-07-21,68.16010987967684,68.25726750396471,66.95889446905768,67.02072143554688,8931900
2021-07-22,67.117885458541,67.70083125984355,67.02956217494095,67.23271179199219,5534800
2021-07-23,67.59484912082495,68.37211030242831,67.05606825217191,68.1866226196289,4953500
2021-07-26,67.8244889676498,68.13362384671866,67.51535408858092,67.93048095703125,6014000
2021-07-27,67.90396984095864,68.8755461149767,67.22387318778014,68.7695541381836,7592100
2021-07-28,68.79606522462528,69.18469581770758,68.2042917223486,68.76073455810547,5177500
2021-07-29,68.89319277651771,69.24649254873921,68.55756169915526,69.03451538085938,4141900
2021-07-30,68.87555482044559,69.6439748487584,68.66357084006584,68.80489349365234,5488900
2021-08-02,69.30834205414003,69.69697260389457,69.0080347915202,69.608642578125,7520700
2021-08-03,69.55564179425073,70.52721131603091,69.22001064705658,70.14741516113281,6249400
2021-08-04,70.0944338132224,70.65971096182619,69.57331494078863,70.54489135742188,8050200
2021-08-05,70.47422901275213,71.20732512068022,70.2445830686205,71.09249877929688,6283700
2021-08-06,71.09247910784147,71.54293652090148,70.71268300244444,71.19847106933594,4634300
2021-08-09,71.50761963086852,71.66660423439501,70.76569597350122,71.1543197631836,5621600
2021-08-10,71.26030352400845,71.37512310384002,70.83634238397066,71.12781524658203,4506800
2021-08-11,71.66659494953556,73.67156756417583,71.5164447152786,72.75299072265625,9419300
2021-08-12,72.44385630079947,73.42426020230225,72.27604409130655,73.30944061279297,6762800
2021-08-13,73.53025498452271,73.79523157181264,73.15929315322444,73.70690155029297,3999500
2021-08-16,73.70690587376959,74.57249026953994,73.44193600957168,74.14852905273438,8579700
2021-08-17,73.8393718715172,74.19267165569948,73.41541752140476,74.15734100341797,5257000
2021-08-18,74.39582459712514,75.04059049927652,74.09551740842323,74.56363677978516,9511700
2021-08-19,74.16618997512538,75.16425582900206,74.12202496640685,74.67847442626953,6968000
2021-08-20,74.66965036581654,76.3389854981602,74.21035847093961,76.20649719238281,7589700
2021-08-23,75.79135602770388,76.02983628088317,74.20151687392209,74.54598236083984,8837100
2021-08-24,74.39583325059438,74.61664480908185,73.67157160830087,74.31633758544922,5786100
2021-08-25,74.31634684287067,74.95228528871343,73.82173104660845,74.66081237792969,5930000
2021-08-26,74.62972952644802,74.70071412958565,74.23932097865539,74.36354064941406,5294000
2021-08-27,74.47891301326848,74.70073488260086,73.94653511129779,74.00865173339844,5974200
2021-08-30,73.87556911437241,74.75398196245665,73.6537472094393,74.48779296875,6001700
2021-08-31,74.3724324142787,74.92255306012363,74.09737547608918,74.52326965332031,6844000
2021-09-01,74.66521745511646,76.09375035464113,74.58535808889765,75.72108459472656,5862300
2021-09-02,75.79209095636867,76.7592377791523,75.79209095636867,76.73262023925781,5214000
2021-09-03,76.09376420095367,76.58176817644839,75.75659067917586,76.03165435791016,4621100
2021-09-07,75.80984366360398,75.85420397545973,74.94917373390169,75.44605255126953,6791300
2021-09-08,75.52592417446243,77.16740490720304,75.23311763703936,76.6971435546875,6230100
2021-09-09,76.56404021695165,76.90120703447789,76.08490414817237,76.16475677490234,4108300
2021-09-10,76.28008699891791,76.28008699891791,75.06450101294415,75.35730743408203,5508000
2021-09-13,76.20912023704143,76.25348731831643,74.87818903238549,75.0467758178711,6498800
2021-09-14,75.23311585520543,75.58803224645169,74.93143455333261,75.10002136230469,4658200
2021-09-15,74.82494015398835,75.54364070575728,74.5853687904221,75.07337951660156,5707000
2021-09-16,74.95803590267177,75.39280479477851,74.2304605697836,74.53213500976562,5380600
2021-09-17,73.9997607532155,74.47002193007285,72.35828063362227,72.4381332397461,15390400
2021-09-20,72.34943418808297,73.23672181839626,71.56862351041552,72.48252868652344,8994100
2021-09-21,72.6954516120601,73.52062910421539,72.51799685288341,72.68657684326172,6450700
2021-09-22,72.8374337958091,73.56501610613128,72.37604723528966,72.66885375976562,5662200
2021-09-23,72.91729056545054,73.09474536629047,71.9945107082562,72.10985565185547,6414300
2021-09-24,72.08322382024271,72.51799950421211,71.4177582948024,71.60408782958984,6113800
2021-09-27,70.99188387019305,71.68396712578968,69.69644476647957,69.88277435302734,8600900
2021-09-28,69.63431550413144,69.731910886542,68.3300019922124,68.5606918334961,9257400
2021-09-29,68.87125821979208,70.12233007526508,68.72041419992581,69.51897430419922,7496100
2021-09-30,69.95373148615852,70.45949177478981,69.11968597966161,69.6697998046875,10186800
2021-10-01,70.11345666245731,70.61921027671261,69.22616914485388,70.28204345703125,7961100
2021-10-04,70.14006608002069,70.91200172395574,69.66093010992388,70.41512298583984,6027800
2021-10-05,70.47724699154541,70.8942732031853,70.17556571887269,70.52161407470703,5434600
2021-10-06,70.32640842150569,72.12760094484946,69.78516251052,72.02999877929688,6876200
2021-10-07,72.29617905654682,73.2988113638706,71.68394859510667,71.7992935180664,5753200
2021-10-08,71.87916716777046,71.8969099404141,71.1160993242233,71.1693344116211,3592900
2021-10-11,70.27315066607675,70.4151198818317,68.97771203490446,69.05757141113281,8798700
2021-10-12,69.29715438238676,70.25542653452587,68.82689307702218,69.9803695678711,7791200
2021-10-13,70.13119891742231,71.30241804819623,69.73191551430445,71.15158081054688,6260100
2021-10-14,71.3024199138134,72.62447631682808,71.16932544262504,72.27843475341797,6486000
2021-10-15,72.70433886850347,73.15685061296661,72.04774125394974,72.46476745605469,14634200
2021-10-18,72.17193832940778,72.45587673496824,71.6573168929899,71.86138916015625,4942100
2021-10-19,72.50913037786941,72.89066424625872,72.06548665971746,72.78418731689453,5717500
2021-10-20,73.42303409444848,75.11775631805668,73.09473531164085,74.4611587524414,6942600
2021-10-21,74.71845689563789,75.15322574329329,74.28368804798248,74.36354064941406,4945000
2021-10-22,74.50550861680263,75.05562235831107,74.30142957854147,74.90478515625,4732400
2021-10-25,74.88706138860155,75.25084571935876,74.47003520813732,74.78945922851562,3987300
2021-10-26,74.89594887649703,76.55517234077753,74.8604565604874,75.83647155761719,6969100
2021-10-27,76.31560173178798,76.61727624019724,75.20649232828347,75.42831420898438,4356900
2021-10-28,75.34845860245119,76.7414998125555,75.17987856787482,76.67938995361328,6568400
2021-10-29,76.45756035868095,76.71487453965067,75.36620055158362,75.71224212646484,7792600
2021-11-01,75.8098444225405,76.14701122777748,75.3573259124982,75.94293212890625,5135200
2021-11-02,76.17361757115007,76.51965909576369,74.87817885371813,75.79208374023438,7266400
2021-11-03,76.01390381719733,76.12925550237406,74.74508266650894,75.63236999511719,5723200
2021-11-04,75.56141357835234,75.76548593089458,73.79570641975734,75.20649719238281,6594000
2021-11-05,75.19761108873148,76.04940622501128,74.81607721596872,75.88969421386719,4885400
2021-11-08,75.88970124692183,75.95181110315244,74.56764472460381,75.05564880371094,5391000
2021-11-09,75.14437382354116,75.57026799456628,74.85156735004527,75.36619567871094,3917600
2021-11-10,75.3661882192295,75.74772204313726,74.98465439532174,75.59687805175781,5192700
2021-11-11,75.83647673996705,75.86309428642643,75.03791649884799,75.74774932861328,5370200
2021-11-12,75.74772631391046,76.90119584998182,75.44604508360746,76.58177185058594,6467100
2021-11-15,77.1141546621706,77.50455653254605,76.72374602232922,77.49568176269531,5543000
2021-11-16,77.25612979399047,77.5666790950031,76.90121340591872,77.17627716064453,5497200
2021-11-17,77.04315010930918,77.97479761861845,76.67049110558547,77.88607025146484,6203100
2021-11-18,77.83286396556093,77.9748264516078,77.03430382696398,77.72638702392578,5537400
2021-11-19,78.08130441483725,78.81775470614923,77.19401686466865,78.35636138916016,6765100
2021-11-22,78.21438559206717,78.45395021128229,77.48681019551394,77.513427734375,5214500
2021-11-23,77.28274848060349,77.99258126723763,76.7769948202035,77.46907806396484,7408000
2021-11-24,77.18832400614204,77.80326606406796,76.8140144054253,77.72305297851562,4553900
2021-11-26,77.46460363003098,77.93694769615524,76.51991549778246,76.72489166259766,4340700
2021-11-29,77.73197989771256,79.24704670300363,77.13486589322892,79.01533508300781,8712500
2021-11-30,78.47168589804555,79.27377602760029,77.01899734900422,77.33983612060547,16328300
2021-12-01,77.53590375497552,79.92436634952051,77.53590375497552,78.2845230102539,10062800
2021-12-02,78.38255456675293,79.7817653799354,78.07954396491185,78.97967529296875,8303500
2021-12-03,79.45202324047001,79.45202324047001,76.66250875437308,78.453857421875,11191000
2021-12-06,78.48950248149319,79.98674772481019,78.32016902914935,79.45201873779297,8946400
2021-12-07,79.79069834129697,80.69974396087075,79.26488330208146,80.5749740600586,7909700
2021-12-08,80.83341112258783,81.02948002797837,79.84415931771652,80.4947509765625,5356500
2021-12-09,80.65517136479858,80.65517136479858,79.7728680791288,80.12935638427734,5731200
2021-12-10,80.2184655239374,81.01164832207557,80.0313107198265,80.45909118652344,4996700
2021-12-13,80.44128644642102,82.09895139597401,80.33433790793558,81.76028442382812,6446500
2021-12-14,81.30575478499968,81.6800644076883,79.71938232796313,80.23628997802734,11022600
2021-12-15,80.4680159020664,82.04546763068166,79.83525239513888,81.99199676513672,9590000
2021-12-16,81.65332502459584,82.6158344649934,81.56419786207664,82.19696807861328,7623300
2021-12-17,81.99199811270228,82.31283691014269,80.86906232166088,81.04730987548828,15335400
2021-12-20,80.0313122814784,80.28085202516222,78.88164120569395,80.15608215332031,10167700
2021-12-21,80.78885852125562,81.40379390249885,79.63918726143687,80.61061096191406,6287900
2021-12-22,80.42345241364367,80.99383097832245,80.11152769849885,80.92253875732422,4142900
2021-12-23,80.81558318718061,81.37704762553471,80.56604343680101,80.83340454101562,5845600
2021-12-27,80.96709022166827,81.4126988709889,80.77102132805545,81.3859634399414,5410300
2021-12-28,81.68898580655424,82.16132991554069,81.55530184376875,81.88504791259766,3096400
2021-12-29,81.94744374694119,82.22372578660486,81.62660491339282,81.98309326171875,2945400
2021-12-30,82.19697890180149,82.80300696971167,81.82266244849758,82.67823028564453,3716300
2021-12-31,82.5088997465998,83.533801007461,82.43760073031676,83.20404815673828,4811800
2022-01-03,83.25751763805448,83.46250060660559,80.69081428948063,81.68898010253906,7864400
2022-01-04,81.68006411477245,81.92960386233666,80.76211141504064,80.81558227539062,8379100
2022-01-05,80.459098551739,81.54638476991633,79.92436951969484,79.96893310546875,6722300
2022-01-06,79.3985460615877,79.63917854048587,76.33276317057448,76.43970489501953,12658600
2022-01-07,76.4397083353104,77.42005284983468,75.31677938140774,77.01009368896484,13359300
2022-01-10,76.46644463505145,76.9655241314023,74.63053243164276,75.1207046508789,11378700
2022-01-11,74.71074691635926,75.7623835886199,74.57706296321331,75.56631469726562,8395900
2022-01-12,75.11179533913922,76.47535676348882,74.95137594807171,75.83367919921875,6484000
2022-01-13,76.2703804712885,76.47535664879321,75.50393302616526,75.66435241699219,7203100
2022-01-14,75.6465142878082,75.88714674204243,73.67692507092269,74.1492691040039,11084300
2022-01-18,73.07982046274039,73.2313257757345,71.9212352234297,72.41140747070312,10848100
2022-01-19,72.2242463178332,74.28295597702204,72.18859681211569,73.60562896728516,9673900
2022-01-20,74.25623414365255,76.00301944695335,74.10472881619897,74.42556762695312,12028900
2022-01-21,74.59489313205566,74.79987612436192,72.92832095750319,73.61455535888672,12809100
2022-01-24,72.76788113787703,73.1243693552214,70.62004455797643,73.00850677490234,14689800
2022-01-25,69.69320022100142,71.46672780013635,66.65415232413116,66.93042755126953,22925000
2022-01-26,68.17812105152048,68.20485648166819,64.4884821032764,64.73802185058594,24721700
2022-01-27,65.32623970280304,66.29766342831014,64.53305674178094,64.62217712402344,21250600
2022-01-28,64.45284657608237,65.01431112930757,62.19806748526653,64.61326599121094,25537100
2022-01-31,64.97866084583664,69.78232186226374,64.83606280479854,69.62190246582031,21787800
2022-02-01,69.55059627320892,70.82503723590833,67.75924766422348,68.8287124633789,12082900
2022-02-02,68.99803292900368,69.52385460461454,68.47221805284036,69.2743148803711,8397700
2022-02-03,68.23158157760358,68.88217307693608,67.22450866436259,67.52751922607422,7960700
2022-02-04,66.9304286815955,68.48114513024211,66.43134908880107,67.74143981933594,12132000
2022-02-07,67.732538913894,67.83948747577087,67.10868930157267,67.44734954833984,8184500
2022-02-08,67.50972035023229,68.40093778059838,67.03737620005016,67.25126647949219,6758500
2022-02-09,68.27616852498299,68.8643684988304,68.01771465181766,68.32073211669922,7390900
2022-02-10,66.76108874713539,68.49004562181257,66.57392713751618,67.24234008789062,9673300
2022-02-11,67.6434107018476,68.35638063368701,66.54721016739383,66.8056640625,8999100
2022-02-14,66.79672444096806,67.1175631674171,65.84312233720213,66.76998901367188,8329200
2022-02-15,67.49190185355658,68.15140087612994,66.60959166450002,66.92151641845703,9102000
2022-02-16,66.95714511916448,67.41166779046824,66.3778593845108,67.04627227783203,7505100
2022-02-17,66.59175467364122,67.58991365197326,66.38677171233485,67.1799545288086,10093100
2022-02-18,66.80565466119444,67.56318808192842,65.78966738172552,66.08377075195312,9558600
2022-02-22,65.88770466488786,66.36004881339207,65.29949789920005,65.75402069091797,8233400
2022-02-23,66.14613365898053,66.32437435760944,64.36369947490431,64.45281982421875,7837100
2022-02-24,63.27642233996678,67.53643954480219,63.04470395994688,67.23342895507812,15750400
2022-02-25,67.83945261330233,68.83761148006595,67.03735581004777,68.76631927490234,12609500
2022-02-28,69.08444570715042,70.67960411863396,68.82456730031447,70.14190673828125,16345600
2022-03-01,69.96270659304932,70.6437851978275,68.59159277081156,69.39813232421875,13930300
2022-03-02,69.26370228574925,69.7296990802674,68.54677677729694,69.4967041015625,6988700
2022-03-03,69.76553905253698,71.11873256659491,69.59527456009015,70.60792541503906,10075500
2022-03-04,70.73339490798726,72.09554519808147,70.3301285742189,71.8804702758789,8996400
2022-03-07,72.5525718652091,75.62637802199157,72.33749698310012,75.43818664550781,19948900
2022-03-08,75.55468058105149,76.53149120808386,73.2515669331013,73.43975830078125,14717600
2022-03-09,73.82510807604922,73.91472887777849,71.79084304698972,71.97903442382812,12710000
2022-03-10,71.29795773724793,72.10449711287215,70.29427036945548,71.83565521240234,9554300
2022-03-11,71.9611176558408,72.66907279469783,71.01119044351603,71.0649642944336,7230600
2022-03-14,71.40549791826476,72.2658042983514,70.5272646427201,71.04703521728516,7133800
2022-03-15,71.87148580575702,73.71756609580784,71.7818718508085,73.46664428710938,9567000
2022-03-16,73.3501326347394,74.1477083768598,72.445016055204,73.94159698486328,8261200
2022-03-17,73.98643145918422,74.59581611832748,73.86097051498784,74.10293579101562,6341900
2022-03-18,74.30903472408286,74.81984186410608,73.69965016781765,73.81615447998047,13470800
2022-03-21,73.48459449956117,74.16567314345991,73.02755425352696,73.30536651611328,7181700
2022-03-22,73.36807333599477,74.34487715389452,72.96480024761121,74.24629974365234,8516800
2022-03-23,73.91474131510475,74.47035209151592,73.49354808969086,73.99539184570312,6125800
2022-03-24,74.3000861696719,75.08869874801039,74.16566178411999,75.00804138183594,5498000
2022-03-25,75.35753154581903,75.4919559150736,74.56891906309023,75.22311401367188,5481000
2022-03-28,75.32170321148402,75.92212440602532,74.9901239604003,75.66223907470703,6177700
2022-03-29,76.1730324444004,76.20887939776829,74.96322682594021,75.8324966430664,8954300
2022-03-30,76.28952981838657,76.87203084493918,75.84145315751645,76.62110900878906,6829300
2022-03-31,76.2268069283829,77.32011518340451,75.91315460205078,75.91315460205078,10082800
2022-04-01,75.7159800543893,76.88994536617446,75.39336436351313,76.80928802490234,6453800
2022-04-04,76.74657301292976,76.98853824830938,75.85041965515421,76.72865295410156,6465700
2022-04-05,76.94372839472643,78.36860896194736,76.81826747071105,77.36492156982422,7203200
2022-04-06,77.22153958592084,77.53519191966424,76.55838796070508,77.50830841064453,7621900
2022-04-07,77.33802702133919,78.2252168108153,76.80032960991697,78.03702545166016,7817400
2022-04-08,78.10873199013716,78.43134091724218,77.03334383039216,77.14984130859375,5731600
2022-04-11,77.20361426631176,77.26634472878709,75.59053546393531,75.7966537475586,6745200
2022-04-12,75.68015796536208,76.02965727242633,74.72127402393559,75.17831420898438,8714800
2022-04-13,75.6084800004409,75.70705744120245,74.45244106187216,74.8736343383789,7858500
2022-04-14,74.87361525095676,75.1783041086482,74.18357334153734,74.21045684814453,7164100
2022-04-18,74.38073975155494,74.92739392802301,72.64219979117398,73.22470092773438,6279100
2022-04-19,73.26951439954051,73.57420331739745,72.68701323863358,73.33224487304688,8104800
2022-04-20,74.40762922797694,74.40762922797694,72.87520745598786,73.04547882080078,8457000
2022-04-21,71.97903318097997,72.5884177018377,68.08973111926082,68.26895904541016,17712800
2022-04-22,68.25999202757359,68.43922678145503,66.20780024610178,66.2705307006836,15284800
2022-04-25,66.3153340832892,66.77237411095561,64.15560167795496,66.35118103027344,15697900
2022-04-26,66.36016459166595,67.18462411089878,65.85831401886969,65.93000793457031,10971600
2022-04-27,66.16299855926323,67.33695717273058,65.589461004813,65.66114807128906,10989600
2022-04-28,65.86726270210136,66.23468880986982,65.21306783292366,65.8582992553711,11325600
2022-04-29,65.31165163377979,65.82245875373992,63.51934499011519,63.644805908203125,14912900
2022-05-02,63.7164919153377,64.08391801354725,61.404414990753985,62.614227294921875,14338100
2022-05-03,62.73073715410438,64.10185074367828,62.34539092381629,63.41181564331055,10419900
2022-05-04,64.52303354594554,65.71491900096375,63.38492193478149,65.47295379638672,10859600
2022-05-05,65.15034636519849,65.39231160054007,63.80611632874646,64.37965393066406,10382300
2022-05-06,63.85989198247042,65.29373602774784,63.707540711169294,64.9442367553711,9364900
2022-05-09,64.34381512963678,64.59473698097173,62.96373811018689,63.36700439453125,10442700
2022-05-10,63.62687643160158,64.29002787720317,61.58364825421391,62.72175979614258,14731900
2022-05-11,62.417081465960216,63.94053940832495,62.31850405164289,62.90996170043945,11129000
2022-05-12,62.36331011479666,63.169849520110816,60.23943099076166,61.395469665527344,15364900
2022-05-13,62.219938227818595,62.901016807127554,61.41339870457228,62.551517486572266,8010600
2022-05-16,62.408111712190625,63.37595886199761,62.19303684682464,62.8382682800293,7339500
2022-05-17,63.537282338797674,64.54993329771588,62.84724033867764,64.54096984863281,8889300
2022-05-18,64.33483867540227,64.74706832455917,63.366991584108895,63.62687683105469,10316800
2022-05-19,63.70755294653373,63.70755294653373,62.3095555885341,63.14297866821289,9593500
2022-05-20,63.537266877630934,64.12872446812865,62.71280752743086,63.82403564453125,9747800
2022-05-23,64.35278685785029,65.05178556137368,64.03913447000123,65.01594543457031,10378700
2022-05-24,65.06969028389493,67.13980217524258,64.6753806523594,66.91576385498047,11133500
2022-05-25,67.31904003757988,67.34592354331373,65.94791971118802,67.02330780029297,11192100
2022-05-26,67.25631604857365,67.88362069973462,67.00538735100133,67.24735260009766,9431300
2022-05-27,67.13469311816101,69.80241544149271,66.84629089066708,69.78439331054688,9435300
2022-05-31,69.1985849147255,69.34278948851,67.74755905226856,68.21621704101562,29712000
2022-06-01,68.27929159529222,69.06338146617301,67.89175047339036,68.6488037109375,7994100
2022-06-02,68.90113606210556,70.88390677226828,68.49557292023444,70.76673889160156,9640600
2022-06-03,70.37922269555335,71.14529737422353,70.11786396816085,70.91998291015625,9293500
2022-06-06,73.17311592845081,73.44348911675606,72.16370481437953,72.27185821533203,12716900
2022-06-07,71.88432924755486,72.26285590065434,70.5504645817091,71.90235137939453,7405600
2022-06-08,71.18132912682762,71.72208231810055,70.51439354407613,70.73970794677734,5198000
2022-06-09,70.51440329560309,71.07318556695476,69.6672257000032,69.7032699584961,8354800
2022-06-10,68.9912788583055,69.3067176743137,68.28829208485092,68.41447448730469,8598500
2022-06-13,67.21579828290871,67.3780249375951,64.85450072604011,65.26007080078125,11882300
2022-06-14,65.16995964308624,65.8999832524649,63.33139261466051,64.42192077636719,11412500
2022-06-15,65.30513981734308,68.09003001427028,65.07982536577508,66.86431884765625,12085300
2022-06-16,65.5304538440319,65.86392170556893,63.19619944142665,63.87214279174805,12729200
2022-06-17,63.66484965475993,65.56650413933187,63.66484965475993,63.81806182861328,15919000
2022-06-21,63.8090420667138,66.15231049690443,63.8090420667138,65.54846954345703,8466900
2022-06-22,65.0708194794828,68.09003903115811,64.75538058072557,67.31495666503906,12686500
2022-06-23,68.08101821876285,69.76637285890317,67.8827403933285,69.57710266113281,12502500
2022-06-24,69.69426081420465,70.41526286122603,69.06337628750393,70.31612396240234,9320500
2022-06-27,70.054769312687,70.46033255775416,69.72130146324102,70.19896697998047,6557200
2022-06-28,70.21699321601015,70.5955198132809,68.70287995087635,68.89214324951172,6140200
2022-06-29,68.58571461134278,68.98227022868416,67.82866138847403,68.49559020996094,7082200
2022-06-30,68.0089087614259,70.51440419784157,67.88273322693382,69.8114242553711,8872900
2022-07-01,70.59552281386756,72.67742606339654,70.3792159981897,72.6053237915039,7718400
2022-07-05,72.5512555277186,72.74953335106818,69.90155529941323,71.29850769042969,11278600
2022-07-06,71.83025003787509,72.28087897632112,70.83886774850423,71.71308898925781,7918400
2022-07-07,71.9474123078847,72.62335566242841,71.92938330117477,72.44309997558594,5498000
2022-07-08,71.83024084450085,72.48816203588919,71.5688821445785,72.32593536376953,5708300
2022-07-11,72.1006225219007,72.98385817325651,71.84827144324224,72.7134780883789,6100400
2022-07-12,72.59631742349782,72.9117562734344,71.66801612789699,72.05555725097656,7553900
2022-07-13,71.54183449379973,73.27225452157379,71.26244680423362,72.33494567871094,7552400
2022-07-14,70.93799671153054,72.41605887215815,70.76675553861179,72.21778106689453,6124400
2022-07-15,70.52341059044497,71.06416380123197,68.79299756550652,70.93798828125,8780600
2022-07-18,70.5955144688846,70.89293114824619,69.8474689575389,69.85648345947266,6610800
2022-07-19,70.41526727683204,71.49678072925975,70.2260039697687,71.13627624511719,6403800
2022-07-20,71.34357753353017,71.55987750080668,70.17193953168272,70.58651733398438,6323700
2022-07-21,70.9470242927724,71.16332426745522,70.41527854644734,71.08221435546875,7847600
2022-07-22,72.21778195700608,73.72288764458051,71.43369210513694,72.32593536376953,11517100
2022-07-25,72.100628110747,73.03793710131292,71.6319770534899,72.9838638305664,5035600
2022-07-26,72.5872905656674,72.65939282653828,71.36157963506271,72.01950073242188,6740900
2022-07-27,72.12766111867582,72.80360447321952,71.69506122235661,72.44309997558594,6056200
2022-07-28,76.43565831489445,77.75149364531893,75.96700736714675,76.19232177734375,13561500
2022-07-29,76.1562770757051,76.97642489856318,75.98503590916316,76.14726257324219,11474800
2022-08-01,76.11122444367192,76.98544567857402,75.30910548869103,76.88630676269531,7004500
2022-08-02,77.00347655917629,78.20214433076973,76.78716971415241,77.21076202392578,7664200
2022-08-03,77.30085956204655,78.24718277086542,76.0300899505994,77.9227294921875,7640400
2022-08-04,78.37338431663282,79.9055268362496,77.91374087314259,79.29267120361328,8679200
2022-08-05,79.20253991489022,79.75230777105158,78.35536218451936,79.29267120361328,8643200
2022-08-08,79.72525141345889,80.17588024139573,78.21113827654912,78.87806701660156,7243200
2022-08-09,79.50896148445904,80.31108034881633,79.11240586574718,80.13983917236328,5154000
2022-08-10,80.80676284727483,81.18528940368847,80.06772498563379,80.91490936279297,5693300
2022-08-11,81.3925917127495,82.04149844482365,80.47331175967881,80.5994873046875,7525800
2022-08-12,81.27542337037514,81.69901560887558,80.50935566562265,81.53678894042969,5262500
2022-08-15,81.5457990982859,82.1946988614445,81.23936790708136,82.01445007324219,5032700
2022-08-16,81.59987296176445,82.32988949823716,81.41060966994007,81.59085845947266,5250600
2022-08-17,81.08614874215212,81.71702632239113,80.87885646518792,81.2934341430664,4178000
2022-08-18,81.2934395294973,81.6809806047651,80.99602972256419,81.3294906616211,5090700
2022-08-19,81.21234165673668,81.64494155413584,80.545412803883,80.85183715820312,5542800
2022-08-22,80.1488455962646,80.68959882796707,79.51796797195344,79.79735565185547,5783400
2022-08-23,79.86046119188808,79.89651233216692,78.97722544518645,79.29267120361328,3473600
2022-08-24,79.44587462611928,80.01366455173998,79.27463344770379,79.95057678222656,5669200
2022-08-25,80.22094771502735,80.62651091905478,79.36474879667442,80.56342315673828,5595200
2022-08-26,81.10418142190129,81.61789805438121,79.07635152378828,79.36475372314453,7990000
2022-08-29,78.77156597628553,79.55945830932392,78.25535803383401,78.80778503417969,5827800
2022-08-30,78.97082410417353,79.08856026349201,77.16862482931916,77.61238098144531,7394200
2022-08-31,77.61234695348938,78.12855483742662,76.79728696472236,77.03274536132812,6830900
2022-09-01,77.27727970421755,78.30063739721597,76.71578756034225,78.11951446533203,5896300
2022-09-02,78.2915876821701,78.9979837758019,76.77013139712837,77.07804870605469,5785700
2022-09-06,79.00704259939252,79.93983901647069,78.8078031880946,79.1247787475586,11077100
2022-09-07,79.43267606710538,81.88692850885666,79.34211459766088,81.72391510009766,11366600
2022-09-08,81.26204247025329,82.46652303703293,81.17147409928327,81.7510757446289,8852500
2022-09-09,82.24011096965889,82.39407304538665,81.35259902659776,81.4159927368164,5700400
2022-09-12,81.66958405638854,82.27635353511037,81.30733124944798,82.24012756347656,5573800
2022-09-13,81.55185177146542,81.932214095256,80.10284059805826,80.47415161132812,5624800
2022-09-14,80.02134756840782,80.936034433843,79.74965621134051,80.49227142333984,7281500
2022-09-15,77.37691935202402,78.60857495290071,76.82448528503967,77.89312744140625,18681000
2022-09-16,77.34973834734468,77.8749976591095,76.52561304420396,76.78824615478516,19190700
2022-09-19,76.724847398324,78.69911779885415,76.56183399243079,78.644775390625,8821000
2022-09-20,77.87500169620883,78.291590024776,76.91503758731047,77.60331726074219,6242000
2022-09-21,77.88404065521388,78.28251935329385,76.02749971304623,76.04561614990234,6706300
2022-09-22,75.89168486988866,76.24487949638967,75.19434692876735,75.65621948242188,6748700
2022-09-23,74.71435049229105,74.86830567747442,73.66381812643431,74.73246002197266,6719700
2022-09-26,74.68718194321008,74.96792456134928,72.74007932692946,73.49175262451172,7702900
2022-09-27,74.27964607171081,74.82302869587694,72.54989924026634,73.42835998535156,9247000
2022-09-28,74.5241667173713,75.19432984237442,73.5823122909199,74.59661865234375,8713400
2022-09-29,74.41549086270575,74.57850426618123,71.96123850050074,72.42311096191406,8291300
2022-09-30,72.72196742081641,72.99365181063436,70.90165229863007,71.01033020019531,12854300
2022-10-03,72.29633673272087,73.926464155841,71.74390270388955,73.52799224853516,8115200
2022-10-04,74.24342578440817,75.06754410780974,73.86305657190279,75.004150390625,8193700
2022-10-05,74.03513601306692,74.69624791301277,72.92120982557937,74.0532455444336,5468700
2022-10-06,73.92644590925524,74.01701427935075,71.40879999108292,71.46314239501953,8374600
2022-10-07,71.14617121080062,71.22768136692487,68.99983613421891,69.48887634277344,7697400
2022-10-10,69.76056554059996,70.34922547525068,69.19002204606632,69.49793243408203,6118000
2022-10-11,69.05416641914367,69.66999401571648,68.12137026023113,68.85492706298828,9143100
2022-10-12,68.65570475543205,69.15380326950846,65.76675410198345,65.88448333740234,9715100
2022-10-13,64.83394008170897,66.62708752648781,63.74718866083497,66.1923828125,13643700
2022-10-14,66.82633719625379,67.77724310869166,64.69811130529499,64.99696350097656,8735000
2022-10-17,65.92974881421317,67.39686236749819,65.884464631464,66.69953155517578,7563500
2022-10-18,68.42022619443688,68.77342070638359,67.11611912915907,67.9764633178711,6998500
2022-10-19,67.2338511272075,67.44214870134277,65.67616915874122,66.69047546386719,8579600
2022-10-20,66.43691709793215,66.54559502132177,63.22193268565339,63.97360610961914,13023800
2022-10-21,64.3720748122746,66.11087985711043,63.66568569464737,64.8882827758789,11161300
2022-10-24,65.6490088239813,66.7357671827571,65.16902681868248,66.36445617675781,9989600
2022-10-25,66.79011179788401,68.90927948621423,66.65426612082223,68.70098876953125,9216900
2022-10-26,68.70098814358175,69.30775766494467,68.19383832386328,68.46552276611328,6247100
2022-10-27,68.87305984097028,69.67001054527594,68.3387353582009,68.34779357910156,7163300
2022-10-28,69.50699113395414,71.81634669760348,69.41642966093598,71.57182312011719,9123300
2022-10-31,71.04655496663895,71.78917008017926,69.5160474589823,70.18621063232422,8273700
2022-11-01,70.811085585043,70.811085585043,69.8873407637218,70.37638092041016,5410300
2022-11-02,70.36736198725198,72.29635594491356,69.75153406569338,69.98699951171875,7119000
2022-11-03,69.49793278105568,71.70766864734404,69.15379642048515,70.80204010009766,6920300
2022-11-04,71.18240316307069,71.70766938412599,70.11376118996398,71.36353302001953,7758900
2022-11-07,71.30014006125572,71.65333464934268,69.09040414859047,69.99603271484375,7008500
2022-11-08,70.34016159246934,71.67143654860456,69.8782960476282,70.88353729248047,5518400
2022-11-09,71.18238976021775,71.64426217172489,70.63901411047793,70.82013702392578,4940000
2022-11-10,73.6366596096487,75.86450514725092,72.40500415496486,75.34829711914062,9315900
2022-11-11,75.41168815152685,75.9369543815508,74.24343337389787,75.44791412353516,5730900
2022-11-14,75.24867069552666,75.87355658770248,73.9083443501085,73.95362854003906,7904000
2022-11-15,74.73245377386881,75.90977347725664,74.29775600388312,75.08565521240234,5594900
2022-11-16,75.22150076343436,76.75201513464859,75.22150076343436,76.36259460449219,8444900
2022-11-17,75.40263944462676,75.48414270241193,74.14381623880432,74.5785140991211,8333900
2022-11-18,75.40263953379292,75.882621588601,74.77775358577595,75.34829711914062,6664400
2022-11-21,74.823021176023,75.84637878447865,74.823021176023,75.71053314208984,6593800
2022-11-22,76.12713249646983,76.8969222792977,75.81922211085659,76.17241668701172,4105500
2022-11-23,76.04042750445166,77.36935919373505,75.94940611782694,77.29653930664062,4259700
2022-11-25,77.61511734296387,78.0975438848025,77.48768601326661,77.6788330078125,3622200
2022-11-28,76.76861149103387,77.37846941210165,75.85838366527636,76.21337890625,6464200
2022-11-29,75.46698721784114,75.66723149247599,74.62047511986418,75.08468627929688,5398200
2022-11-30,74.72058812039133,77.27833266460591,74.69328240066964,77.09628295898438,9739200
2022-12-01,77.7334520426437,78.25228158772882,76.45002756851981,77.2146224975586,5830700
2022-12-02,76.21338530688008,77.56051871322468,75.91300843247663,77.5514144897461,6316900
2022-12-05,77.36936196490193,78.30689547524106,77.16000651812854,77.50589752197266,5511700
2022-12-06,77.28743707302945,77.59691115660564,76.1951596701157,77.53319549560547,5027700
2022-12-07,77.51498894717234,78.59815511360738,77.01436096872514,77.63331604003906,5108800
2022-12-08,77.6151253234862,78.64368723328398,77.27834546515227,78.06114196777344,4281700
2022-12-09,77.87909787214954,78.27960037537595,76.84143860877917,76.9233627319336,4460300
2022-12-12,77.47859398072785,78.82572725571843,77.1873213582039,78.78022003173828,5348900
2022-12-13,80.10003952577821,80.43682628289034,78.27958408201052,79.32634735107422,7179500
2022-12-14,79.60851077657519,80.65527398060387,78.5890532913887,79.23532104492188,6111600
2022-12-15,79.09879556932557,79.23533112539285,77.80627378679404,78.10664367675781,6469100
2022-12-16,77.00526704628246,77.2419282081518,75.79466245976181,76.58656311035156,16949300
2022-12-19,76.44093533437282,76.71399951352049,75.51249906960417,76.02222442626953,5681100
2022-12-20,75.91300153240533,76.49554678130492,75.32135206085465,76.02222442626953,4811900
2022-12-21,76.32260382171302,77.32385306765957,76.14056102953633,77.05078887939453,5356200
2022-12-22,76.95065299005681,76.95065299005681,74.78431349654235,75.8583755493164,4491000
2022-12-23,75.54891142668865,76.7048977387274,75.54891142668865,76.61387634277344,3254700
2022-12-27,76.55015835609187,76.71399964164898,75.97671732888557,76.45913696289062,4726500
2022-12-28,76.64117266634513,76.95065370801264,75.53070066073695,75.69454193115234,3536400
2022-12-29,76.21337357645817,77.08719139473864,75.99491391352302,76.53195190429688,3378300
2022-12-30,76.41361769486457,76.47733336030234,75.07558872067165,76.09503936767578,4266900
2023-01-03,76.79592142475396,77.27834104411029,75.13020289625095,76.30439758300781,5535400
2023-01-04,76.78680900790606,77.78805808484076,76.30438944003211,76.90513610839844,4831100
2023-01-05,76.10415406899088,76.46824661212082,74.7661179660687,75.21212768554688,5472600
2023-01-06,76.0586398440648,76.79592915312473,75.38507315365942,76.14056396484375,5235300
2023-01-09,76.13145180909507,77.30564649167314,75.99491625168145,76.5228500366211,4749000
2023-01-10,76.52284493223961,77.00526451769976,75.88568829945952,76.95065307617188,4921100
2023-01-11,76.88694226155879,77.69704443624599,76.65938531486043,77.3693618774414,6153500
2023-01-12,77.46037304065825,77.9792025328535,76.81411223069476,77.43306732177734,4648600
2023-01-13,76.8596417432563,77.34206139180365,76.23158230560699,77.07809448242188,4943200
2023-01-17,77.54230947346211,78.70739996090704,77.53320525089197,78.04293060302734,8410200
2023-01-18,78.21587468283695,78.31600029582121,76.21337631212566,76.27709197998047,6107700
2023-01-19,76.51374083149544,76.76860348501054,74.902640803497,75.17570495605469,7099700
2023-01-20,75.1028976605541,75.13020338341369,73.27333783960573,74.47483825683594,9429200
2023-01-23,74.0743403891801,75.74916325462813,73.6374349074023,75.24853515625,6864300
2023-01-24,75.35775728488252,76.64117481877513,73.07308365672802,76.36811065673828,6652300
2023-01-25,73.30063175411202,73.71933564097743,69.08628022251122,69.7143325805664,28527400
2023-01-26,68.35812081542608,70.49715520788871,68.08505658449869,69.54141998291016,18508700
2023-01-27,69.24102307050916,69.54139988777004,68.73129776448084,68.79501342773438,13243200
2023-01-30,68.59475991704417,69.4958833941362,68.16695178761563,68.31259155273438,10669600
2023-01-31,67.84837306315906,68.1123399274425,66.76519988635565,67.93029022216797,19020400
2023-02-01,67.92120842944472,68.30350248094456,66.75611088353588,67.5753173828125,15188700
2023-02-02,66.96546334872814,69.94190539385612,66.637780763734,68.81322479248047,18604100
2023-02-03,68.49464677956169,68.66759229599192,67.05648508747994,67.96671295166016,11671500
2023-02-06,67.90298221856456,68.78590416211178,67.76644668032262,68.73129272460938,9343400
2023-02-07,68.603868822958,69.7052435800503,68.03952511131716,69.25012969970703,10855800
2023-02-08,69.15913153527262,69.31386863987123,68.1396736009678,68.2944107055664,9082200
2023-02-09,68.44913044193572,69.12270404013944,66.55586182217903,66.69239044189453,13163500
2023-02-10,66.82891807370333,68.49463648138929,66.82891807370333,68.0304183959961,9883000
2023-02-13,68.57655131008947,69.18640914445736,68.4127169914522,68.8314208984375,8114200
2023-02-14,68.53106127102879,69.47769914587614,68.08505153246684,69.20462799072266,7089400
2023-02-15,68.85873378298426,70.16945707986712,68.85873378298426,70.03292846679688,9344300
2023-02-16,68.99526721104831,69.65062536701909,68.86783587979123,68.8951416015625,7795600
2023-02-17,68.90424104911034,69.61422455995606,68.61296843356604,69.24102783203125,9436100
2023-02-21,68.66757498942063,68.74949214319695,67.00185675111165,67.04737091064453,11915600
2023-02-22,67.33866104425366,68.03042922712875,66.84713715990289,67.06558990478516,9351200
2023-02-23,67.69364992525988,67.69364992525988,66.12805686078137,66.32830810546875,9049900
2023-02-24,65.64563173779779,66.74700654752253,65.35435911823825,66.37380981445312,9127800
2023-02-27,66.84835401526728,67.4896263603803,65.66657470269239,65.83147430419922,7029700
2023-02-28,65.68488082028009,65.82229829265918,64.86038996469149,65.07109069824219,11276700
2023-03-01,64.91537490557977,65.08027452726984,63.797722690718814,64.00843048095703,11809200
2023-03-02,64.45732500092394,66.1612855296808,64.2374611554105,66.1521224975586,16066500
2023-03-03,66.7750644317598,67.6728527134246,66.12462904955173,67.6362075805664,10724800
2023-03-06,67.37053337352503,68.34160489933484,67.2514419376965,68.15838623046875,6888900
2023-03-07,67.73698990541999,68.24084483025817,66.89416570448142,67.56292724609375,7308900
2023-03-08,67.22394972598424,68.14005700647141,66.91247660550367,68.02096557617188,5913600
2023-03-09,68.25000002585885,68.6988906864621,67.23312027169513,67.57208251953125,7678100
2023-03-10,67.78278345950234,68.0392924090086,66.29869396897486,66.88500213623047,10167100
2023-03-13,66.93081745018246,68.87296803281244,66.87585323206194,67.14152526855469,8388800
2023-03-14,67.78277443531493,68.57062724067686,67.26975660460252,68.2957992553711,8635800
2023-03-15,68.20419827114465,69.48675012561057,67.72782546257775,69.18443298339844,12030300
2023-03-16,69.31268845226558,70.09137833555937,68.55231764145216,69.83486938476562,8895800
2023-03-17,69.88983511842768,69.88983511842768,68.46986583778288,69.32184600830078,14137400
2023-03-20,69.25772502853742,70.54027691578442,68.99205301701626,69.59668731689453,7140100
2023-03-21,69.94479373223682,69.94479373223682,68.03928879519209,69.03784942626953,6222300
2023-03-22,68.99204830658073,69.60584559649283,67.8743961238496,67.91104125976562,7038000
2023-03-23,67.58123664190572,69.36765018143313,67.2147992906283,67.61788177490234,7541200
2023-03-24,67.78277757173325,69.395128386306,67.52626864450795,69.34016418457031,5293900
2023-03-27,69.50506381122725,69.67911944658535,68.66223977794104,69.11113739013672,5515900
2023-03-28,69.16610735685987,69.85318789351741,68.54315405738323,68.92791748046875,5935500
2023-03-29,69.13861410921608,69.90814083134687,69.13861410921608,69.72492218017578,5680500
2023-03-30,69.95394921279188,70.5585763550672,69.77988660108157,70.1646499633789,6187000
2023-03-31,70.32956547689476,70.65020867411884,69.60584674597304,70.61356353759766,10124400
2023-04-03,70.5860861409298,70.5860861409298,69.44095175830176,70.23796081542969,5778700
2023-04-04,70.40286104878146,71.17239499495476,70.01809757036764,70.68685913085938,6165600
2023-04-05,71.36476344316603,72.32667196005443,71.21818291334816,71.7586898803711,8200400
2023-04-06,72.18927986883341,72.3724985885089,71.41974586963484,72.34501647949219,5427700
2023-04-10,71.77702100208374,71.914438524522,70.8242683663495,71.85031127929688,5647500
2023-04-11,71.81366095048702,72.0152057035841,71.36477026635397,71.76785278320312,6019600
2023-04-12,72.08850355122694,72.77558419661996,71.6945770349611,71.99688720703125,6786400
2023-04-13,71.84113521363662,72.47325150856452,70.97999907532193,72.23506164550781,4928600
2023-04-14,71.81366320397463,71.88695347819068,71.05329233501001,71.47470092773438,4920900
2023-04-17,71.62128867388938,71.96025098419433,71.26400728786204,71.95108795166016,4393300
2023-04-18,72.12514291538497,72.43661609480164,71.40141718813747,71.73121643066406,8147500
2023-04-19,71.74036800842399,72.52822092883721,71.72204893579928,72.31752014160156,3813300
2023-04-20,72.11598102900953,72.46409935082886,71.66709032652102,72.14346313476562,4350400
2023-04-21,72.77557190820562,73.08704505997115,71.9693929472227,72.36331939697266,5192600
2023-04-24,71.92359050118725,72.60150798784278,71.91442747060768,72.40912628173828,5725800
2023-04-25,71.20902708241425,72.46408967329832,70.99831931751527,71.29147338867188,8399800
2023-04-26,70.3387215642853,70.49445813711665,67.81942633926451,67.85607147216797,12656700
2023-04-27,68.07595639810854,70.10055344100027,67.70951893409021,69.48676300048828,8155600
2023-04-28,69.08366402075065,70.26543644404256,69.08366402075065,70.20130920410156,10005800
2023-05-01,70.05473092846427,70.88838499149766,69.9539585597297,70.35704803466797,5214700
2023-05-02,70.22878935690572,70.55858155651258,69.1752645582761,69.5691909790039,7674200
2023-05-03,69.86234639235515,70.13717439558317,68.95539511047336,69.0653305053711,6265900
2023-05-04,69.05616403196824,69.32183598104979,68.30495634431635,69.17526245117188,6042300
2023-05-05,69.26687178101355,70.14633392831254,68.88210840207222,69.17526245117188,6215500
2023-05-08,69.19358714676086,70.25627502948234,68.96456030886515,69.67912292480469,6751700
2023-05-09,69.82570328604042,69.82570328604042,68.88211383450114,69.23939514160156,5588100
2023-05-10,69.74326285975961,70.68685947476378,69.56920718401835,70.43950653076172,5696000
2023-05-11,70.16465754458729,70.39368437870229,69.20274903491085,69.71576690673828,6542700
2023-05-12,70.43949651440808,71.44721324348556,70.1555054606771,71.41973114013672,8315000
2023-05-15,71.88695336019487,71.94191757109405,70.37537465636004,71.03497314453125,5430000
2023-05-16,70.99833433931894,70.99833433931894,69.34018192875908,69.47759246826172,6215700
2023-05-17,69.77989439002657,69.88066675654476,68.88211311112097,69.01952362060547,5408600
2023-05-18,68.47902355837203,68.9370772276588,67.984324756821,68.7996597290039,6970600
2023-05-19,69.21190871735826,69.42260948051918,68.22251116439817,68.23167419433594,6338600
2023-05-22,68.62561273050908,68.86379563620832,68.22252321417926,68.32329559326172,4272600
2023-05-23,67.8835663932484,68.89128327567924,67.70951071576988,67.93853759765625,8751200
2023-05-24,67.92935637282712,68.17670226370919,67.48046576156655,68.01180267333984,6879400
2023-05-25,67.95685719978506,67.95685719978506,66.39031415425796,67.2331314086914,7716400
2023-05-26,67.42490399212014,68.74334562901863,66.93625202778053,68.15327453613281,7174000
2023-05-30,68.54972058050934,68.91851672568103,66.89014847853888,67.01922607421875,6874000
2023-05-31,66.97312752125657,68.01497018077917,66.27241551115372,67.72915649414062,11112000
2023-06-01,67.35113279227583,67.70148521399334,66.8071569690245,67.26815032958984,6738800
2023-06-02,67.34191518888477,68.41141619484546,66.86247812460513,68.0887222290039,7175400
2023-06-05,68.36532405487372,69.04759233154883,67.60929514444963,67.84900665283203,5266600
2023-06-06,68.02417632896969,68.36531393390499,67.6369436104162,67.65538024902344,5652900
2023-06-07,67.89511424643642,68.6880235372536,67.56319840217797,68.3837661743164,6488100
2023-06-08,68.66957572774855,69.25964668065332,68.29155778662485,69.05680847167969,9984500
2023-06-09,69.0199199674063,69.33339204647515,68.22701089962068,68.29154968261719,6011400
2023-06-12,68.60504225817301,68.66035921611059,67.94121062611751,68.20858764648438,7564300
2023-06-13,68.13483707932464,68.8632076146503,67.99653762984721,68.54972839355469,8579300
2023-06-14,69.05680823504414,69.10290335152526,67.57240902086072,67.673828125,8893600
2023-06-15,67.98730274060014,68.70645129879952,67.6830524511933,68.5589370727539,10098300
2023-06-16,68.9185048354154,70.45822091409892,68.8908463602846,69.6929702758789,23053600
2023-06-20,69.72986609841621,70.22773986412022,68.68802344293665,68.92774200439453,7801600
2023-06-21,68.64190484305882,70.09864547146358,67.96885851237313,69.86814880371094,7176100
2023-06-22,70.1355373574028,70.43057285945011,69.14901173797573,69.26886749267578,6976200
2023-06-23,69.41639402692064,70.06178203842218,68.22703009069485,68.3837661743164,9080100
2023-06-26,68.30999083555493,68.95538574238066,68.05183568650475,68.49439239501953,5670200
2023-06-27,68.7433210227237,68.96460287900098,67.49864047651309,68.14403533935547,5979100
2023-06-28,68.18091679220086,68.42063531482003,67.50787040934789,67.71070861816406,8735100
2023-06-29,67.00999655102254,67.8582226636961,66.85326049341559,67.12985229492188,7193200
2023-06-30,67.24971684165806,68.51283420691075,67.10219558294783,68.41141510009766,9259900
2023-07-03,68.10716152744352,68.6603521525119,67.76602390878782,68.5773696899414,2484500
2023-07-05,68.20859155012016,69.6929839352736,68.15326755481519,69.10291290283203,8450100
2023-07-06,68.49439821019709,68.49439821019709,67.31425626623056,67.32347106933594,7271200
2023-07-07,66.87170317848033,67.04688292587792,66.29085401202688,66.42915344238281,7511700
2023-07-10,66.19865171608903,66.83481779275822,65.5532567681078,66.11566925048828,7704700
2023-07-11,66.05113957039305,66.59511548778912,65.32276909053826,66.55823516845703,6623100
2023-07-12,66.8809097129764,67.8305547983528,66.55821580545039,67.73835754394531,9710500
2023-07-13,67.7844607746292,68.16247870744596,67.6553831961553,67.95964050292969,6058600
2023-07-14,67.74759551026276,67.99652885985365,67.1114223452397,67.48943328857422,6463500
2023-07-17,67.26814603842853,67.69225905898962,66.79793087107167,66.9915542602539,5148800
2023-07-18,67.09297804652908,67.37879874505168,65.73766332480437,66.42915344238281,7239500
2023-07-19,66.71496879387313,67.24050101515499,66.42915512232376,66.47525024414062,7464800
2023-07-20,66.4752330220134,68.34686471055772,66.06034186214283,68.31920623779297,9221600
2023-07-21,68.61425438502593,70.31992851883992,68.50362047346665,69.97879791259766,11878400
2023-07-24,69.96034538020481,70.68871568728837,69.4901372472091,69.60999298095703,8609700
2023-07-25,69.84971533735903,70.01567322704543,68.79865104741195,69.55467987060547,8847800
2023-07-26,69.04758337009001,70.24616889324635,68.11637483392087,68.56815338134766,7244600
2023-07-27,68.17170684435655,69.04759149840321,67.4802167382562,67.55397033691406,10185400
2023-07-28,67.99652226322301,68.57737137871867,66.82560219523002,67.16673278808594,6230700
2023-07-31,67.67382415384246,68.66034962641577,67.34190838417291,67.58162689208984,10876400
2023-08-01,67.60007354520947,68.05184511866399,66.46602665847122,66.53978729248047,6723400
2023-08-02,65.93126801613026,66.70573343399627,65.8851658694573,66.30006408691406,6589600
2023-08-03,65.64546315459346,65.92206203274719,64.59439867233195,64.63127899169922,9075100
2023-08-04,65.04618069317895,65.17525830057929,63.63553478224326,63.773834228515625,9140500
2023-08-07,64.07808455845657,64.2809227861282,63.25751684411315,63.28517532348633,8397200
2023-08-08,63.008570928346636,63.570983406884636,62.61212337987624,63.349708557128906,8890000
2023-08-09,63.42346396718323,64.15183428166422,63.16530882467353,63.54331970214844,7453000
2023-08-10,63.893671779294024,64.2255875054877,62.83338582251974,62.96246337890625,7959900
2023-08-11,62.97169246779125,63.56176337472774,62.842614896536396,63.54331970214844,6524200
2023-08-14,63.478779867446995,63.55254048814508,62.97169142709757,63.211402893066406,8021100
2023-08-15,62.83339833451064,62.907158962619214,61.9298482256822,62.09580612182617,7703900
2023-08-16,62.436949981876076,62.649003016098575,62.05893200074699,62.2894287109375,6433500
2023-08-17,62.086584999397374,62.83339905774162,62.04048988194943,62.24332809448242,6677600
2023-08-18,62.086589614798626,62.75042125636342,62.07737481114447,62.538368225097656,6291300
2023-08-21,62.46460368492467,62.510705837117854,61.46885628483871,61.84687423706055,6856100
2023-08-22,61.87452968884377,62.52913941960987,61.55183574187463,62.252540588378906,7370400
2023-08-23,62.759631586014265,62.824170370765216,62.04970495375383,62.59367370605469,7721800
2023-08-24,62.593685452272986,63.073122543993165,61.8468783694104,61.975955963134766,9242500
2023-08-25,62.04971456715803,62.89794073650103,61.98517577240804,62.65822219848633,10114100
2023-08-28,62.92561449324812,63.2483085453473,62.67668109140097,62.71355438232422,7152600
2023-08-29,62.925210869753386,62.99019678944888,62.30320176939161,62.67455291748047,11209700
2023-08-30,62.535291024944236,62.87879205267404,62.03396807214946,62.28462600708008,7461500
2023-08-31,62.665262900014966,62.93449228687076,61.95041783231296,62.015403747558594,11797800
2023-09-01,62.51672089405643,62.730250095899024,61.69046834780814,62.08039093017578,8296600
2023-09-05,62.03397247282805,62.45173808832647,61.096312415920394,61.458377838134766,10002700
2023-09-06,61.30056058364033,61.65334738920712,60.67855143468306,60.98491668701172,9250300
2023-09-07,61.53263753630256,62.17321796641984,61.15200781788071,61.50478744506836,9981100
2023-09-08,61.51407801368043,62.20107295564083,61.33768464473028,62.043251037597656,7484800
2023-09-11,62.20107042000196,63.027322878349445,62.154648877560135,62.69310760498047,7981600
2023-09-12,62.66525881083507,63.15729600600641,62.303193437673784,62.878787994384766,7171300
2023-09-13,63.01805864071904,63.84431138079624,63.01805864071904,63.52866744995117,8925700
2023-09-14,63.96499221902556,64.38275783086064,63.5193694278587,64.3177719116211,7944900
2023-09-15,64.37347679344276,64.88408554104241,63.686481728164196,63.72361755371094,18391400
2023-09-18,63.88144135325095,63.92786290726467,63.04591004448156,63.35226821899414,7534100
2023-09-19,63.17587202714632,63.277993763675745,62.52600578714691,62.74881362915039,8215500
2023-09-20,63.19443153407926,63.259417444785996,62.42387924789004,62.5260009765625,5804000
2023-09-21,62.303202858577244,62.8602260489814,61.98755189815659,62.117530822753906,9458600
2023-09-22,61.736890569684775,63.49151741924111,61.597633008955874,62.85093688964844,11796500
2023-09-25,62.40531565722991,62.66525930329279,61.99682873745503,62.63740921020508,8656500
2023-09-26,62.31248534226609,62.377471259715556,60.59498722708179,60.65997314453125,9042600
2023-09-27,60.06581348342451,60.33504287637213,55.26612012371791,55.665321350097656,25606200
2023-09-28,55.980966525944304,56.35231764226059,52.898764301505935,52.99160385131836,31153800
2023-09-29,53.53935276929737,54.5512810602786,52.89877567447104,53.18657302856445,19047600
2023-10-02,52.06323792365402,52.34174953467449,46.58582756055992,48.41472625732422,54022800
2023-10-03,48.340454485993895,49.30596470717868,46.88290696850815,48.99959945678711,36257500
2023-10-04,49.86298129911823,50.0857926826434,46.92003655678523,46.99430465698242,28467400
2023-10-05,46.24232689948741,46.53940640335854,44.78477947691121,45.908111572265625,29911400
2023-10-06,45.54604333758279,46.88290102250436,43.772848608885354,46.64152526855469,24718500
2023-10-09,46.13091969447523,46.808632537916665,44.91475157522388,45.78742218017578,20644600
2023-10-10,46.12163874232764,47.92268373572636,45.97309898556762,47.88555145263672,23164300
2023-10-11,48.32187904182048,49.73300832789491,47.996949470654236,49.70515823364258,22401400
2023-10-12,49.26882426666353,50.10436256086445,48.48898970589832,49.20383834838867,27972800
2023-10-13,49.69588173319567,51.29268687413047,49.66803163377339,50.58712387084961,22319200
2023-10-16,50.587118538060345,51.09772370862358,49.72373013231267,50.4849967956543,17089400
2023-10-17,49.742301571597494,50.912051746056896,49.714447931668694,50.2900390625,13365500
2023-10-18,50.206485581626495,50.85634478094558,49.2688255229512,49.42665100097656,13593300
2023-10-19,49.46378387944814,50.12293235472868,48.62824909532977,48.63753128051758,11580400
2023-10-20,48.2290486557205,48.91604369812154,47.98766933917203,48.23833084106445,17798900
2023-10-23,47.597755644473324,48.79535946366969,47.30067612146655,47.82984924316406,15200700
2023-10-24,50.54069464573344,51.4597867433149,49.305958692026536,51.17198944091797,20060300
2023-10-25,51.62689131940565,52.86162719949712,50.977028652347,52.41600799560547,19262400
2023-10-26,52.703807791708435,54.068519103401215,52.620253965656495,53.44650650024414,17357800
2023-10-27,53.25155504826293,53.864281997920045,51.923979400427974,52.21177673339844,11921000
2023-10-30,52.36959551844299,53.35367357762404,51.775436517226886,53.10301208496094,11017700
2023-10-31,53.43722679257043,54.30061518796922,53.279401317616376,54.12422180175781,19978300
2023-11-01,53.947839285700844,54.579134188343055,53.08445077301275,54.24491882324219,13428900
2023-11-02,54.32846440473999,56.138794996159476,54.30989649378318,55.61890411376953,15076500
2023-11-03,56.835078125846465,57.08573962217168,55.117583475055305,55.126869201660156,13938000
2023-11-06,55.14543740662675,55.5910566664187,54.64411441131065,54.811222076416016,9299500
2023-11-07,54.820510999486324,55.29398395596753,54.21706972707543,54.272769927978516,9615500
2023-11-08,54.00353222370107,54.00353222370107,52.71309249200655,53.38152313232422,12781600
2023-11-09,53.02873618188833,53.16799373601046,50.70780055629751,50.80064010620117,17147900
2023-11-10,51.060591354182954,51.40408888622754,50.60568634569101,51.1905632019043,12776100
2023-11-13,51.10700639012326,51.11629211668693,49.95582419892089,50.59640121459961,8951800
2023-11-14,52.06322511847321,53.604326097977626,51.47834840015615,53.42793273925781,13399500
2023-11-15,53.36295859955364,54.52342656720608,52.89877141249267,52.91733932495117,11295000
2023-11-16,53.307248980305005,53.63218210027517,52.527417991896904,52.545982360839844,11155400
2023-11-17,52.92661083692123,53.27011183593007,52.44385937622374,53.260826110839844,10136300
2023-11-20,52.91733143897978,53.54862620262178,52.27675449122539,53.23297882080078,8404900
2023-11-21,53.21441769078888,54.11494194748618,52.71309468965015,53.827144622802734,11952600
2023-11-22,54.265164025039795,54.57402231465915,53.338596296753465,53.787841796875,9626900
2023-11-24,53.478966965514566,53.91885461032066,53.28242278943367,53.86269760131836,4629400
2023-11-27,53.815909195102876,54.003095680273326,53.226273016415796,53.890785217285156,9779100
2023-11-28,53.87206835995924,54.82671625913966,53.59128683586441,54.433624267578125,9473600
2023-11-29,54.77991766250181,55.4350686100032,54.26515747885265,54.620811462402344,17019100
2023-11-30,54.73312703859296,54.92031355110096,54.265162542465845,54.76120376586914,15381700
2023-12-01,54.79863515931329,55.725206320582764,53.97501674599435,55.378910064697266,10510200
2023-12-04,54.83607343818719,55.715845303552726,54.82671572027586,54.910945892333984,10239600
2023-12-05,54.92031042975001,55.08877792440392,54.16220670380741,54.499141693115234,12544800
2023-12-06,54.86414907532454,56.39907184292242,54.86414907532454,56.342918395996094,13235700
2023-12-07,56.51138360407348,56.679851078646124,55.63160822124187,56.01533889770508,12230500
2023-12-08,55.753282470917,56.1089364410096,55.31339475975735,55.87495422363281,9408300
2023-12-11,54.77991532962858,56.09957488655558,54.77991532962858,55.88431167602539,11005700
2023-12-12,55.8375152164402,55.93110667360813,54.358749485532655,55.706485748291016,9931000
2023-12-13,55.78136040358989,58.589147072970974,55.528662745196726,58.504913330078125,13013400
2023-12-14,59.571870967044866,60.451639204412245,58.36452192941884,58.75761032104492,16809100
2023-12-15,58.12118729854351,58.879291045498405,57.11038587288931,57.55963134765625,28901500
2023-12-18,57.653215424793196,58.12117984730056,56.95126879103215,57.09165954589844,10755600
2023-12-19,57.428600736571966,57.86848848398029,56.969993981796726,57.625144958496094,11509600
2023-12-20,57.6064228147457,57.76553258355887,55.94982824096651,56.005985260009766,10091200
2023-12-21,56.27740151896512,56.76408493875188,55.275957956997125,55.78135681152344,12604200
2023-12-22,56.1182971458773,56.969992319651915,55.846876902404446,55.9217529296875,9799400
2023-12-26,55.85623091356849,56.67984925494723,55.80007390042277,56.352272033691406,6791600
2023-12-27,56.07149985114351,56.78280423907965,55.82815990982691,56.69857406616211,6787500
2023-12-28,56.26803336410324,57.1852430766622,56.26803336410324,57.11037063598633,5981900
2023-12-29,56.90447345342801,57.147816954161854,56.408432304656664,56.84832000732422,6814600
2024-01-02,56.670497004497406,58.16798546127961,56.324204293923614,57.625144958496094,10064300
2024-01-03,57.19461205827785,58.13989861698585,56.58625688336994,58.01823043823242,10306300
2024-01-04,58.18670103659178,58.73889925922778,57.7748935843983,57.84040832519531,10568100
2024-01-05,57.70001687923526,58.55171201721087,57.34436290516078,58.10246658325195,7803800
2024-01-08,57.82168304276285,59.019674395081324,57.64385784708142,58.888641357421875,7766600
2024-01-09,58.907367186841675,59.00096222458367,57.924642497407355,58.03695297241211,6921600
2024-01-10,58.04631382235849,58.710822519016006,57.93400334820307,58.28965377807617,8100100
2024-01-11,58.027592976333295,58.205418185635416,56.71729106165674,56.82960510253906,10686000
2024-01-12,57.260134097501535,57.70937957017386,57.0167905683755,57.12910461425781,7796900
2024-01-16,56.77344612494811,57.27884858063938,56.352277411872045,56.483306884765625,11633100
2024-01-17,55.65033327250817,56.165093469503155,54.09669139287147,54.53657913208008,11543100
2024-01-18,54.24644215274685,54.358756199562926,53.56321443423463,53.95630645751953,9626500
2024-01-19,54.02181570063162,54.08733043612921,52.95485735648781,53.591285705566406,12762600
2024-01-22,53.69424114509658,54.08733314807708,53.02973246871094,53.207557678222656,12979900
2024-01-23,53.61000299596988,53.825266201471514,53.244991318367745,53.70359802246094,16081000
2024-01-24,54.377466236454,54.667605473151134,53.113963682689175,53.357303619384766,14471400
2024-01-25,55.17300794428352,55.55673864056274,53.404102940208936,54.26515579223633,15702600
2024-01-26,54.592732776077305,55.23852241196463,54.48978002898976,54.73311996459961,11650000
2024-01-29,54.723767833633104,55.959193784239204,54.4804243028947,55.75328826904297,10102800
2024-01-30,55.68776660410082,55.921748816723095,54.81735248752315,55.48186111450195,7807700
2024-01-31,55.874952018598236,56.13701094922712,54.686321972797735,54.87350845336914,11124900
2024-02-01,54.648889028159395,55.99662895697056,54.293235039135844,55.9217529296875,8687600
2024-02-02,55.116852199943224,55.247881674341414,54.2651570460696,54.42426681518555,14952900
2024-02-05,53.69423996759152,53.750396986867365,52.3090656246895,52.383941650390625,14293600
2024-02-06,52.41201417306243,52.954854605020294,51.95340747812268,52.62727737426758,10305400
2024-02-07,52.71151266130925,53.0390863314094,52.06572303870385,52.767669677734375,7761300
2024-02-08,52.8051055308264,52.8051055308264,51.84109992993061,52.68343734741211,8143000
2024-02-09,52.39330118587437,53.0016564197996,52.1499612344756,52.95486068725586,8003500
2024-02-12,52.964206878990176,53.937573613321426,52.879973150629105,53.86269760131836,9622000
2024-02-13,53.235640592882056,53.478980553148915,51.16723486432823,51.71007537841797,12759700
2024-02-14,51.84110036567426,52.47753229305743,51.56032241424882,52.4213752746582,8831300
2024-02-15,52.69279107348001,53.96565482112083,52.6179186255344,53.600643157958984,9880000
2024-02-16,53.21691614462884,53.741034027094265,52.7208749857854,53.37602233886719,9943500
2024-02-20,53.10461244215918,53.647449399592176,52.458819154336126,52.982940673828125,13014600
2024-02-21,53.36666730754817,53.66616427554365,53.01101331919648,53.4415397644043,9322100
2024-02-22,53.1513994190365,53.422819638169926,52.711511723908885,53.039085388183594,10426000
2024-02-23,53.160759258574934,53.77847217178354,52.889339028606756,53.14204025268555,10563900
2024-02-26,52.79729984706428,52.82563355909199,51.81502366317369,52.08892822265625,12753800
2024-02-27,52.362827535699374,52.88230292633238,51.748907642259724,52.47616958618164,12421800
2024-02-28,52.2778300878132,52.627296054409086,51.67335347948975,51.98503875732422,13240400
2024-02-29,52.410060536513576,52.759522887062595,51.90947543657617,52.126708984375,19993600
2024-03-01,52.192819604817664,52.53283856038071,51.26721444965404,52.14559555053711,15398200
2024-03-04,51.739462159338316,52.013366718108976,50.955532770572425,51.91891860961914,11674600
2024-03-05,51.947254512876256,53.37344118783446,51.90003045663928,52.32505416870117,16026100
2024-03-06,52.872861556524256,53.75124272453382,52.192823593429196,52.447837829589844,11074900
2024-03-07,52.9673137628432,53.33566646192223,52.447838312383325,53.12787628173828,10227300
2024-03-08,53.57178757081866,54.93185983584122,53.184544547953344,54.601287841796875,12735600
2024-03-11,54.37460343708804,54.91296556197293,53.73234623495093,54.65795135498047,9681500
2024-03-12,54.46906273195024,54.780748027738156,53.4112286064517,53.977928161621094,9634400
2024-03-13,55.72523538168179,57.019193228324696,55.678011326527496,56.23526382446289,17495300
2024-03-14,55.914135205263435,56.89641140551641,55.82913046479992,56.23526382446289,16996100
2024-03-15,55.914143113434164,56.79252435480215,55.61190479414249,56.74530029296875,32424500
2024-03-18,56.745290613025745,57.74645352378333,56.14081047459318,56.830291748046875,17073700
2024-03-19,57.03808275700949,57.982578258474696,56.915297332988985,57.869239807128906,11433900
2024-03-20,58.03924801827546,58.94596281517143,57.954243280881194,58.74761962890625,14564500
2024-03-21,58.7476267802967,59.871575242249435,57.88813593222348,57.95425033569336,18090300
2024-03-22,58.76651341678691,59.02152764392305,58.29426564867506,58.35093307495117,10046300
2024-03-25,58.55872196614894,59.16319851964777,58.00146946783636,59.134864807128906,11423500
2024-03-26,59.14430739084392,59.41821195143378,57.897573615082834,58.02035903930664,13829600
2024-03-27,58.709841856014656,60.315484973651095,58.5776130586148,60.24937057495117,13409000
2024-03-28,60.13603233377627,60.69328847755015,59.87157472219388,60.36271286010742,12830800
2024-04-01,60.362714548610796,60.49494696106562,59.27654315128907,59.86213302612305,13175200
2024-04-02,59.75823766005128,59.82435206449528,58.898746799314445,59.38988494873047,9905300
2024-04-03,59.21043010647229,59.49378167956144,58.4265006023631,59.07820129394531,10551400
2024-04-04,59.8337939156577,60.42882714350616,59.47488818720982,60.19270324707031,10690100
2024-04-05,59.55044812745524,60.787738686869034,59.40877594621739,60.61772918701172,10278100
2024-04-08,60.58938452889078,61.31664285442464,60.381594377044415,61.25997543334961,8054900
2024-04-09,61.53388395947421,62.20447490731815,61.19386499916899,61.75111389160156,9188000
2024-04-10,59.97546621129477,60.67439088649067,59.5032184458515,60.45716094970703,10783400
2024-04-11,61.04274525395318,61.193868001917174,59.8054583801972,60.39104461669922,12145600
2024-04-12,60.56105736636419,60.74050662114712,59.455995697384225,59.57878112792969,9039500
2024-04-15,60.003795146229734,60.759394393142955,58.84206616810238,59.26708984375,11147100
2024-04-16,59.02152770531527,59.1065324477824,57.90702268317487,58.27537536621094,11594100
2024-04-17,58.78540322765143,60.37215239941417,58.48316134406883,60.24937057495117,15653700
2024-04-18,60.30603820591925,60.81606665730946,59.62600387369682,60.45716094970703,10135000
2024-04-19,60.65550247296433,61.297759704484115,60.11714032344986,60.73106384277344,13419400
2024-04-22,61.00496343196362,61.85501085862286,60.37215314997861,61.685001373291016,14747200
2024-04-23,61.61888935980973,63.441766109704126,61.486660555645734,62.525604248046875,14349200
2024-04-24,62.25170333466192,63.375648106185686,61.59999911836694,62.86561965942383,12149600
2024-04-25,62.33671619234604,63.394553970351076,61.87391531706336,63.186763763427734,11418500
2024-04-26,63.488991755925205,63.56455312902922,62.10058215033781,62.3272590637207,9982800
2024-04-29,63.30007972522105,64.1406872764489,63.24341230605466,63.677879333496094,9795800
2024-04-30,63.18675425154168,63.74400317174064,62.591717438393836,63.25286865234375,10042600
2024-05-01,63.15841402321403,65.0379579715159,63.035625001583085,64.80183410644531,13991100
2024-05-02,65.05686002368165,65.18908884277191,63.91402111244151,65.02852630615234,10815900
2024-05-03,66.01080143779889,66.37915417060431,65.46299222278006,66.2469253540039,12687500
2024-05-06,66.45471047316433,67.34253863612386,66.36026235508831,67.2953109741211,14042100
2024-05-07,67.7109029668293,68.04147503981982,67.35198996821322,67.95646667480469,13621100
2024-05-08,67.7203168924229,68.84426871759467,67.51253395864572,68.80648803710938,9915000
2024-05-09,68.94817832609574,70.58215887347384,68.5514919062454,70.44048309326172,16627900
2024-05-10,70.71437750230804,71.03550249903576,69.56209189112559,69.69432067871094,12046700
2024-05-13,70.02490272622069,70.52548423783128,69.50542726741939,70.44048309326172,7685500
2024-05-14,70.78050234990152,71.41331267051156,70.51604473567222,71.23385620117188,8176600
2024-05-15,71.75333470610371,72.90562053635735,71.75333470610371,72.77339172363281,12470600
2024-05-16,72.78282349749058,73.11340269892194,71.83832796409598,72.16890716552734,10414200
2024-05-17,72.11223958151594,72.30114303021512,71.34720043059109,71.86666870117188,9490300
2024-05-20,71.77221699874823,71.96112043802218,71.37553058516707,71.65888214111328,7179700
2024-05-21,71.65888243736268,72.6883791634265,71.2621888162121,72.6789321899414,6420100
2024-05-22,72.16890116028063,72.89615948986979,71.93277729658007,72.08389282226562,8773600
2024-05-23,71.74388087035382,71.74388087035382,70.4782602964854,71.139404296875,9097800
2024-05-24,71.23385886567559,72.82061181633344,71.08274331157617,72.3578109741211,7601100
2024-05-28,72.36725078278059,73.91622289006219,72.09334621179518,73.22673797607422,11986600
2024-05-29,72.5089284574596,72.63171750473285,71.93279273582596,72.4239273071289,6896300
2024-05-30,72.60337901726695,73.91622731848419,72.35780814478666,73.85011291503906,21762300
2024-05-31,73.9445561216191,76.00355667119307,73.79343337753743,75.57852935791016,16196000
2024-06-03,75.57377622635082,75.8114296107104,73.69155823107631,73.87217712402344,15410500
2024-06-04,73.77712515392909,73.94823589917148,72.7504606824748,73.33984375,8484300
2024-06-05,73.2447738647461,73.51094448719536,72.81699343357647,73.2447738647461,9264600
2024-06-06,73.14021609508477,73.92921990767657,72.84552093365262,72.91206359863281,6550600
2024-06-07,71.82836588737031,73.19725187972132,71.30553272550773,71.66676330566406,10059500
2024-06-10,71.74280377488954,73.25427579591805,71.15342077941497,73.1687240600586,11218500
2024-06-11,71.58119654785604,71.60020562593868,68.01639606743701,69.14762115478516,22781500
2024-06-12,70.14577516567331,70.29786956327419,67.87380934710265,68.69133758544922,13930500
2024-06-13,68.97652723879501,70.07924260385518,68.78640740125005,69.56591033935547,10023200
2024-06-14,69.16664827158722,69.90812572672641,68.80541045823799,69.45182800292969,6568500
2024-06-17,69.13814729417716,69.77505682192783,68.62481495382933,68.73888397216797,8445300
2024-06-18,65.68739387817534,67.10380601589375,65.56381672945015,66.96121978759766,29169800
2024-06-20,67.49355960535624,69.29021856957208,67.29393163739955,68.88145446777344,14857200
2024-06-21,69.73702041977855,70.0507246760402,68.51072789743402,69.21417999267578,19465500
2024-06-24,68.91948529840954,70.59256724810754,68.68183190082883,70.20281219482422,12063700
2024-06-25,69.93664438743153,70.09824696371751,68.81492001523549,69.37578582763672,10753200
2024-06-26,69.2046715454383,69.97466622463129,68.36812695312389,69.74652099609375,11481500
2024-06-27,69.98416373977354,70.71613289403898,69.61342508009812,70.0792236328125,9824500
2024-06-28,69.5944085653988,69.6894684581857,66.40985501510522,67.31293487548828,23935600
2024-07-01,67.93084611143227,68.092448680727,66.10566976354738,66.44789123535156,11036400
2024-07-02,66.5429565110445,67.11332325918924,65.95357342815112,66.98974609375,9415200
2024-07-03,67.41751564617257,68.35862834426075,67.06579325127665,68.28257751464844,4487200
2024-07-05,68.44418000673089,68.77689332013124,68.10195852648873,68.52973175048828,7688800
2024-07-08,68.5867772478941,68.99554141315943,68.19702216474514,68.54875183105469,5368700
2024-07-09,68.50120868364702,69.38527955707302,68.13997815301272,68.5582504272461,6220100
2024-07-10,68.69134387165768,69.5183730993724,68.1399862181102,69.29973602294922,6740900
2024-07-11,69.8701003096901,71.4956487118885,69.83207489499112,71.01083374023438,12188700
2024-07-12,71.29600675482499,72.91204667355908,71.0773624762974,72.24662017822266,11099400
2024-07-15,70.50699447854069,70.72563875274471,67.2654065402099,67.46503448486328,19575400
2024-07-16,68.00689960851281,68.71985982732257,67.35097388637378,68.34912109375,10551800
2024-07-17,68.20652627971253,68.68183308305548,66.99925019036822,67.39850616455078,11878900
2024-07-18,67.49356094839966,68.78639593550704,67.32245022208822,68.1304702758789,10212300
2024-07-19,68.36812489545586,68.78639717902438,67.91183445211371,68.44417572021484,7752100
2024-07-22,69.34726235353374,70.48800307666026,69.1666506931421,69.29973602294922,9034700
2024-07-23,68.8529479131633,69.41380649317959,68.35863199946431,68.54875183105469,7027500
2024-07-24,69.1381309938691,72.00898090273914,68.71985868495318,71.68577575683594,17813700
2024-07-25,71.47663055137937,71.93292096459336,69.67997163756291,69.81305694580078,13934200
2024-07-26,70.5640425701634,71.28650360085459,69.8891006098146,70.59255981445312,7076200
2024-07-29,70.7826935006839,70.98232150248913,69.92713974108523,70.66861724853516,5977500
2024-07-30,70.84924095967534,70.84924095967534,69.58492294345959,70.61158752441406,8505500
2024-07-31,71.1724486363924,73.08317690604966,71.00133788435969,72.61737823486328,15618100
2024-08-01,72.5508305771474,74.54711771180995,72.15157460073614,74.51860046386719,11136600
2024-08-02,75.4406834804034,76.58141671192482,73.97673790663438,75.28858184814453,14513100
2024-08-05,74.67070119062736,75.09847440963978,72.71243224260377,72.89305114746094,11877600
2024-08-06,73.05464782630705,74.52810168869065,72.88353710198254,73.1687240600586,9050900
2024-08-07,73.8816930328098,74.87033208566618,73.47292887876925,73.7295913696289,8193200
2024-08-08,73.31131536169869,74.36649692159261,72.81699228272936,73.7105712890625,6935900
2024-08-09,73.67254689502057,74.1763708940148,72.5793399099282,73.634521484375,5041200
2024-08-12,73.51094281923952,73.77711343564941,73.09267056339236,73.74859619140625,5955600
2024-08-13,74.4805770776951,74.62317057389902,73.70107418473442,74.2619400024414,5108900
2024-08-14,74.14785572552255,74.69921331641461,73.29230209355306,74.15736389160156,4620700
2024-08-15,73.71057513572848,73.96723760168359,73.32082010110112,73.58699798583984,5946500
2024-08-16,73.69155778569954,74.89884103240891,73.4253871572424,74.68970489501953,6344200
2024-08-19,74.68970546140173,75.64031900030342,74.55662014616395,75.43118286132812,5617000
2024-08-20,75.43118251013135,75.84945478613452,75.06044381189426,75.07946014404297,5967300
2024-08-21,75.26007386931902,76.03957669908536,75.22204845657359,75.70686340332031,5125300
2024-08-22,75.7448911497375,75.99205271389474,74.5851414093914,75.02242279052734,8006600
2024-08-23,75.53575641074968,76.35328469372327,75.25057667995353,75.72588348388672,5052900
2024-08-26,76.0490937917883,77.06625013114919,76.0110683745796,76.65748596191406,5378700
2024-08-27,76.39132028624162,76.65749097149008,75.64984273373312,75.67835998535156,5086000
2024-08-28,75.79242389963404,76.17266352942423,75.27909169629005,75.48822784423828,5462400
2024-08-29,75.60229939521417,76.22019969348044,74.82279652354781,76.07760620117188,5179200
2024-08-30,76.14936756251711,77.24965519816207,76.03455976373766,77.02960205078125,6808200
2024-09-03,77.27834645938046,77.67062584983432,76.18762872435258,76.47466278076172,9883900
2024-09-04,76.93392427760045,78.0150723831728,76.84781113136934,77.57495880126953,7517700
2024-09-05,78.41690938744263,78.58912836960896,76.76170050844699,76.85737609863281,8494900
2024-09-06,77.36446211404814,77.68019812645832,76.35985018349922,76.52250671386719,8181500
2024-09-09,76.64688478500274,77.72803281434011,75.83363132579643,77.6801986694336,6918000
2024-09-10,77.94808161604776,78.82830858652852,77.5462398207733,78.74220275878906,9588000
2024-09-11,79.12491100828967,79.95730390358027,78.19684983025918,79.82335662841797,10216500
2024-09-12,79.8233640926174,80.34002104494647,79.13448815617863,79.85206604003906,7856600
2024-09-13,80.27304560630475,81.06716686525394,79.89033595022012,80.9906234741211,6734400
2024-09-16,81.4116076974218,81.86129105203435,80.72273898990052,80.98106384277344,8791400
2024-09-17,81.12456448033508,81.32548539182423,80.54093394238038,81.29678344726562,7415100
2024-09-18,80.83753285598156,81.3159180784923,79.89990190762488,80.63661193847656,9286200
2024-09-19,80.01471981155477,80.17737635546547,77.94809918465184,78.73265075683594,13965200
2024-09-20,78.69437986234456,80.13910547573632,78.50302866700984,79.18233489990234,26032300
2024-09-23,80.04342453799049,81.2680896254219,79.35454860141539,81.15327453613281,7916000
2024-09-24,80.5600736872898,81.58381783675104,80.29217911353615,80.64618682861328,8205300
2024-09-25,80.95235194308859,81.52641277859252,80.22520432500784,80.96192169189453,8354700
2024-09-26,80.6079156203216,80.94278383954054,79.64157535950724,79.85206604003906,8462500
2024-09-27,80.14866619074833,81.17241039274559,80.13910374089474,80.88538360595703,8200900
2024-09-30,80.84710676892385,81.27765057153007,80.3782912705958,80.87580871582031,13884400
2024-10-01,80.4739665549149,82.04306957566088,80.19650223666866,81.58381652832031,9112600
2024-10-02,81.10542832497451,81.88997980673402,80.83753376528773,81.73690032958984,8403800
2024-10-03,81.947397652162,82.37794147239438,81.08630271211734,81.37333679199219,7031500
2024-10-04,79.88076650594222,80.44526489322433,79.42152075655363,80.22520446777344,8341800
2024-10-07,79.93817310141391,79.93817310141391,76.7234238422816,76.81909942626953,11971600
2024-10-08,77.28791408342605,78.2733864573218,77.01044978307827,77.02001953125,10098300
2024-10-09,76.21634571953436,77.59409035148477,76.21634571953436,77.09657287597656,10102500
2024-10-10,77.49840578273023,78.99096533601377,77.32618681122989,77.44100189208984,7928400
2024-10-11,77.47928022370209,78.34036785539783,76.91478181891821,78.32123565673828,7057000
2024-10-14,78.35950358466214,79.59373837686226,78.08203927017566,79.32584381103516,5815200
2024-10-15,79.41194997793383,80.41656190351055,79.09621396708634,79.21102905273438,15824900
2024-10-16,79.48849996628276,80.98105970569925,79.15363172982138,80.74186706542969,8061600
2024-10-17,80.65576608149415,80.9714948380045,80.08169787057234,80.15824127197266,6153000
2024-10-18,80.29217103336813,80.76099378983689,79.93817065349535,80.73228454589844,8595300
2024-10-21,81.0958607616208,81.28721192087784,80.04341478654939,80.39741516113281,7053800
2024-10-22,79.60330267726354,80.58878242387448,79.54589878313112,80.0816879272461,8358500
2024-10-23,80.9332084937842,82.28225832594954,79.41194698899781,81.28721618652344,10825100
2024-10-24,80.36873055568454,80.89495730653606,78.93357465290445,79.23017120361328,9705100
2024-10-25,79.31627433158607,79.5363274544426,77.77587327327244,77.90982055664062,6580700
2024-10-28,78.49345349310248,80.2156360308446,78.08204188194114,79.2875747680664,8679600
2024-10-29,76.49379878667465,77.21137666384638,76.03455303304933,76.12065887451172,19232900
2024-10-30,76.30243906709353,76.4363863385428,75.47961594271719,75.67096710205078,11650200
2024-10-31,75.00124290433334,76.39812703275824,74.76205026659798,75.82406616210938,13034700
2024-11-01,75.9580077208788,76.02498136240537,73.6426249142979,74.00619506835938,14615300
2024-11-04,74.00619904138303,75.41265288852601,73.76700640886429,74.98210906982422,11759100
2024-11-05,74.4080297586156,75.38393964077136,73.64261782903607,75.24999237060547,9051700
2024-11-06,71.08804721168369,71.73865140835676,69.54764620631921,71.29853057861328,28637800
2024-11-07,70.4278781809587,71.84389445514961,70.38960648441575,71.39421844482422,16311300
2024-11-08,71.73865271880359,73.85311457172104,71.45161865930665,73.64262390136719,14657100
2024-11-11,73.65220031451483,73.81484955647714,72.46579957418034,72.62845611572266,10275700
2024-11-12,72.34141279040135,72.52320150795191,70.43744167873785,71.04977416992188,12569800
2024-11-13,71.40377188880163,71.79605125420774,70.72446578489283,71.03063201904297,12451500
2024-11-14,70.68620041053147,72.88677543361547,70.46614728797074,72.02568054199219,13780200
2024-11-15,72.18832834318933,73.37472897020713,72.03524886525177,73.04942321777344,12930300
2024-11-18,73.00159404660333,73.35559446945815,72.05438597025706,73.08769989013672,9044300
2024-11-19,73.01115403108584,73.97749427350855,72.44666294365744,73.74787139892578,7942200
2024-11-20,73.85312239413803,74.14971893400842,73.05900107171973,73.5565185546875,7065200
2024-11-21,73.47040346655103,74.15927935599996,73.05899188255121,74.01576232910156,8908500
2024-11-22,74.38658379593107,74.68516800370708,72.97070441964024,73.20186614990234,8165400
2024-11-25,73.90500385352696,74.2613767111473,73.03813804708555,73.81831359863281,20803100
2024-11-26,74.1650588883138,74.9163401272666,73.65457329510227,74.63701629638672,10563600
2024-11-27,75.2534487549937,76.45742692279822,74.99339270408774,75.62908935546875,8689700
2024-11-29,75.6868995413887,76.08180063349064,75.43646997779908,75.7735824584961,6186500
2024-12-02,76.01436144325594,76.13957987180105,74.06873601874048,74.23247528076172,11361500
2024-12-03,74.23248242141638,74.7140737196865,73.4234125676026,73.481201171875,9806900
2024-12-04,73.20188371710479,73.22114413737425,72.33501783496526,72.95145416259766,8310200
2024-12-05,72.85513605137754,73.7220019178959,72.64323468972854,73.39451599121094,6487200
2024-12-06,73.38487640921498,73.68346063018355,72.16163052934516,72.4698486328125,7079200
2024-12-09,72.72028657110074,72.84549766410751,71.81489257220542,71.94973754882812,9269700
2024-12-10,71.7570932582866,71.7763536741439,70.64943195976761,71.41034698486328,8619200
2024-12-11,71.46815011503365,71.80526992333608,70.87098157152748,71.25625610351562,7472800
2024-12-12,71.12139177037928,71.35256085966599,70.3990049004816,70.52422332763672,6969600
2024-12-13,70.3604939471921,71.03471884770238,70.2545432701833,70.90950775146484,7671200
2024-12-16,70.98654625688309,71.48740526460799,70.08115971730207,70.11005401611328,9767000
2024-12-17,69.64772770767311,69.92705152846646,69.15650989901897,69.60919952392578,7723000
2024-12-18,69.31061497544242,69.86926261452997,67.83694685907324,67.92362976074219,12496000
2024-12-19,67.92363513399783,68.38596602497154,67.14345956326119,67.20124816894531,13731700
2024-12-20,67.01824024529768,69.32987971953877,66.7678107372259,69.03128814697266,27547500
2024-12-23,68.71344447606342,69.85963414359102,68.62676156767907,69.82110595703125,7509000
2024-12-24,69.75368220720274,70.22564697265625,69.37804158065816,70.22564697265625,3001800
2024-12-26,69.8114789344521,70.21601386775559,69.60920411930019,69.70552825927734,4503800
2024-12-27,69.2528335398613,69.76331916517475,69.04093218252356,69.4551010131836,5458100
2024-12-30,69.0409322112708,69.26246745271625,68.36670729991577,69.11798858642578,8399000
2024-12-31,69.21429162144202,69.74404490969296,68.77122857513166,69.05055236816406,6216500
2025-01-02,69.80184069510703,69.9463195475571,68.66528499019934,68.97350311279297,5344800
2025-01-03,69.27209319567105,70.00411405426722,68.95424116316873,69.33951568603516,5088900
2025-01-06,69.15652140796536,69.2913663992719,68.23185954114777,68.61713409423828,7025900
2025-01-07,68.82902913215077,69.2528318364017,67.48057199467073,67.83695220947266,8975400
2025-01-08,67.44204330574821,68.09700777630319,66.90266339417359,68.05848693847656,7930600
2025-01-10,67.41314566904043,67.49020203788297,64.60065434278566,64.89923858642578,16261800
2025-01-13,64.74514238963374,64.87998738000333,63.46410763262175,64.49471282958984,17056600
2025-01-14,64.513974974953,65.50605189554803,64.4176508343708,65.47715759277344,10699100
2025-01-15,66.71965435230298,67.4613090570536,66.4692321714131,66.73892211914062,12416500
2025-01-16,66.4210740257469,68.79050244022348,66.35365153483295,68.74234771728516,11469500
2025-01-17,68.47265274187473,69.19503974710565,68.13554027580042,68.1548080444336,12664600
2025-01-21,68.73271077824228,69.233562495841,68.17406310778598,68.24148559570312,12153800
2025-01-22,67.9621639064595,67.97179779032331,65.823897295712,65.96837615966797,14415200
2025-01-23,66.31512298045293,66.79671429817371,65.75647528825672,66.68113708496094,10780100
2025-01-24,65.5927331847208,71.32367402838474,65.49641639501637,70.14859008789062,24588500
2025-01-27,70.60128504553025,71.20808741680786,68.03921589202514,71.11177062988281,19128900
2025-01-28,69.66699935033299,70.19674537221152,67.34572575276496,67.94290161132812,16630500
2025-01-29,68.14516144741745,68.88680873442422,68.01031648614348,68.2800064086914,9496700
2025-01-30,69.3395100945577,69.34914397769006,68.18369396766275,68.67491912841797,8639200
2025-01-31,68.87719165230526,69.08909300581442,68.31854396550843,68.92534637451172,10708600
2025-02-03,67.90435928873643,69.14686546817995,67.60577509586578,68.43411254882812,9128300
2025-02-04,67.66357421517927,68.24148227614278,67.05677185344253,67.32646179199219,10574700
2025-02-05,68.14516519624414,68.18369337994183,66.59444070778532,66.65222930908203,9026100
2025-02-06,66.84486869983525,67.05677003107975,65.74684120929511,66.71965026855469,9145300
2025-02-07,66.59444119398103,66.83523683247488,65.68904724172421,65.7564697265625,9320400
2025-02-10,65.82388326738744,67.17234012942745,65.5830876616124,67.1338119506836,9121300
2025-02-11,66.8545049133281,67.78878582234118,66.18027271327257,67.74063110351562,7020100
2025-02-12,66.75818049472004,67.6057858456417,66.44033583662413,66.72928619384766,8574000
2025-02-13,66.8641350076068,67.0953041248752,66.03579737531203,66.07432556152344,15173000
2025-02-14,66.07431096556365,66.47884580867053,65.38081846395274,65.55419158935547,14184600
2025-02-18,65.4964056084626,66.02615888734232,65.04370868805606,65.97799682617188,12090900
2025-02-19,66.01652810415456,66.95081628612488,65.89131702713243,66.51737976074219,8843000
2025-02-20,66.53666115914062,67.84659018908611,66.28623160528322,67.55763244628906,9340500
2025-02-21,67.55762533389857,69.32025121269187,67.43241424440228,68.94461059570312,16742500
2025-02-24,68.67492014215367,68.82902553204794,67.34572349325403,68.19332885742188,11970900
2025-02-25,68.57859091435652,69.06981604588879,68.07773924876427,68.65564727783203,14063400
2025-02-26,68.56898017814322,69.0024094626785,67.91401563470039,68.3956069946289,8010500
2025-02-27,67.97179696517406,68.29928287606539,66.75818481057709,66.82560729980469,9379800
2025-02-28,67.58015900293186,68.19196863640802,67.27911452236363,68.1434097290039,11247700
2025-03-03,68.02688768338777,69.62922807717025,67.97832877064594,69.55154418945312,9492200
2025-03-04,69.88172228373858,70.96937822995105,68.71638244847878,68.80377960205078,17869500
2025-03-05,68.49301713841272,68.84262054691138,67.38594214785012,68.44446563720703,7722400
2025-03-06,67.997750594464,68.08515515906525,67.0266315734065,67.98804473876953,7482300
2025-03-07,68.153126387005,71.00821839464191,68.03658944885983,70.72659301757812,13469300
2025-03-10,70.89167943241155,74.08666149043763,70.38670086629931,73.96041870117188,25263700
2025-03-11,73.70793242460653,74.0575358518418,71.08590672034194,71.89193725585938,14836800
2025-03-12,70.89168665912655,71.26070921009416,69.70692029937535,70.81399536132812,12110700
2025-03-13,71.08589809846383,71.42579562914193,69.9691173286894,70.62947845458984,11252600
2025-03-14,70.67803082294687,71.55203929579207,70.2410302910488,71.42579650878906,8699300
2025-03-17,71.30926627053229,71.30926627053229,69.01742490838107,70.02738952636719,14954000
2025-03-18,70.12449557085328,70.12449557085328,68.24052251539469,68.6581039428711,15212100
2025-03-19,68.96886101428004,69.12424359461524,67.97832299631538,68.46388244628906,9457000
2025-03-20,68.98828436542611,70.00795471800012,68.5512764351382,69.09510803222656,11815600
2025-03-21,68.96886469088736,69.88171887639626,68.1434150637387,68.8329086303711,15782000
2025-03-24,68.90088478236615,69.7166285322759,67.89092762007698,68.04630279541016,12385400
2025-03-25,68.44446077540829,68.44446077540829,66.4439508779789,66.60903930664062,12618800
2025-03-26,66.78384480598929,67.82294175305597,66.69644765961469,67.71612548828125,9154600
2025-03-27,67.74527028103924,68.96887500873883,67.59960093467956,68.0074691772461,8748800
2025-03-28,68.40562312423614,68.92031499669945,68.14341685132666,68.41532897949219,7846900
2025-03-31,68.66781914459145,69.67778372813396,68.58042199660724,68.84262084960938,13347100
2025-04-01,68.9494488052768,69.50298633735153,68.48330842661126,68.87175750732422,8715800
2025-04-02,69.0368413698331,69.23106960180428,68.10456808351982,68.44446563720703,8480100
2025-04-03,69.60009147515471,70.8528357756651,69.3087602435089,70.0565185546875,13652700
2025-04-04,70.68774608214574,71.29954832588713,64.92901067114103,64.97756958007812,20993500
2025-04-07,63.60828680567348,65.32716396776885,62.083630456464334,63.180992126464844,19494900
2025-04-08,64.51142988434611,64.6570992035517,61.37471623030125,62.2584342956543,14232600
2025-04-09,61.55922888360696,65.83215369237469,59.93746203541077,65.62821960449219,23207800
2025-04-10,64.87075160023164,65.5505319307079,63.35580093523467,64.79306030273438,12801900
2025-04-11,64.5308477770843,65.05525287083508,62.73427929846822,63.909332275390625,14856900
2025-04-14,64.55998581234925,66.15262016826978,64.05499985029698,65.73503875732422,11588800
2025-04-15,65.90013054951854,66.46338130168009,65.57965952752495,65.7059097290039,7851700
2025-04-16,65.98752589650647,66.0846437131647,63.4140667541456,63.74424362182617,11356100
2025-04-17,64.1326909968984,65.39514108115036,64.06471297243137,64.39488983154297,11212300
2025-04-21,63.91905245674889,64.1521189428461,61.802012734653346,62.81197738647461,11568700
2025-04-22,63.569441956742395,64.87074512832072,63.46261828560353,64.71536254882812,14352000
2025-04-23,65.59909086701983,67.1043208590476,65.05525919339728,65.3271713256836,19476200
2025-04-24,65.10381313261436,65.2591883067429,63.355796117109904,64.4337387084961,13724700
2025-04-25,64.73478877658133,64.93872285443588,63.47233125571131,64.18124389648438,9640200
2025-04-28,64.2492260796892,64.42402035838995,63.39463675778092,64.27835845947266,7123500
2025-04-29,64.14240715544166,65.45341620594003,63.821936136038914,65.30774688720703,8891500
2025-04-30,65.07468312807028,65.26890395508924,63.56944578699958,64.94843292236328,13763500
2025-05-01,65.5408165427126,65.67677260440284,64.03558659998518,64.14241027832031,11487900
2025-05-02,64.19095343777968,65.4242785058769,64.08412977332878,65.15235900878906,13333200
2025-05-05,65.06496458448828,65.09409696527229,63.97730877790784,64.19095611572266,7117800
2025-05-06,63.90933552402189,64.95814576483642,63.462621697537834,64.61825561523438,7943000
2025-05-07,64.34634429636853,66.0166700912574,64.06471890917915,65.4145736694336,9961300
2025-05-08,65.32717716727053,67.37623901614893,64.97758111524847,66.34685516357422,13030100
2025-05-09,66.69645189750405,68.45417488185078,66.4730912719388,68.27937316894531,17326200
2025-05-12,68.86205058446004,68.9397344721585,66.71587111382438,67.67728424072266,18943800
2025-05-13,68.04630593828479,70.38670621256072,67.93948225885022,70.02738952636719,22962500
2025-05-14,69.72633626341552,70.34785173353102,68.70665850920008,70.10507202148438,15238900
2025-05-15,70.89168941498562,72.66883902369773,70.35757098317043,72.39692687988281,17789900
2025-05-16,72.39692276342461,72.83392333984375,71.58117896931246,72.83392333984375,12829800
2025-05-19,72.0764405286629,72.10557290802643,71.0470569428917,71.72683715820312,14438400
2025-05-20,71.86280112063199,73.03785414176178,71.69771268001323,72.2609634399414,8046700
2025-05-21,71.93077604731101,72.1929748882176,69.29904473859276,69.47384643554688,16133100
2025-05-22,66.91009853034903,67.00720894556163,62.03508085527388,65.00670623779297,40207600
2025-05-23,65.07468505552386,65.98753186041026,64.0647204252018,65.80302429199219,17161100
2025-05-27,65.79331052139914,66.39540695283813,65.52139839399113,66.07493591308594,10910700
2025-05-28,65.92926684122601,66.1817598501071,64.89988309516825,65.26890563964844,7835700
2025-05-29,64.84160481494592,67.10431359947657,64.84160481494592,66.99748992919922,11570200
2025-05-30,66.81298304359872,68.64839716528118,66.52164441102563,68.59983825683594,18802700
2025-06-02,68.28363208874329,68.72416866300604,67.58855945408413,68.67522430419922,9366900
2025-06-03,68.8220680040233,69.5856686683405,68.39131584712648,69.4583969116211,11014300
2025-06-04,69.65420102365552,69.65420102365552,68.32279197412421,68.41089630126953,10894900
2025-06-05,68.82207975574195,70.48633751502403,68.28363946767954,69.9968490600586,10967200
2025-06-06,70.11431887267118,70.7702315152294,69.96747086354621,70.6429672241211,9286000
2025-06-09,70.71149950927942,70.93665999687691,69.82062701147949,70.38843536376953,7062600
2025-06-10,70.78002409548749,71.52404106970224,70.41779999848815,71.279296875,9888000
2025-06-11,71.29887726161093,71.9449980215533,71.0345493610438,71.46530151367188,12000200
2025-06-12,71.87647496857582,72.86524362934219,71.71984256422684,72.28764343261719,11022200
2025-06-13,72.23870077723782,73.66800604474959,71.84710855363176,73.2078857421875,13213400
2025-06-16,73.6190577178943,73.71696138020329,71.03455937575337,72.22891235351562,14546000
2025-06-17,71.78837077751085,72.07227494674378,68.96891280388745,70.34927368164062,12971300
2025-06-18,70.45696086265129,70.91708114958762,69.87936067192263,70.06536865234375,7203300
2025-06-20,70.3590629549782,71.03455184549796,69.99683886223572,70.02620697021484,15182700
2025-06-23,70.28073966713957,70.79959613401014,68.65563472584721,69.24302673339844,8671300
2025-06-24,69.52693268581744,70.10453291190538,69.19408414152997,69.8989486694336,9001300
2025-06-25,69.15491732737136,69.6346138456663,68.6654289502133,68.86122131347656,12839000
2025-06-26,68.9199658863754,69.7031428185274,68.812277844492,69.49755859375,8010800
2025-06-27,70.00662645066706,70.3101068399383,68.87100988474958,69.399658203125,14275000
2025-06-30,66.40399422449052,68.21509970399251,65.78723409666566,67.96056365966797,20894500
2025-07-01,68.10741339593054,71.61215201509673,66.12009175353742,71.52404022216797,23841100
2025-07-02,71.2597256769872,72.19954255498216,71.05414143514462,71.4848861694336,11240100
2025-07-03,71.46530065939328,73.47220592578431,70.9464441921116,72.32679748535156,8560900
2025-07-07,72.15058399096792,73.28620061401378,71.95479162720135,73.17851257324219,11368300
2025-07-08,71.328252995499,71.85690138416047,69.76189154890979,70.93666076660156,19550700
2025-07-09,71.33803812755808,72.33659112152604,71.15203015584844,72.10163879394531,8818700
2025-07-10,71.7589984158917,73.26661603088766,71.46530240471077,73.0708236694336,6955100
2025-07-11,72.2974362294738,72.87503643368886,71.93521958840705,72.83587646484375,8094100
2025-07-14,72.83587306823595,74.2358101459132,72.61070512512703,73.46241760253906,10420500
2025-07-15,73.75611461350898,73.95191447106727,72.63029717580254,73.12957000732422,8880100
2025-07-16,73.48199375838678,73.72673795019489,72.69881682600082,73.19808959960938,8906300
2025-07-17,72.94355941879115,73.8833761984523,72.80650327190307,73.59947204589844,7174600
2025-07-18,73.66800595444383,74.7448789662901,73.39389363895573,74.35328674316406,7986300
2025-07-21,74.73508882200433,75.47911331612008,74.36308030944676,74.56866455078125,8349900
2025-07-22,74.74488148394248,75.968602554305,74.74488148394248,75.90986633300781,9032600
2025-07-23,75.87070491645436,76.81052178430069,70.55486038935437,71.28909301757812,21219500
2025-07-24,71.39677170060529,71.43593166525316,69.84998670751179,70.45695495605469,11166100
2025-07-25,70.58422172498061,71.19118999489743,69.58566873279466,70.3394775390625,8074800
2025-07-28,70.38844211563335,70.78003437784433,69.4779932803183,69.8402099609375,8157200
2025-07-29,70.1338975110899,70.76044206696896,69.55630478292025,70.4373779296875,7588500
2025-07-30,70.38843103678539,70.49611907866878,69.4388223778136,69.49755859375,6940300
2025-07-31,68.92976445953101,69.72273332791227,68.22489992363626,69.56609344482422,8845200
2025-08-01,69.92831255209839,70.28074479474232,68.86122396492641,68.91996765136719,6628500
2025-08-04,69.0178654721268,69.71293811464406,68.70459319002043,69.04723358154297,6543600
2025-08-05,69.37029857585911,70.42759534184015,69.17450619801097,69.6835708618164,7178900
2025-08-06,69.93810267951893,70.00663075450278,69.0080702687381,69.05702209472656,7720200
2025-08-07,69.18428890397273,71.13245812042611,69.18428890397273,71.05413818359375,7418600
2025-08-08,71.1324547605798,71.46530327289524,70.71149445623973,70.88771057128906,5575700
2025-08-11,71.26951247174343,71.4848810890816,69.62483118488781,70.92686462402344,8420000
2025-08-12,71.16182622092794,71.24993054810353,69.64440918823477,70.34927368164062,8671100
2025-08-13,70.3884370627746,70.78981368770205,69.70314878584874,70.780029296875,8122300
2025-08-14,70.29053065677643,70.98560322352037,69.84998665655874,70.72127532958984,6781000
2025-08-15,70.72129109149577,75.07774289658879,70.2709626015066,73.82465362548828,23398400
2025-08-18,74.50992075588735,75.68468986380759,73.72673637127396,74.12812042236328,12568400
2025-08-19,74.206447118466,74.97004785511557,73.86379925084076,74.90151977539062,8047300
2025-08-20,75.1071014332458,75.63574980252676,74.23581267711614,74.57845306396484,11011600
2025-08-21,74.86235300699104,75.79237792865428,73.99106430004345,74.48055267333984,8637100
2025-08-22,75.03856397471263,75.46930863475724,73.8442112307267,74.71549987792969,13128900
2025-08-25,74.21623067131166,74.5980310353263,73.53094988179835,73.73653411865234,6337700
2025-08-26,73.85400884998772,74.15748925421543,72.86524023527821,73.26661682128906,7162700
2025-08-27,73.33515412549677,73.43305030963077,71.856897097373,72.33659362792969,10119000
2025-08-28,72.27444407265651,72.49148564319943,70.93273938817055,71.12017822265625,10917200
2025-08-29,71.42601662775326,71.8502322120091,70.85381746261606,71.08072662353516,11280500
2025-09-02,71.29776045760326,71.68252077740573,70.52825487151344,71.67265319824219,8661500
2025-09-03,71.14978007892817,71.65291368432115,70.40000216998493,70.66636657714844,7722300
2025-09-04,71.08072133426427,71.52466451711597,69.21614792347587,69.91659545898438,14596800
2025-09-05,70.29148752206633,70.76503348661998,69.31480790819927,69.94619750976562,10067600
2025-09-08,69.87713546342573,69.88699551552244,68.30852160295485,68.83139038085938,12596500
2025-09-09,68.72287707127192,69.37399426678336,68.60448870538015,69.12735748291016,7294500
2025-09-10,69.0582949527754,70.37040436329977,68.68340977552137,70.08430480957031,9254400
2025-09-11,70.01525230089969,70.47893066476112,69.56144151601075,70.36054229736328,7418300
2025-09-12,70.19282542821055,71.51479488714004,69.85739551101139,70.67623138427734,9345600
2025-09-15,70.61704966609392,71.2287041067644,70.34081765717723,70.53812408447266,10399100
2025-09-16,70.33094473784519,70.57758151661722,68.83138890792718,68.89058685302734,7930200
2025-09-17,69.33453290240142,70.05471563787816,69.15695411329466,69.36412811279297,10799600
2025-09-18,69.05830381285426,70.13363664509639,68.43678178817137,69.83767700195312,8488500
2025-09-19,70.02511846002795,70.43946644738287,69.42332410978318,70.12377166748047,14819300
2025-09-22,70.43946176812099,71.56412481723476,70.31120583287117,71.37667846679688,9856700
2025-09-23,71.13005009117208,71.64305883916873,70.75516487283424,71.34709167480469,7795900
2025-09-24,71.2188400352513,72.88609957406014,71.08072403858685,72.83677673339844,11281800
2025-09-25,73.06367760656362,73.90224868350352,72.59999925392829,73.64574432373047,12916500
2025-09-26,73.72466951695449,74.83946505182685,73.62600878364564,74.82959747314453,8271500
2025-09-29,74.66188466043089,75.26367899221216,74.25739673750113,75.18475341796875,10366000
2025-09-30,75.43139345887965,75.6681626651059,74.10942390346264,74.47444152832031,9392700
2025-10-01,75.30314706051547,77.64125902908698,75.19462627000922,77.61166381835938,15044800
2025-10-02,77.58206854468757,77.82870533622759,76.496868167263,77.12825775146484,9266600
2025-10-03,77.39461454944617,80.26547013297184,76.60538141032985,78.98295593261719,12116600
2025-10-06,79.07175485932099,81.26189071670026,79.07175485932099,81.00538635253906,15767600
2025-10-07,82.01165822635416,83.4717512552602,81.30135063238707,82.09058380126953,16109700
2025-10-08,82.5739938814354,83.25471382710144,81.75516546293625,82.909423828125,13775600
2025-10-09,83.32376498091809,83.67892252975868,82.32735032851768,82.58385467529297,7486100
2025-10-10,82.77131032228642,83.68879950535613,82.0807227767699,82.22870635986328,10285600
2025-10-13,82.01165823755267,83.88609924488475,81.89327740192054,83.16592407226562,8424300
2025-10-14,83.03767203677937,83.6986568226701,82.30762925126957,83.50135040283203,8912900
2025-10-15,83.92556437594504,85.3264594995969,83.68879517131198,84.63587951660156,9268600
2025-10-16,85.0600963703221,85.57309757590376,83.83678001335244,83.90583801269531,8333700
2025-10-17,84.30045147214626,84.66547662951042,83.03767231670777,83.39282989501953,9142200
2025-10-20,84.04395605780628,84.1919321123174,83.17578972863383,83.62960052490234,5225700
2025-10-21,83.85650688176128,83.96502766927826,81.9130078121028,82.86009216308594,7282200
2025-10-22,82.93901162414177,83.08699518954762,81.36053782224513,81.72555541992188,9208900
2025-10-23,82.76144023628083,82.76144023628083,81.45919829266504,82.13005065917969,5630800
2025-10-24,82.45560867813688,83.63946219107677,82.23856711118792,83.27444458007812,6249800
2025-10-27,82.86009305641352,86.1157016635076,82.66278663703218,84.87265014648438,18741000
2025-10-28,86.34260571840981,86.35247329768328,81.79463015183461,82.44574737548828,13998100
2025-10-29,82.1793786937068,82.66278467846773,79.95964765785135,80.66009521484375,11681500
2025-10-30,80.71928104434973,81.46905892576633,80.34439586701983,80.54170227050781,7620100
2025-10-31,80.24574132300533,80.92646126298811,79.77220290743615,80.30493927001953,9407300
2025-11-03,80.20628641146132,80.99551961644754,79.51569888949628,80.67982482910156,8508200
2025-11-04,80.67981956052247,81.10403510894987,79.71300763036687,80.59103393554688,6474500
2025-11-05,80.32466563501146,81.51838676083686,80.01883843282896,81.03498077392578,7291000
2025-11-06,81.01525421169298,81.8538177791222,80.88699826579001,80.89686584472656,6212700
2025-11-07,80.80807392599023,82.86995368458486,80.52197437315407,82.80089569091797,9167100
2025-11-10,83.04754130580498,84.32018806190385,82.56413529863426,83.62960052490234,11701700
2025-11-11,83.5506799532247,84.67534309415785,83.4125639553387,84.60628509521484,11733900
2025-11-12,84.28072442557307,85.09956037718202,83.86637642358693,84.73453521728516,7604800
2025-11-13,84.62601244651273,84.77399602283201,82.80090174326116,82.86009216308594,11859300
2025-11-14,82.38655402944376,83.35336601471724,81.4197345174129,82.75157165527344,8352100
2025-11-17,82.56412806927223,84.61614028864632,82.56412806927223,84.5964126586914,11607900
2025-11-18,84.96144350060908,85.52377507658078,83.4816227715512,83.50135040283203,11061200
2025-11-19,83.97489309015803,84.19192713285726,82.7910320367843,83.13632202148438,11138700
2025-11-20,83.64933004686338,85.32645711688008,83.06726334022939,83.16592407226562,10967000
2025-11-21,83.60989092073622,84.09657027203869,81.08709217143812,82.91463470458984,13930100
2025-11-24,83.20266980880257,84.215766168908,82.44782231515632,83.65956115722656,13291500
2025-11-25,84.11644191612089,84.76203374825349,83.60989375420522,84.2554931640625,7916800
2025-11-26,84.67264883049695,85.10967137836502,84.11644382610113,84.96068572998047,6550600
2025-11-28,84.86136266747762,85.88438581189892,84.57332577418114,85.70560455322266,4123300
2025-12-01,85.01034230548109,85.08980232807737,83.81847227743623,84.07671356201172,7986600
2025-12-02,84.33495379547934,84.70244313438847,83.67941998381752,84.00718688964844,7087000
2025-12-03,84.08665023673542,85.38777593665965,83.92773018723855,84.37467956542969,9615100
2025-12-04,83.9475854422564,84.23562232821811,82.17964169465812,82.82524108886719,12489600
2025-12-05,82.9444326516401,83.62975449035261,82.49747571920189,82.56700134277344,8194600
2025-12-08,82.57693405188004,82.59680284547987,79.86542721028898,80.00447845458984,18136600
2025-12-09,80.25278690750822,80.59048062809622,78.96158809622847,79.10063934326172,13760400
2025-12-10,79.50786565898687,81.36519626351132,79.10063874026199,80.71959686279297,13341100
2025-12-11,80.69974130424224,81.85188894047855,80.5209600357823,80.6600112915039,9494100
2025-12-12,81.28573872051976,81.71282686837296,80.77919812806407,81.09703063964844,7783100
2025-12-15,81.45459316239646,81.68303125443143,79.98461306024073,81.09703063964844,9489800
2025-12-16,81.08709673470533,81.29567361128714,79.64691981547266,80.7692642211914,6616600
2025-12-17,80.42163372705451,80.7593274474714,79.11057370017342,79.7462387084961,10212000
2025-12-18,79.85549509963451,80.63021136226808,79.4582025712334,80.30244445800781,9201300
2025-12-19,80.02434304477173,80.59048244264687,78.99138548803509,79.0013198852539,30492300
2025-12-22,78.48483610965603,79.63698368210525,78.18687239720255,79.49793243408203,7136200
2025-12-23,79.48799864700496,80.15345927875494,79.20989614882436,79.24962615966797,7875000
2025-12-24,79.59725325926304,79.9250201612163,79.15030390403562,79.9051513671875,3011300
2025-12-26,79.9349583662214,80.09387083739887,79.50787020695223,79.86543273925781,3636400
2025-12-29,79.87535741254788,80.69973809419484,79.67671493448286,79.72637176513672,5854600
2025-12-30,79.65684460877164,80.12366275874791,79.60718777907235,79.98461151123047,4075900
2025-12-31,80.14353216316505,80.14353216316505,79.66677961252819,79.7363052368164,5036200
