date,Open,High,Low,Close,Volume
2016-01-04,58.6583032131036,58.76310319502911,58.04447229989535,58.66579055786133,11529800
2016-01-05,58.718184525657016,59.10744074556985,58.54600988091455,58.852928161621094,8133700
2016-01-06,58.14179988320075,58.6059182875864,57.73008719442013,58.28403091430664,9551000
2016-01-07,57.5279476884313,58.08937854884768,56.944060507385466,57.77497863769531,11973900
2016-01-08,57.909735222709365,57.99956623648566,56.64464224009022,56.86921691894531,9676400
2016-01-11,57.018912707328774,57.67017451453625,56.59222551258447,57.3931999206543,10209200
2016-01-12,57.64025660731375,57.65522558962067,56.70453815589632,57.27345657348633,8774700
2016-01-13,57.61779412671415,57.63276310742291,56.73447577443653,56.779388427734375,9310100
2016-01-14,56.96653245169735,57.60281979244386,56.80184510702073,57.003963470458984,12835100
2016-01-15,55.7688210886712,56.65213955718027,55.74636475906737,56.12813949584961,17023900
2016-01-19,56.74195107614929,57.57286925281556,56.68206374368299,57.43812561035156,13457300
2016-01-20,56.85142387066767,57.45549982097077,56.22469010340869,57.259178161621094,17795000
2016-01-21,57.402632905827645,58.278550655444555,56.94202773998669,57.93120574951172,12712900
2016-01-22,58.44466387989541,58.875070080397954,57.80283088068259,58.414459228515625,9465800
2016-01-25,58.29365674040398,58.414475379327826,57.81039370660818,58.02937316894531,9870400
2016-01-26,58.897736583843376,60.0907946818876,58.55039164915005,59.50936508178711,16374800
2016-01-27,59.29793199602478,60.29466258758434,59.01099640908835,59.50181198120117,10816100
2016-01-28,59.95487435388891,60.40793269692598,59.35834532719284,60.27201461791992,9895100
2016-01-29,60.39284386078804,61.91814189459276,60.27957781488834,61.68406295776367,19895000
2016-02-01,61.321614467536186,61.46508518039367,60.80814670467583,61.253658294677734,9657200
2016-02-02,60.475888141537126,60.81568621551285,60.264461301347424,60.57405471801758,9116400
2016-02-03,60.77038285779042,61.34425407080968,60.42303217497693,61.23854064941406,10149600
2016-02-04,61.04977422027475,61.23854903589771,60.65712513859708,60.93650817871094,8295100
2016-02-05,60.845887194828514,61.31404495239258,60.838334590721324,61.31404495239258,9957600
2016-02-08,60.62692028920745,62.46181172182357,60.62692028920745,62.38630294799805,16530200
2016-02-09,61.789765416550225,62.6732300478499,61.178131181770205,62.40139389038086,14308900
2016-02-10,62.60526204407832,62.67321819011363,61.510365016718204,61.63118362426758,10585400
2016-02-11,60.702417301843795,61.15547561796636,60.128540362249055,60.332420349121094,12343900
2016-02-12,60.67976903370436,61.17813148422852,60.249362742408735,61.155479431152344,9306100
2016-02-16,61.91057426386981,61.91057426386981,61.04220913731148,61.51792526245117,9352600
2016-02-17,61.65385103549583,62.544868324871985,61.54813760802321,62.25792694091797,10892900
2016-02-18,62.09179370262546,62.15974984780571,61.32158949155995,61.903018951416016,7702600
2016-02-19,61.887925103100635,62.11445715050529,61.465071426291175,61.759559631347656,7709600
2016-02-22,61.75957301696409,62.42405833324775,61.699163689769975,62.01630401611328,6916500
2016-02-23,61.91812888184277,62.26547379157335,61.6236406809636,61.774658203125,5840600
2016-02-24,61.35934260585207,61.646278134387586,60.90628438570997,61.58586883544922,6759800
2016-02-25,61.6915913375938,62.17485427856445,61.51792177868646,62.17485427856445,6789700
2016-02-26,62.31078007268359,62.40894665037195,61.12527462336178,61.23854064941406,9281100
2016-02-29,61.238543481668025,61.42731828016944,60.56650565987898,60.626914978027344,11065300
2016-03-01,60.815706709894634,61.43488799094449,60.80815410278574,61.336727142333984,9483900
2016-03-02,61.60098798576269,62.416496423200314,61.049763089823614,62.33343505859375,12096600
2016-03-03,62.325899043350056,62.62038731953838,62.054062825183806,62.552425384521484,8747100
2016-03-04,62.38630310779861,63.23201059433104,62.11446691257028,63.043235778808594,9406700
2016-03-07,62.80914283061829,63.201791824438594,62.673224763344166,62.74873352050781,6792400
2016-03-08,62.65059164734373,63.239568196556576,62.4240595464385,62.71854782104492,7788400
2016-03-09,62.89978030150431,63.194268597157375,62.43161661461816,62.643043518066406,8954800
2016-03-10,62.771387849137554,62.84690236999004,61.72935313619303,62.129554748535156,10385600
2016-03-11,62.48444627767673,62.5222035344898,61.49526836741886,61.729347229003906,11109500
2016-03-14,61.593441742737596,61.80486859777231,60.92140391311307,61.29140090942383,12389300
2016-03-15,61.163042493035874,61.51038747513906,60.98182027649299,61.39712142944336,9297800
2016-03-16,61.39710579183791,61.7671084976023,60.77037791905427,61.41975784301758,9490300
2016-03-17,61.38201478047766,62.84690907487316,61.374462175396836,62.484458923339844,12061500
2016-03-18,62.56750436067544,63.05076726566818,62.250364159451756,62.78648376464844,33635200
2016-03-21,62.763838443389986,63.33016276096802,62.605268325782,62.91485595703125,8625600
2016-03-22,62.884675438014085,62.91488010452503,62.28814623656289,62.47692108154297,7205900
2016-03-23,62.46180660101726,63.04323044885213,62.35609317413819,62.537315368652344,5594600
2016-03-24,62.26546375003762,62.76383186250709,62.24281170146141,62.59015655517578,6645700
2016-03-28,62.665685987247514,63.01303095560507,62.310788413222355,62.38630294799805,4988500
2016-03-29,62.4165262179964,62.74121346615036,62.038976475359455,62.522239685058594,6731400
2016-03-30,62.741163320979425,62.94504324518769,62.40892373044496,62.431575775146484,6925400
2016-03-31,62.48445954576228,62.673234348015335,62.03140117254489,62.15221405029297,6819200
2016-04-01,61.91814334530094,63.14140629996737,61.86528662410273,63.07344436645508,8028600
2016-04-04,63.164017173459605,63.164017173459605,62.69585383313278,62.83177185058594,5593400
2016-04-05,62.79406738281249,63.09610252690182,62.66569610952833,62.7940673828125,5259100
2016-04-06,62.778951217863934,63.307518388767974,62.73364710634362,63.28486633300781,6292100
2016-04-07,62.854454040527344,63.18669952275755,62.57507103133336,62.854454040527344,6655900
2016-04-08,63.005473392371755,63.01302023580532,62.499552595812816,62.82424545288086,5453000
2016-04-11,62.695890487151686,62.92996941369172,62.4165074486233,62.469364166259766,7081500
2016-04-12,62.45426591830021,62.83181558949846,62.257938476210896,62.54487991333008,7081600
2016-04-13,62.71099925419522,62.99793491464113,61.79732403032309,62.26548767089844,11738600
2016-04-14,62.38729853778236,62.70704262691486,62.07517473247651,62.432979583740234,6904400
2016-04-15,62.463411127336435,62.75269721855732,62.311150704477086,62.65373229980469,7299300
2016-04-18,62.65374424045568,63.1790268270412,62.44057960782733,63.05722427368164,5628000
2016-04-19,63.11810109441604,63.719510742174,63.07242007458315,63.39977264404297,6606100
2016-04-20,63.40739729693337,63.44545804340918,62.02947398029623,62.082763671875,9124200
2016-04-21,61.69452849507164,61.90007286082994,61.32150052336216,61.51182174682617,8802100
2016-04-22,61.20728873693963,61.62599182128906,60.83426087426513,61.62599182128906,8027700
2016-04-25,61.60315119243051,62.02947453702775,61.22250887541133,61.9761848449707,7672800
2016-04-26,62.044702567753916,62.044702567753916,60.30135992132719,60.56019973754883,13742300
2016-04-27,60.4992963944875,61.01697022586092,60.21761896289827,60.819034576416016,7689700
2016-04-28,60.50691109649594,61.10832090414534,60.438392452600084,60.720069885253906,7615900
2016-04-29,60.651566564646636,61.01698587208249,60.42318457962423,60.99414825439453,9391000
2016-05-02,60.91802633755616,61.89247606747451,60.91802633755616,61.64125061035156,7862600
2016-05-03,61.511806671334185,62.19695826137145,61.428064888882275,61.74018859863281,7617500
2016-05-04,61.56510351700152,62.25025518659351,61.56510351700152,62.1208381652832,7365900
2016-05-05,62.12083035037878,62.49385822705121,61.60315652211974,61.89244842529297,6399500
2016-05-06,61.983799619205165,62.61566732169413,61.793478441935584,62.52431106567383,6297200
2016-05-09,62.58521357872346,62.98108486951834,62.40250687966341,62.516700744628906,6718800
2016-05-10,62.539553710792475,62.943033765677804,62.516716093820506,62.79077911376953,6222400
2016-05-11,62.805980158931014,63.10288069139471,62.52430276304518,62.53953170776367,5975000
2016-05-12,62.790762228831824,62.98869206145913,62.509084809589886,62.73747253417969,4925000
2016-05-13,62.745101276953555,62.745101276953555,61.66407809201088,61.839176177978516,6579000
2016-05-16,61.67168389427839,62.34161243408217,61.473748218008716,62.1436767578125,6497200
2016-05-17,62.15128663838854,62.47102484001607,61.15400547268005,61.374778747558594,10188200
2016-05-18,61.35194244736985,61.48897395085016,60.4536319122841,60.78859329223633,8344100
2016-05-19,60.62871160339693,61.070258112863975,60.48406565522709,61.047420501708984,6242500
2016-05-20,61.237727917564676,61.28340312961553,60.74289182383421,60.91798400878906,6526800
2016-05-23,60.940854186570185,61.15401301394107,60.7885937326321,61.0550422668457,5620600
2016-05-24,61.131191027570246,61.95337445647747,61.131191027570246,61.64125061035156,6293300
2016-05-25,61.72496114253215,62.250243604275504,61.67167144907584,62.029476165771484,6049800
2016-05-26,62.02948626670325,62.12083672285195,61.73257985979421,61.83155059814453,4622300
2016-05-27,61.869612391416034,62.166518803312364,61.785876407920476,61.99142074584961,4322200
2016-05-31,62.10560199929692,62.28830868565885,61.466119884818916,61.69450759887695,6705000
2016-06-01,61.62599028390797,62.27308688491227,61.55747745310476,62.265472412109375,6184100
2016-06-02,62.06752614643762,62.387264251708984,61.91527156530077,62.387264251708984,5186300
2016-06-03,62.37205149728608,62.79836904193226,62.25785763835844,62.783145904541016,6306700
2016-06-06,62.72987919731339,63.05723194851465,62.600462153572735,63.01155090332031,5292300
2016-06-07,63.00390087526742,63.10286575995798,62.615644190784174,62.6689338684082,6327500
2016-06-08,62.70703769597189,62.99632385962247,62.440583341290136,62.920196533203125,4712600
2016-06-09,62.86690005464078,63.38457394995105,62.752706173236355,63.31605529785156,6144900
2016-06-10,63.01152221473401,63.4454541935849,62.889719702005195,63.33887481689453,6840800
2016-06-13,63.15618787667172,63.49115505558107,62.82883517223093,62.85928726196289,6167400
2016-06-14,62.84405872045607,63.46831198595842,62.63089411065134,63.45308303833008,6868600
2016-06-15,63.491125807084096,63.567253092273276,63.04957942159145,63.14854431152344,7082200
2016-06-16,62.93539401556761,63.65100337005917,62.92778535172773,63.498748779296875,6630100
2016-06-17,63.42260730355233,63.52157800180931,62.691774909715605,63.28557586669922,11741700
2016-06-20,63.58249254856827,63.719524020342504,63.20946468968213,63.217079162597656,6164300
2016-06-21,63.25513214105265,63.780420353021164,63.25513214105265,63.498748779296875,6594700
2016-06-22,63.56727762076824,63.76521328514853,63.407408517740926,63.620567321777344,4940100
2016-06-23,63.803265431223906,64.10778045654297,63.62055873928887,64.10778045654297,7361300
2016-06-24,62.889708893981826,63.81086238172232,62.41771044394033,62.623260498046875,12401100
2016-06-27,62.29594596517963,62.34162120145685,61.66407809201088,61.839176177978516,9601800
2016-06-28,61.999023978575714,62.79836937907877,61.625990316866655,62.77553176879883,9257100
2016-06-29,63.15618198005204,63.879405975341804,63.118121227547334,63.8794059753418,7927500
2016-06-30,63.87942019842701,64.55696331017126,63.8109015356358,64.45799255371094,10969300
2016-07-01,64.34378948212995,64.70159427155723,64.33618081590456,64.5417251586914,9531100
2016-07-05,64.31334903795337,65.43243292958091,64.29050561277745,65.04418182373047,11403100
2016-07-06,64.99085725697164,65.08982214708375,64.5112443239417,64.73201751708984,8356500
2016-07-07,64.8842726150964,64.89188127731224,64.35137004489486,64.57975769042969,7905700
2016-07-08,64.69397745605629,65.3943579979512,64.5341025551872,65.2953872680664,6827300
2016-07-11,65.17357199287189,65.43240595674115,64.64067512129382,65.2801513671875,6156800
2016-07-12,65.08221575425553,65.42479729296167,64.85383386992504,65.2801513671875,6649800
2016-07-13,65.32582984666819,65.58466963161162,65.02132065234498,65.38673400878906,7572100
2016-07-14,65.8054760942738,66.14805201495497,65.35631493198638,65.37154388427734,11342600
2016-07-15,65.66080270258499,65.83590073204063,65.3106124518148,65.47809600830078,8491300
2016-07-18,65.48569574532645,65.50853916112115,65.24208491677912,65.41718292236328,4781300
2016-07-19,65.21926453821774,65.60752139532981,65.13552274926923,65.59990692138672,6078200
2016-07-20,65.50782513464826,65.77636740874915,65.31601256952186,65.4617919921875,6289000
2016-07-21,65.23161195581996,65.50015421914833,65.12419739195049,65.41575622558594,5407000
2016-07-22,65.59992646516949,65.96820932970607,65.56156159360988,65.76872253417969,6165600
2016-07-25,65.62291726581606,65.830078125,65.33136425893912,65.830078125,5605300
2016-07-26,65.73799916744458,66.04490042656627,65.34669991572308,65.42342376708984,5379300
2016-07-27,65.40041814208344,65.44645714353203,64.69454922553167,64.80196380615234,7744700
2016-07-28,64.77128364751795,65.20094789369195,64.755941213638,65.07051086425781,5911600
2016-07-29,65.13188005229989,65.82240652010405,65.0628303323472,65.66895294189453,7520900
2016-08-01,65.55386958136364,66.42853448277323,65.5385212968306,66.29810333251953,10420600
2016-08-02,66.76611598760694,66.86586226914746,66.16766171298389,66.56663513183594,13083200
2016-08-03,66.37484915674197,66.53597107571935,65.56923370819771,65.96053314208984,8192100
2016-08-04,66.07561128940091,66.3901809320376,65.83009137795652,66.02190399169922,5564100
2016-08-05,66.04490520762081,66.32111577546,65.62291521407342,65.81472778320312,6729700
2016-08-08,65.68428112698588,65.90678435706153,65.31599850563391,65.79936981201172,5388200
2016-08-09,65.87612776836784,66.24440472679848,65.73802244554216,65.97586822509766,4158800
2016-08-10,66.18299263225332,66.61265079799226,65.98350597516588,66.22135162353516,5981400
2016-08-11,66.52058719704044,66.75076458880838,66.29041565892675,66.54360961914062,7387100
2016-08-12,66.68940672188263,67.09604851777787,66.58199212876526,66.78147888183594,8063400
2016-08-15,67.149746074321,67.18811093215083,66.74310433740882,66.76612091064453,6871200
2016-08-16,66.73542143711326,67.05766509916927,66.34412221681431,66.42852020263672,8071100
2016-08-17,66.32880102273542,66.8351891444671,65.96052407389108,66.72010040283203,6762100
2016-08-18,66.7047536944872,67.10372133911179,66.7047536944872,67.08837890625,7082800
2016-08-19,66.90423418777549,67.06536192696468,66.7891513078634,66.98863220214844,6199900
2016-08-22,66.8582073855829,66.91191468586138,66.42854898335518,66.63570404052734,5921100
2016-08-23,66.85050975521416,67.13439444475337,66.78146004496809,67.05767059326172,5420100
2016-08-24,66.99630634536129,67.0960467925038,66.41319438796347,66.98863220214844,5713300
2016-08-25,66.98096560501713,67.47200541723636,66.78147885203548,67.44131469726562,10595500
2016-08-26,67.41828116665792,67.90164671391582,66.88120248271655,67.1957778930664,16408200
2016-08-29,67.04999892515781,67.82492331721222,66.99629164176719,67.74819946289062,8934500
2016-08-30,67.3031977574439,67.74820433965927,67.10371103892403,67.16509246826172,11619400
2016-08-31,67.32622425964024,67.40294813080034,66.7738030214377,66.98863220214844,11407800
2016-09-01,67.02698916320719,67.75587463378906,66.73543614570553,67.75587463378906,29793300
2016-09-02,67.88630563212365,68.1855327654592,67.5487136442969,67.67147064208984,17470400
2016-09-06,67.70984417839495,68.00907135009766,67.42595943826296,68.00907135009766,14472100
2016-09-07,67.75588592554092,67.8326156540993,67.29553682247278,67.47967529296875,17556400
2016-09-08,67.47966669073972,67.65613684880879,67.23414681015821,67.34923553466797,23465700
2016-09-09,66.82749929394193,66.88120658026101,66.16766357421875,66.16766357421875,21955000
2016-09-12,66.01422384766157,67.80958693934586,65.95284241196572,67.70984649658203,16105700
2016-09-13,67.17273323865844,67.44894367980032,66.7584175769456,66.78910827636719,19682700
2016-09-14,66.84282845726692,67.21110521420692,66.65101593904507,66.75843048095703,25397900
2016-09-15,66.55896793938764,67.72518589712637,66.55896793938764,67.5640640258789,13833600
2016-09-16,67.22647100356211,67.6024219981744,66.98095115043601,67.55638885498047,23518300
2016-09-19,67.45666702848396,68.24693415930513,66.94261056427214,67.80193328857422,19173900
2016-09-20,67.90166177477043,68.24692212029834,67.65614187594575,67.96304321289062,33986500
2016-09-21,67.93232643899218,68.12413896930772,66.32110235507237,67.36456298828125,55409800
2016-09-22,67.34155683872095,68.51545472495995,67.34155683872095,68.27760314941406,52692700
2016-09-23,68.00138918003061,68.2392407437167,67.12672434235918,67.3338851928711,48281400
2016-09-26,67.07302097395669,67.84794542929936,66.45155009344468,67.40293884277344,60276600
2016-09-27,67.56407301094276,68.13951085063258,67.2571775127,67.79425048828125,65150800
2016-09-28,68.26993722940865,68.8453749793564,67.87863792042064,68.63821411132812,89806000
2016-09-29,68.40804687363557,68.49243903029804,67.16509914739297,67.69450378417969,74587500
2016-09-30,67.74821463193676,69.22133403790538,67.74054048868987,68.86072540283203,123735700
2016-10-03,68.55380509755734,68.63052894783179,67.83259388059207,68.02440643310547,26789500
2016-10-04,67.74052691564836,68.0397540521034,67.47965878042947,67.78656005859375,23317600
2016-10-05,67.88631003531874,68.28527762109206,67.67914917347744,68.1701889038086,64580300
2016-10-06,67.98602517326677,68.84534730845202,67.87861063807524,68.45404815673828,61462800
2016-10-07,68.29296729911908,69.0909085058439,67.74822015728569,69.05254364013672,20518800
2016-10-10,69.19830299988024,69.30571756826308,68.11647732075384,68.33130645751953,15492400
2016-10-11,68.15483816521942,68.3773414305365,67.6714667822823,67.93233489990234,11723100
2016-10-12,68.08580684982108,68.29296776018784,67.7712371927937,67.95537567138672,17118000
2016-10-13,67.55640534815656,67.95537301176952,67.2111391289438,67.70217895507812,11158100
2016-10-14,67.90163818448536,68.2545725505764,67.6868090793564,67.84793090820312,7369000
2016-10-17,67.84796819016874,68.0167642522806,67.29554684276896,67.38761901855469,7610600
2016-10-18,67.67916609785495,67.72519925481761,67.08838578675918,67.09605407714844,10749500
2016-10-19,66.99552984534209,67.1269680126897,66.05998999134205,66.1373062133789,12788800
2016-10-20,66.01359826520505,66.12184216029672,65.55742840715443,65.6656723022461,10175100
2016-10-21,65.26365285204935,65.61157896673264,65.13220872310345,65.20179748535156,13974100
2016-10-24,65.24816223831424,65.48784432319273,64.99301336798212,65.02394104003906,10573200
2016-10-25,67.64496766406859,68.1011432299981,67.242919921875,67.242919921875,20761200
2016-10-26,67.19655532635139,67.83828526470512,67.09603893085601,67.57540893554688,8464100
2016-10-27,67.66045830503317,67.73004113349631,66.84088985486505,66.94140625,6598300
2016-10-28,67.16564097558548,67.44398414332315,66.8409033473244,67.14244079589844,7021100
2016-10-31,67.27387707632674,67.62953643851804,67.02646161137409,67.11151123046875,8207100
2016-11-01,66.94142256683078,67.25842091629079,66.86410632785402,67.15017700195312,8564500
2016-11-02,67.08829589643895,67.58313261339742,66.92593008726372,67.06510162353516,7773200
2016-11-03,67.11150938082955,67.25068094470788,66.85636053057765,66.95687103271484,6899900
2016-11-04,67.02646514054831,67.05739281265208,65.77392096517164,65.78165435791016,9378100
2016-11-07,66.50840404208047,66.93365196835593,66.18367247956883,66.92591857910156,8878500
2016-11-08,67.08832642751284,67.79965121375345,66.94915482790613,67.62181854248047,7674600
2016-11-09,65.92081760356714,66.91047939043874,65.18629875632526,66.4388427734375,11972500
2016-11-10,66.11412109805408,66.26102017062495,63.53944984539358,64.14252471923828,22095000
2016-11-11,63.91827336533997,64.99298442053603,63.90281248562281,64.62186431884766,8905700
2016-11-14,64.60642991992027,64.77652917629815,63.98789414082421,64.17345428466797,12862500
2016-11-15,65.39505544236428,65.39505544236428,64.08065616120929,64.6528091430664,9464000
2016-11-16,64.93114344627303,65.10123674067083,64.30486860760752,64.3203353881836,8542900
2016-11-17,64.38220968187032,64.56004233409327,64.11933329902415,64.22757720947266,9083700
2016-11-18,64.11158722518694,64.25075878235852,63.39253516294198,63.4002685546875,14565500
2016-11-21,63.4002573905144,63.98013779347642,63.17603626017393,63.89508819580078,11482100
2016-11-22,64.18117802942845,64.31261619910649,63.91056829807669,63.987884521484375,7426500
2016-11-23,63.85644047503647,64.11932271333318,63.802318528747406,63.926029205322266,7693300
2016-11-25,64.16571338924477,64.52910614013672,64.13478571907845,64.52910614013672,3882900
2016-11-28,64.27396577142181,64.45179842364476,63.98789510760106,64.22757720947266,6990100
2016-11-29,64.49816777440806,64.54456222138904,63.93375410930511,64.08838653564453,6183100
2016-11-30,63.80233567979777,64.04202370538096,63.601314624600676,63.75594711303711,12115500
2016-12-01,63.56264008130779,63.64768970157742,62.76627172682865,63.292030334472656,12516900
2016-12-02,63.67086882257186,63.926017622640074,63.454381076640765,63.709529876708984,9079400
2016-12-05,63.833245383726435,64.23529917861696,63.7713959450776,64.16571044921875,8597500
2016-12-06,64.35900954349862,64.36674293606988,63.87191199081172,64.10386657714844,7327200
2016-12-07,63.97241250970375,65.16310112919882,63.949218234461846,65.08578491210938,8567700
2016-12-08,64.78427220850104,65.08580969918093,64.56005096435547,64.56005096435547,7522800
2016-12-09,64.57548632099584,65.25588317871272,64.53683116243866,65.2326889038086,8004500
2016-12-12,65.10898615905755,65.85896593271454,65.10898615905755,65.82030487060547,7494100
2016-12-13,65.46465777972485,65.99814986276121,65.35641386415965,65.85897827148438,11795900
2016-12-14,65.94400752883156,66.29193345009195,65.0780505730324,65.2326889038086,12292200
2016-12-15,65.06258510828985,65.56514932494062,64.6450704928653,65.47236633300781,8768100
2016-12-16,65.64246553546026,65.81256473791272,65.06258510828985,65.47236633300781,21172400
2016-12-19,65.52650262192329,65.70433525403136,65.19403753490819,65.49557495117188,6431200
2016-12-20,65.38733673095703,65.49558063856144,65.09353268158087,65.38733673095703,7485400
2016-12-21,65.09351074924403,65.51102535169275,65.03938881367745,65.16309356689453,6099300
2016-12-22,64.94662007078979,65.41825671225948,64.84610956807572,65.31001281738281,7864800
2016-12-23,65.4723702702135,65.858957244908,65.37185978037861,65.68885803222656,5284200
2016-12-27,65.64250000131747,65.67342768153378,65.27137373757364,65.4105453491211,3782600
2016-12-28,65.25588123592257,65.4337079374595,64.90794942617161,65.000732421875,4298800
2016-12-29,65.13218213071627,65.325475648589,65.02393823261555,65.21723175048828,3718300
2016-12-30,65.07806672870515,65.29455454668589,64.88477319138654,65.00848388671875,6209800
2017-01-03,64.85382664561179,65.24814699867588,64.56002267796832,65.10124206542969,8792700
2017-01-04,65.29454511533817,65.41052240074734,65.13217927530523,65.33320617675781,8096700
2017-01-05,65.26361596785533,66.05225080156603,65.24041579431608,65.76617431640625,6852400
2017-01-06,65.67340575331154,65.91308782139375,65.42599029304446,65.74298858642578,4799900
2017-01-09,64.99300005397686,65.45690914094769,64.75331801819792,65.2558822631836,11000600
2017-01-10,65.20948855228922,65.2790772756611,64.35899838131077,64.55229187011719,10918200
2017-01-11,64.47496809407568,64.75331115722656,64.38991849706578,64.75331115722656,9572300
2017-01-12,64.722403613484,64.85384179559327,64.45952724926546,64.82291412353516,6545400
2017-01-13,64.83065788329363,64.9620960864211,64.51365951699495,64.9543685913086,6762800
2017-01-17,64.86930782350346,66.16824054052388,64.85384103822989,65.88216400146484,13145100
2017-01-18,66.08478148916792,66.47443230939746,65.92112291254381,66.18608856201172,10520400
2017-01-19,65.95230031545643,66.24064408305753,65.67954591129327,66.00685119628906,14074500
2017-01-20,67.71352580183722,68.56296776617519,67.34725304307865,68.14993286132812,22944400
2017-01-23,67.8693734738099,68.07199355452906,67.68234275462265,67.76806640625,9408900
2017-01-24,67.97067654086317,68.53956329594604,67.97067654086317,68.46942901611328,8704700
2017-01-25,68.45384666392701,68.50060880086734,67.84599239409474,67.9239273071289,8082900
2017-01-26,67.89275080251839,67.97847444566895,67.47971600115717,67.48751068115234,6542300
2017-01-27,67.37063226121643,67.68235414271108,67.03553227908974,67.58104705810547,9332300
2017-01-30,67.6277558308186,67.69010135251358,67.40955245048238,67.60437774658203,7350000
2017-01-31,67.5109143589073,68.31360022582331,67.4329853662206,68.26683807373047,9712400
2017-02-01,67.82261127628291,68.2590182309525,67.60440779894812,68.05640411376953,8291000
2017-02-02,68.27459834805875,68.85127973802915,67.99404935929519,68.39149475097656,8997200
2017-02-03,68.67205491442182,68.7110164246691,68.10316216530079,68.1187515258789,7161900
2017-02-06,68.18886797158409,68.41486607604732,67.90052433231774,68.1109390258789,7483000
2017-02-07,68.29799050136444,68.79674304061025,68.17330533935262,68.58633422851562,6646100
2017-02-08,68.63307333275512,68.84348209246201,68.43045330613522,68.835693359375,6815800
2017-02-09,68.83570257666169,69.1863858716632,68.60190974959495,69.10066223144531,9914100
2017-02-10,69.01493791738356,69.14742368908038,68.5551528930664,68.5551528930664,11057600
2017-02-13,68.6097129511213,68.85908922302073,68.2979911248472,68.82012176513672,6905100
2017-02-14,68.57853074847435,68.74997802664129,67.97847122048853,68.46942901611328,20123400
2017-02-15,69.98907484943304,71.03334208598062,69.98907484943304,71.00996398925781,25847700
2017-02-16,70.8541070654149,71.0099709682178,70.5579745684893,70.75279998779297,12408500
2017-02-17,70.61252604572101,71.19700230857892,70.48783492242332,70.98658752441406,12152400
2017-02-21,70.5891398604669,71.5398887571028,70.5891398604669,71.4385757446289,9018700
2017-02-22,71.26714237433181,71.53990274222171,71.11128440319514,71.25935363769531,6749900
2017-02-23,71.3918363292156,71.53990556956765,70.84632746307756,71.01776885986328,7611600
2017-02-24,70.89304539467494,71.1813830915707,70.65925260934553,70.95539093017578,6643400
2017-02-27,70.5501851525453,70.84632361717348,70.1839123856212,70.83073425292969,11840300
2017-02-28,70.83849797303697,71.53207573872783,70.64367262434632,70.97097778320312,10535600
2017-03-01,70.95541169032903,71.61002216782146,70.69044605972549,71.4307861328125,8792200
2017-03-02,71.22817727798926,71.37624055945471,70.8229370604202,70.84632110595703,7031200
2017-03-03,70.8463339336983,70.8463339336983,70.05144271832499,70.52681732177734,8334900
2017-03-06,70.05143910756091,70.5346083693655,69.8176461867133,70.42550659179688,9533800
2017-03-07,70.24624748888216,70.51900186652047,70.18390193239354,70.36314392089844,5363000
2017-03-08,70.15272038545244,70.40989131462342,69.95010627058933,70.2462387084961,5503700
2017-03-09,70.24626451416194,70.51901895790655,70.21509172836242,70.4021224975586,5587400
2017-03-10,70.76056902268026,71.04111800044261,70.64367262434632,70.97097778320312,6797800
2017-03-13,70.96318703066699,71.29828688677885,70.79953444218417,71.15801239013672,7397500
2017-03-14,71.1190782464506,71.37624330123232,70.77618357927442,70.91645812988281,6686400
2017-03-15,70.91645045179955,71.52430479009044,70.706041621468,71.2281723022461,7855300
2017-03-16,71.25935363769531,71.47755717552685,70.99438795204239,71.25935363769531,6601200
2017-03-17,71.2671415336036,71.69575986757384,70.85411256392344,70.91645812988281,37010100
2017-03-20,70.88530858896922,71.23599805327544,70.86972516517005,71.08792877197266,7772900
2017-03-21,71.15024544962213,71.50092882584131,70.93983066741066,71.06452178955078,8211000
2017-03-22,71.15803719790908,71.53989931642873,70.72163014314401,70.90866088867188,7798000
2017-03-23,70.84629791991206,71.27491015154457,70.60471042656461,70.73719024658203,6831400
2017-03-24,70.7371872514068,70.85408365348354,70.30078035895814,70.58132934570312,9252000
2017-03-27,70.48784729427062,70.69826211536694,70.27743841877535,70.5190200805664,10072000
2017-03-28,70.26963243105727,70.96321046415521,70.23845964977646,70.72942352294922,11855800
2017-03-29,70.57356354510891,70.81515112708348,70.44108367649085,70.604736328125,4252800
2017-03-30,70.5267921169236,70.58134298902434,70.21507029966268,70.29299926757812,3691900
2017-03-31,70.16048471720303,70.40206618190354,70.01241558949823,70.02021026611328,6942400
2017-04-03,70.02804614005824,70.18390409047274,69.70852961242892,69.88777160644531,6967400
2017-04-04,69.9423254794104,70.10597811803507,69.68515449917163,70.0670166015625,5680800
2017-04-05,70.13715526110218,70.52680612366386,69.95012451184067,70.11377716064453,6320100
2017-04-06,69.95791639834087,69.98908918222149,69.59943830211454,69.6695785522461,7231500
2017-04-07,69.71632253070074,69.83321896335548,69.49811902739832,69.5370864868164,4739100
2017-04-10,69.45914365979827,69.88776188219936,69.16301121697498,69.73969268798828,5956000
2017-04-11,69.87219858336456,69.99688377312356,69.583854792046,69.9813003540039,5186000
2017-04-12,69.9033487094243,70.46444679319639,69.7942469648685,70.37872314453125,6286300
2017-04-13,70.17611945364382,70.55797561638218,69.9734993497908,70.16053009033203,5040100
2017-04-17,70.3164006251797,70.59694378964232,70.23846569247279,70.44108581542969,6931700
2017-04-18,70.44887535772192,71.0177622731314,70.40211321238951,70.7605972290039,7087800
2017-04-19,70.75271894067755,71.02756182734272,70.2815588505193,70.3600845336914,6919000
2017-04-20,70.43861694365859,70.43861694365859,70.13236255625256,70.1480712890625,6983500
2017-04-21,70.02244003889847,70.10882011404426,69.58269128624887,69.59054565429688,9061200
2017-04-24,69.98318062294918,70.4072266333086,69.89680054725778,70.32084655761719,8338500
2017-04-25,70.34439805448831,70.8705268436008,70.25801798569348,70.67420959472656,9088400
2017-04-26,70.55640818462595,70.6741997157107,68.7974075581058,68.89949035644531,11951300
2017-04-27,68.77385705656391,69.29213145554588,68.49901411838206,68.86023712158203,8517500
2017-04-28,68.72671926833036,68.78168784190872,68.43617366132692,68.57752227783203,8295400
2017-05-01,68.61680496816771,68.78956511154429,68.38122785630372,68.38907623291016,4546600
2017-05-02,68.54611661653307,68.54611661653307,67.5488218513761,67.70587921142578,13197500
2017-05-03,67.76871339599316,68.0278475985868,67.45460461491942,67.87079620361328,6122000
2017-05-04,68.20060627192738,68.50686067937716,67.76871194940604,67.8864974975586,5986200
2017-05-05,67.95720036775398,68.01216897460083,67.63523710541618,67.92578887939453,4506200
2017-05-08,67.79230478593671,68.0200336175902,67.72162742867127,67.9650650024414,4634600
2017-05-09,68.16134540298476,68.17704814546205,67.70588798649932,67.84723663330078,9577600
2017-05-10,67.91005171068389,68.15348313317585,67.8393743999156,67.91790008544922,6178500
2017-05-11,68.0121232368438,68.02782597489913,67.43887444426565,67.6666030883789,6064700
2017-05-12,67.72158712017216,67.78441006898649,67.470301316041,67.68232727050781,5892400
2017-05-15,68.04352968574537,68.09064388756137,67.72942102768198,67.79224395751953,5820700
2017-05-16,68.22415206454403,68.31838647856104,67.68232065954152,67.7215805053711,6554500
2017-05-17,67.72159595268455,68.02785037918959,67.47816448318744,67.7373046875,7805800
2017-05-18,67.67446932771519,67.70588080046234,67.15618901407589,67.43103790283203,6985600
2017-05-19,67.53311766846264,67.83151765949482,67.27397752326003,67.7215805053711,7320700
2017-05-22,67.72944767112308,67.8472392131243,67.55668754167155,67.69803619384766,4260000
2017-05-23,67.75301394089648,67.95718557522562,67.51743681617286,67.59596252441406,4394200
2017-05-24,67.88652302116301,68.04358046296028,67.69806008213509,67.92578887939453,4878800
2017-05-25,67.98857600593453,68.30268473277164,67.96501889986874,68.20845031738281,4368000
2017-05-26,68.26343127324134,68.6167999105548,68.17705120791996,68.51471710205078,4337000
2017-05-30,68.51470055107099,68.79739778908176,68.39690903671229,68.63249206542969,4594500
2017-05-31,68.84455055062189,69.37853385576464,68.67179036496856,69.17436218261719,10146600
2017-06-01,69.11937706891749,69.21361150889304,68.60895699464977,69.20575714111328,6251300
2017-06-02,69.41775857812944,69.63763286916902,69.11150424544928,69.56695556640625,6136400
2017-06-05,69.33926198578945,69.70048504274423,69.10367886593183,69.68477630615234,4115300
2017-06-06,69.70048396520676,69.86538975010669,69.45704648081662,69.73189544677734,6503000
2017-06-07,69.63764928937415,69.80255504653779,69.41777494648932,69.70832061767578,4781600
2017-06-08,69.70833171637153,69.73189482068354,68.60110545880546,68.98588562011719,7712100
2017-06-09,68.98586404656109,69.2685612986243,68.7502869972588,69.22930145263672,9696900
2017-06-12,69.2293354221568,69.62197002144454,69.17436082677312,69.29215240478516,7867700
2017-06-13,69.38637045381842,69.41778193326726,68.92305862085682,69.15078735351562,6419300
2017-06-14,69.48844045175171,69.69261203494683,69.15077459886693,69.44918060302734,6183900
2017-06-15,69.28427017962733,70.37579335312556,69.28427017962733,70.18732452392578,7047500
2017-06-16,70.45430261628404,70.49356245320654,69.73970528547854,70.40718841552734,13855000
2017-06-19,70.36010601743608,70.56427764892578,70.04599719771211,70.56427764892578,5246200
2017-06-20,70.49359654514224,70.83911682745547,70.36795661865469,70.38365936279297,5674200
2017-06-21,70.37581649011676,70.6349507309905,70.11667625811545,70.20305633544922,4164500
2017-06-22,70.10094605766113,70.21088920607266,69.8104004238883,69.91248321533203,4536700
2017-06-23,69.91250317649693,70.51716370533498,69.81042035590687,70.21875762939453,8782100
2017-06-26,70.38365083073937,70.42291667301583,70.10095354150263,70.171630859375,4373300
2017-06-27,70.1716314408039,70.1716314408039,69.58267974853516,69.58267974853516,5180400
2017-06-28,69.95177405515699,70.05385688308655,69.30785362185448,69.39423370361328,4875000
2017-06-29,69.11935752615065,69.2764148817036,68.26341740510782,68.31053161621094,8123500
2017-06-30,68.35766967081356,68.68748121692046,68.31840382388924,68.43619537353516,6070300
2017-07-03,68.63250181103761,69.10366194425046,68.45974169759681,68.89949035644531,3607400
2017-07-05,68.9937235716847,69.10366073447219,68.70317193224574,68.84452056884766,4974300
2017-07-06,68.82880678541811,69.06438381454407,68.60107813014213,68.60893249511719,6038900
2017-07-07,68.86022311650096,68.96230590388457,68.53826003216533,68.82881164550781,5142200
2017-07-10,68.81312222361798,69.00159110246179,68.23202482500083,68.38907623291016,5356400
2017-07-11,68.49900052910908,68.67175463374652,67.77654867490706,68.13777160644531,5838600
2017-07-12,68.50686165253104,68.6874761474749,68.18490449779632,68.2869873046875,4374200
2017-07-13,68.1377551234927,68.35763536835321,67.92573523342516,68.0827865600586,5448900
2017-07-14,68.28700493636437,68.54614519514415,68.1063963859141,68.39694213867188,4577700
2017-07-17,68.3733809972213,69.03301016335968,68.11424075369808,68.75031280517578,5227800
2017-07-18,68.7974283395945,69.70048902919494,68.67963677292872,69.60625457763672,7492300
2017-07-19,69.54292294952225,69.97029566930574,69.3292335705661,69.92280578613281,6008500
2017-07-20,69.89907477101035,70.68258852714573,69.89115878289148,70.12067413330078,7285000
2017-07-21,69.7724372769853,70.1839780171791,69.4954320831368,70.12857818603516,5714800
2017-07-24,70.08109253528937,70.12066039187017,69.62206192442623,69.78826141357422,6202000
2017-07-25,70.17607696500288,70.59553378123546,70.07319326759131,70.54804992675781,6766700
2017-07-26,70.43723605755963,70.76963504823091,70.33435238086484,70.67466735839844,6987000
2017-07-27,71.45819619861484,71.82225317608884,70.43725104872624,71.76685333251953,11089200
2017-07-28,71.67186610912653,72.02009708216463,71.19700953379298,71.39486694335938,6137500
2017-07-31,71.39488994079032,72.07552013199084,71.39488994079032,71.8776626586914,7835700
2017-08-01,72.04383570405305,72.59784004833098,71.7984944596339,72.09923553466797,8662100
2017-08-02,71.99635797717814,72.25753121717948,71.64812699050967,72.0517578125,7167700
2017-08-03,71.90929412841797,72.61366599122259,71.87763621975917,71.90929412841797,6413200
2017-08-04,71.7747659973571,72.08342311696863,71.64813433898834,71.7589340209961,5824400
2017-08-07,71.75894280420597,72.46331488523944,71.64022711948707,72.36834716796875,5011300
2017-08-08,72.3366760179782,72.76404878191468,72.20213441770082,72.47913360595703,5623400
2017-08-09,72.43165683450661,72.76406195873865,72.43165683450661,72.74822998046875,5572800
2017-08-10,72.70074004367412,72.81153972977772,72.56619843028116,72.60576629638672,6338200
2017-08-11,72.7640395325719,72.87483919379018,72.24960908369926,72.28917694091797,7094200
2017-08-14,72.4474652724487,72.7719482639811,72.21794996715573,72.5345230102539,5398400
2017-08-15,72.74031641429669,73.09645741197244,72.71656844807211,72.9698257446289,5293400
2017-08-16,73.04103624813807,73.56337662814603,72.96189449821304,73.15975189208984,7965500
2017-08-17,73.12811664938972,73.34180004422791,72.866943359375,72.866943359375,5711400
2017-08-18,72.79570335151624,73.42884346157842,72.69281363051088,73.18350219726562,6815000
2017-08-21,73.11226809777847,73.57129873893497,73.09644216172744,73.49215698242188,4334300
2017-08-22,73.53173368304432,73.57130154374485,73.27847039154072,73.43675994873047,4731500
2017-08-23,73.20723573441917,73.33386736480199,73.03312026170703,73.15975189208984,3631900
2017-08-24,73.15977807267726,73.2626617805844,72.84320492156141,73.02523040771484,5173700
2017-08-25,73.32594093813167,73.49214040074908,73.13599955772999,73.21514129638672,4933000
2017-08-28,73.22307005769686,73.37344362647137,72.79570335151624,73.18350219726562,5386500
2017-08-29,73.19143575243324,73.35763529764657,73.00148823950603,73.06480407714844,3676300
2017-08-30,72.87482525349198,72.87482525349198,72.54242633342209,72.70862579345703,4709600
2017-08-31,72.72448923512664,73.12020416448878,72.68491532693817,73.02523040771484,5864400
2017-09-01,73.14393742103549,73.33388491206017,73.0173117984823,73.23099517822266,4960700
2017-09-05,72.95398256654197,73.39718122125775,72.84318290286302,73.38135528564453,6532100
2017-09-06,73.43675511748401,73.53172884554974,73.09644013957616,73.38135528564453,6747200
2017-09-07,73.39719974700111,73.88788840866593,73.07271666093447,73.57923126220703,7735400
2017-09-08,73.41302382841236,73.721680941672,73.2151663948803,73.47633361816406,6070100
2017-09-11,73.67419423960719,74.54477181532224,73.52382668954455,74.38648223876953,10177300
2017-09-12,74.17279895326568,74.3785723839833,73.76916808020076,74.00659942626953,5804000
2017-09-13,73.9986875076763,74.21237090038638,73.95911360177836,74.03826141357422,5369300
2017-09-14,73.78500411496621,74.1174031872398,73.74543020906827,74.03826141357422,5492300
2017-09-15,74.25191614678629,74.25191614678629,73.46048663934319,73.8166275024414,12428800
2017-09-18,73.73751325616861,73.99868654016751,73.492171949574,73.72168731689453,6177700
2017-09-19,73.87205015017436,74.75053765790665,73.87205015017436,74.52893829345703,6587200
2017-09-20,74.52892891136943,74.92464373753764,74.25984572787699,74.7109603881836,5941500
2017-09-21,74.51310710171202,74.79010628774446,73.16767299535115,73.31804656982422,9376700
2017-09-22,73.24678916134448,73.60292995555614,72.8748163986946,73.0014419555664,6837700
2017-09-25,73.15183997141563,73.67418038045511,73.07269821709193,73.38135528564453,6436200
2017-09-26,73.46049984325046,73.4842417666407,72.96981128671254,73.32595825195312,4885200
2017-09-27,73.22306751324868,73.22306751324868,71.4977506594164,71.9172134399414,9631200
2017-09-28,71.90931776261769,72.1150912174665,71.72728623753402,71.93305969238281,4999800
2017-09-29,71.99634884517842,72.36040572227803,71.78265948023466,72.00426483154297,6634500
2017-10-02,72.2258461928515,73.12807519404944,72.21001422405747,72.62947082519531,7302400
2017-10-03,72.7798701273037,73.0806112215602,72.46329705864318,72.90650177001953,5909900
2017-10-04,72.90650325011342,73.44467566632315,72.82735545274468,73.14392852783203,6140700
2017-10-05,73.1993230096611,73.32595464568648,72.76404034661354,72.83526611328125,6912800
2017-10-06,72.81153487086881,73.08853406764293,72.71656112991927,73.07270812988281,5241900
2017-10-09,73.12810110664317,73.30221659631292,72.75612820382675,72.90650177001953,5149000
2017-10-10,73.10438328720406,73.63463988012286,71.11789251354774,72.51081085205078,17125600
2017-10-11,72.09132412836547,72.5978446609068,72.07549819209656,72.3841552734375,7115400
2017-10-12,72.3445806193937,73.05686240905263,72.3287486464826,72.93023681640625,5984900
2017-10-13,73.36553142628689,74.006593594908,73.2784736754634,73.6346206665039,6956700
2017-10-16,73.57924924055877,73.8958224532382,73.37347574659736,73.71379089355469,4159100
2017-10-17,73.63462834847475,73.67419621507644,73.1281137661845,73.44468688964844,5316100
2017-10-18,73.42882968214148,73.56337125099249,72.81943161032171,73.42091369628906,7399700
2017-10-19,73.11793778164862,73.34917300088333,72.67141795602372,73.03022766113281,8585000
2017-10-20,71.53916309032294,71.73052784828035,69.84078185290109,70.3670425415039,19997800
2017-10-23,70.67001946680298,70.85341495609146,69.26667015038669,69.60953521728516,13358200
2017-10-24,69.66536299729599,69.70522735734693,69.19491731504067,69.3543930053711,11519000
2017-10-25,69.29060790900506,69.45805283383757,68.79624235708815,69.25871276855469,9024300
2017-10-26,69.52184795846897,69.98431231878033,69.45008236661154,69.76902770996094,6233800
2017-10-27,69.79292641321467,69.79292641321467,68.93177607193573,69.4022216796875,7433800
2017-10-30,69.29857753558126,69.43412730885436,68.70055738874349,68.78826141357422,5387100
2017-10-31,68.9637062408743,68.97168154902342,68.34974134770212,68.84410095214844,7119000
2017-11-01,68.83609597125361,69.48195567816008,68.66067578335937,69.2826156616211,4884100
2017-11-02,69.19491408427639,69.40222943033845,68.7563696439387,68.97962951660156,5021200
2017-11-03,69.19492341740536,69.49792421406733,68.93976837374987,69.03545379638672,5106500
2017-11-06,69.01152646713903,69.08328596379175,68.59689576411638,68.61284637451172,5186700
2017-11-07,68.60487246925697,69.37033753271636,68.11050695429597,69.3543930053711,6875100
2017-11-08,69.36237133361877,69.84876160707526,69.21087701213533,69.83281707763672,6910000
2017-11-09,69.64942150723938,70.30325671477564,69.60955714196817,69.9922866821289,5280000
2017-11-10,70.15972459473356,70.4786699018648,69.9922796772492,70.29528045654297,7227300
2017-11-13,70.70194225083105,71.29199330218324,70.67004710615984,70.96507263183594,6873500
2017-11-14,70.75775893421667,71.00494479051684,70.54247430673145,70.86141967773438,5035500
2017-11-15,70.74976188425164,70.91720676941168,70.16768635485045,70.35108184814453,6688100
2017-11-16,71.63486083309722,71.6827065974118,70.78168538391411,71.16442108154297,7205100
2017-11-17,70.9251913621565,71.03682130979077,70.2314918423401,70.51056671142578,5941800
2017-11-20,70.51056853860567,70.61422318313045,69.93646817396623,70.38298797607422,4926200
2017-11-21,70.3112307428884,71.13251086973577,70.18365017623672,70.74180603027344,6196400
2017-11-22,70.56636640267966,70.89328695236159,70.21552602416726,70.43081665039062,6006900
2017-11-24,70.63812681212416,70.93315223276204,70.50257705806403,70.52649688720703,2196700
2017-11-27,70.43083931607843,71.04480409268352,70.28731421353255,70.93317413330078,6199700
2017-11-28,71.34780212465536,71.37969118319658,70.89330699823915,71.28401184082031,4841300
2017-11-29,71.28401702005583,71.61093160255436,70.98899149841547,71.26806640625,5158900
2017-11-30,71.24417573407408,72.05748703656683,71.1325457252424,71.75448608398438,9789900
2017-12-01,71.90594391314131,72.18501876970231,71.06074403802073,72.04946899414062,7953200
2017-12-04,73.1657783624902,73.28538361686016,71.62687283414917,72.88670349121094,9003700
2017-12-05,72.97441775353025,73.22957282638475,72.61560802348939,72.87873840332031,8683000
2017-12-06,72.87074706607103,73.18171705259904,72.61559204934612,72.75911712646484,6737400
2017-12-07,72.59966674421962,72.61561127550974,71.67472576158899,71.84217071533203,7273600
2017-12-08,71.77837598120443,72.05745697021484,71.42754156414063,72.05745697021484,5883400
2017-12-11,71.94581604003906,72.02555084615383,71.56308045396206,71.94581604003906,4856000
2017-12-12,72.12122955212898,72.16907530208184,71.6188948029419,71.64281463623047,6558900
2017-12-13,71.77835066520082,72.88668675674234,71.73848631181414,72.46408081054688,7141000
2017-12-14,72.51196713953863,72.90267208832059,72.48007198895141,72.55980682373047,5853500
2017-12-15,73.01426943122884,73.57241910852846,72.94250993702256,73.26942443847656,15924000
2017-12-18,73.3411926065152,74.26612725919173,73.20563675149003,73.2614517211914,7405700
2017-12-19,73.35714478898124,73.46079943399377,73.02225493582442,73.10198974609375,5644400
2017-12-20,73.19767440522342,73.33322418960555,72.83885863768863,72.98238372802734,6938500
2017-12-21,73.08604017729995,73.42093000736243,72.9823794560599,73.09400939941406,4860400
2017-12-22,73.2614524928457,73.70000303324395,73.13387802505973,73.4607925415039,4919400
2017-12-26,73.63623792754535,73.97112786375101,73.47676826746007,73.73989868164062,3431900
2017-12-27,73.747867371106,73.95518279441448,73.30134745940545,73.43689727783203,4276700
2017-12-28,73.59636706454828,73.78773185645174,73.28539699643873,73.41297149658203,3005400
2017-12-29,73.5485018749058,73.72392208921741,73.2614517211914,73.2614517211914,4346700
2018-01-02,73.29334542359902,73.30132072865034,72.20096588320658,72.28070068359375,7558900
2018-01-03,72.34447061237199,72.63151459636757,72.17701967026194,72.1929702758789,5863600
2018-01-04,72.4242408337273,73.17375541343873,72.24882058633422,72.70331573486328,6322500
2018-01-05,72.77507187422412,72.79899779325034,72.21692209780542,72.75115203857422,5949700
2018-01-08,72.50398800020331,73.17376787701224,72.50398800020331,73.13390350341797,4860700
2018-01-09,72.93452967620217,73.07805473823746,72.56774475841753,72.59963989257812,6630100
2018-01-10,72.48802460632328,72.48802460632328,71.77039915119606,72.1371841430664,6564700
2018-01-11,72.08136673186324,72.17704606706269,71.69863114093793,71.88202667236328,5469700
2018-01-12,71.80230996120747,72.0335391351322,71.24415400391287,71.45146942138672,8111000
2018-01-16,71.87405304221659,72.37638781385198,71.47537291392234,71.9378433227539,9465300
2018-01-17,72.20893588261987,73.1418519156614,72.10528124933765,72.71924591064453,8345500
2018-01-18,72.5023364604299,72.83174940550929,72.044376457828,72.45413208007812,7699800
2018-01-19,72.53447190782948,73.3218448245799,72.50233361227303,73.169189453125,9364000
2018-01-22,73.01650525588214,73.8520822212178,72.92812651043072,73.8279800415039,8658000
2018-01-23,72.16486397558108,72.47820457901197,71.18466777828408,71.54621887207031,18756300
2018-01-24,71.55426987750282,71.63461867512822,70.46159243112584,70.95169067382812,15141900
2018-01-25,71.2489720128019,71.54624665471847,70.71066934451665,70.97579956054688,11264400
2018-01-26,70.83918848512276,70.83918848512276,70.08396027772795,70.48567962646484,11503100
2018-01-29,70.4535607912142,70.49372905932557,69.65012187195666,69.78670501708984,11685800
2018-01-30,69.75454870446298,70.2526829124263,69.60189338772,69.85899353027344,9662900
2018-01-31,69.74654434909999,70.2286126993535,69.16003725524722,69.36892700195312,11798100
2018-02-01,69.21628444258896,69.49748692094249,68.74225215357504,68.97525024414062,8606300
2018-02-02,68.74223078780695,68.78240518497982,67.6575894914153,67.68972778320312,12846300
2018-02-05,67.48082305926785,67.78613372614416,64.35544661933392,65.12674713134766,17462200
2018-02-06,64.70092581752134,66.2435268479667,64.37151909579939,66.18728637695312,19955500
2018-02-07,66.12302816885354,66.99877368381982,65.73737477499273,65.7534408569336,11851800
2018-02-08,65.90609632245501,66.05875168501954,64.39563329778669,64.45187377929688,14596100
2018-02-09,65.06250321975116,65.10267149825995,63.142278066310276,64.21085357666016,18838800
2018-02-12,64.76521196053157,65.61685525590644,64.74110977364398,65.34368896484375,10769000
2018-02-13,65.19908318979996,65.74542201460093,65.00625952509192,65.48028564453125,9278700
2018-02-14,65.12673851774153,65.28742993425288,64.49202121446089,64.8214340209961,9412000
2018-02-15,65.05444141593847,66.21139526367188,64.67682419453928,66.21139526367188,8910700
2018-02-16,66.05071113867734,66.88628832904895,65.98643455562899,66.36405181884766,10371700
2018-02-20,66.03464303479102,66.05874522025769,65.13478928893846,65.35171508789062,7087700
2018-02-21,65.32762846865823,65.72934800149663,64.42778063814255,64.46794891357422,9134500
2018-02-22,64.65273607635442,65.3035196924081,64.41170192905521,64.95000457763672,10277700
2018-02-23,65.0865979701054,65.17497675437427,64.66077626212999,65.11873626708984,10321800
2018-02-26,65.44009754616431,65.63292730028023,65.1187268821428,65.584716796875,9422200
2018-02-27,65.7936103947783,65.88198916330437,64.68486693020424,64.70896911621094,8919600
2018-02-28,64.82146419508489,64.90984298286834,63.0699667831772,63.08603286743164,16862000
2018-03-01,62.98961621392095,63.69664029789122,62.5878967305793,63.23064422607422,13504200
2018-03-02,63.053873949762185,64.00193189217639,63.00566345794382,63.87337875366211,9317700
2018-03-05,63.69665010752324,64.58846798826676,63.59220523248036,64.50812530517578,8177000
2018-03-06,64.60450730858815,64.61253728198103,63.768930344427595,64.2911605834961,9085300
2018-03-07,63.89750349606314,63.98588227755933,63.391339126382995,63.60023498535156,9089500
2018-03-08,63.608245982452694,64.26706552900126,63.48772894094048,64.2509994506836,7951700
2018-03-09,64.41974651484958,64.87770655119729,64.19478455029333,64.50812530517578,7662200
2018-03-12,64.4598874307541,64.77322802283857,64.08227027369058,64.16261291503906,7182000
2018-03-13,64.27513288276648,64.42778828488446,63.760932310084705,64.0501708984375,9620200
2018-03-14,64.02604685152609,64.14655778074601,63.35919110433204,63.47167205810547,8898100
2018-03-15,63.54398586858621,63.58416026941321,63.10209810825392,63.20654296875,6996900
2018-03-16,63.4154325092682,63.78501366703981,63.34311982092574,63.44757080078125,17715400
2018-03-19,63.44757715297722,63.929639314431085,62.88516618982025,63.19851303100586,8368200
2018-03-20,63.262791672916755,63.552030233148834,62.63611016899849,62.91731262207031,8465500
2018-03-21,62.70839406780591,62.86104325520657,61.76836611399201,61.89691925048828,9822800
2018-03-22,61.72820515769242,62.2825737675912,61.358624041176014,61.39076232910156,10481600
2018-03-23,61.69607586706203,62.009416557841895,60.90870302244047,60.989051818847656,11728300
2018-03-26,61.51930935105214,61.76034344561798,61.077415554265315,61.39076232910156,12937000
2018-03-27,61.48715824084751,63.02172898808354,61.302370785999955,62.49949264526367,11288200
2018-03-28,62.62803780728645,63.58413172401411,62.62803780728645,63.34309768676758,12857800
2018-03-29,63.817149441235884,64.66879267860492,63.61628972451662,63.696632385253906,10036400
2018-04-02,63.6805498074882,63.768928550328845,61.91298108042584,62.186153411865234,12017200
2018-04-03,62.31471886107696,63.310987506319435,62.00941428706852,63.03781509399414,11933100
2018-04-04,62.5235933587428,63.88943656511418,62.338799778474794,63.51182556152344,9030800
2018-04-05,63.54400041629731,63.72879412075391,63.07801036068661,63.31100845336914,7864700
2018-04-06,62.96550946368236,63.760912266739226,62.58789219594001,63.01371383666992,8300800
2018-04-09,63.31099535859499,63.35116363055703,62.32276269608189,62.79679489135742,9031200
2018-04-10,63.238689110423266,63.34313398387937,62.62004371729237,62.96552276611328,6779000
2018-04-11,62.82090714092222,63.22262670339441,62.70039004622976,62.88517761230469,7143500
2018-04-12,63.18241426445101,63.23061862141118,62.49949264526367,62.49949264526367,8282300
2018-04-13,62.71645248363532,63.021763256397904,62.44328613932534,62.96552276611328,6198500
2018-04-16,63.1181546152775,63.3591887241671,62.700369106921144,63.158329010009766,5962200
2018-04-17,63.41543329090606,63.42346939632146,62.748577525733495,63.01371383666992,6492400
2018-04-18,63.13422149039922,63.21456414332301,62.6842916004733,62.82891082763672,7349400
2018-04-19,61.13176119240896,61.39935096946714,60.166819613215644,60.77497482299805,16955600
2018-04-20,60.03708765565025,60.750654262712594,59.793823078494235,59.84247970581055,14085000
2018-04-23,59.67220303281816,59.988449522595104,58.99918244602374,59.193790435791016,13653400
2018-04-24,59.24242111287433,59.46136044145256,58.504529380289725,58.788333892822266,16551700
2018-04-25,58.71537153467364,58.99106564170381,58.342364163493386,58.62617492675781,14208800
2018-04-26,58.845104649636966,59.20189106026848,58.682932382881965,58.99106216430664,11204300
2018-04-27,58.81267875675594,59.25866184434288,58.55319937483531,59.03972244262695,8144800
2018-04-30,59.12079226226244,59.12889654333133,58.5126371124947,58.65858840942383,13076500
2018-05-01,58.423449528065014,58.65049316244792,58.107209296392384,58.350467681884766,8103800
2018-05-02,58.33426555706896,58.39102647795043,57.353108960988386,57.52339172363281,10830900
2018-05-03,57.4179733745823,58.155871522347844,57.36121245448313,57.863956451416016,9386500
2018-05-04,57.88016277761682,58.8856506250689,57.84772708707235,58.73158264160156,8107400
2018-05-07,58.92619408625424,59.372177124544216,58.293713549389025,58.366695404052734,6633600
2018-05-08,58.42344734207085,58.480208248542795,57.66122415246925,57.92881393432617,8084100
2018-05-09,58.196404622346996,58.828891325585744,58.17207940039081,58.68293380737305,7528400
2018-05-10,59.14512027700375,59.469464756381036,58.94240188415575,59.31540298461914,7618500
2018-05-11,59.704623808808606,60.085735408951415,59.23432179993814,59.49380111694336,7586200
2018-05-14,59.82625514189436,59.82625514189436,59.26675036023145,59.42081832885742,8646900
2018-05-15,59.445136094072915,59.526228395692115,58.86941663412599,59.153221130371094,11502800
2018-05-16,59.17754702711454,59.94787432903671,59.161326093710215,59.6235237121582,8325000
2018-05-17,59.61542357140747,60.00464561637328,59.51812270002192,59.97220993041992,8053600
2018-05-18,59.98844598064556,60.06142165257085,59.28298355298728,59.558677673339844,7042700
2018-05-21,59.80194150120859,60.20737839274221,59.53435166804216,60.05331039428711,6428400
2018-05-22,60.37766003760817,60.766882168392364,59.866811790775074,60.02898406982422,7744200
2018-05-23,60.02085388884035,60.24790366601134,59.77759555015365,60.150596618652344,6592500
2018-05-24,60.06951312591554,60.288446258930556,59.67218063839054,59.818138122558594,6508900
2018-05-25,59.92356460921851,60.50739463325999,59.801932323130686,60.256019592285156,7546500
2018-05-29,60.05329318505413,60.572251762583186,59.81813911297468,60.045188903808594,8905600
2018-05-30,60.272257664013935,60.83175644071151,60.04521396489297,60.72634506225586,8128600
2018-05-31,60.54794522271928,60.56416616316238,59.0316151745245,59.331634521484375,15526000
2018-06-01,59.46137677743945,59.7938318158926,59.08026510456002,59.558677673339844,7209300
2018-06-04,59.63163807235208,60.507382939161474,59.55865624021437,60.150596618652344,8743800
2018-06-05,60.23167731603234,60.312763421637335,59.680283136855714,59.980308532714844,6910100
2018-06-06,60.06141992665124,60.345224508998804,59.77761534430367,60.2884635925293,7002900
2018-06-07,60.150611282789775,61.94264141649902,60.08573990206877,61.431793212890625,13476100
2018-06-08,61.50475062104806,62.607539020083884,61.41555404565005,62.583213806152344,13625300
2018-06-11,62.41293627322264,62.99676620165844,62.339954438931144,62.86702346801758,9049400
2018-06-12,63.102193779388664,63.15895469335188,62.526474170197226,62.63188552856445,8786000
2018-06-13,62.761612323552164,62.761612323552164,61.78856037777227,62.00749969482422,8022400
2018-06-14,62.08051076304288,62.08051076304288,61.38315863595728,61.61831283569336,8895200
2018-06-15,61.75613508522728,62.85081318559285,61.56152097093712,62.74539566040039,14943500
2018-06-18,62.32374523009225,62.51835316137718,61.131760051332215,61.49665069580078,7384900
2018-06-19,61.29392725156996,62.17778261751088,61.27771250299517,61.893978118896484,8514000
2018-06-20,61.910182178986396,61.910182178986396,61.25337671180527,61.50474548339844,6603500
2018-06-21,61.24529434976573,62.47782593435896,61.24529434976573,61.983192443847656,8691200
2018-06-22,62.266994826467915,62.948125794069085,62.25077388734848,62.785953521728516,11446400
2018-06-25,62.66430691404611,63.19948642621111,62.583220796392865,63.07785415649414,11300500
2018-06-26,63.07786713377909,63.49951874420871,62.72919118830872,63.24814987182617,9558500
2018-06-27,63.33734203301725,63.82386499138041,62.89135904574057,62.99677658081055,7873300
2018-06-28,63.1346244972562,63.50762564341085,62.97245223770206,63.288692474365234,5714400
2018-06-29,63.191375927712464,63.686009287572716,62.672417351215515,63.29678726196289,7679900
2018-07-02,62.84269426613825,63.49949980073213,62.77782290343244,63.35354232788086,6092800
2018-07-03,63.68603104997495,63.864424281569136,63.06976520987038,63.16707229614258,5897200
2018-07-05,63.361659363148924,64.26172950795751,63.345444614028416,64.22929382324219,7956100
2018-07-06,64.3671475652756,64.56176169389101,63.97793168099465,64.31038665771484,7244000
2018-07-09,63.62113591393369,63.921161344771136,63.06974167047306,63.134613037109375,9095900
2018-07-10,63.30491648633043,64.82125269952799,63.24004509842896,64.72394561767578,12773500
2018-07-11,64.56988727965629,64.7401700585201,64.08336417054866,64.18878173828125,7851600
2018-07-12,64.33472027176097,64.48067779403004,63.71035020712291,63.96982955932617,8556800
2018-07-13,64.12388918421874,64.44012941012511,63.97793168099465,64.31038665771484,6021300
2018-07-16,64.22930545181268,64.56987092327067,63.92117567094241,64.48878479003906,6931200
2018-07-17,64.59419155388177,65.27532238315482,64.50499496626635,64.89421081542969,8983400
2018-07-18,64.64285278320312,65.04017916662912,64.32661253302065,64.64285278320312,9105100
2018-07-19,64.16583052388764,64.79587343134799,63.73216803161155,64.41948699951172,8010600
2018-07-20,64.08399099801825,64.68948150651086,64.08399099801825,64.37855529785156,8234700
2018-07-23,64.22309565302845,64.59130418686004,64.01853743732912,64.23946380615234,5881600
2018-07-24,63.445774666165946,64.64857793037177,63.445774666165946,64.63220977783203,8297100
2018-07-25,64.41128876225764,65.13133139844845,64.41128876225764,65.02496337890625,6208400
2018-07-26,65.09860988497445,66.08867098073115,65.02497191776482,65.53227233886719,9771100
2018-07-27,65.1885871300919,66.13773990449373,65.01675904009552,65.93318176269531,7492900
2018-07-30,65.51591589316227,65.86775633196962,65.32771955688852,65.62228393554688,7090700
2018-07-31,65.77774042905781,66.26050107225785,64.99223761689203,66.17867279052734,9878200
2018-08-01,65.80229743459192,66.12959188845251,65.54864719809564,65.99049377441406,7556700
2018-08-02,66.11322338179055,67.27511264663474,65.94138897261753,67.09510040283203,9261700
2018-08-03,67.20965367672221,67.99515655567049,67.02964142980495,67.36511993408203,7102800
2018-08-06,67.25873459772208,67.85604729677678,67.21782670272604,67.52056884765625,5669200
2018-08-07,67.43058432050582,67.65150448307722,66.87418563250033,67.6187744140625,6418000
2018-08-08,67.176911526881,67.7496782315617,67.176911526881,67.3814697265625,4891300
2018-08-09,67.45511169642654,67.45511169642654,66.5223268361004,66.6041488647461,5167400
2018-08-10,66.5223474691675,66.89873391177696,66.27687506447228,66.62871551513672,5566000
2018-08-13,66.84962133503969,67.16055381325721,66.39959701319934,66.70233917236328,5068100
2018-08-14,66.59597007388993,66.86598840820683,66.46505606619215,66.53050994873047,6226900
2018-08-15,66.52232058883547,67.39782932262652,66.12138207366962,67.3405532836914,8753500
2018-08-16,67.47149121362975,68.7315707600113,67.34875501731956,68.47792053222656,12368000
2018-08-17,68.51065060075076,68.89521486001003,68.40427631739155,68.47792053222656,8409300
2018-08-20,68.6415699809994,68.69066196629997,68.16699331435133,68.43701171875,6795800
2018-08-21,68.37972376900179,68.73156416861744,67.98696922699902,68.64974212646484,8534500
2018-08-22,68.57610110174878,68.60883116865337,67.96242639318726,68.2324447631836,5132600
2018-08-23,67.92150538944831,68.40425973726808,67.78240107128161,68.10969543457031,4323200
2018-08-24,68.09334126779952,68.36335961641035,67.9378750229712,68.20789337158203,5356000
2018-08-27,68.32243791699248,68.58427215990368,67.92968343131533,68.27334594726562,3941500
2018-08-28,68.50245017145319,68.61700226263322,68.1751558069585,68.30607604980469,5405200
2018-08-29,68.33063054384118,68.53518876679624,68.1506183088213,68.31426239013672,4520400
2018-08-30,68.23244928799895,68.51882958912782,68.06880518524598,68.24881744384766,4549700
2018-08-31,68.19970036349939,68.34698251230637,67.41419765073573,67.87240600585938,6674900
2018-09-04,67.48784071648898,67.88058894498462,67.15236228880424,67.6678466796875,5800700
2018-09-05,67.18509690650441,68.29789403377488,67.18509690650441,68.1506118774414,7651900
2018-09-06,67.83968778200571,68.16697592401081,67.4960252447065,67.62694549560547,7541100
2018-09-07,67.17691384957278,67.25873588375028,66.48141719513254,67.02145385742188,11110900
2018-09-10,67.56965614077293,67.9951343871677,67.37327580309541,67.406005859375,6783000
2018-09-11,67.20147070300638,67.43875901032877,66.79235422333787,67.10328674316406,5210300
2018-09-12,67.01325798926062,68.0605948247289,66.84960770708123,68.0033187866211,5925200
2018-09-13,68.13425011744658,68.31426235236695,67.62694972007631,68.28153228759766,5328400
2018-09-14,68.29789297549955,68.4615370388362,67.88877657453705,68.41244506835938,5004100
2018-09-17,68.32243686755263,68.95247335897935,68.1915166267976,68.93611145019531,7098800
2018-09-18,68.96885568598684,68.96885568598684,68.3879110441277,68.7315673828125,6022800
2018-09-19,68.66610724898055,68.96885568598684,68.54337105870114,68.7315673828125,6157600
2018-09-20,68.96885140443274,70.07346456312968,68.91975942841736,69.8443603515625,10053000
2018-09-21,70.2125571957328,70.59712762493191,69.97526892574568,70.22074127197266,17402500
2018-09-24,70.06528913315995,70.13074927100675,68.91976793395284,68.9524917602539,6389400
2018-09-25,68.96064408886339,69.06701832454561,67.97876744370402,68.0114974975586,5657200
2018-09-26,68.11789166736537,68.72338228980783,67.93787942329878,68.1260757446289,6581000
2018-09-27,67.94605688252712,68.42881126948309,67.75786057952756,67.79877471923828,6277600
2018-09-28,67.93786642278735,68.15060869257611,67.74149230439349,68.10151672363281,5125800
2018-10-01,68.16697590036861,68.502454361215,68.05242380218233,68.46154022216797,4899900
2018-10-02,68.30608039329675,69.09158317246062,68.21607428127182,69.026123046875,7390900
2018-10-03,69.09156965951699,69.15702352967996,67.79057644909139,67.93785858154297,7958700
2018-10-04,67.50420142905864,67.50420142905864,66.35867433810205,67.02962493896484,7029900
2018-10-05,67.07873637687324,67.4633005988695,67.07873637687324,67.21783447265625,5454600
2018-10-08,67.07873747095142,67.7005899949316,66.8905411527589,67.42239379882812,7192300
2018-10-09,67.41420953801513,67.68422789887757,67.1441911771527,67.25874328613281,6268100
2018-10-10,66.93962876178568,67.65149360246392,66.63688659667969,66.63688659667969,9295800
2018-10-11,66.80052934639954,67.07054768501469,64.3703767841057,64.53402709960938,12560300
2018-10-12,64.94314771672236,64.95132555105954,64.22309876726722,64.68949127197266,9878700
2018-10-15,64.648570509461,65.90046560234072,64.57492631672787,65.56498718261719,9691500
2018-10-16,65.38498696493541,66.35049568961163,65.37680288888635,66.28504180908203,9462600
2018-10-17,66.08046753057454,67.24235634204561,65.76953514256157,66.98052215576172,10375300
2018-10-18,66.62311416430626,67.14315355736505,66.0370362235561,66.23514556884766,9869500
2018-10-19,70.0487805435793,72.4426241566037,70.0487805435793,72.06291198730469,30276400
2018-10-22,71.59241402094594,72.01339564747194,70.35421942997533,71.48509979248047,14124100
2018-10-23,70.9980508941914,72.06289856747827,70.9980508941914,71.94733428955078,16269500
2018-10-24,72.04641465995526,74.86949680548994,71.99688889178974,73.8459243774414,26703500
2018-10-25,72.7315402682269,73.73860606434755,72.07116739601526,73.46620178222656,14647000
2018-10-26,73.21031277808575,73.60653147667577,72.13720839865434,72.52517700195312,14335900
2018-10-29,72.88013523073283,73.81290623294691,72.17849288055173,72.83885955810547,12878900
2018-10-30,73.34237858026304,73.82114858139984,72.81408281962322,73.62303924560547,13844000
2018-10-31,73.27633789245276,73.73034500055861,72.03814355883537,73.2020492553711,13362400
2018-11-01,73.30935651261723,74.15133217875658,72.78931716431843,73.95321655273438,9732400
2018-11-02,74.19260881563032,74.25039097110441,73.44969718747292,74.13482666015625,11336000
2018-11-05,74.20087199778061,75.48034222606604,74.14308983701964,75.2822265625,12270100
2018-11-06,75.00157185224953,75.55463057414549,74.64662249534345,75.53812408447266,8857800
2018-11-07,75.60417204847464,75.62894123480469,74.80347802843487,75.35653686523438,9019800
2018-11-08,75.07584856840153,75.55461856398973,74.844719963023,75.41429138183594,6614400
2018-11-09,75.40605642662238,76.49566751730278,75.25747280981216,76.28105163574219,10713500
2018-11-12,76.11593357106135,77.13950580795591,75.73622139120985,76.5204086303711,12522100
2018-11-13,75.91783422942582,77.23857378921085,75.60415425425107,77.1560287475586,13438700
2018-11-14,77.11474897207127,77.51097396780233,76.75979964386022,77.17253112792969,11623000
2018-11-15,77.04046217060917,77.51097582179129,76.53692924417778,77.45319366455078,12506000
2018-11-16,77.44493103027344,78.2621375590428,77.32111033251267,77.44493103027344,13013500
2018-11-19,77.36239564140614,77.75036427045421,76.69377260704515,77.0074462890625,9458300
2018-11-20,76.96616614410651,77.42017330016851,75.82702950405465,76.02513885498047,12074000
2018-11-21,75.66194743093476,76.24802545034453,75.31524815791461,75.45558166503906,8911800
2018-11-23,75.32347363562482,75.93431428857893,74.81168447906387,75.56285858154297,4399600
2018-11-26,75.24095747725578,76.27278627892473,75.24095747725578,75.89307403564453,8171400
2018-11-27,75.8848022143245,76.65248293860654,75.81876367297548,76.53691864013672,9023400
2018-11-28,76.46260342484734,76.94962966588447,76.11591062139871,76.77628326416016,8093700
2018-11-29,76.65247269643832,77.0156783275451,76.48738266290674,76.61945343017578,6126900
2018-11-30,76.91662874577389,78.13006014498346,76.56167946775872,78.01449584960938,16291800
2018-12-03,78.14657741797899,78.14657741797899,76.15721494633851,77.0322036743164,13934700
2018-12-04,77.17251696956113,78.30340329563644,76.90836912012956,77.02393341064453,11123600
2018-12-06,76.5204201746118,77.28810104254431,75.18317409986575,77.2220687866211,14199200
2018-12-07,77.2550683220151,77.41190828532908,76.05814965884157,76.31404113769531,7996800
2018-12-10,76.974426663664,77.0982473762989,75.4225584522848,76.7928237915039,9307600
2018-12-11,77.36237848969637,78.02274498402822,77.0982306324073,77.51921844482422,8743800
2018-12-12,77.76686208311817,78.04752275489962,76.85059772459729,77.61827850341797,9644000
2018-12-13,78.31166470432065,79.89655190244791,78.25388255536129,79.64891052246094,18541300
2018-12-14,79.61590324096925,79.98736536688662,79.26095390168794,79.77274322509766,12657300
2018-12-17,79.24443381905036,79.65716524519125,76.27276881039234,76.57818603515625,12427600
2018-12-18,76.8753569045575,77.02394047710571,75.82702180219889,76.34706115722656,12250600
2018-12-19,76.39660814535931,77.05697480970387,75.35652293423206,75.74449157714844,10825600
2018-12-20,75.53811845269165,76.13245280113357,74.39897551891707,75.10062408447266,14439200
2018-12-21,74.79517910226824,76.90836169366659,74.58881341802135,75.09234619140625,24030000
2018-12-24,74.6631036470208,74.83645636756327,71.71620186451418,72.1124267578125,7396300
2018-12-26,72.16195964696061,74.3659439086914,71.6006446662947,74.3659439086914,8630900
2018-12-27,73.96973635696214,75.98386799485787,72.80583056030787,75.95909881591797,11360100
2018-12-28,76.40484548007518,76.99917978716572,74.98504825708832,75.26570892333984,9611800
2018-12-31,75.63716376874521,76.09117088591299,75.24094510083714,75.87654876708984,7239500
2019-01-02,75.14188562095481,75.43905276419619,74.23387770450924,75.34825134277344,9843900
2019-01-03,75.06760295283728,76.35532314408495,74.6053394167161,74.81996154785156,9820200
2019-01-04,74.98504612516503,76.34706115722656,74.59708385586111,76.34706115722656,10565700
2019-01-07,75.86829478979021,76.35531485620804,75.44730696612301,76.04164123535156,9012500
2019-01-08,76.52041311703665,76.8423431644341,75.79400798661365,76.32230377197266,9551300
2019-01-09,76.51216148214037,76.73503370362933,74.9602871333195,75.07585144042969,15015600
2019-01-10,75.02632530538949,75.56287747017193,74.79519669232195,75.25745391845703,11102300
2019-01-11,75.67019390978116,75.92609172975142,75.20793663156351,75.75273895263672,7166600
2019-01-14,75.52986232019133,75.86830516335958,74.99331012611977,75.24095153808594,7952000
2019-01-15,75.24096788168205,76.44614333295074,75.2327114867477,75.95086669921875,7834500
2019-01-16,75.72797894545043,76.06642182112918,75.10888165384785,75.42256164550781,7964500
2019-01-17,75.4699594356431,76.17715104637766,75.17044194325797,75.4117202758789,8044500
2019-01-18,76.01908842518898,76.41011921541512,75.74452962447405,76.06068420410156,9100300
2019-01-22,76.0357357996061,76.33525337788818,74.11383662862455,75.24534606933594,13518500
2019-01-23,78.35699371405474,80.21233835681711,77.89939565151863,78.9061050415039,22869000
2019-01-24,78.4484959328628,78.67313089255971,77.53330635830173,78.45681762695312,12146400
2019-01-25,78.55666078758806,78.94769793205468,77.42515148140129,77.87442779541016,10618000
2019-01-28,77.64148075259877,78.1822767355148,77.35028486874988,77.80787658691406,9765600
2019-01-29,78.03249895366534,78.30705772629693,77.45842267408888,77.82450103759766,9769800
2019-01-30,77.88273771220568,78.75633147081983,77.84945728498688,78.63984680175781,7750200
2019-01-31,78.56498871372301,80.54512698280259,78.27379284291631,80.26225280761719,16044400
2019-02-01,80.16239767838114,81.21070898009066,79.86288016360699,81.09423065185547,12720800
2019-02-04,80.8779171661443,81.71823061003903,80.47024298642228,81.56015014648438,11887500
2019-02-05,81.52688188286615,81.5518406234487,80.87792923734284,81.06929016113281,9772300
2019-02-06,80.911217730707,81.80144886983,80.80306106154816,81.4686508178711,8693900
2019-02-07,81.13582618546957,81.2023870435747,80.15407574499362,80.81967163085938,8732500
2019-02-08,80.71152309703731,81.30223648991836,80.45360133289405,81.29391479492188,7483200
2019-02-11,81.11088167817545,81.85967559422157,81.060964199637,81.75983428955078,8494100
2019-02-12,81.8513469132304,82.65005823965123,81.51855528791675,82.58350372314453,11238800
2019-02-13,82.60847377572583,82.94958714267494,82.37551706705926,82.5668716430664,11587200
2019-02-14,82.1175839593983,82.21742525547226,81.40207053985168,81.91790771484375,7930100
2019-02-15,82.32556286934539,82.53356076072585,81.74317131251689,81.93453216552734,12069100
2019-02-19,82.0010933847319,83.19916336846741,81.92621718454464,83.19084167480469,10098200
2019-02-20,83.01613932528556,83.38221774206367,82.31726927244762,82.60014343261719,8947400
2019-02-21,82.45038152300799,83.08269703315268,82.02606395129044,83.0161361694336,7444800
2019-02-22,82.94126739352012,83.53198082989518,82.69998900160458,83.40718078613281,7925400
2019-02-25,83.4986742467141,83.57355044096704,82.64172394755127,82.84140014648438,7436100
2019-02-26,83.06605460517866,83.34893510546337,82.89133709658815,83.0577392578125,7115300
2019-02-27,82.6500553425887,82.89133370579913,82.21742243628964,82.29230499267578,6013600
2019-02-28,82.29231541987238,82.53358746606106,81.60176067362492,81.9927978515625,10575400
2019-03-01,82.0427127187446,82.18414980272357,81.39376012392931,81.90127563476562,7733200
2019-03-04,82.00941790658582,82.26733329069302,81.43534162831612,82.25901794433594,6895300
2019-03-05,82.29230995132016,82.93294082854831,82.29230995132016,82.44206237792969,6274600
2019-03-06,82.25072078110539,82.45039706230199,81.86800526398083,82.3089599609375,4622300
2019-03-07,82.34223289872605,82.86638546947138,81.74319776210626,81.9927978515625,8408600
2019-03-08,82.21741025479805,82.51692774077921,81.3271794902408,81.87629699707031,5144500
2019-03-11,82.19244213114054,82.93291406810286,81.95948552368158,82.84971618652344,7544400
2019-03-12,83.01611191131688,83.63178385182981,82.97451614434215,83.24075317382812,7597500
2019-03-13,83.19084373271357,84.52202911002037,83.16588499870042,84.18091583251953,9883300
2019-03-14,83.9812620590234,84.68013218855367,83.79822283054806,84.29741668701172,8590200
2019-03-15,84.6634781714854,85.60362651848045,84.63851943580482,85.22923278808594,30802700
2019-03-18,84.9130741269015,85.10443501818044,84.19756072965653,84.45548248291016,8442800
2019-03-19,84.78828232715406,84.97963687508714,84.27244515679044,84.77996063232422,7334100
2019-03-20,84.63851731189148,85.1210676673237,84.07276270948795,84.63019561767578,7513800
2019-03-21,84.26412658294056,85.62027724873421,84.26412658294056,85.27083587646484,8221000
2019-03-22,85.26250171599969,85.81993456297619,82.37548985667871,84.58026885986328,11035900
2019-03-25,84.58027082542515,85.14601903125883,84.24747290912887,84.82986450195312,6955500
2019-03-26,85.22924916133874,86.09452146751815,85.1959687248402,85.71179962158203,6909400
2019-03-27,85.4954677772523,85.71178104622233,84.89643274528919,85.61194610595703,6037100
2019-03-28,85.95308835310983,86.2609276670138,85.78669249821822,86.15277099609375,6793700
2019-03-29,86.41066800245225,86.65194638378073,85.78667415861455,86.5687484741211,7535400
2019-04-01,86.71849373785643,86.71849373785643,85.81161952537501,86.22761535644531,6626500
2019-04-02,86.20265162570671,86.54376488666455,85.91145583035436,86.31912994384766,6088800
2019-04-03,86.17769123185549,86.43560659596888,85.4871366821928,86.26921081542969,5226500
2019-04-04,86.09453487825982,86.25260904175795,85.52045836752733,86.05293273925781,4786100
2019-04-05,86.2026814762703,86.2692423518547,85.83660300815055,86.2359619140625,4281800
2019-04-08,86.4689180348046,87.47562746759813,86.11116126549827,87.33419036865234,8468600
2019-04-09,86.98473620202998,87.15945370018709,86.64361655258534,87.07625579833984,5820300
2019-04-10,87.07626145330384,87.35913560747368,86.72682008670293,87.06793975830078,5394300
2019-04-11,87.00970122754032,87.40073837684179,86.8349837167533,87.15113830566406,5078400
2019-04-12,87.15114218705249,87.4090576171875,86.66858541333413,87.4090576171875,6707900
2019-04-15,87.34249030308192,88.008079845718,87.18440985094416,87.96648406982422,5639200
2019-04-16,88.17448581864906,88.60711872275817,87.89992702594493,88.54055786132812,8136100
2019-04-17,89.03992060364489,89.24101282845734,88.2690862524072,88.68801879882812,6778100
2019-04-18,88.8304571265116,89.40858610433905,88.67126710069518,88.85559844970703,7248900
2019-04-22,88.9226222420668,89.81913765829533,88.59585535901924,88.82208251953125,9057200
2019-04-23,87.14635000427222,87.23013523498722,85.57115954025579,86.43416595458984,15979800
2019-04-24,86.56822247287961,87.68258459773594,86.12415498960391,86.87823486328125,10094800
2019-04-25,86.38386729441216,86.77766480826587,85.9565544184856,86.53468322753906,6085300
2019-04-26,87.09607053906663,88.71315036258704,87.06256156193942,88.69639587402344,7747400
2019-04-29,88.4534181004613,88.60423407372974,87.74123404596165,87.79150390625,4787600
2019-04-30,87.85853754351062,89.33318195379682,87.6909670754251,89.21588134765625,8251300
2019-05-01,88.93937934068133,89.14046516960191,87.81663681170137,87.91718292236328,6733800
2019-05-02,88.14343630814,88.61264527250867,88.01776161379675,88.445068359375,6270300
2019-05-03,88.80531849365747,89.15722668728432,88.4617971331497,88.88072967529297,4793400
2019-05-06,88.07637562440279,88.66287859756142,88.0093448867838,88.54557800292969,4890400
2019-05-07,88.00099967253206,88.46182818762456,87.22178461490644,87.72450256347656,6021700
2019-05-08,87.96746174540405,88.62099555029364,87.27203851777256,88.03449249267578,5392600
2019-05-09,87.69934017802356,88.00935257228123,86.9536407360017,87.33905792236328,6901700
2019-05-10,87.12121736100079,88.93938312409173,87.0709411073295,88.82208251953125,5815800
2019-05-13,88.09316101880053,89.30806320046104,87.85017930398739,88.90589141845703,7575500
2019-05-14,88.62099694726194,89.23264133905123,88.45342646884505,88.47856140136719,7004000
2019-05-15,88.48692248606548,89.65155431578486,88.39475682537667,89.40019226074219,5535600
2019-05-16,89.43373395291192,91.0591945645391,89.30805288839562,90.58161163330078,9284200
2019-05-17,89.87778662613005,90.48943096288855,89.86941257764542,90.02860260009766,6370200
2019-05-20,90.02022811107199,90.59835068144912,89.76886602488825,89.92806243896484,6565300
2019-05-21,90.04536093948016,90.10401123923364,89.05667989191932,89.12371063232422,5226400
2019-05-22,88.88911775117101,89.69347398433621,88.76344308261798,89.41697692871094,4889700
2019-05-23,89.38343923594137,89.67669071002068,88.72152511307507,89.45046997070312,6175600
2019-05-24,89.77727827619682,90.02026000762837,89.26617987429007,89.39186096191406,4372100
2019-05-28,89.40022343262993,89.8610518967547,87.48989160390327,87.52340698242188,7615500
2019-05-29,87.10446074807601,87.8166448513564,86.88661401789953,87.29717254638672,7137300
2019-05-30,87.44798484687975,88.28584996660395,87.44798484687975,88.25233459472656,4729200
2019-05-31,87.88368580640739,87.89206624880404,85.80578356035412,86.22471618652344,10282300
2019-06-03,86.42579194980425,87.10446067925947,85.79739308404088,86.97040557861328,8532900
2019-06-04,87.14635739982853,88.05962735921095,87.01229590538493,87.70772552490234,6906400
2019-06-05,88.17692275289411,89.4421008641238,87.88367124165639,89.42534637451172,6481700
2019-06-06,89.52587276431926,90.22130223911847,89.09018578285139,89.96994018554688,6681600
2019-06-07,90.2715673901221,91.6456653886166,90.2715673901221,91.13456726074219,8063400
2019-06-10,90.75753461341543,91.34403754397638,90.0369702173534,91.09268188476562,4767000
2019-06-11,91.27701938887532,91.83000699053335,91.21836909184486,91.64567565917969,8074400
2019-06-12,91.83000295705769,92.71814420616951,91.81324846967188,91.89703369140625,7687800
2019-06-13,92.14842027775917,92.96114417656239,92.04787414947221,92.9276351928711,8611400
2019-06-14,92.97789548890741,93.63142927448162,92.70977890014866,93.17060089111328,6438100
2019-06-17,93.13710137013841,93.17899079589667,92.366260505815,92.99465942382812,6020000
2019-06-18,93.38007406206931,93.47223974553965,91.68758916929474,91.83002471923828,7731200
2019-06-19,91.74624012901292,92.77681714585968,91.54515426928826,92.51707458496094,7028000
2019-06-20,92.81871981709041,93.85767103174346,92.58411854853054,93.6230697631836,7044200
2019-06-21,93.52250910768714,94.23469319728972,93.01978491041126,93.17060089111328,13799400
2019-06-24,93.69006528931216,94.25981375257942,93.33816351881252,94.11737823486328,5518100
2019-06-25,93.93303664366341,94.36872358917957,93.26274215105174,93.60626983642578,6805600
2019-06-26,93.32979472353541,93.37169053628054,91.88029165316536,91.9389419555664,7170300
2019-06-27,92.09812793118738,92.3913794302984,91.57027523278752,91.98082733154297,5613300
2019-06-28,93.7235912112544,93.8073764433225,91.34405098761934,91.87191009521484,12152000
2019-07-01,92.09813884488982,92.7516726610396,91.83840268524158,92.57572174072266,6775900
2019-07-02,92.67628253946718,93.4219821546907,92.40816589570598,93.40522766113281,6578200
2019-07-03,93.80737992029806,95.74284634014387,93.70683380264754,95.58365631103516,6223300
2019-07-05,94.6536045243359,95.05577612101574,94.03358625055316,94.8044204711914,8694800
2019-07-08,94.96362002632159,95.70932578870038,94.93011105022636,95.55850982666016,5317800
2019-07-09,95.43283240473356,95.441212845276,94.10900406476681,94.60334777832031,7537700
2019-07-10,95.06417776678003,95.93555827717205,95.0139079040817,95.30715942382812,5600700
2019-07-11,95.23174163718483,95.85175996468786,95.04741030923459,95.83499908447266,4625300
2019-07-12,95.57527311369574,96.53043883041872,95.57527311369574,96.34610748291016,7058600
2019-07-15,96.41312511431929,97.09179371748348,96.17852393754166,96.75665283203125,6240700
2019-07-16,96.95775367134777,97.62804193855726,96.7315265069568,97.10018920898438,7644300
2019-07-17,96.96616177188635,97.43536433201234,96.96616177188635,97.1421127319336,7861700
2019-07-18,96.91946798152435,97.627829575178,96.80140771591542,97.34954833984375,5828700
2019-07-19,97.40012644455827,97.7796048831596,96.9869155883789,96.9869155883789,6547000
2019-07-22,97.01221070916684,97.35795672098112,96.62429756805297,97.2314682006836,4018800
2019-07-23,97.57724284795039,97.86396525696908,96.00028568285389,96.00872039794922,8194600
2019-07-24,96.00871158015947,96.03400928931951,94.68474451910079,94.95459747314453,9635900
2019-07-25,94.01010617646061,95.27504298143354,93.92577190908804,95.09794616699219,7809400
2019-07-26,95.4690024026576,96.87729725728886,95.19071474382338,96.75080871582031,5559600
2019-07-29,96.75080791681128,97.99887536353971,96.65804536463261,97.82178497314453,7768700
2019-07-30,101.04314245116215,102.6791292942758,100.18298833358942,101.54068756103516,18788800
2019-07-31,100.90820992521891,101.76836396359084,98.72408276460176,99.54207611083984,12641800
2019-08-01,99.98058808231757,100.4949961542592,98.43737030029297,98.43737030029297,11308600
2019-08-02,98.25187070954648,98.73254649096882,97.56037210410028,98.19284057617188,12266100
2019-08-05,97.89768483351527,98.07478166989773,95.14855980244617,95.35938262939453,12974800
2019-08-06,95.84005904998322,96.97850103625711,95.44371110329627,96.37133026123047,9490600
2019-08-07,95.92436966187555,98.02416285344925,95.02204837603456,97.4169921875,9507600
2019-08-08,97.41698610494677,99.07827061949651,97.26519344793714,99.0361099243164,7416600
2019-08-09,99.18792891744665,99.54210973324345,97.69529965489944,98.47956085205078,6939500
2019-08-12,98.47954481284462,99.23007346237759,97.47602623105956,97.84707641601562,4996200
2019-08-13,98.2518437936776,99.56737579638288,98.10847942292618,98.8758773803711,6722000
2019-08-14,98.20969504249057,99.45776888319945,97.53506592448157,97.64469146728516,10148300
2019-08-15,98.49642637036874,99.58426648514636,98.19284098779758,98.99396514892578,7758000
2019-08-16,99.55896755554174,100.8070414945736,99.17105433452153,100.50345611572266,8302400
2019-08-19,101.16964544657137,101.5744216162545,100.44441450593779,101.39733123779297,5867100
2019-08-20,101.23710483198151,101.41419520090231,100.17455618465587,100.26731872558594,6744300
2019-08-21,100.57933194159182,100.89978669403224,100.08179325471977,100.52030181884766,4037400
2019-08-22,100.41912512331176,101.0178611478732,100.09867032579876,100.70584106445312,4558400
2019-08-23,100.46971870705862,101.28771224649802,98.18440019851235,98.93492889404297,7336800
2019-08-26,99.29753881051651,100.85762624392149,98.85059550387739,100.62150573730469,5661500
2019-08-27,101.18650501436005,102.08039802360403,101.0094146418931,101.65875244140625,6996300
2019-08-28,101.58285355785459,102.40084702209602,100.88292034269946,102.37554931640625,4600300
2019-08-29,102.70443346348907,102.8815238390247,101.46479440093854,102.19002532958984,5011500
2019-08-30,102.84779088602009,102.88152330506148,100.78173008169297,101.38890075683594,6007100
2019-09-03,101.01784531597659,102.49360479466314,100.88291564684376,102.34181213378906,4959300
2019-09-04,102.75503986311406,103.96094663539695,102.42615678283707,103.90191650390625,5586900
2019-09-05,103.92721425576316,104.08744165579097,103.03332756887492,103.5224380493164,7491900
2019-09-06,103.72481413480203,104.04526246392815,103.33690096781743,103.61518859863281,5306900
2019-09-09,103.48025745394507,103.539287577783,102.69599641792641,103.0248794555664,7662400
2019-09-10,102.06353619803485,102.19003116887444,100.84076649212231,101.09375,9582200
2019-09-11,101.07686265983915,102.32492977253608,100.65521714780371,102.26589965820312,7565500
2019-09-12,103.4296700714742,103.90191109883335,102.56108113880943,103.5308609008789,6194300
2019-09-13,102.72974471958325,103.37064790162957,102.4598917640588,102.98273468017578,6777400
2019-09-16,102.72130883872384,102.84780381758364,100.3685253936183,100.984130859375,9626700
2019-09-17,100.8829159007045,102.87308348881675,100.722694960457,102.17315673828125,6377100
2019-09-18,102.26592836054944,102.84780138928502,101.84428273017332,102.38399505615234,5684200
2019-09-19,102.36711513421034,103.0754830662033,102.24062017130433,102.79719543457031,4525800
2019-09-20,102.99114554011472,103.38749340889444,102.67069722019535,103.08390808105469,15362000
2019-09-23,103.05018632241028,104.37415330373753,102.8562329413288,103.91034698486328,6060400
2019-09-24,104.31512805077371,105.18372346764117,104.02841210575478,104.2392349243164,7633200
2019-09-25,104.19706965767999,104.42476190874322,103.68266145645055,103.74169158935547,5812600
2019-09-26,104.26453282730337,105.41140947711857,104.17177027225935,104.82953643798828,6984800
2019-09-27,104.91385910500689,105.31020055639632,104.33198613025466,105.04878234863281,5589800
2019-09-30,105.04877718029876,105.71497795376567,104.67772701943092,104.8885498046875,5206900
2019-10-01,104.87170021138256,105.10782073162909,103.89347927458792,104.44161987304688,5415700
2019-10-02,103.89347857901446,104.27296349869997,101.37203956354644,102.10570526123047,6755100
2019-10-03,102.60323946523141,103.33690513044344,101.90330622030743,102.66226959228516,5171000
2019-10-04,103.04176012727042,104.61871065067187,102.8730980166114,104.568115234375,4377900
2019-10-07,104.17176252220796,104.47534787362041,103.45496627785131,103.58988952636719,4749700
2019-10-08,103.43809883728338,103.66578462415299,101.93703513814624,101.97920227050781,5545300
2019-10-09,102.72129777844447,103.21040821267752,102.4008494424648,102.86466217041016,3775600
2019-10-10,102.31651687109877,103.04174777549385,101.86957359058107,102.83092498779297,3943400
2019-10-11,102.91525861144986,102.93212160454311,101.88644232012703,102.11412811279297,6292200
2019-10-14,102.56107318698189,102.56107318698189,100.84075844866645,101.23710632324219,7360200
2019-10-15,101.35517026809198,101.66718389101527,98.41207938023992,98.83372497558594,11113900
2019-10-16,99.23007502507103,99.31440285921599,98.25186056814707,99.11201477050781,7973100
2019-10-17,99.55840925425899,99.83847453458078,98.91341866763172,98.98130798339844,5956900
2019-10-18,98.91340888823976,99.93181974794096,98.59090715191232,99.6941909790039,9016700
2019-10-21,99.65176881022205,101.0945252894312,99.59236160945397,101.06057739257812,6731600
2019-10-22,105.23607630818233,105.4227865118098,103.19924772981824,103.69148254394531,14410500
2019-10-23,103.53021600872337,105.00692022807102,103.40291302775911,104.38738250732422,8249300
2019-10-24,105.03240251789161,106.73824082151701,104.67595279819527,105.90653991699219,6725600
2019-10-25,105.93199552747356,105.93199552747356,104.53167542903523,104.59957122802734,6093300
2019-10-28,104.7947769165039,105.33793039432685,104.04793602832223,104.7947769165039,5459500
2019-10-29,104.55712632316823,105.71132891357782,104.47225981870561,104.89659881591797,5659800
2019-10-30,105.22758834199507,106.22902868795663,104.8117379154643,106.0338363647461,4734500
2019-10-31,105.90652069346955,106.46664476577914,104.69291098275015,105.66889190673828,6399500
2019-11-01,105.94047010669865,106.20355819936566,104.59955739103661,105.12574005126953,6010200
2019-11-04,105.16818862638385,105.16818862638385,100.6871692931595,101.0521011352539,10351400
2019-11-05,100.84839920083688,101.49338976075289,100.34767585903768,100.90780639648438,9239600
2019-11-06,101.07754216679332,102.13838960027121,100.70412827314034,102.11293029785156,6756300
2019-11-07,102.12991023062389,102.12991023062389,100.8314338907725,101.51886749267578,8909700
2019-11-08,101.71406447894341,102.34208443211836,101.12848101884641,101.58676147460938,4249900
2019-11-11,101.40006913191756,101.84137892496955,101.06907869350296,101.27276611328125,3850400
2019-11-12,101.40851955953651,101.50187464570126,100.6107667435357,101.22180938720703,4759600
2019-11-13,101.756489268139,102.7324702225778,101.73102996518044,102.39299774169922,7262800
2019-11-14,102.3675220762162,102.83429099727881,101.9346945704071,102.26567840576172,5188300
2019-11-15,102.68156228694835,102.68156228694835,101.81591346732088,102.2996597290039,7108600
2019-11-18,102.05354948991528,104.01399398195296,101.98565368264025,103.44538116455078,7493700
2019-11-19,103.47930585213018,104.20068083660713,102.80036088150534,103.04647827148438,5989000
2019-11-20,103.04648360726053,103.86121372925783,102.63063319054199,103.78483581542969,6480000
2019-11-21,103.35200407217297,103.99700115433673,102.0789870935046,102.1299057006836,7094200
2019-11-22,102.03656002904425,102.35905534199992,101.32366713343256,102.08747863769531,4414900
2019-11-25,102.21477035609834,102.62213213015828,101.85832071017259,102.27417755126953,5134300
2019-11-26,102.46090019141666,103.83575443971812,102.1893234840448,103.7593765258789,8235200
2019-11-27,103.8951613560892,103.91213854238414,102.65609222743512,103.33503723144531,3751400
2019-11-29,103.53022292851892,104.07337630703127,103.29259413478216,103.58963012695312,2927300
2019-12-02,103.48779721178488,104.20068362259201,102.65608992427728,104.14976501464844,6146200
2019-12-03,103.80180205308062,104.3534440371397,103.36898094357662,104.34495544433594,6396200
2019-12-04,104.175229068698,105.72831143078564,104.12431045843269,105.68587493896484,6857300
2019-12-05,105.46522554892071,105.77075018555146,104.94753786035763,105.76226806640625,7029200
2019-12-06,105.85561050850153,106.46665323373965,105.14271761670805,105.39732360839844,7150900
2019-12-09,105.49916217727798,106.20356648506989,105.38883636607781,105.97442626953125,7452800
2019-12-10,105.89802988396944,105.97441426376173,105.33790582338696,105.46520233154297,4740100
2019-12-11,105.4652132331661,106.3138912413911,105.29548022148083,105.79620361328125,4823300
2019-12-12,105.89803971810187,106.72974700638281,105.13422822374169,105.71981811523438,5897800
2019-12-13,105.41429880300923,106.71277517107808,105.05785557940203,106.48363494873047,5471600
2019-12-16,106.48364252552672,107.23047692454433,106.38179882229247,106.56002044677734,8281900
2019-12-17,106.58548345515624,106.91647388343654,105.49917648253468,106.34785461425781,8832200
2019-12-18,106.34783004370388,106.82309409059624,104.97297593189425,105.24455261230469,8607600
2019-12-19,105.37187030273974,106.25448978107299,105.15121219570656,106.01686096191406,6629100
2019-12-20,107.06073044137257,107.44263294943805,106.11020875532394,106.39027404785156,16250500
2019-12-23,106.52605411812623,106.78066009471841,105.82165633603255,105.9998779296875,6619500
2019-12-24,105.90653728658327,106.3478470346703,105.7283156686116,106.27146911621094,2022100
2019-12-26,106.16962541669862,106.72126745798228,105.97443308625814,106.27146911621094,4760400
2019-12-27,106.560005476952,107.18803184631967,106.41573177381315,107.00980377197266,5192000
2019-12-30,106.72975951365261,106.9164697313649,105.35489866268937,105.63496398925781,3884300
2019-12-31,105.60099825464592,106.07625583772578,105.19362998707821,105.9998779296875,4798900
2020-01-02,105.66040744341043,105.85560622579561,104.33647187994262,104.7353515625,8130800
2020-01-03,103.67449403539507,104.83717859947086,103.419888078718,104.03093719482422,7970500
2020-01-06,104.02247724190397,104.54866000894995,103.86122632662048,104.17523956298828,6674400
2020-01-07,104.28554287993862,104.56560815396315,103.42838282292851,103.53022003173828,7583400
2020-01-08,103.69995805115282,104.75231686846344,103.53870717293229,103.9715347290039,5385100
2020-01-09,103.97154683037347,105.13423158264088,103.97154683037347,105.10877227783203,5944000
2020-01-10,105.15120986195845,105.50765308278588,104.64200433579077,105.21061706542969,3927100
2020-01-13,105.23608339573558,105.99989497342655,105.07483248630636,105.98291778564453,8409200
2020-01-14,105.78770737857283,106.25447636443957,105.64343368157215,105.8216552734375,7829700
2020-01-15,106.13566363844035,107.03526667924974,106.09323362536664,106.89947509765625,4843700
2020-01-16,107.0267915275914,107.59540427840041,106.58547530688902,106.99284362792969,6233700
2020-01-17,107.23046987277792,107.78211189794416,106.83159015496693,107.2813949584961,11315200
2020-01-21,107.28138694244463,107.45960854189248,105.94895629318842,107.00980377197266,8553100
2020-01-22,107.21351802237886,107.51055409590927,106.7891789245066,107.19654083251953,7396700
2020-01-23,106.11741944699021,108.03828982425246,105.56250003532975,106.70648193359375,11096500
2020-01-24,106.90284049746083,108.24318090091633,106.51866251377405,106.83454132080078,9508600
2020-01-27,106.50158577469098,107.90168626100028,106.50158577469098,107.30408477783203,9338400
2020-01-28,107.50897438391405,108.40538311035652,107.32969394129908,107.59434509277344,6200200
2020-01-29,107.49188729651402,107.62847910825462,106.74060953515749,106.76622009277344,5271000
2020-01-30,106.53573479843106,107.61995648741244,106.21985600850111,107.52604675292969,5894400
2020-01-31,107.56020220347766,108.37977278361754,106.25401138783697,106.39060974121094,6612900
2020-02-03,106.42476557972176,107.5260589299788,106.27962819239622,106.8089370727539,6052300
2020-02-04,107.32115499816904,108.7212554673059,107.02235426024976,107.27847290039062,6512200
2020-02-05,107.4919185304421,108.47369159561599,107.05651938435713,108.26026153564453,6125400
2020-02-06,108.33710876600273,109.35303150697766,108.08099006736118,108.54199981689453,9102700
2020-02-07,108.58464599221674,108.65293864023913,107.61140573920751,107.63701629638672,5915100
2020-02-10,107.961446806686,108.27732559944766,107.36384532131821,107.7138671875,5216100
2020-02-11,107.79925328414944,107.79925328414944,105.8869217446546,105.99790954589844,6105700
2020-02-12,105.58812030227794,105.83569995526078,104.879530934779,105.39176177978516,6031700
2020-02-13,105.63079035604346,106.95405259697435,105.45150340409961,106.68086242675781,7159000
2020-02-14,106.9626020894278,107.69680196499264,106.5357419996049,107.68826293945312,5889100
2020-02-18,107.42362802691189,107.72242883233865,106.56990771805307,106.60405731201172,6767600
2020-02-19,106.58693902796945,107.96996775112056,106.41619763599027,107.09063720703125,4734000
2020-02-20,107.11625874642276,108.21755842368735,106.82599053425893,108.06388854980469,6094600
2020-02-21,107.67972344920155,109.33594918821252,107.55167063350177,108.16634368896484,8723900
2020-02-24,106.93699318910024,108.07243609552613,105.12710403529394,105.26370239257812,7533900
2020-02-25,105.02466367592115,105.82716280579574,103.19770283786644,103.66725158691406,8903200
2020-02-26,103.65869813174295,104.48680771204769,102.31835776864833,102.58301544189453,6894200
2020-02-27,101.695149404585,102.3781216353135,96.83747953345275,96.8972396850586,13298900
2020-02-28,93.44819688836827,96.6667251586914,91.06631714185262,96.6667251586914,22784300
2020-03-02,96.632606436479,102.26715932343785,96.0862259452205,102.07080078125,12399800
2020-03-03,102.2159173725008,104.01726091339339,100.00477877656141,100.88410949707031,12510900
2020-03-04,102.34396531537921,106.45036350861267,102.10492472467807,106.28815460205078,9459300
2020-03-05,103.55626707982336,104.92221815274044,102.68546879289788,103.8379898071289,9363500
2020-03-06,100.76459321907159,104.67463326161862,100.35481117439998,103.86360168457031,9817400
2020-03-09,98.40833151419758,102.4720417759488,98.28027868587968,99.08277130126953,13116500
2020-03-10,101.5585513814921,103.1464714303302,97.69973905086097,102.91596984863281,11419100
2020-03-11,100.39750024316925,101.11462864116265,94.4897576677958,95.26663970947266,16456000
2020-03-12,87.93317432268144,95.25809467898297,86.22573404457113,86.94285583496094,20988000
2020-03-13,90.92120354351167,97.8619465959643,89.99065162896673,97.38386535644531,17378700
2020-03-16,86.86600656113866,98.98882747587237,86.22571658648653,92.62861633300781,17367400
2020-03-17,95.14709545657146,102.19028575725181,94.56656557125342,100.94385528564453,19451400
2020-03-18,96.48745876920789,103.72700927856522,95.69349868456561,100.26943969726562,23139200
2020-03-19,99.5523149171027,100.73898549637185,93.72994330403358,94.61781311035156,16428100
2020-03-20,93.21770618622247,93.65309877741076,86.72942777125321,87.4465560913086,19922900
2020-03-23,85.53422272871713,88.57346433636683,80.5399547096591,83.40845489501953,17776800
2020-03-24,86.42210505559315,88.78690731729661,82.01690537381799,88.16368865966797,14625500
2020-03-25,85.80742589229106,89.38450938328008,84.1768170552888,86.1574478149414,13789100
2020-03-26,88.68447162092541,92.46645320287165,87.53195039901573,91.67249298095703,15796000
2020-03-27,90.91264649655079,97.57166550623879,90.91264649655079,94.05433654785156,16073100
2020-03-30,97.23872742598583,98.85225800564564,94.07995892923589,98.17781829833984,14571600
2020-03-31,96.89725414622913,97.5716939655032,93.0128241720239,93.90923309326172,21691000
2020-04-01,92.15909640874197,95.77033585479639,91.34806479395611,93.33723449707031,11095800
2020-04-02,91.93712684161599,98.1692801508723,91.77491792565569,97.66558837890625,9168800
2020-04-03,97.10213578830945,98.94617458592403,96.47892367654833,98.24612426757812,7768700
2020-04-06,99.8852557430607,101.59269601217284,97.81925458064325,100.57676696777344,16848400
2020-04-07,99.63768466623695,102.49764605956422,96.04352337316536,96.2740249633789,14438400
2020-04-08,97.65705067813418,100.14137952349203,95.4971396690974,98.26319122314453,12564500
2020-04-09,98.39978878358711,101.30243866914698,97.4948409727735,97.88755798339844,12747300
2020-04-13,96.99115881123758,99.67183989417414,96.60698730136124,98.98886108398438,7926700
2020-04-14,101.38780943811348,103.70139032234752,99.24496998291144,103.2659912109375,10474200
2020-04-15,103.18062863762236,105.36615036584134,102.0964002862801,103.48796844482422,14192900
2020-04-16,104.45267355990924,104.58073290287221,102.3610615071993,103.72701263427734,12020200
2020-04-17,104.53804039778389,106.70649058100472,102.90743813233878,106.45037841796875,15899800
2020-04-20,103.70138755619062,105.20393684239127,102.9074275569709,102.95864868164062,10832000
2020-04-21,102.01955551892154,102.70253422816097,101.10607524050022,102.17322540283203,9465400
2020-04-22,102.43787294581777,102.68545255635071,101.40487240671874,101.9341812133789,10259400
2020-04-23,101.96942296684125,102.84602193678657,101.4537761282378,102.61398315429688,17277000
2020-04-24,102.35614302974538,102.92335906756675,101.9436282356975,102.08113098144531,12751100
2020-04-27,102.43352549362444,102.43352549362444,100.4654672474942,100.93814086914062,10635700
2020-04-28,100.63733948727827,101.33346901889435,99.83808451157533,100.45686340332031,9958000
2020-04-29,100.99830055351089,101.4537953466471,98.90133547172107,100.62016296386719,8707900
2020-04-30,99.62321199562048,101.65142839338291,99.39976920506363,101.299072265625,10026400
2020-05-01,101.0670472473644,101.72879945140552,99.96699878833118,100.3967056274414,7366400
2020-05-04,100.6287495814591,100.72328561544215,98.83257804939369,99.49432373046875,5636000
2020-05-05,99.52009309164801,100.77483610521682,99.01303568058373,99.70056915283203,5425200
2020-05-06,99.29665558261303,99.81230246994907,97.01920806033908,97.1996841430664,7892200
2020-05-07,98.02470455067971,98.093459206304,96.09962009083335,96.4004135131836,8762800
2020-05-08,97.5606342809949,99.94980972635666,97.44891286738245,99.64900970458984,9279900
2020-05-11,99.47712786074182,99.70057724087023,98.76381297285864,99.09898376464844,6947500
2020-05-12,99.00443722521496,99.60603063754061,98.09346097062507,98.4458236694336,6734400
2020-05-13,98.21377017167204,99.13334232107482,97.74109669788439,97.90438079833984,9312600
2020-05-14,97.57781382997774,98.3598767395274,95.6097560423787,97.80985260009766,9310000
2020-05-15,97.91299683560169,98.65209309483467,96.29730154347686,98.49739837646484,10694800
2020-05-18,99.71777992760866,100.54281637028103,98.58335399933331,99.87247467041016,10020800
2020-05-19,98.90993344407877,99.38261366802884,96.54654543794268,96.63249206542969,8047600
2020-05-20,97.11374297237658,97.77548860144157,96.36605073240464,97.35437774658203,6593800
2020-05-21,96.94186566723353,97.28562589357774,95.76446656590588,95.9277572631836,6552700
2020-05-22,96.50358806041753,97.62941817640252,96.04809974041773,96.77000427246094,5571900
2020-05-26,98.10206480279763,98.10206480279763,95.97931213895757,96.28010559082031,10432400
2020-05-27,96.68405453854857,97.94739390027473,96.09965287995439,97.8786392211914,8279700
2020-05-28,99.28806494405755,100.54280817481194,98.74663666678876,99.7435531616211,6586700
2020-05-29,99.80370606240947,100.31076353179084,98.5059961555777,99.62322998046875,7868000
2020-06-01,99.69197599821761,100.98109637750491,99.05601178034138,100.76624298095703,5105600
2020-06-02,100.61154659653164,101.53111885616018,100.39669320356417,101.46236419677734,6327900
2020-06-03,101.49674674366786,102.43351099469685,101.36783338989986,101.86629486083984,6171000
2020-06-04,101.41081655491132,102.12413149922766,99.3224410025676,99.7349624633789,6895800
2020-06-05,99.90683787617466,102.12412669041478,99.73495776706703,101.69441986083984,7337800
2020-06-08,100.92953781957242,102.37335296614252,100.41388440116442,102.31319427490234,6926700
2020-06-09,102.61397811243067,102.92336751175218,101.53971118612132,101.70299530029297,5563200
2020-06-10,102.2702122479198,103.03508978136404,101.50533471447555,102.46788024902344,6678200
2020-06-11,102.10692893363255,102.76008511331534,99.69197878705492,99.9154281616211,8937500
2020-06-12,100.19902790117466,101.45377751995596,99.05601280291243,99.36540222167969,7998500
2020-06-15,98.4458360900882,100.79203167943723,97.76689852073795,100.28498077392578,8786000
2020-06-16,101.86627339922046,102.24441740878947,100.49121321461155,101.52250671386719,8165200
2020-06-17,101.74596878604959,102.36474758582365,100.92952854328409,101.35063934326172,6320800
2020-06-18,100.94673911171891,103.0952735042469,100.86939502085508,102.51087188720703,6274400
2020-06-19,103.55074085602364,104.69376249588868,102.12411771673176,102.20146179199219,17506200
2020-06-22,102.08114064914508,102.33896733744608,100.8435830361884,101.1959457397461,5695600
2020-06-23,101.98662403592257,102.43352283975541,101.11002493118323,101.17877960205078,5340400
2020-06-24,100.74045858077977,101.3764227794542,99.93260773597366,100.05292510986328,6547800
2020-06-25,100.54278779730771,101.43657866206722,99.71775158910008,101.3162612915039,5489300
2020-06-26,101.05843763574258,101.81472576686313,98.86693698613085,99.03022766113281,23201700
2020-06-29,100.130287178235,101.45378499901605,99.99277784562123,101.11861419677734,6866900
2020-06-30,101.38502558189616,103.12103820555875,101.23892684044449,102.76008605957031,7818000
2020-07-01,102.82884918443068,103.46481347828738,102.1842889177796,103.11245727539062,6501200
2020-07-02,103.98905729701931,105.3383365385183,103.58513181049562,103.88592529296875,6150900
2020-07-06,104.65080445525699,105.20083526125416,103.88592677882569,104.53048706054688,6023300
2020-07-07,104.24687764222963,105.92273162534441,103.89451490091507,105.03753662109375,6866300
2020-07-08,104.97737044045533,105.91412809835222,104.84845709168646,105.61333465576172,6494100
2020-07-09,105.55317617015,106.55009907528668,104.68516661403,105.26097869873047,5341000
2020-07-10,105.33832214046055,106.99699061059174,105.25238209390145,106.47274780273438,6752600
2020-07-13,106.5672943332389,107.93375891169667,106.00007816774676,106.61026763916016,7681500
2020-07-14,106.5586974971429,107.99392328752715,106.13758664111215,107.5040512084961,6272100
2020-07-15,108.2689290412797,109.05958798569515,106.79073658888228,106.99699401855469,8145000
2020-07-16,107.49546346723615,107.873601023584,106.48995104650186,107.22045135498047,3959300
2020-07-17,107.50404027524245,108.34626845845447,107.2805974680436,107.96812438964844,4868600
2020-07-20,107.83063311495224,108.14861197322601,107.24623156309056,107.63296508789062,4242100
2020-07-21,107.84780667769854,108.83613359102502,107.35794120682264,107.48685455322266,5162300
2020-07-22,107.85640891522638,108.62988248175644,106.74776456266754,108.40643310546875,5929200
2020-07-23,109.07320908427731,109.98993389255085,108.62349029661746,109.10780334472656,6664800
2020-07-24,109.82563353068292,110.50020524129383,108.38135752481784,108.93485260009766,6014200
2020-07-27,108.71862672954387,109.52292516859505,108.57160606604158,109.24617767333984,6464600
2020-07-28,109.28943798687558,111.09695048201252,109.22024945349064,110.5953369140625,7644400
2020-07-29,110.31859642508888,111.7715293262492,110.14563167876044,110.96722412109375,6702000
2020-07-30,112.99960424882742,114.18442670195817,112.12611044349875,113.65687561035156,10400700
2020-07-31,112.99958995673003,113.47525288020817,111.7974672208654,113.39740753173828,8487000
2020-08-03,112.83529692560855,114.08930807503262,112.83529692560855,113.5444564819336,7769400
2020-08-04,113.09472221085434,115.82759671561026,113.03417729515067,115.7065200805664,7773700
2020-08-05,115.53355936897849,116.45028438001158,115.12708496652209,115.40383911132812,5680000
2020-08-06,114.8935604353674,115.34326601627257,114.26222014539542,114.7724838256836,3974100
2020-08-07,114.92815933020852,115.57678691613332,114.54762903504803,115.49895477294922,4934900
2020-08-10,115.62868958925908,116.26867363874668,115.18762752591448,115.9746322631836,5812700
2020-08-11,116.12165917858876,116.52813359452205,114.84169101096869,115.22222137451172,5329900
2020-08-12,115.68922626050588,117.59186464421421,115.62868134824782,117.15080261230469,5920400
2020-08-13,116.82220603920251,117.50542159436381,116.69247254640142,117.4275894165039,4989500
2020-08-14,117.28053197586726,117.30647602703405,116.36380697767044,116.83946990966797,5845200
2020-08-17,116.7010953557949,117.35836666013368,116.4589420754404,117.1854019165039,5603800
2020-08-18,117.45349286959026,118.93236971948858,117.11620701910304,118.05887603759766,8670700
2020-08-19,117.2199851812832,117.89457008990576,117.18539751240276,117.41890716552734,6827700
2020-08-20,116.96054030573039,118.46534797855676,116.91729582397218,118.3529281616211,4352200
2020-08-21,118.1367374264071,119.43399290387262,117.53999779535452,118.86319732666016,5706600
2020-08-24,118.90641206915873,120.02204569428783,118.65560201629441,119.78853607177734,7420500
2020-08-25,120.2123407132063,120.34206098219249,119.17453897222143,120.26422882080078,4718300
2020-08-26,119.84044616865786,120.48907379278864,119.56369204810791,119.68476867675781,4746200
2020-08-27,120.0739367147265,120.80905326451578,119.50314126639803,119.52909851074219,6156100
2020-08-28,119.62426134922009,120.13451201710414,118.43942567405404,120.01343536376953,4166300
2020-08-31,119.51181215698057,119.9788182720264,119.19182672993739,119.63288879394531,5596800
2020-09-01,119.22641761867098,119.53775943589659,118.54320226228467,119.50315856933594,5671800
2020-09-02,119.44261586767833,122.32252411318969,119.01019744996844,121.51821899414062,8384800
2020-09-03,121.71713911003935,122.5473750694082,118.56047679111602,119.57233428955078,7277900
2020-09-04,119.18317090527941,120.37665004839043,117.7215944349742,119.31290435791016,7437700
2020-09-08,119.79721406871342,119.90099027646342,116.7875720803215,117.56593322753906,6847500
2020-09-09,117.9810393409192,120.69662647251987,117.85131909433112,119.47720336914062,6002900
2020-09-10,119.45128013078711,119.97018760026985,118.05889205725242,118.22321319580078,5242500
2020-09-11,119.07940053967688,119.9182934283108,118.62103801657148,119.46857452392578,4398000
2020-09-14,119.72801287523141,120.71392633373017,119.63288029606211,119.892333984375,4767400
2020-09-15,120.03069784796081,120.87824744287376,119.68476839445213,119.892333984375,4046500
2020-09-16,120.7053049865507,121.224199262551,119.00157506113436,119.08805084228516,6049900
2020-09-17,118.53453466640114,119.24370720638865,117.7821308416909,118.93236541748047,4648500
2020-09-18,118.40480241968267,119.28692640188727,117.84265061526754,118.80261993408203,10192800
2020-09-21,118.48266948321583,118.88914393058282,116.49354173583038,118.23187255859375,7092600
2020-09-22,118.04159306103897,120.23827297746315,117.82538383635155,119.31290435791016,4722800
2020-09-23,119.71070083791727,119.71070083791727,117.69562963549788,117.88589477539062,6373700
2020-09-24,118.19726579651704,118.61238384253468,117.36702970448177,118.4134750366211,5708200
2020-09-25,117.5227031301968,119.33886616635522,117.5227031301968,119.01886749267578,4969900
2020-09-28,119.8317954284019,121.02527454013077,119.1572237208239,119.35613250732422,5810800
2020-09-29,119.68478185263446,119.7107259047468,118.18861766324441,118.70751190185547,4492100
2020-09-30,119.48588092402095,120.94745753897983,119.18318270095469,120.20369720458984,8727800
2020-10-01,120.71392508009231,121.06851134389206,119.52910285794881,120.41988372802734,5713400
2020-10-02,119.28694993106255,120.31610797632935,118.43941344522808,119.4512710571289,6077900
2020-10-05,119.97016722533479,120.7744591504358,119.60693733693148,120.54960632324219,6333900
2020-10-06,120.57553943892738,121.74307434292294,120.04798848772103,120.73986053466797,6042900
2020-10-07,121.14635387072822,122.2792880920926,120.5323138686979,121.68254852294922,4640900
2020-10-08,121.56150398121724,122.74632661770606,121.38853919577151,122.5041732788086,4569800
2020-10-09,122.66843752489977,124.22514626432462,122.54736091163124,123.60246276855469,6551700
2020-10-12,123.95705988947573,125.68673348615349,123.95705988947573,124.96027374267578,5791500
2020-10-13,124.38086138190286,125.26298560426216,124.0695195397863,124.71814727783203,4509400
2020-10-14,124.69217496292273,125.48783650493198,123.74086231320793,124.57109832763672,3860700
2020-10-15,123.7235677258931,124.87380241363424,123.57654703298299,124.38949584960938,4997100
2020-10-16,124.89973860593537,126.15374942238057,124.4673201729292,124.87379455566406,6806100
2020-10-19,124.9429919583916,125.73864034804356,122.05443978797517,122.72901153564453,6427600
2020-10-20,125.92893697426811,125.99812552930199,122.72038536595585,123.22199249267578,7582100
2020-10-21,123.23061475340508,124.83055510216704,123.21331432040613,123.88788604736328,5649700
2020-10-22,123.04520710893989,124.14094729574231,122.68865199153896,123.01041412353516,4502900
2020-10-23,123.2800362216805,124.25404105428079,123.2800362216805,123.81922149658203,4278100
2020-10-26,123.0539147648165,123.53221885422565,121.75814791707855,122.87998962402344,5315500
2020-10-27,123.43656442280756,124.65405374098809,123.18436167641694,123.80181121826172,6806700
2020-10-28,122.14077946263053,122.56690729585566,119.41011387845698,119.71449279785156,8192200
2020-10-29,119.4449316997584,120.95809519060333,118.09698848589282,119.6362533569336,5476900
2020-10-30,119.29703745012074,120.00145598467176,117.12294057339773,119.22747802734375,6422000
2020-11-02,120.45369893756934,121.74946588729694,119.5231920627857,120.44500732421875,6682800
2020-11-03,121.15807832279368,124.06266859432787,121.15807832279368,122.81038665771484,6244200
2020-11-04,122.14949400087316,124.35837111775079,121.98426047554675,122.30602264404297,5820600
2020-11-05,123.87139772036352,124.81930117143324,123.2974327194876,123.81922149658203,5673100
2020-11-06,124.07136925056112,125.28887156420386,123.81917983060079,124.55836486816406,4702300
2020-11-09,127.09770748833022,127.76733309129344,119.66230623672827,120.00146484375,12664700
2020-11-10,120.09713784446578,122.28861832647704,119.27097027068424,121.97554779052734,7854000
2020-11-11,123.35825423113518,124.35833342283608,122.31467718111094,123.54957580566406,5554300
2020-11-12,123.740889516871,123.96700408008424,122.67994247035753,123.619140625,5631700
2020-11-13,123.67135852004358,125.64542934412574,123.38437607975195,125.47150421142578,6466800
2020-11-16,125.90633552078569,125.90633552078569,122.84520247271413,123.86267852783203,7976600
2020-11-17,123.39309865790025,124.76713010943057,123.27134970749329,123.38440704345703,6396800
2020-11-18,123.48003648957408,123.57569730269194,121.45377618963164,121.48855590820312,6097100
2020-11-19,121.6364181313918,121.85382790900259,120.40153218691937,121.34074401855469,5284100
2020-11-20,121.34070688324118,122.05381710499016,120.55803723122783,121.14069366455078,4726900
2020-11-23,121.15809044342082,121.70595389327136,119.88841188910473,120.67108154296875,4770600
2020-11-24,120.7319782421393,121.61030881345476,120.07105741052308,120.2797622680664,7101800
2020-11-25,120.14930644732969,121.21895851507588,120.04494076219746,120.60150909423828,8411300
2020-11-27,120.52326054872,120.78415489122554,119.60144537221962,120.54065704345703,4252200
2020-11-30,120.0101573632038,121.05372129504372,118.91441722521718,120.76673889160156,11640400
2020-12-01,121.01894424858203,121.34939798467411,120.14930540793911,121.2015609741211,7169700
2020-12-02,121.20154966937304,121.69725013172948,119.56663782480857,120.3232192993164,6963000
2020-12-03,120.08842450502405,120.31453909650702,117.87084280403465,119.43619537353516,8742500
2020-12-04,119.32318450399733,119.88844460050338,118.1578580470025,119.54928588867188,6617200
2020-12-07,118.80138858360083,119.78408493514598,118.75790397811289,119.73189544677734,6918000
2020-12-08,119.15792291852624,120.68848256852866,118.64482589498218,120.05364990234375,6493500
2020-12-09,119.8623347177425,120.04495146113696,118.48830362282413,118.62744903564453,6773400
2020-12-10,118.72310850704652,119.07095876553096,117.43603335745323,117.84476470947266,6800500
2020-12-11,116.93167466355119,118.96662689346141,116.70556001380179,118.71442413330078,6548000
2020-12-14,119.15792544156427,119.94928675330321,118.07087681977488,118.14044952392578,6485300
2020-12-15,118.61005739957547,119.61013689720413,118.47961686323693,118.8361587524414,5397000
2020-12-16,118.88834003178786,120.24497459463322,118.88834003178786,119.37533569335938,5382500
2020-12-17,120.01884386534627,120.98414344687494,119.96666766142062,120.2275619506836,7405300
2020-12-18,120.23626404935739,121.81032153301223,119.53185869564824,120.91458129882812,19988800
2020-12-21,119.97537084401895,120.38408885886416,118.46219460341499,119.59272766113281,6732400
2020-12-22,119.39270788972229,120.07103837812856,118.60134664757973,118.74918365478516,5023100
2020-12-23,119.47968229366417,119.618827695801,118.38394210851746,118.56655883789062,6004200
2020-12-24,118.4447852043674,120.12319475190782,118.4447852043674,119.76663970947266,2588200
2020-12-28,120.14060156628115,121.21895851507588,119.9666764505751,120.60150909423828,3714700
2020-12-29,121.0711180706453,121.6972590851434,120.18408275516711,120.37540435791016,5139300
2020-12-30,120.53194432143214,120.81022184030083,119.61882091740225,119.81014251708984,3261400
2020-12-31,120.27974693097018,121.1319892864217,119.4796807832514,121.00154876708984,4076400
2021-01-04,121.45379325536301,121.62771841193309,118.57529011476578,119.8536605834961,8330900
2021-01-05,120.00144519908619,120.81020279511255,118.50566562076888,120.61888122558594,6856400
2021-01-06,120.67979799946207,122.65386881589775,120.53196097375788,121.88859558105469,10578000
2021-01-07,121.53205182130701,121.86251889186384,120.04496327343945,120.74938201904297,7355400
2021-01-08,120.41892697865698,120.93201086183603,119.14055644284507,120.69720458984375,7448500
2021-01-11,120.66239226420937,121.26244520293531,119.66231287942348,119.87972259521484,7239900
2021-01-12,119.87972713751975,120.22757738811178,118.47960798398667,119.18401336669922,6333500
2021-01-13,119.2274907947176,120.07104153478778,119.2274907947176,119.36662292480469,6078800
2021-01-14,119.51444887721108,119.70577046671795,117.64473084387105,118.0969467163086,6172800
2021-01-15,117.6186617663741,118.4448160712494,117.10557799772525,117.20993041992188,7757600
2021-01-19,118.00998756377331,118.58395238108483,116.14896098279839,116.18375396728516,9184900
2021-01-20,115.25323392217454,116.35767895985886,114.14878888449024,114.7314453125,12506600
2021-01-21,114.30363241569358,115.47598756406809,114.1811491434366,114.61859130859375,8761600
2021-01-22,114.62736359297459,115.02105892284665,113.72623368361158,113.73497772216797,7202800
2021-01-25,113.69123216055686,116.35963241597138,113.64748526790862,115.6947250366211,9640000
2021-01-26,115.70344726367908,116.7708071646337,114.98603573858588,116.43834686279297,5996700
2021-01-27,115.82595465452394,116.44712850318263,111.72274434700579,112.31767272949219,10826700
2021-01-28,111.8452144123239,115.17852171878732,111.49526600495949,114.0499267578125,8242000
2021-01-29,113.9011896073177,113.98867002786167,112.04643915581481,112.1689224243164,8344100
2021-02-01,112.86007724872808,113.43750410369015,112.16016712298695,112.83383178710938,6534200
2021-02-02,113.38501333891662,114.36487950651845,112.58886540290247,112.67634582519531,6825600
2021-02-03,112.81634521484375,113.03506632357733,111.76648656285799,112.81634521484375,7309400
2021-02-04,113.19254452149103,113.26253687333597,112.49263435271769,112.8863296508789,6613700
2021-02-05,112.96506363836694,113.82245991797785,112.88632725034425,113.35877227783203,5063700
2021-02-08,113.6737192629392,113.82246135286937,112.0814366587011,113.0088119506836,7011200
2021-02-09,113.26254680677282,113.68248760499634,112.18642932116394,112.57138061523438,5917800
2021-02-10,112.64136098115132,113.00006677149894,111.950201538034,112.17767333984375,8594100
2021-02-11,112.45762876060888,113.14879487468178,112.16892867209069,112.27391052246094,6139200
2021-02-12,111.98519412061964,112.09893335529453,110.74285997530507,111.65274047851562,8407300
2021-02-16,111.9589537975761,112.1339280014857,111.1015641788078,111.91520690917969,8246000
2021-02-17,111.2765426731178,113.28877934915006,111.20655032311855,112.38764953613281,8845200
2021-02-18,111.81897399611537,113.60374566338574,111.6264983584749,113.32377624511719,6936400
2021-02-19,113.16630432378444,113.245040717145,111.12781536177019,111.2153091430664,8277900
2021-02-22,110.92658379303637,111.32027906731162,110.56787801772269,110.74285888671875,6975500
2021-02-23,111.79271837629109,113.67371434182998,111.27653982663581,111.56524658203125,10145300
2021-02-24,111.41653305240852,112.19518635152284,111.03158843440482,111.68775177001953,7263000
2021-02-25,111.53900014742845,112.85133330296713,110.4891416328027,110.74285888671875,7790800
2021-02-26,110.70785884273174,111.04906318179899,106.57840392651161,108.07445526123047,17718800
2021-03-01,108.62563969547112,109.78923076091414,108.48565500122491,108.73937225341797,7740200
2021-03-02,108.37193263665554,109.2380663205496,107.98698136610786,108.39817810058594,10206500
2021-03-03,108.28443626789955,108.66063681652898,107.42705331742935,107.75076293945312,7537000
2021-03-04,107.69825625250118,109.15931143503305,106.33343887718638,106.86711883544922,10228100
2021-03-05,107.40080497201909,110.52414184316454,107.21708005899146,110.21793365478516,10490900
2021-03-08,110.02546394742932,112.77259375296795,109.64051267571033,111.38153076171875,9224700
2021-03-09,111.6789949538601,112.79009520452229,110.28792528745625,110.39291381835938,8859700
2021-03-10,110.36665286946199,112.35263724116062,109.7717312941573,111.40776062011719,9070900
2021-03-11,111.22404701757063,111.85396482890008,110.86534789852013,111.03157806396484,6941500
2021-03-12,111.67898980728225,112.70260958061039,111.67898980728225,112.10768127441406,6521900
2021-03-15,112.32640705787783,112.89507657535371,111.27654845271196,112.47513580322266,7172600
2021-03-16,112.43138707339722,113.71746818232177,112.43138707339722,112.8075942993164,6485200
2021-03-17,112.95631053704896,113.59497232700183,112.29140328652782,112.3526382446289,6192900
2021-03-18,112.16892569621027,112.89506794157406,111.14530595839207,112.59761047363281,6871300
2021-03-19,112.94758405447296,113.50750954974495,111.89771874470915,111.99394989013672,20262100
2021-03-22,111.99395832077776,114.51362991401508,111.99395832077776,113.8924560546875,8077600
2021-03-23,114.09366764164724,116.61332541135401,113.7262178283499,116.0096664428711,9503800
2021-03-24,114.55736953320128,116.48211261150139,114.27740010743116,115.97467803955078,8318000
2021-03-25,116.43836713494768,116.9020548210467,115.5284931894922,116.77957153320312,7517300
2021-03-26,116.552086413329,118.64305933659615,115.90466723155983,118.5030746459961,10821200
2021-03-29,118.10941234421217,120.38411747737955,118.10941234421217,120.35787200927734,11176000
2021-03-30,119.5179436283343,119.85914796812517,118.23186265150524,118.5030746459961,8090600
2021-03-31,118.70431681755859,119.64044959517956,118.33686694727143,118.485595703125,9202600
2021-04-01,118.15314933214923,118.5293432431841,116.6483469886548,117.47948455810547,9117800
2021-04-05,118.07436850208926,120.07784729345757,117.8731355396694,119.37793731689453,8279100
2021-04-06,118.98427260402359,119.876658386463,118.66931370137884,119.42171478271484,6180600
2021-04-07,119.9641456052487,120.14787720456003,119.20300044312307,119.63169860839844,10244500
2021-04-08,119.77166523746786,120.41034044106414,119.5004532179816,120.08662414550781,6190300
2021-04-09,119.43043613363922,120.09535666273553,118.59929882194217,119.30795288085938,5855400
2021-04-12,119.42168904499837,119.89412062230929,118.73053642548051,119.78913879394531,6440900
2021-04-13,119.00176005828983,119.32546296062242,117.96938969594714,118.20561218261719,9161200
2021-04-14,118.56434601998977,118.80055521294574,117.74195248981798,118.63433837890625,7584000
2021-04-15,118.9580079921328,120.52404486589896,118.87051423060842,120.0691146850586,7945300
2021-04-16,120.39283211998054,120.64654269957836,119.75417030264092,120.07787322998047,7708500
2021-04-19,119.80666540370585,119.92914867910605,118.45059198698361,119.51795196533203,9149400
2021-04-20,117.96941061709549,121.25022715394522,116.82331417617092,120.51532745361328,10040500
2021-04-21,120.63780200814831,121.2327303056157,119.5092070749902,119.7279281616211,8465900
2021-04-22,119.1908317668901,119.56063255659853,118.03740261528071,118.5392837524414,7338300
2021-04-23,118.80340823033194,118.93548856739281,117.32420518787427,117.9317398071289,6708300
2021-04-26,117.5355285981334,117.77324902761707,115.49280422939738,115.5720443725586,9910600
2021-04-27,115.55444236911346,116.12675019529296,114.7179738668848,115.50160217285156,8296800
2021-04-28,115.96827316554132,116.09154009010408,115.23747160024526,115.6953125,6262800
2021-04-29,115.61607003168139,117.09528653178366,115.61607003168139,116.67264556884766,6786800
2021-04-30,116.88397095752163,117.69401268452711,116.4525299945686,117.47389221191406,9188600
2021-05-03,118.01097521473034,119.46376481851978,118.01097521473034,118.86504364013672,8070300
2021-05-04,118.84742848122144,119.59584337819692,118.16946717487785,118.46001434326172,9624000
2021-05-05,118.31035310467408,118.83864763880712,117.42987117117775,117.50912475585938,8295900
2021-05-06,117.99337815005556,119.19083410766574,117.91413800108064,118.98832702636719,9771100
2021-05-07,118.93548172046134,119.77193673334673,118.65372109902135,118.99710845947266,6299100
2021-05-10,119.64867060349003,121.87628847037467,119.47257693148023,121.21592712402344,8852700
2021-05-11,121.93795626826152,122.20209011856916,120.15937887735224,120.61723327636719,10973700
2021-05-12,120.17699140295286,120.62603238029128,119.29650941477556,119.34052276611328,8853700
2021-05-13,119.64865797384759,121.97312913023848,119.20841712275019,121.25994110107422,8753600
2021-05-14,121.21593632738086,122.47503237626586,121.21593632738086,121.51529693603516,5989500
2021-05-17,121.48008880315292,122.44862426707112,121.16311478178766,121.26876831054688,7690700
2021-05-18,120.15056490111687,121.35682079400276,119.87760422910668,120.02729797363281,9239100
2021-05-19,119.79838167213802,120.47635659038487,119.38455404730718,120.27384948730469,9806800
2021-05-20,120.4410810008564,122.13161761992598,120.37945427057211,121.5064697265625,8768200
2021-05-21,121.68256337248275,122.33412464098005,121.31276268552503,121.5064697265625,10161000
2021-05-24,121.50648105862986,122.21086914308825,121.26874722516955,121.47126770019531,6981300
2021-05-25,121.55051972829574,121.92912046763057,120.4058906584196,121.88509368896484,8142400
2021-05-26,122.20205034358384,122.26369051198533,121.39200878442273,121.61212921142578,8122900
2021-05-27,121.61214743766632,121.75302775648261,118.5656877950127,118.8474349975586,33095700
2021-05-28,118.99708967967494,119.85997137034283,118.548048874593,118.73295593261719,10477100
2021-06-01,119.56063581891337,119.7455429363568,116.64624276912055,116.99844360351562,9993900
2021-06-02,117.1040971550123,117.65880507234318,116.68146958875873,117.50912475585938,8254100
2021-06-03,117.30659277918753,119.66629111670423,117.28017939856979,119.61346435546875,11249800
2021-06-04,119.48139471617102,120.29143647618547,119.21724745125397,119.7015151977539,6894400
2021-06-07,120.06252204729665,120.48514963135588,119.46378732104814,120.11534881591797,8418000
2021-06-08,120.34426568177759,120.4059058667126,118.64494197835117,118.72418212890625,6911500
2021-06-09,119.34932775527687,120.13295613200653,118.63613954483716,118.6801528930664,6200700
2021-06-10,118.88265423912333,120.05369662406957,118.53045346446704,119.56061553955078,6515500
2021-06-11,119.52541913300072,119.63107266284051,117.89652222750301,118.74179077148438,10641400
2021-06-14,118.84746965603244,118.89149644788752,117.94938759062369,118.78584289550781,6302000
2021-06-15,119.04115250705634,119.4285667002014,118.46884463496612,118.556884765625,5543400
2021-06-16,119.02352854191327,119.37572933854969,116.79591056414874,116.9103775024414,8936400
2021-06-17,116.9456068808571,118.12544934668544,116.79591314205345,117.97576904296875,7875600
2021-06-18,117.40344430963731,117.41225772641684,116.1707751182926,116.25001525878906,13997600
2021-06-21,116.83113069965847,117.33299833300478,116.57578345727111,117.16571807861328,8014800
2021-06-22,117.13931477439961,118.00219677382185,116.99844787059207,117.20975494384766,6550900
2021-06-23,117.0600633506101,117.42106414611362,116.50536890163526,117.04244995117188,5796000
2021-06-24,117.06006392077212,117.37703793676761,116.8399434495277,117.1217041015625,6056700
2021-06-25,117.33301351632623,119.34051117966078,117.06006627610522,118.79461669921875,24504900
2021-06-28,118.7770134441594,119.8864293347654,118.65374650465748,119.1468276977539,6065400
2021-06-29,119.31408153197924,119.59584215127246,117.8260786047515,118.33674621582031,5792300
2021-06-30,118.4952527947582,119.12038740470727,118.23990552640034,118.80341339111328,5776600
2021-07-01,119.24364286518458,119.86879085011394,118.79460198705401,119.07636260986328,5922300
2021-07-02,119.39332929983884,120.30902439786183,119.23483560041872,119.65746307373047,5572000
2021-07-06,119.32292160416156,120.0096964732522,119.18204126304327,119.72793579101562,6534400
2021-07-07,119.77196138200051,121.14551110647749,119.77196138200051,120.62602996826172,5532700
2021-07-08,120.61724237414583,120.97822980849075,119.6487067330008,120.60842895507812,7585200
2021-07-09,120.83733477456944,121.19832212492463,120.48513397105755,120.65242767333984,5948700
2021-07-12,120.53795473592581,121.03983581780356,120.12412720931701,120.74927520751953,6807300
2021-07-13,120.08892825038446,121.12790389979892,120.08892825038446,120.599609375,5603800
2021-07-14,120.63481548830192,121.70900443842032,120.07130763209942,121.48888397216797,5903600
2021-07-15,121.51529275196269,122.61589504154854,121.24234553375925,122.5278549194336,7357100
2021-07-16,122.65113894613063,123.9542484769368,122.48384522516521,123.71651458740234,9346300
2021-07-19,123.5492079374313,124.9139439275849,122.21967187141831,123.65486145019531,9544100
2021-07-20,123.65486819691354,125.01080428001303,122.9504800581885,122.9945068359375,8136300
2021-07-21,123.22343359947996,123.44355406444335,122.37817853766931,122.56307220458984,6954700
2021-07-22,121.64161200010322,122.56307985708328,121.12773258398462,122.09349060058594,6013800
2021-07-23,121.80993356058788,124.0249818829997,121.4555312368348,123.85663604736328,7906000
2021-07-26,123.70605631947885,124.76929069033291,123.35165387558524,124.29083251953125,5925800
2021-07-27,124.1756206006169,125.47807027463757,124.04272309085312,124.79584503173828,7075400
2021-07-28,124.6363617734893,124.6363617734893,122.89977111984703,122.94406127929688,8520000
2021-07-29,123.83008512020561,124.2022117018812,122.91748608237579,123.58200073242188,5430500
2021-07-30,125.8147435116887,128.06522663715498,125.4160375213779,126.01852416992188,14394300
2021-08-02,125.61098000863862,126.19574256515287,124.75154006880528,125.70844268798828,7009500
2021-08-03,125.69073337925639,127.7728847209014,125.38948997821402,127.54251098632812,8455700
2021-08-04,126.73624278240504,127.66656610410465,126.12490059002955,126.19577026367188,6628000
2021-08-05,127.01089630963345,127.18809749954544,125.3451753813757,126.25777435302734,5363300
2021-08-06,126.72737770812343,126.80711622452942,125.12368445344731,125.29203033447266,6030100
2021-08-09,125.77044723506118,126.33749909273469,125.54894239191398,125.97422790527344,4743800
2021-08-10,125.73504089670261,126.26664452895228,125.51353600336881,126.05400848388672,5253500
2021-08-11,126.47045203667538,126.91346186983225,126.23122294128625,126.36412048339844,4205000
2021-08-12,126.83366478947242,126.83366478947242,126.12486012377023,126.65646362304688,4956100
2021-08-13,126.65648192028235,127.57794975014546,126.42612172260874,127.26783752441406,4888800
2021-08-16,127.29442956735737,128.19817331117298,127.03748984154745,128.15386962890625,6040800
2021-08-17,127.94120178898972,129.00443593316217,127.48933674142505,128.3665008544922,7577000
2021-08-18,128.2069896014162,128.36648010509523,126.86023648418418,126.96656799316406,7162000
2021-08-19,126.84257173481316,128.72092899836835,126.84257173481316,128.4639892578125,5787200
2021-08-20,128.6943328935919,129.34112334571452,128.27790264534707,128.5525665283203,5273800
2021-08-23,127.84373909822294,128.774062214498,127.79058009493586,127.89691162109375,4522200
2021-08-24,127.59565778516996,127.71969996899816,126.6830588213802,126.86026000976562,4560400
2021-08-25,126.76280975315767,126.81596875725583,126.03626731159213,126.40839385986328,3861500
2021-08-26,126.31094710562401,126.44385815221206,125.34518902384487,126.18690490722656,4749400
2021-08-27,126.24003053848328,126.49698371552694,125.49577754488897,126.08940887451172,4741200
2021-08-30,126.34638127176535,126.69192832275571,125.85906786150096,126.63875579833984,3845800
2021-08-31,126.73623140051309,127.17038585020562,125.85908069220024,126.16032409667969,9642400
2021-09-01,126.10715330367056,127.7551500654,126.01854594847416,127.44503784179688,6214200
2021-09-02,127.56023516273808,128.23360515087725,127.21468808046352,127.54251098632812,5392500
2021-09-03,127.37416553416165,127.91463799999195,127.16152949487459,127.63111877441406,5466400
2021-09-07,127.87032837851706,128.02980538371267,126.95771594364761,127.15264129638672,6520600
2021-09-08,126.77171534890773,128.41971272734435,126.70968747314159,128.11846923828125,6897800
2021-09-09,128.09181180309,128.36647561247722,127.27666218096002,127.57791900634766,6354700
2021-09-10,127.63995274335117,127.99436861549668,126.98430703915247,127.70198059082031,5750000
2021-09-13,128.3399330773157,130.4486503448427,128.3399330773157,129.0753173828125,9952500
2021-09-14,129.47402998911096,129.67781068253282,128.42851998019484,128.8538055419922,5831800
2021-09-15,128.78294156086093,129.15506813379298,128.24246911740573,128.5791473388672,6237100
2021-09-16,128.33110156637545,128.6412138969111,126.54135134661055,127.68431091308594,6142100
2021-09-17,127.91465629093813,129.60695711670763,127.79061407708834,127.88807678222656,18737400
2021-09-20,127.78175554010953,128.3399522482168,125.78821131925444,126.60334777832031,10238700
2021-09-21,126.68305380991443,128.05638662484574,126.59445997901845,126.7982406616211,6651300
2021-09-22,127.42733963040567,127.89692891571917,126.57675490404247,127.23241424560547,6332500
2021-09-23,127.63997060618787,128.19816723319556,127.1349465071307,127.75515747070312,5171200
2021-09-24,127.40959231318641,127.98549951485263,126.78051259111655,127.1880874633789,5009400
2021-09-27,126.8336873326622,126.85141150832973,125.38948472600075,125.5135269165039,5749700
2021-09-28,124.97303506461918,125.25655423334028,123.65286133392215,124.56546020507812,7015300
2021-09-29,124.28194740457103,126.41724392459749,124.2021953821599,125.83248138427734,5460000
2021-09-30,126.38183190440034,126.47043926992198,123.62631047954146,123.86553955078125,6934900
2021-10-01,123.98072254356516,124.24653114121433,122.5542438926746,123.67062377929688,5587200
2021-10-04,123.50227452949393,124.39714948037077,121.91630535524955,122.97065734863281,5816000
2021-10-05,122.97949983302372,124.50345433722777,122.90861665613242,123.44908905029297,6902700
2021-10-06,123.14787406781448,125.15912890731973,122.8200376091938,125.09711456298828,5332900
2021-10-07,125.59328232971849,126.72738637253985,125.59328232971849,126.09832000732422,5334600
2021-10-08,126.07171504646698,126.36410311852119,124.96419061577012,125.57554626464844,6131800
2021-10-11,126.14261017307635,126.49702613619966,125.61100650777131,126.09832000732422,5995600
2021-10-12,126.34640117793627,126.73623844798342,125.54897542107167,125.91224670410156,6734800
2021-10-13,126.16917201018707,126.48813957253287,124.95532961550833,126.20462036132812,5689800
2021-10-14,126.55017384275347,127.86147899017018,126.5324496662844,127.63111877441406,6777800
2021-10-15,128.04756122861326,128.35765998860975,127.30329446153094,127.95895385742188,6923700
2021-10-18,127.18808672995583,127.32098423124073,125.90336131239728,126.11599731445312,9119000
2021-10-19,123.22757496292681,124.76925352578186,122.97949062217991,124.62748718261719,9555300
2021-10-20,124.17565305626495,125.77936003754908,123.90985796726683,125.1148452758789,7352700
2021-10-21,125.57840616223508,125.84586253679358,124.08065862674526,124.21439361572266,6545500
2021-10-22,124.26789405125373,125.71213956719966,124.205495266482,125.55167388916016,5265000
2021-10-25,125.1772286185406,125.6318949336988,123.96477150805572,125.56949615478516,5382100
2021-10-26,126.25596156186651,127.64671850710887,125.91719615430586,127.35253143310547,6234900
2021-10-27,127.61106276848767,128.092473397418,126.31837272821072,126.44318389892578,9643500
2021-10-28,126.49661646676282,127.3792180997705,126.33615086261123,127.2009048461914,4538500
2021-10-29,126.73737631802307,127.91416533619721,126.61256515543799,127.47733306884766,6239500
2021-11-01,127.80717299230817,128.19944048607508,127.03156183179303,127.165283203125,5038900
2021-11-02,127.23663594372749,128.89484935803682,126.84436835703525,128.43125915527344,9954300
2021-11-03,128.49362288673348,129.3673007968078,127.94980004810304,129.31381225585938,7620100
2021-11-04,127.34359027852938,129.6169489466709,126.8978342103995,129.55455017089844,6402500
2021-11-05,129.66152727189245,130.4906270289696,129.09096004883202,130.19642639160156,6062700
2021-11-08,129.71505071402606,130.24996358101063,128.39561620643659,129.22471618652344,5854400
2021-11-09,129.29602890203384,130.00924146889872,128.8948510842343,129.61697387695312,4873100
2021-11-10,129.9289956159885,131.3286627252087,129.79526062118097,130.89183044433594,7334900
2021-11-11,130.9274966622123,131.0255635591535,130.34801910972195,130.51739501953125,4096300
2021-11-12,130.8204829046173,131.12359373631702,130.14292504153053,130.66000366210938,5687400
2021-11-15,131.07903461729617,131.72092447458107,130.579789973496,131.4088897705078,5510200
2021-11-16,131.39997940246306,132.46979129563763,131.06120042165585,131.2216796875,7603900
2021-11-17,131.0255175458758,131.74764007730496,130.53518323336422,131.14141845703125,4900200
2021-11-18,131.08794863143018,132.01512894248793,130.61544825107453,131.15927124023438,5509300
2021-11-19,131.899230000889,132.14885233378683,130.8650725626569,130.89183044433594,6274300
2021-11-22,131.0255461878518,132.78182627079028,130.9007350267829,131.7655029296875,6625400
2021-11-23,131.79224965817926,133.2810733941207,131.6496044419055,133.2275848388672,7912800
2021-11-24,132.63029346317265,132.7283603638453,131.65853468254426,132.5322265625,5665200
2021-11-26,132.46087725118673,133.4772005609034,131.32865300855806,131.47129821777344,6299800
2021-11-29,131.75657963374752,133.42371666745228,130.8650674501137,132.8531494140625,7113300
2021-11-30,131.7744326430035,132.42523282172718,128.4847500356085,128.8948516845703,11696400
2021-12-01,129.13556183999304,131.8279191862014,129.13556183999304,130.51739501953125,8313500
2021-12-02,131.0612253066832,132.3539290932569,130.9988265161266,131.2841033935547,9468800
2021-12-03,131.96161435229675,133.72680436091045,131.64066947769481,133.6198272705078,11200800
2021-12-06,133.89621372745216,135.85753776229595,133.89621372745216,135.64356994628906,11935100
2021-12-07,135.46528703844578,136.02694412301213,134.8590652229881,135.2869873046875,7913400
2021-12-08,135.215644149848,136.09824606246195,133.97644282388865,135.8931884765625,8329300
2021-12-09,135.78623987210682,137.46228739407007,135.15327374006222,136.68667602539062,8334300
2021-12-10,137.15916244188503,138.89760857496594,136.78471533316258,138.59449768066406,7172300
2021-12-13,138.45186323906813,141.15314442620334,138.1041739853794,140.5647430419922,8944000
2021-12-14,140.76973721398244,141.4205507585105,139.66427105699634,141.08177185058594,8677500
2021-12-15,140.53797966131702,142.3210040232233,140.53797966131702,141.62562561035156,9152600
2021-12-16,141.5097273774243,143.81875430879037,141.23336077259196,143.63153076171875,10852900
2021-12-17,143.23033846490935,144.17533912237644,140.2437674632356,140.37750244140625,24349400
2021-12-20,139.61081513247785,141.26902835876876,139.58407085490836,140.73411560058594,9202600
2021-12-21,140.54689161084949,140.99264770679684,139.7801905816841,140.64495849609375,6946000
2021-12-22,140.6538742860494,142.2675090846189,140.20811821557623,142.0357208251953,6626300
2021-12-23,142.19616645098498,143.4621118803984,142.142677906606,142.7310791015625,5640900
2021-12-27,143.23924022613332,144.4160426682122,143.18575167938326,144.39820861816406,4548600
2021-12-28,144.38930672176514,145.65525228030305,144.3714726706885,145.173828125,5929400
2021-12-29,145.503717450989,147.08168430805907,145.3878165076776,146.3773956298828,5346100
2021-12-30,146.5645750638219,146.73396452927,144.9687744854208,145.11141967773438,5911500
2021-12-31,145.19169768469413,145.96730905377464,144.8350981963211,145.83358764648438,5327000
2022-01-03,144.14860334363001,145.262993543759,142.53496851038656,145.22732543945312,9317300
2022-01-04,144.68349750506945,146.55567841830015,144.5854306266927,145.73548889160156,9253800
2022-01-05,145.70878009728787,147.38482766189654,145.67311198552238,146.39524841308594,9330200
2022-01-06,146.51111076733878,147.27781179868197,144.96879847993088,145.16493225097656,7556000
2022-01-07,145.43237545950055,145.78897486361885,144.38038409157963,145.08468627929688,6098500
2022-01-10,144.87963020365703,145.4234531427934,142.793495100765,143.10552978515625,8055000
2022-01-11,142.8380834934246,142.8380834934246,139.8871803350469,141.44732666015625,11957900
2022-01-12,141.09067391019983,142.07134247987835,140.70733030784803,141.75930786132812,7127500
2022-01-13,142.02677770984846,142.1515888484953,140.6627654077102,141.117431640625,6551000
2022-01-14,140.9213572442287,143.078815400075,140.4666772603639,142.4725799560547,10708000
2022-01-18,141.3314244699524,141.3314244699524,139.1115542498257,139.72669982910156,10988400
2022-01-19,140.5112197797797,146.3773709113974,139.94065259146953,144.42495727539062,14088300
2022-01-20,143.51967614581005,147.29321360878393,143.51967614581005,145.20477294921875,10799100
2022-01-21,146.10110622939942,148.20747734209556,145.29441847555844,145.760498046875,10900400
2022-01-24,146.4865113568122,147.10497831513732,142.26482471607704,144.5773468017578,14838100
2022-01-25,143.81547668224107,144.57735910844858,141.52088474583053,142.99981689453125,9369600
2022-01-26,141.02791497096683,143.02673159155975,140.16744975900085,141.75393676757812,10707100
2022-01-27,142.27380092491913,144.6221839948258,142.13935751571623,142.63233947753906,9083000
2022-01-28,142.16622023769972,144.26361909935926,141.00996609914736,143.8602752685547,9494200
2022-01-31,142.82947980282847,143.9946920595455,142.39923369770844,143.8154296875,8950100
2022-02-01,144.1202082242144,144.57734310006117,141.37745367651488,143.1790771484375,6284100
2022-02-02,143.53760165912553,145.95767839145188,142.937065062067,145.74256896972656,7558800
2022-02-03,145.1868426238745,147.8758199010703,144.8641648035372,147.12290954589844,10474500
2022-02-04,146.2176196705203,147.4366232017156,144.6759383317484,144.7834930419922,8959900
2022-02-07,145.08822259160533,145.43778903358205,143.1163089784843,143.6989288330078,6430500
2022-02-08,144.4160246467766,144.55048173789962,143.09842447948856,143.3762969970703,5048700
2022-02-09,143.73480681495585,143.98577694651908,142.75781496873853,143.05360412597656,8077400
2022-02-10,142.59643173547423,142.96392850183972,140.4093951550509,140.87548828125,7033000
2022-02-11,141.62841218168444,142.13932437121395,139.45034739940175,140.08673095703125,9341400
2022-02-14,139.95228094749316,140.77689887188615,137.46049683250206,140.49008178710938,9472200
2022-02-15,141.41330474660055,142.80261227008805,139.9254008523663,140.56179809570312,6659200
2022-02-16,140.5707753596778,142.31860791571322,140.06883510531338,141.62843322753906,9315700
2022-02-17,141.96006701763048,143.75271839584792,141.03685265199607,143.2507781982422,7925500
2022-02-18,142.96396964617358,144.36223575034222,142.35447464767822,143.32249450683594,8063200
2022-02-22,143.5106831965167,144.20085769394882,140.41836280940328,141.5566864013672,8179500
2022-02-23,141.88835333137243,142.15725376212217,139.46827680831288,139.79095458984375,6273000
2022-02-24,139.5041774635583,139.8089250197396,134.9508397628786,136.02642822265625,13145100
2022-02-25,136.53727676718765,142.46198937743105,136.4655690798162,141.83456420898438,8888800
2022-02-28,140.08671995444135,140.89342118873213,137.87280833756267,139.7281951904297,8669200
2022-03-01,138.31205163519002,139.28904361337504,136.54628846449322,137.4157257080078,8311900
2022-03-02,137.10199366492932,139.0021998911884,136.7793158456735,137.84593200683594,6111300
2022-03-03,137.82798273490238,139.70129983948146,137.82798273490238,138.3568115234375,7451200
2022-03-04,137.24541760603822,139.24423421291192,136.73451895434903,139.05599975585938,8639100
2022-03-07,138.47334545543694,138.50023412901524,135.47064925532277,136.99440002441406,8374500
2022-03-08,136.40281904406112,137.09299356433075,131.38340404468585,131.57162475585938,9517200
2022-03-09,133.40013659898588,134.8701099908407,132.48588068550214,133.3463592529297,7044100
2022-03-10,132.47692869687032,132.9071611627636,129.01711127421203,129.91343688964844,9221000
2022-03-11,130.32576404760928,131.00698039937365,128.20147630756674,128.3717803955078,7086100
2022-03-14,129.47422312437035,130.89937746821397,128.4882732242404,130.01202392578125,7964600
2022-03-15,131.76885646729448,134.932885580004,131.6613017433691,134.69088745117188,9868400
2022-03-16,135.01357749789113,136.05330516908245,132.69208297426817,134.2337646484375,6908900
2022-03-17,134.43988937614267,134.87012185929512,133.10435923190283,134.65499877929688,6003800
2022-03-18,135.2286379925418,135.2286379925418,132.87131098053416,134.58328247070312,15570300
2022-03-21,134.84323766708516,135.7216330051386,133.76764958502156,135.09420776367188,6937500
2022-03-22,137.52325085594094,137.67563826640378,134.91495336339426,136.1339569091797,7292100
2022-03-23,136.42077335643054,137.14679500935972,135.0673264279357,135.18385314941406,5531900
2022-03-24,135.24659654808016,135.84713318012894,134.59228255746675,135.41690063476562,4203100
2022-03-25,135.90987026937825,137.96245010459353,135.80230188512238,136.98545837402344,5047700
2022-03-28,137.71149736461,137.94453715232925,136.8062132171292,137.92662048339844,4234000
2022-03-29,139.26212424500383,140.2480880183985,138.05209271603243,139.34280395507812,5643400
2022-03-30,136.6896428115033,138.41954451302038,136.18770270488366,138.38369750976562,5779300
2022-03-31,138.12379855597024,138.3389079750182,136.6000338945403,136.9585723876953,7538600
2022-04-01,137.60392989074978,139.3428039951393,136.29528830721745,139.0111541748047,5742600
2022-04-04,137.86386894208195,138.3478925325274,135.5782354194917,138.1058807373047,5992000
2022-04-05,137.68460540047815,141.05478545336973,137.62185603017738,138.5898895263672,7653000
2022-04-06,138.41062190452098,140.98307245330454,137.98038937021212,140.57077026367188,8884700
2022-04-07,141.502922014401,142.86534079364995,140.6962344227967,142.39028930664062,6889700
2022-04-08,143.1432162628424,143.88716825953355,142.44408328799437,143.5017547607422,6045400
2022-04-11,143.36733463138373,144.49671409467703,142.1841914756107,142.9550323486328,6158400
2022-04-12,142.79368078604838,143.97683757079702,142.24692142525058,142.5247802734375,7221500
2022-04-13,142.58750766947642,143.77962260600583,142.25587150526724,142.92811584472656,5247700
2022-04-14,143.39421070999003,143.68104155699115,142.02283320527894,142.13040161132812,7806500
2022-04-18,142.04969739511145,142.49786025864196,140.30186496271153,140.77691650390625,6034500
2022-04-19,140.51697117565092,143.43898777108146,140.09569704040703,142.88327026367188,7897000
2022-04-20,143.86027997664513,147.4276525602565,143.41211711067427,146.68370056152344,10196100
2022-04-21,147.65987392410148,148.6333245038274,146.40697819363845,146.56922912597656,9365700
2022-04-22,147.13708383331235,147.38946194208637,145.03692662177622,145.3433837890625,9394600
2022-04-25,145.74899528052092,147.1821453925858,144.03642752122553,146.51515197753906,6986800
2022-04-26,146.6323338277158,147.49764014245835,143.9913719178873,144.0274200439453,7769500
2022-04-27,144.40597291119897,145.52364339800639,143.41447771782987,143.6398162841797,6754900
2022-04-28,144.70343244330317,147.5607380560358,143.55872223320577,147.2903289794922,9306800
2022-04-29,146.4430623164939,146.87570861249637,144.3969838119512,144.71246337890625,10637000
2022-05-02,145.65886222720508,146.01939845034372,140.78253210155466,142.75650024414062,10351600
2022-05-03,142.612300355789,143.3063471244163,139.71894655671048,140.8005828857422,10344000
2022-05-04,140.458056565973,142.00838722061155,139.84512842750877,141.83712768554688,7771000
2022-05-05,140.8816789077764,141.77401085657917,138.0333960377801,139.2231903076172,8217100
2022-05-06,139.50262031957763,140.8276123496874,138.69139313080515,140.6112823486328,7304800
2022-05-09,138.77252119637006,141.29630236293931,137.68187638586448,140.25975036621094,8540800
2022-05-10,140.20566797194192,141.17010994760892,138.75448695888554,139.5206298828125,7447400
2022-05-11,138.8356315695399,140.52116007167723,137.32136262178452,137.5557098388672,7692200
2022-05-12,138.37592778575493,138.45704637881354,135.0949984041464,136.99685668945312,9600800
2022-05-13,137.52867704406688,138.56522926122682,135.58174794133188,138.46607971191406,5675500
2022-05-16,138.33085551577372,140.52114002130702,137.03290302942384,139.81808471679688,5971000
2022-05-17,139.82709871443345,141.28728829760914,137.97031103370998,139.42147827148438,6509100
2022-05-18,139.41250074585497,139.49361935109084,130.28177513649652,130.73245239257812,9670700
2022-05-19,129.26325372289838,129.27226231672014,126.73044974757015,127.72193145751953,9694100
2022-05-20,128.12752004942854,128.39792911505944,125.45049643147762,127.80303192138672,7786900
2022-05-23,128.74945585424135,131.26424226698848,128.06443147930455,130.741455078125,7134500
2022-05-24,130.59720958765436,133.34634265046986,130.53412194546442,133.06692504882812,7207400
2022-05-25,132.59821812905315,132.62525765501542,129.34432888704788,130.88565063476562,8217800
2022-05-26,132.03038024902344,132.84160740948417,130.73242779514686,132.03038024902344,5702600
2022-05-27,132.47205306778955,134.04942321777344,132.16559588236527,134.04942321777344,6028800
2022-05-31,132.7604574016271,134.29277058298067,131.74193648246992,133.29226684570312,12416700
2022-06-01,133.40046683680714,133.50862497634057,130.43501656477957,131.2732696533203,7036000
2022-06-02,131.57068549130526,132.73342646216443,128.56016549377313,132.68836975097656,6479800
2022-06-03,131.92221856245902,132.68837523436247,130.8045342565991,131.4985809326172,4720700
2022-06-06,132.8325828738328,133.0759523933163,130.32681894307837,130.9848175048828,4751100
2022-06-07,129.4975897361537,132.6613388446342,129.28125972095015,132.4450225830078,4918600
2022-06-08,131.86816150353062,131.9853282320128,130.68738935026718,130.79554748535156,4369600
2022-06-09,131.06595918755025,132.39995997661651,128.29879431217802,128.4340057373047,4625700
2022-06-10,126.99180935995429,129.0288651681023,125.69385694098105,127.9472427368164,6630800
2022-06-13,125.73895938477973,126.63130533815368,124.05343078198565,124.52212524414062,8549500
2022-06-14,123.94522134486084,124.00832274579663,119.46548949996098,120.63725280761719,9980200
2022-06-15,121.17807463001985,121.59268990717237,116.7253821750483,119.4384536743164,12178100
2022-06-16,118.1044622583641,121.74594162310774,117.71688648013549,120.16857147216797,9683300
2022-06-17,119.48355184298924,121.01585176181231,118.46501684385666,119.30328369140625,17113300
2022-06-21,121.34030884210244,123.4855364308777,120.26769504771481,122.91767883300781,9017000
2022-06-22,122.29573699598292,125.9101763099654,122.28672840484647,124.83756256103516,8374500
2022-06-23,125.3333391240113,128.4249782882805,125.19812770425611,128.2627410888672,6418300
2022-06-24,129.9752775046561,130.9126936079446,129.00181328365994,130.11048889160156,19440600
2022-06-27,129.9032078375861,130.4800741749866,128.63230842868612,129.11903381347656,5618500
2022-06-28,129.38038843772156,129.87613604679737,126.71238744745439,127.01884460449219,6077300
2022-06-29,127.63180297287175,128.76750469399894,127.22618244414654,128.172607421875,5174600
2022-06-30,127.71289238026365,130.19161669386483,127.29826335259733,129.60572814941406,7410100
2022-07-01,130.01137099147496,131.82308848708652,129.25422279975334,131.6968994140625,5937200
2022-07-05,130.3178214868343,131.68788403303108,128.4790507991745,130.4259796142578,5760900
2022-07-06,131.15606795051426,132.9407594855924,130.66934264776862,131.64280700683594,5485200
2022-07-07,130.95781047005613,131.76903790363096,130.3358873173033,131.5977783203125,6623400
2022-07-08,131.5887467167558,132.32785024540544,130.30882499361874,130.7144317626953,4294200
2022-07-11,130.83159937135105,132.1205434503083,130.4079616586624,131.63380432128906,5482900
2022-07-12,131.4715426713582,132.42697605729708,130.12851977299428,130.47103881835938,5204400
2022-07-13,130.1645904343581,132.4630468738098,129.98432230752545,131.32733154296875,5075600
2022-07-14,129.57870434657386,131.17410549485703,129.3173176206269,130.93975830078125,4867000
2022-07-15,131.00284675511955,131.32733489312662,129.88517608809943,130.75949096679688,6264600
2022-07-18,130.64230776307227,130.7775054204272,129.04690663840157,129.173095703125,6047500
2022-07-19,130.3088003882404,130.7053847352583,129.4705337204272,129.83106994628906,5943600
2022-07-20,129.7950467093568,129.99334579767122,126.76649506932867,127.58673095703125,8635300
2022-07-21,127.55315123554237,128.24262271534624,126.05625323990736,127.7073745727539,8310200
2022-07-22,127.69828690923654,129.88465626918568,127.61664170729546,129.7485809326172,5292700
2022-07-25,129.54900855237315,131.01867771768303,129.30405907720024,130.6285858154297,5262100
2022-07-26,129.44921189591275,131.08218528208934,128.5601539912191,130.88259887695312,5375700
2022-07-27,130.52879554575696,132.6425870546931,130.21126792847085,132.12547302246094,5500000
2022-07-28,132.5790738707572,134.81987362214724,131.6174378011626,134.32090759277344,7115700
2022-07-29,128.30610709980417,129.27682393108842,125.40305136606435,126.01995849609375,18694700
2022-08-01,125.5028678138699,130.5832266715482,125.43937059565263,129.6397247314453,12590000
2022-08-02,129.8302246155193,130.38362071586016,128.61457214685646,128.77786254882812,7495000
2022-08-03,128.51478540429022,131.78979911144276,127.83438100953163,131.4359893798828,6811000
2022-08-04,131.40879297023247,132.8693951654194,130.64672941932182,131.2273406982422,6124700
2022-08-05,130.41081141920867,131.3996622495967,129.52175376344707,131.29080200195312,4580300
2022-08-08,131.57207577262287,132.8784545351421,131.29991122328735,131.78981018066406,4486800
2022-08-09,132.06197886606017,132.3976406431303,131.08219476348478,131.48135375976562,3977300
2022-08-10,132.35225494244804,132.90565103974097,131.89865203787554,132.72421264648438,4641300
2022-08-11,133.18688776943674,133.62234269864237,131.48133635265938,131.7807159423828,5954300
2022-08-12,132.37041923067008,133.11432088746193,131.5085763744538,133.0598907470703,5038700
2022-08-15,133.24132543704252,134.96502494414165,133.13246515930317,134.77450561523438,6008000
2022-08-16,134.59307363510467,136.62521992146318,134.59307363510467,136.0173797607422,7093000
2022-08-17,135.2643949356201,135.85407318860933,135.06480854537645,135.3914031982422,4834600
2022-08-18,135.05572933646414,136.0718092931596,134.73821559732266,135.87222290039062,3829000
2022-08-19,135.364185186226,136.6524157770457,134.91964935528722,135.83592224121094,6502500
2022-08-22,135.15554061282444,136.19883577692778,135.02853233160522,135.4730682373047,6380700
2022-08-23,134.6565696529668,134.66565057170698,132.29784253879964,132.8603057861328,5268200
2022-08-24,133.0054438203634,133.5951220573358,131.6537021854952,132.28875732421875,5903200
2022-08-25,131.75351322887062,132.25247925853049,131.08218970065903,132.17990112304688,5097600
2022-08-26,132.45209019897553,132.93290832309043,128.84141380791016,129.0863494873047,6086600
2022-08-29,128.18819769553429,129.44921335518475,127.93418114847259,128.54200744628906,5272100
2022-08-30,129.19519055704345,129.19519055704345,126.92717589454158,127.17211151123047,5203700
2022-08-31,127.37168736319329,127.80715610920024,125.06739074773583,125.13996887207031,8406900
2022-09-01,125.04019519665779,126.79109599983425,124.0694782054024,126.68223571777344,7446500
2022-09-02,127.38985168828063,128.0521081238091,123.87896926098036,124.43236541748047,7077800
2022-09-06,123.27115116204308,125.13999323824005,122.73588912121238,123.04434967041016,8217200
2022-09-07,123.40722188867993,124.9766842758793,123.39815481278609,124.90410614013672,6609400
2022-09-08,124.2962675675842,125.63894218210238,123.43442478529572,125.06739807128906,7380500
2022-09-09,125.14904160020309,127.99766735542629,124.55936334728133,126.9725341796875,6434300
2022-09-12,126.47359451436564,128.64181634748888,126.20142993991335,128.00677490234375,5818700
2022-09-13,127.71644503118496,128.3061233269001,125.06740547393993,125.35770416259766,6350200
2022-09-14,125.79317079188277,126.70037667295587,124.89503198618966,125.6570816040039,6137800
2022-09-15,125.90200792572082,126.00180110801031,123.96058825079322,124.68635559082031,5320700
2022-09-16,124.68637569237231,126.15604475678872,124.38699609723881,125.44842529296875,9321500
2022-09-19,125.37584635884346,125.61172874051246,124.49585557230016,125.18534088134766,6056000
2022-09-20,124.65917662273584,125.16720975500108,123.86083093325354,124.7408218383789,5589800
2022-09-21,125.26699498934389,125.37585526993588,123.11692139046936,123.13505554199219,6413900
2022-09-22,123.14413822745882,124.35072377849905,122.69053526133231,123.57052612304688,5061600
2022-09-23,123.08969758049349,123.83361310968331,121.52023515114934,122.99898529052734,6523600
2022-09-26,122.99898689494074,124.12392727953666,122.46373869570631,123.11692810058594,7396400
2022-09-27,123.34369028039163,124.23274797033477,119.48806614236929,119.73300170898438,7722200
2022-09-28,120.67650336770208,120.67650336770208,119.01631531301044,119.73300170898438,10455100
2022-09-29,119.63324946918848,119.63324946918848,116.35823529163946,116.75740814208984,7128500
2022-09-30,117.02956826993734,117.06585041730028,114.49846282329474,114.53475189208984,9431900
2022-10-03,115.4419399993897,117.1202762948754,114.9248329615149,116.58501434326172,8477700
2022-10-04,117.12028284245957,118.72602725848289,116.75739219032721,118.0274887084961,7211600
2022-10-05,117.21099853515625,118.01841122571663,116.20399944082918,117.21099853515625,5071100
2022-10-06,116.92976310395996,117.08398643949424,114.62545938184894,114.74340057373047,5530800
2022-10-07,114.76155191478652,114.83413005144945,112.27580956625378,112.73847961425781,6095400
2022-10-10,111.92198526442431,112.72032389972524,110.8424081164422,112.27579498291016,6923300
2022-10-11,112.21229459145154,114.0357733793602,112.13064246523231,112.70218658447266,5516200
2022-10-12,113.25557965990167,114.13557047810231,112.8654877728969,112.88362884521484,6823500
2022-10-13,112.04900751517245,114.98835282087673,111.51375241177281,114.58917999267578,6910500
2022-10-14,114.98835998884014,115.233302562321,113.19208907139485,113.47332763671875,5516800
2022-10-17,114.3170191124671,116.37637349094025,114.18093684113866,115.52359771728516,6664600
2022-10-18,117.32893918545163,118.00027652616988,115.81390701325729,116.45801544189453,7114200
2022-10-19,119.4245876450558,120.65838825916481,117.4922345913392,117.53759765625,9993700
2022-10-20,117.51290380773743,118.56360292429808,115.7404389314658,116.02366638183594,8168000
2022-10-21,115.61255930386596,117.81443860873752,115.55774287229633,117.47639465332031,6394600
2022-10-24,118.30778978682886,119.17574896887322,117.26623598015487,118.1981430053711,6946000
2022-10-25,118.40829210398965,119.85183764996579,117.37586971246503,119.55947875976562,6776000
2022-10-26,119.36759450421825,121.1218034211053,119.1391834822499,120.40001678466797,6612800
2022-10-27,120.60104215165116,121.62431926026913,120.14422002228883,120.49140930175781,6676700
2022-10-28,121.67000288202242,123.80792707733465,121.4415918199308,123.54297637939453,6996400
2022-10-31,123.52471195218615,123.95412590717874,122.66588404220099,123.04048156738281,8346300
2022-11-01,123.06785188358442,124.51141116885111,122.28211743568234,123.23231506347656,6428300
2022-11-02,123.08614731041625,124.74897249924828,121.34108354863163,121.4598617553711,7318100
2022-11-03,120.354337200639,121.1857567038314,119.65084125895592,120.62843322753906,5204000
2022-11-04,121.80704527453727,123.34196076116885,121.07612716328745,122.830322265625,5555400
2022-11-07,123.66173248122968,125.34283425176564,123.39676788956227,124.71241760253906,6746800
2022-11-08,125.00481949858504,125.6443677187311,124.07289841145472,124.99567413330078,5266200
2022-11-09,125.050465850674,126.05547995596011,124.56623558388239,124.69414520263672,5690700
2022-11-10,127.41682605442624,129.39943229220032,126.26562544203193,128.98828125,8068700
2022-11-11,129.00658205516962,129.39945638303416,127.09706867070457,128.79644775390625,7175200
2022-11-14,128.37612814763997,131.16274545552199,128.1477171214382,128.8055419921875,8516200
2022-11-15,129.81970200496386,130.8338476322077,127.63609290824472,128.35787963867188,7732400
2022-11-16,129.28065932951546,130.568901047498,128.8055604235231,129.49993896484375,6193700
2022-11-17,128.92432722334027,129.45424250598217,127.7822720300009,128.70504760742188,5186300
2022-11-18,129.66439312351767,130.43185096444088,129.0705299244687,130.25827026367188,5671400
2022-11-21,130.70595484570472,132.65202171824185,130.495820554558,131.91197204589844,6377200
2022-11-22,132.87129669307515,133.2002092304934,132.3322498498668,133.04489135742188,5372900
2022-11-23,133.30066983206885,133.96764006875952,132.99917954448318,133.8031768798828,4296000
2022-11-25,134.11387462563158,134.48847222935925,133.75755381604188,134.0499267578125,2411100
2022-11-28,133.7483904010344,134.61634971002442,133.51997932282094,133.9402618408203,6628200
2022-11-29,133.16366480819477,133.44689232781013,132.04901757924588,132.91697692871094,5634200
2022-11-30,133.07227467950815,136.2791748046875,132.59718972408518,136.2791748046875,12396800
2022-12-01,136.61720840644148,137.3755347226096,135.74011783092166,136.36138916015625,6927400
2022-12-02,135.6487901179782,137.7501751026447,135.29246934666008,137.60398864746094,4938300
2022-12-05,135.86804986598784,136.74514058618692,135.46604414376924,136.21522521972656,5402500
2022-12-06,136.79079959112656,137.11971203396504,135.47514981977255,136.3887939453125,6866700
2022-12-07,136.14213760395228,137.43951088923916,136.14213760395228,137.26593017578125,6175500
2022-12-08,136.5532761613971,138.3074714538896,136.14212509474163,138.25265502929688,5187100
2022-12-09,137.6861889174562,138.82824425675346,137.2476435706755,137.88719177246094,5868200
2022-12-12,138.16130450829,139.38558463383433,137.99684127021752,139.30335998535156,6142400
2022-12-13,140.16217812113555,140.91135921225796,137.76842052886224,139.0932159423828,7680600
2022-12-14,139.59568768358878,141.10320894045054,139.0292327549458,139.64137268066406,7385600
2022-12-15,138.61811459741963,138.87393388665924,136.8091027831951,138.060791015625,7117200
2022-12-16,137.3755457053615,138.02423923672652,136.15126579439004,137.44863891601562,19966400
2022-12-19,137.24764483756465,138.30747554808073,136.3522773468002,137.41209411621094,5881800
2022-12-20,136.42536506586512,137.86891070173212,136.37968006549102,137.4669189453125,5646100
2022-12-21,137.7318685555381,139.44952418010396,137.70446034375075,138.7277374267578,5024700
2022-12-22,138.0790249229085,139.24848815084178,137.85061391837309,139.0474853515625,5904900
2022-12-23,139.15715641824346,139.71447998012758,138.5724246435704,139.4403839111328,3401800
2022-12-27,139.51347749731406,140.99359069738722,139.47693786053316,140.65553283691406,4215100
2022-12-28,140.9570345065921,141.2950784196937,138.78255671914815,138.83738708496094,4197500
2022-12-29,139.61398198544092,140.00685628025056,139.0018419829287,139.41297912597656,3809100
2022-12-30,139.26678988472713,139.49520095304777,137.44864670320223,138.471923828125,4532000
2023-01-03,137.91459493527293,138.6089734784468,136.24262430683197,138.48106384277344,6447300
2023-01-04,138.86477973589618,140.14387597275794,138.1704012577969,139.08404541015625,7313400
2023-01-05,139.06580891448698,139.3124828447686,137.16542704456828,137.35728454589844,5373800
2023-01-06,138.73689161265744,141.1215037775096,138.6455216068203,140.6281280517578,7882200
2023-01-09,140.1895871009711,141.43214393744572,138.87393704575018,138.9104766845703,5727000
2023-01-10,138.96529366457054,139.5134718406893,137.9054630065277,138.77342224121094,4716400
2023-01-11,139.16629571097272,139.3855614037171,136.45277123442418,137.64964294433594,8691300
2023-01-12,138.5998030978975,138.6272113048017,136.60806571031387,136.87301635742188,7801600
2023-01-13,136.6902997575286,138.0059495440695,136.51670514109568,137.8506317138672,5535800
2023-01-17,137.76840602888487,138.9926998809608,137.41208534013634,137.44863891601562,9611800
2023-01-18,136.736006512473,136.98268043087728,133.42860473355623,133.76666259765625,10461200
2023-01-19,131.75594350626324,134.43133450926106,130.77221720295864,130.9376983642578,12683700
2023-01-20,130.84581537482643,131.6088863712384,128.85075381135005,131.4434051513672,8603300
2023-01-23,131.80195180376924,132.11453676993366,129.34721569550172,129.67819213867188,7473100
2023-01-24,129.3471923196688,130.90094217407176,128.53813582066988,130.38609313964844,6822500
2023-01-25,129.071400494353,130.32175439573064,127.54523055044167,130.29417419433594,6902600
2023-01-26,130.3033669672839,130.31256972042584,129.39319223580517,129.77012634277344,5398600
2023-01-27,129.69658141744108,129.96319470086564,128.06007667774674,129.2368927001953,6870800
2023-01-30,129.59543029735008,130.66189730294113,128.97024643888773,129.64138793945312,6369300
2023-01-31,129.84367793686434,130.98371106555572,129.41156939776445,130.90097045898438,9373400
2023-02-01,130.6251357207913,132.48228189791863,129.95399418252768,131.64564514160156,7207900
2023-02-02,130.70787048339844,131.2043420868214,129.82527612177785,130.70787048339844,6444300
2023-02-03,131.2687192504807,131.82035136579339,129.78852090393198,131.1124267578125,5993100
2023-02-06,130.56080562848683,131.140017995444,129.64142804466331,129.99998474121094,6108100
2023-02-07,128.68524475889134,129.43912686734245,127.59118350218979,128.73121643066406,6278300
2023-02-08,127.84863358209623,128.28993085642745,127.25104381536826,127.39814758300781,7123800
2023-02-09,127.68314912008614,128.09686618104445,125.95471496571533,126.00068664550781,6547400
2023-02-10,125.90873881924777,127.14990398667877,124.87904056564294,127.11312103271484,8108900
2023-02-13,127.7383054111074,129.1265603131803,127.55443272644538,128.77720642089844,5081600
2023-02-14,128.84156857000164,128.93351193591892,127.44411077386984,128.0509033203125,5253500
2023-02-15,127.89460725423488,128.0876827058412,126.93846080686653,127.75670623779297,5530300
2023-02-16,126.31325651329253,127.05794993965775,125.54098288806824,126.08341217041016,7595700
2023-02-17,125.57773169844027,128.74958031651227,125.57773169844027,128.7220001220703,8034700
2023-02-21,127.67392093048335,129.53106700112144,127.67392093048335,128.6300811767578,6899500
2023-02-22,128.69443572582048,130.16544507668948,128.6025064092567,129.17251586914062,6126300
2023-02-23,128.92427023685704,129.76090691677445,127.88538346447564,128.7587890625,5835400
2023-02-24,127.7291049726495,128.18879370692707,126.9476425415297,128.03250122070312,5260700
2023-02-27,128.35427339715397,129.14493848547286,127.3613441679685,127.92216491699219,5820900
2023-02-28,127.2878424720881,127.41655479168766,126.21217222359387,126.46959686279297,6709900
2023-03-01,126.9200418843326,127.17746641175255,125.50419295493828,126.56148529052734,7101800
2023-03-02,126.87409148425836,129.108172013629,126.6718273175762,128.6484832763672,5924600
2023-03-03,129.80688301892104,129.8528546895626,128.6852415924718,129.5862274169922,5259400
2023-03-06,129.38397606085877,129.760924157311,128.6576740959306,129.0346221923828,4943100
2023-03-07,129.10820642887907,129.28289044017646,126.267332642195,126.46959686279297,5606800
2023-03-08,126.1385776522306,126.58907763272849,125.58695962423079,126.48794555664062,5518800
2023-03-09,127.0119835398208,127.388931644662,125.12727107278675,125.55937957763672,4467200
2023-03-10,125.90874650914411,126.86490697039189,125.35712842327416,126.12940216064453,5928000
2023-03-13,125.99146404721263,129.9264119545374,125.99146404721263,127.0027847290039,8337100
2023-03-14,127.14072555206207,128.8139995628031,126.32248002719123,128.57496643066406,9219700
2023-03-15,127.61877060151699,130.68948765325706,127.61877060151699,130.39529418945312,8823500
2023-03-16,130.49643676243443,131.58129541360142,130.1930405222132,131.36984252929688,7063400
2023-03-17,131.01126020330818,131.82950540764514,130.1194631343744,131.40658569335938,16018800
2023-03-20,131.9306704488584,133.67748207681603,131.68243459736135,133.42926025390625,8379200
2023-03-21,133.22698263183136,133.52117610547677,131.32386467681079,132.46389770507812,7753200
2023-03-22,132.4271222005769,133.9992638182959,132.23406079139266,132.38116455078125,5729100
2023-03-23,132.61098135708997,133.4200238084322,131.64563242601176,132.19725036621094,5788400
2023-03-24,132.6661606380872,134.92782116924226,132.6661606380872,134.89105224609375,6144800
2023-03-27,135.04733767660912,135.53460654728312,134.10956885649213,134.18312072753906,5917200
2023-03-28,134.7347577992538,134.982993619774,134.04522476448648,134.56007385253906,4213800
2023-03-29,135.22203649770782,135.41509790544018,134.46814025795075,134.9738006591797,4987700
2023-03-30,135.07491072056345,135.64492015525582,134.50490128587106,135.5621795654297,4117700
2023-03-31,135.82880386579197,136.70220947265625,135.67251141223386,136.70220947265625,7685900
2023-04-03,136.46318640605898,137.97097887201463,135.23122400584228,137.45611572265625,5721700
2023-04-04,137.98017150157932,139.4787612572755,137.98017150157932,138.11807250976562,6714300
2023-04-05,139.12938085063286,140.067149707934,138.96388562706886,139.0650177001953,6094800
2023-04-06,139.6258289041642,140.6279608432883,139.21211191645918,139.94761657714844,5399700
2023-04-10,139.42355836585816,139.44194983939116,137.45609155534703,138.78919982910156,4891800
2023-04-11,139.06501521880116,139.23051043941214,138.38468494680401,138.51339721679688,6311800
2023-04-12,138.19159935853358,140.1222972949392,137.84223149629648,138.8903350830078,6137900
2023-04-13,138.7340220200742,139.6258190787596,137.74110693088696,139.5338897705078,5489500
2023-04-14,139.1477917682978,139.36843339243092,138.37550399806938,138.8260040283203,4478800
2023-04-17,138.98228430334456,139.2581003378508,138.219199353598,138.87196350097656,4296400
2023-04-18,138.80757609637467,139.36839679140905,137.99853363937868,139.01904296875,4158400
2023-04-19,138.98228296501168,139.6534245539313,138.5593772076159,139.04664611816406,3837600
2023-04-20,139.11230702280128,140.02819418507704,139.11230702280128,139.55638122558594,5370900
2023-04-21,143.34019939392064,146.27287115366727,142.93313835938352,144.38560485839844,14876900
2023-04-24,143.59921747072917,145.47723727411187,143.59921747072917,144.64462280273438,8109800
2023-04-25,144.79263686732003,146.11558509334264,144.126539627832,144.68162536621094,8341800
2023-04-26,143.67323837651819,144.32082901677154,142.78510398672987,143.00714111328125,4843700
2023-04-27,143.67322606228126,144.88514861011373,143.40492945947523,144.75563049316406,4805600
2023-04-28,144.57985954520356,145.58825165339374,144.09878618160903,144.67237854003906,5754700
2023-05-01,144.34859499783704,145.61602351714146,144.13581822166896,144.84817504882812,3844600
2023-05-02,144.86665267895785,145.18119468384452,144.01553154527895,144.7186279296875,5262900
2023-05-03,144.91290796884797,145.77328944712823,143.7934902450765,144.53359985351562,5775000
2023-05-04,144.41333212059075,144.87589882934805,143.478938334395,143.86749267578125,4892600
2023-05-05,143.765717986573,144.60759272912102,143.10888120849933,144.3485565185547,3989200
2023-05-08,143.71947726605413,144.07101835382713,143.27540307663264,143.6732177734375,4950700
2023-05-09,144.18207102101002,144.3023287846863,142.08201388650744,142.20228576660156,4472100
2023-05-10,141.9617575741995,142.76663345909822,141.02737765773017,142.4983367919922,4754900
2023-05-11,143.2199295378768,143.29394191942353,141.90624152736387,142.8313751220703,3495300
2023-05-12,143.11815147578432,144.36708736348717,142.83136234570574,144.28382873535156,5252900
2023-05-15,144.88514857667627,145.01466669359604,143.06263457089483,144.33006286621094,5414900
2023-05-16,144.200549500024,145.17194246713322,143.33092177930564,144.08029174804688,5591500
2023-05-17,144.56136210675425,144.838904992476,142.37804638425004,143.46971130371094,4286900
2023-05-18,141.8321986223878,142.14674058895562,140.25022842108677,141.110595703125,6997600
2023-05-19,141.05510712146392,141.84147624998343,140.47226849405726,141.70269775390625,4754100
2023-05-22,141.0828469057374,141.17536589453695,137.68760893974627,137.99290466308594,7876200
2023-05-23,137.650620359834,137.73389311123947,136.05940357543386,136.5034637451172,6116000
2023-05-24,136.54044950183973,137.1047814999456,135.1527492556532,135.37478637695312,5755400
2023-05-25,134.5977070047873,135.2638043976549,133.54305515215026,134.50518798828125,6510300
2023-05-26,134.44965229287226,135.0787362925186,133.89456655025282,134.514404296875,4716400
2023-05-30,133.0897152301889,133.2562324960141,131.69276862890072,132.4606170654297,5561000
2023-05-31,132.44213455570372,133.20073679575793,131.27645714126135,131.83154296875,19854800
2023-06-01,132.52536948452197,133.330231085604,131.7852598857579,133.18222045898438,6091100
2023-06-02,133.691025163338,135.6985629865793,133.58001367042266,135.55055236816406,6124400
2023-06-05,135.11575756454909,136.78100077492115,134.81970805318622,135.0139923095703,4753700
2023-06-06,135.13427445699818,135.35629749097427,132.8029337853182,133.6725616455078,4635900
2023-06-07,133.2284719476589,134.255370710377,132.72890606252824,133.95933532714844,6194400
2023-06-08,134.4588947803802,135.67081736419544,134.07034041799477,135.47654724121094,4863700
2023-06-09,134.7734481530125,135.79110069978398,133.89457410793764,135.5875701904297,5569500
2023-06-12,135.9946406928315,136.00388694702235,133.7280661712347,134.523681640625,5354000
2023-06-13,133.69101818369452,134.7734225323568,133.47824146124339,134.19984436035156,5321200
2023-06-14,134.4311547769495,135.89286748954336,133.98709462262283,135.4580535888672,5693300
2023-06-15,136.15188986861332,137.8171329230079,135.56905127047114,137.3360595703125,5863000
2023-06-16,137.77088886977347,138.8532934473557,137.75238224586786,138.34446716308594,11244900
2023-06-20,138.53872296111953,139.02904252075052,137.02150479017524,137.06776428222656,5340700
2023-06-21,137.1602731112146,138.39996259848425,136.79947164905806,138.25193786621094,4649700
2023-06-22,139.09383202382915,139.7876821720363,138.288956252745,138.72377014160156,6666800
2023-06-23,139.00130436123223,139.26034060443902,136.8827549186304,137.34532165527344,13843300
2023-06-26,137.01228730321517,137.81714899150688,135.73559845992378,137.48410034179688,4353100
2023-06-27,137.3268158519066,138.92729281763638,137.2805563546832,138.7885284423828,5445400
2023-06-28,138.1501964253696,139.04757710929,136.88276796343615,138.7607879638672,6733300
2023-06-29,137.3638585618151,138.49252289336198,136.0871835551767,138.1964874267578,7343000
2023-06-30,138.6127523897613,140.68505648761325,138.57573914499753,140.3797607421875,7058300
2023-07-03,140.13924543905208,141.11063862318386,139.20486550719522,141.0828857421875,3996100
2023-07-05,140.2779989257053,141.0458614345472,140.10222129981875,140.8423309326172,8279800
2023-07-06,139.88017487699977,140.79606207480433,139.47311390019777,140.6110382080078,7958300
2023-07-07,140.35199262351745,140.54626272996938,137.61359158149656,137.65985107421875,9169500
2023-07-10,137.78935964999044,139.06604815542673,137.60433580831912,137.71534729003906,5529200
2023-07-11,137.59510556022963,137.89115506484058,135.9576293807589,136.9937744140625,5150300
2023-07-12,136.947484364843,138.2149124972358,136.58668293434508,137.7061004638672,6764600
2023-07-13,137.84490452218478,138.32597794022843,137.10479482898333,137.79864501953125,5561400
2023-07-14,138.09471153959686,139.3528939379665,137.59513143572156,138.81631469726562,6128900
2023-07-17,138.4462096484976,138.91803672376858,137.81712570335708,137.83563232421875,4625300
2023-07-18,137.51185736127042,139.21409979264988,137.27132770784237,138.09469604492188,5351200
2023-07-19,138.3537250278228,139.52864858723862,137.71538062060932,139.03831481933594,6203600
2023-07-20,139.2254282902919,140.34258031741848,137.91276791087273,140.1656951904297,6445400
2023-07-21,140.71498857074036,143.06101825460794,140.29605824996156,142.37210083007812,9938400
2023-07-24,142.28828718362362,143.32165599678777,141.78557374724906,142.8282470703125,5549500
2023-07-25,142.88411479219909,143.23788507372663,141.92522459208377,143.1634063720703,5883800
2023-07-26,142.54896663882442,144.15022319869502,142.3348492515626,143.31236267089844,7013800
2023-07-27,143.517179541214,143.92680530588567,141.43181846895848,141.60870361328125,7191600
2023-07-28,143.98269273738342,146.60800013079128,143.92683724896077,145.61187744140625,9397300
2023-07-31,145.6025176509654,146.79414841905316,144.35503141021093,145.50942993164062,7955200
2023-08-01,145.11840860040186,146.31934372309146,145.10908988592624,145.46286010742188,5718800
2023-08-02,145.20222672329152,146.84071565971024,145.20222672329152,145.7794189453125,5636000
2023-08-03,145.9376661965926,146.81277315834964,145.4256482216304,146.16110229492188,5792700
2023-08-04,146.56139304267623,146.84068458322298,144.43880006309365,144.55982971191406,4785900
2023-08-07,144.92293623461694,146.3007568100169,144.7553697967563,146.08663940429688,4107400
2023-08-08,146.4217734445592,146.7476159851933,145.72355160493723,146.24488830566406,4625500
2023-08-09,146.44970309216924,147.17585267842003,145.94698961144175,146.05870056152344,4293200
2023-08-10,146.31938334494942,147.4458542890159,145.04396918787225,145.3325653076172,4307800
2023-08-11,145.63043941305025,146.58934374080894,145.0346240534487,146.17971801757812,3862300
2023-08-14,146.28213796134813,146.6545172684885,144.7646645842991,145.03463745117188,4297600
2023-08-15,145.0346152850303,145.20219589138355,143.79644788560998,144.10365295410156,6921100
2023-08-16,144.0757471923425,144.97878192748598,142.31622868677263,142.6327667236328,6356800
2023-08-17,142.63276802496034,142.95859637023267,141.31078880066184,141.60870361328125,6419500
2023-08-18,141.152518955412,142.33484521787787,140.73358870338595,142.00900268554688,5448200
2023-08-21,141.5900758907699,142.23244225539574,140.8173753511011,141.29217529296875,4504700
2023-08-22,140.96633968641197,141.6459383321806,140.5101629486438,141.34803771972656,4195600
2023-08-23,141.94383339947288,142.88410027731715,141.94383339947288,142.66998291015625,4522500
2023-08-24,142.0183214012679,144.00126171562042,141.95314721265797,142.00900268554688,4088900
2023-08-25,142.80963774575892,143.4426996144951,141.93454495321419,142.93997192382812,3541500
2023-08-28,143.09824638647095,143.71267081575584,142.48380775182622,143.1634063720703,3614700
2023-08-29,143.32167108592378,143.40545429991394,141.53422482733328,143.2471923828125,4034600
2023-08-30,143.46137201939752,144.17820314182475,143.0982970985042,143.40550231933594,3712200
2023-08-31,143.47995576205403,144.44816485071956,143.20998285014218,143.6847686767578,5451400
2023-09-01,144.2060771048137,144.55984737976726,142.9585908373116,143.84300231933594,4126300
2023-09-05,143.18201823038706,144.15953157964333,141.87866236292578,141.91590881347656,5097000
2023-09-06,141.77626588323548,141.92522328517643,141.07804404266685,141.63662719726562,3877400
2023-09-07,141.96247626588638,143.5451096695407,141.8507511066136,142.9865264892578,4824800
2023-09-08,142.8282776091351,142.8655240674133,141.8321550332994,142.37210083007812,3384700
2023-09-11,142.7444869337411,144.39229459516247,142.51174630041902,144.0664520263672,4288500
2023-09-12,144.28984955818567,144.43879272760287,141.10596025050927,141.53419494628906,4537800
2023-09-13,141.4876729547858,142.98652310755728,141.1897723496114,142.5210418701172,4040600
2023-09-14,143.22858396765645,144.2247064395984,142.78171174709613,144.08506774902344,4606800
2023-09-15,143.39615362489593,144.59710321232077,142.65138077922046,142.87481689453125,10262400
2023-09-18,143.78717428894996,143.81510203121246,142.9120671504253,143.414794921875,3536500
2023-09-19,143.13547303237624,143.42406911164906,141.26424366958963,142.99583435058594,4704200
2023-09-20,143.1541084873296,144.09437550421163,142.77241045068388,142.87481689453125,5446400
2023-09-21,142.85618573926794,143.09824506876194,141.57146721226627,141.63662719726562,5096400
2023-09-22,141.91590837141015,142.75376883652922,140.92909051526948,141.1152801513672,6327000
2023-09-25,140.74287924974698,140.83598116556414,139.66297373520086,140.2587890625,5527000
2023-09-26,139.62577710446212,139.97954746436116,138.51792925561034,139.0113525390625,6366500
2023-09-27,139.10441827598237,139.36508664560742,136.5070390910182,137.1680145263672,5403700
2023-09-28,137.6148799800159,137.763823180058,135.62260664482204,136.23704528808594,6237100
2023-09-29,136.4232393356972,136.637370939869,134.82199689481573,135.79019165039062,6683300
2023-10-02,134.78474485029642,135.54814089189108,133.96549333353332,135.16644287109375,5153800
2023-10-03,135.14782492640524,136.37670224957967,134.99886751656098,135.44573974609375,4670600
2023-10-04,135.53882309816842,136.20911721547068,134.92438445641469,135.89259338378906,4727800
2023-10-05,135.6226057895373,136.0043038114632,133.7699995659612,133.87240600585938,5205700
2023-10-06,133.68621723892178,134.57993326090138,131.68463939225816,134.1423797607422,7406700
2023-10-09,133.46278381347656,134.03067150347954,131.82429493667203,133.46278381347656,5062200
2023-10-10,134.0399259277671,135.19432410380443,133.79788088351066,134.78469848632812,5988900
2023-10-11,135.119868011997,135.51087047439069,132.71798356698656,133.1276092529297,5469100
2023-10-12,132.9321291740491,133.99342585622912,131.88015120830318,133.42555236816406,5965600
2023-10-13,133.30451458640167,135.01748207352517,133.30451458640167,134.70095825195312,7078900
2023-10-16,135.7901788976638,136.90733095852082,135.41779961249787,135.98568725585938,6509800
2023-10-17,136.02294369203068,136.68393337691114,135.21301078981188,136.16258239746094,6160100
2023-10-18,139.70021472272634,140.8546132064711,138.49927948351802,139.6722869873047,10508500
2023-10-19,140.16039228781707,140.78807229455717,137.88386756365156,138.88629150390625,8146000
2023-10-20,139.63576723877617,140.41334483096625,138.57713526585164,138.6989288330078,7284200
2023-10-23,138.52094092316807,140.0573554884986,138.2398865146886,138.79261779785156,5981800
2023-10-24,138.76451177082106,140.59135825189034,138.7176812826056,140.4320831298828,6322000
2023-10-25,140.18850417027804,141.6406066172948,139.70134417685523,141.08787536621094,6172900
2023-10-26,141.50945754269347,141.81861596147644,140.28220140132595,140.33840942382812,7582100
2023-10-27,139.57016583488826,140.47890012886134,137.04070528564085,137.86512756347656,8131800
2023-10-30,138.55838826729362,140.10418014434387,138.2211258845753,139.83248901367188,5412800
2023-10-31,140.0198882734539,140.76934763622546,139.25167384308565,140.5538787841797,6762100
2023-11-01,141.1628254617286,141.1628254617286,139.78568594845984,140.16041564941406,5896900
2023-11-02,140.09478513109357,142.07151440356367,139.50458675624475,141.87478637695312,5859200
2023-11-03,142.2026725004461,142.6710916281563,140.16973520158604,140.59132385253906,6587700
2023-11-06,140.8630193534349,141.696804939626,140.6194465209026,141.40638732910156,6480800
2023-11-07,141.38761901385448,141.69677733434958,140.63814559704966,141.07846069335938,6003800
2023-11-08,141.4251183088131,141.64995035558013,140.06669131617718,140.5351104736328,4832600
2023-11-09,140.2821809834713,140.85365295410156,139.70133148044155,140.85365295410156,6581500
2023-11-10,141.31267503534755,141.87478369076942,140.45078558004647,141.8466796875,5387200
2023-11-13,141.88415224639036,143.24256487040316,141.88415224639036,142.8303680419922,6297500
2023-11-14,142.9146887317639,143.80468227773645,142.09962967185743,142.5118408203125,7982600
2023-11-15,142.45563982596695,142.76479820253815,140.88175823071612,141.85606384277344,7672600
2023-11-16,142.39006119627194,143.23320996504046,141.75300370618737,143.177001953125,7590500
2023-11-17,143.07396061483763,143.1863766476639,141.35954463913956,141.52818298339844,8495600
2023-11-20,140.72252427425227,141.49072444850518,140.20726021498533,140.7787322998047,6856500
2023-11-21,140.38526204699966,140.53514535036828,139.42968272603807,140.16041564941406,7310400
2023-11-22,140.61946405829232,141.9122914629918,140.61946405829232,141.48135375976562,4372700
2023-11-24,141.63122439703395,142.1558659160613,141.4907043531104,141.818603515625,2132500
2023-11-27,141.94975256250922,142.06216859150328,141.21901978400984,141.68743896484375,6021300
2023-11-28,141.60313201278345,143.12082008684712,141.60313201278345,142.67112731933594,6110400
2023-11-29,142.67110269992338,142.82100026322738,141.45322430937927,141.58438110351562,5342700
2023-11-30,141.36891413130846,143.9264933514143,140.60071404797642,143.8234405517578,9771300
2023-12-01,143.64544127666576,143.7953388594944,142.61491326349434,143.01776123046875,5685400
2023-12-04,142.18396585804047,142.8959578852547,142.08091306377085,142.4556427001953,6578300
2023-12-05,142.5305817086439,142.9708968634969,136.9470190208376,137.49038696289062,11895800
2023-12-06,137.72459145675936,137.86512577685178,136.44112757768528,137.3873291015625,7610000
2023-12-07,137.31241172175766,137.808934932225,136.79714774060676,137.246826171875,6119600
2023-12-08,136.70345574237714,137.00325088788506,135.39188771832832,135.98208618164062,6385300
2023-12-11,135.65420778425874,136.65661747287888,135.51367344247612,136.6097869873047,8471200
2023-12-12,136.64721919802034,136.9938447545057,135.91648655217662,136.72216796875,6069200
2023-12-13,136.64724826236593,139.26102108305153,136.26314109130945,139.19544982910156,9055500
2023-12-14,139.08304506291213,139.16735709411435,135.2607424031862,135.52305603027344,10565200
2023-12-15,134.1365166827243,135.13894064303773,133.49947342553122,134.8672637939453,14550000
2023-12-18,135.06399103800373,138.17430140201523,135.0452502673115,136.9376678466797,8421800
2023-12-19,136.4692486445107,137.09692866001478,136.20693503489764,136.9376678466797,5233600
2023-12-20,136.3755745063612,136.84399371239525,134.75483376106922,134.82041931152344,7663800
2023-12-21,135.39187201333414,135.64480805611996,134.08966737800148,135.14828491210938,6104700
2023-12-22,135.37314902631744,136.4317809944935,135.17640667217992,136.1038818359375,4413800
2023-12-26,135.9258497878867,136.93763675021253,135.8134337793004,136.72216796875,3634900
2023-12-27,136.4505180389426,137.068834862673,136.17884117125416,136.83462524414062,4569400
2023-12-28,136.77841730972662,136.78778054826643,135.87904608418233,136.5254669189453,5023000
2023-12-29,136.77840007622106,137.67777118844836,136.52544971731044,137.28428649902344,5300900
2024-01-02,137.1156571372397,139.97301687329028,137.06881236221886,139.3453369140625,7238400
2024-01-03,138.97061650499333,139.7762981685077,137.88388043885382,138.502197265625,7697500
2024-01-04,138.6989376025035,139.8418816734072,138.43662397590467,139.2610321044922,7067400
2024-01-05,139.3266116833448,139.46713172906033,137.2936740168803,138.1087188720703,5294200
2024-01-08,138.56777486258386,139.5139765255586,138.32418772328865,139.2985076904297,8255300
2024-01-09,139.18609181003578,139.96365512398486,138.69893182591858,139.86997985839844,9786800
2024-01-10,139.91681226538543,140.52575147041642,139.832485950289,140.46954345703125,8591100
2024-01-11,140.5726023876045,141.27523117565147,139.86059606690452,141.0035400390625,6659400
2024-01-12,141.41576024455654,141.74365941792232,140.42271378124784,141.08787536621094,5684700
2024-01-16,140.6662876826748,141.93102530938037,139.47651314246295,140.3290252685547,8120100
2024-01-17,139.7388106929866,141.08786019430556,139.59827636450498,140.46954345703125,6541400
2024-01-18,139.74457350379106,139.9048401320068,138.5095667211343,139.65972900390625,6526200
2024-01-19,139.76344204431572,140.11225682419914,138.87724995837308,139.12237548828125,7848100
2024-01-22,138.55670059612683,139.7257219503274,137.906197358116,139.395751953125,11084100
2024-01-23,144.34521305836623,147.44687055921094,144.13780581554144,145.1654052734375,19101600
2024-01-24,145.11826467603234,145.40109404223847,143.38359899507336,143.41188049316406,11592700
2024-01-25,143.67586025719592,146.74925084959432,143.3553270007188,146.71153259277344,10352500
2024-01-26,146.8906560876419,147.2206260958935,146.4475600812697,147.20176696777344,8356600
2024-01-29,147.7108490822252,148.32364847413825,146.50412381191327,147.2206268310547,8987400
2024-01-30,147.39029529676128,148.87984974158337,146.90007311388155,148.47447204589844,7794700
2024-01-31,148.94587881429976,149.42667872169918,147.72971671720015,148.14453125,8870000
2024-02-01,147.79570515096458,150.18087414647852,147.65428327000188,150.06773376464844,7601100
2024-02-02,149.86974425319275,150.46368443020947,148.51217492589615,149.0401153564453,7937700
2024-02-05,149.1155562804518,149.89804465488623,148.54047515636387,149.1532745361328,6931900
2024-02-06,149.24753694226456,149.96403992578345,148.83272245397453,149.86033630371094,6185400
2024-02-07,149.99230943433366,150.68051647927584,149.65291709698033,150.0111541748047,7209300
2024-02-08,149.7094837656283,149.9923131179183,148.73844735149484,149.5586395263672,6121600
2024-02-09,149.20037312333744,149.2757952354202,147.97480336155948,148.40846252441406,5978000
2024-02-12,148.3519149265113,148.5876036567336,146.58896782774434,148.11622619628906,5482000
2024-02-13,148.71961431500324,149.86977666686886,146.57955624911543,147.3243408203125,6046800
2024-02-14,147.22062151429685,147.22062151429685,146.0421777862149,146.72096252441406,5727300
2024-02-15,147.35260940311042,148.4084904000012,147.21118752190563,148.02195739746094,6249200
2024-02-16,148.05022070393682,149.37950854329824,147.7014060000341,148.49331665039062,6617600
2024-02-20,149.61520667355055,150.64280610961168,149.0778438360493,149.4360809326172,6622100
2024-02-21,150.07717001914799,151.2178955078125,150.07717001914799,151.2178955078125,7121000
2024-02-22,150.3317220043837,151.86840290687744,149.54923361058138,151.36874389648438,6619500
2024-02-23,151.40643567123846,152.48117563197547,150.99162123283162,151.8118133544922,5486500
2024-02-26,151.81181640312622,151.94380151024274,150.90677977869802,151.04818725585938,4531900
2024-02-27,150.28458131324345,150.65225519593133,149.86034443095744,150.18087768554688,3868200
2024-02-28,149.9640284228384,150.95390955679386,149.55863633663253,150.88792419433594,3802900
2024-02-29,150.77481000303024,150.9445133943691,149.12498864625567,149.84149169921875,8348100
2024-03-01,149.00241551389163,149.9263112922979,148.5876010543179,149.75662231445312,4819800
2024-03-04,148.7101730617295,150.61452772982258,148.64417330936732,150.4259796142578,3841600
2024-03-05,150.33170740477217,150.83136636664037,149.6906265722837,150.19972229003906,4481600
2024-03-06,150.5390987772509,150.83136488621147,149.81318784599287,150.43540954589844,5405700
2024-03-07,150.79367927918088,151.69873052818835,150.34116084732793,151.42532348632812,4783900
2024-03-08,150.69939884734632,152.0192501487815,149.22868890178958,151.1707763671875,5080200
2024-03-11,152.1040781219293,153.31080329077338,151.61385591197924,152.30206298828125,5170900
2024-03-12,152.55661959873407,153.2165452155912,152.0003832210335,152.66030883789062,4229100
2024-03-13,153.0845621411987,153.4145177613938,152.09466651001384,153.00914001464844,5410500
2024-03-14,152.95255712094794,153.31079419383968,151.90609862729215,152.25491333007812,5848100
2024-03-15,151.5007342686066,152.25494118870674,151.12363800120679,152.14181518554688,10956900
2024-03-18,152.23608563711434,153.4051071100052,151.7835672285408,151.98155212402344,6086300
2024-03-19,152.53774328454458,152.88655798873236,151.94380310364284,152.56602478027344,6148100
2024-03-20,152.73571790974526,153.10339174952063,152.2266365874787,152.7168731689453,4870300
2024-03-21,152.81115946314637,153.1599886064854,151.89668593260646,152.59432983398438,5211500
2024-03-22,152.914858348759,153.11284322858322,152.2266512256266,152.40577697753906,6393200
2024-03-25,151.94382386425502,152.4057789997747,150.58625434258903,151.01992797851562,7145600
2024-03-26,151.18021869958375,151.9155665768018,150.9728114126451,151.35934448242188,5842700
2024-03-27,152.12293270640913,153.42393908425078,152.10407358034377,153.30137634277344,6599700
2024-03-28,153.49938289429676,153.80105702748065,152.44348746490232,152.96200561523438,7191500
2024-04-01,152.5189069135951,152.79231392682811,150.65225599051146,151.38760375976562,5971900
2024-04-02,150.50140421761702,151.51015894972522,150.50140421761702,151.378173828125,6771200
2024-04-03,151.43471853348063,151.67040724967651,146.76807044456385,147.21116638183594,9601800
2024-04-04,147.89938593374185,148.08793402727193,146.51353514908484,146.55123901367188,6801700
2024-04-05,146.4004036802731,148.06908389926585,145.83475936531335,147.16404724121094,5121200
2024-04-08,147.04148228899814,147.72968933523703,146.72094907680994,147.1074676513672,5476800
2024-04-09,147.32432746920534,147.77684584006616,146.7869502157522,147.69200134277344,4608100
2024-04-10,146.73977847046388,148.55930270991507,146.73977847046388,148.23876953125,7784900
2024-04-11,148.53106279698673,148.5782034271157,146.85295993855993,146.9189453125,8209800
2024-04-12,146.33443724019278,147.04150351430067,145.8819188526478,146.43814086914062,6770500
2024-04-15,147.465712371855,147.84282294421257,146.4381130346133,146.55123901367188,5754000
2024-04-16,146.92834667314318,147.95594599001248,146.7586433226223,147.02261352539062,6103300
2024-04-17,147.35260127976716,148.12565285693074,146.8246608104264,147.97482299804688,6621900
2024-04-18,148.34202602478584,149.56604090022063,147.98147573684668,149.24342346191406,7819300
2024-04-19,147.05159644873888,150.08788934358046,145.66629460211735,150.04994201660156,12034200
2024-04-22,150.32507538986246,153.03876488832745,149.20544844959423,152.32713317871094,8926300
2024-04-23,153.40882178015383,153.80734830167455,152.21328565014682,153.238037109375,7707300
2024-04-24,152.95338084862945,154.52846259272067,151.26444265784707,154.28176879882812,7217600
2024-04-25,154.63285657749992,155.9137996873976,153.78838736879447,154.23434448242188,7094600
2024-04-26,154.1869089158388,154.9649667288212,152.27974067001205,153.03880310058594,5659800
2024-04-29,152.924939296451,153.5132169953848,152.20382423071962,153.38987731933594,4621000
2024-04-30,153.56063286537025,154.99339399048884,153.3329199816206,154.85105895996094,8106100
2024-05-01,154.92699131936723,155.83788642555152,153.92122065678424,155.0408477783203,7543000
2024-05-02,155.17367264442305,156.07508446583697,154.3197203146666,155.4583282470703,5647500
2024-05-03,155.1736679182061,156.28382618253625,153.8642753510062,156.04661560058594,5581500
2024-05-06,156.35023658154407,156.54000215021077,154.90799219894438,156.0276336669922,5472400
2024-05-07,156.5400248895718,157.54579557997226,156.16997690955301,157.28012084960938,6433000
2024-05-08,157.48886285604738,157.85891082550935,156.4925754065154,156.62542724609375,4579400
2024-05-09,156.60644688083545,157.82096404006646,156.60644688083545,157.54579162597656,4671100
2024-05-10,157.59323207611828,158.79826598821754,157.22318411611127,158.31436157226562,4879400
2024-05-13,158.314382331689,159.07344477510395,156.90060174618068,157.38450622558594,5725500
2024-05-14,157.06189113785135,157.57427417368473,155.56271831469687,157.28012084960938,6009800
2024-05-15,156.85313699502015,158.15304646796386,156.67285462001908,157.9917449951172,5102700
2024-05-16,158.39024366239988,159.72811482639224,158.06764074401713,159.27267456054688,6793600
2024-05-17,159.09239843901676,159.40551815849608,158.3428193371255,159.06393432617188,4700800
2024-05-20,158.97855136899227,159.29167110694885,158.25742185920632,158.75082397460938,3804600
2024-05-21,159.17781230343712,159.91790829385974,158.73185517097895,159.73764038085938,5147100
2024-05-22,159.41501583972624,159.8135279339121,159.05446555156965,159.22525024414062,4536700
2024-05-23,158.73184585419165,159.50990360666327,156.86263956217738,157.02394104003906,4729800
2024-05-24,157.36551819188995,157.80197758910595,156.70131692781905,156.8721160888672,3820100
2024-05-28,156.075077805758,156.33125480684208,153.9591490163136,154.7656707763672,6466200
2024-05-29,154.32921351184478,154.41462033289494,153.16214139148036,153.38037109375,4360400
2024-05-30,153.38037114623643,154.37665858121417,153.21906967248748,154.26280212402344,4748200
2024-05-31,154.12998271118173,156.34078754090353,153.68402556434324,156.12254333496094,10341400
2024-06-03,155.5437304947526,157.73556864005803,155.25908935215503,156.22689819335938,5828400
2024-06-04,156.35973988198486,158.5705445125529,155.98969190817567,158.46617126464844,6277000
2024-06-05,158.46616318423202,158.46616318423202,156.5400142805466,157.55528259277344,5243300
2024-06-06,157.34654275641626,159.9558594530474,156.6349109300623,159.8514862060547,6302000
2024-06-07,159.78505619561608,160.32590331932911,158.30486435120218,158.51361083984375,4558200
2024-06-10,158.24795590924927,159.13987020347523,157.58376903424738,158.78880310058594,4110600
2024-06-11,158.42820499884508,158.93109027549184,157.5268076809793,158.912109375,3947700
2024-06-12,158.93108796889047,159.0639253140356,155.8188863299037,156.72976684570312,5474500
2024-06-13,156.0561092887016,158.45667938094851,156.0561092887016,157.89686584472656,4902200
2024-06-14,157.49833825684445,158.39023785528767,156.79618974417946,158.2574005126953,3695000
2024-06-17,157.36552235366526,160.07921227477908,156.93853167884552,158.9311065673828,6759400
2024-06-18,158.48514665990842,160.02226673182463,158.39975431773223,159.93687438964844,5112600
2024-06-20,159.756609349098,160.1456382543594,158.323862366003,159.09242248535156,8483600
2024-06-21,158.91214093235808,160.2405291450694,158.62748528119224,159.65223693847656,14682000
2024-06-24,160.12661253520727,160.74336868322072,158.91209561621255,159.8324737548828,7565200
2024-06-25,160.0032999003168,160.26897461631228,157.41294970208145,158.31436157226562,7968200
2024-06-26,157.5553084710052,159.22526614842468,157.18526045528543,158.88368225097656,5164000
2024-06-27,158.9216331790122,159.50042767455133,157.03343141988248,158.09613037109375,5007000
2024-06-28,157.5078448329541,158.68441466915468,156.1604903073076,156.48309326171875,9253100
2024-07-01,157.1188028213239,157.70709492932937,153.90222780202302,154.3956298828125,7638600
2024-07-02,154.26280952411315,155.64811141367514,153.4373212135086,155.51527404785156,5449200
2024-07-03,154.86057488253167,155.80941728503228,154.64233070566254,155.4488525390625,2980500
2024-07-05,155.61966286925784,157.15679765980664,155.13575837637845,156.75828552246094,6509200
2024-07-08,157.46038885992536,158.14355652655024,157.14726913954016,158.00123596191406,5144500
2024-07-09,158.10560467387884,158.22894433363587,156.69182436684602,157.1852264404297,4393100
2024-07-10,157.41295511356785,158.3807784569293,157.0713712558042,158.2669219970703,5037100
2024-07-11,157.79249485029888,158.10561458133748,156.35025034077788,157.0713653564453,5831500
2024-07-12,157.71657620899458,159.06393060548342,157.5268106350723,158.0866241455078,4684600
2024-07-15,157.9537881582451,158.09610872036794,156.04662023487202,156.1604766845703,5752500
2024-07-16,156.47362360905524,158.52312692913029,156.18896795712462,158.4092559814453,6378300
2024-07-17,159.16833490628056,161.46453209869352,158.76982277981432,160.77188110351562,7982300
2024-07-18,160.1645971426643,162.1761383615625,159.67119504962267,159.82301330566406,5926300
2024-07-19,160.3356053104949,161.35696522143925,159.53378760307388,160.32606506347656,6597100
2024-07-22,160.29742730382893,161.03243420713264,160.0778850837172,160.60289001464844,6383000
2024-07-23,160.46923456152254,160.76514242401063,158.7605982433194,159.0469512939453,4863400
2024-07-24,158.76060711949998,160.63151512607942,158.0542355695188,160.36424255371094,5907000
2024-07-25,160.6697274345762,162.35926902211352,159.28561945012393,159.3142547607422,7338300
2024-07-26,159.64833571284782,161.62425932555294,159.438333747287,161.42379760742188,5581600
2024-07-29,161.1756122985688,162.78878795204238,160.46924076079165,162.20651245117188,6797800
2024-07-30,154.43650712777358,154.99970221978984,150.85694766327123,154.35060119628906,15746300
2024-07-31,153.5010232099965,155.45785158389023,151.97375354069212,153.4532928466797,9660900
2024-08-01,153.56786193977499,158.75105649633764,153.37694046996265,158.15924072265625,12532700
2024-08-02,159.82970709064065,162.60744852737045,157.64378144782415,162.34971618652344,11899000
2024-08-05,163.11335957890677,163.11335957890677,159.09470134314907,160.42152404785156,10338800
2024-08-06,160.26879812409518,162.58836015663292,160.22108231831072,160.45016479492188,7454900
2024-08-07,160.9083566019279,163.91518058701877,160.37379684511558,162.29244995117188,8385500
2024-08-08,161.7197122134919,163.76244677358724,161.31880332583924,163.1038055419922,6386900
2024-08-09,162.38790943286298,163.47609496632853,161.93927013206653,162.788818359375,5377300
2024-08-12,161.70058019336514,161.93921742184725,158.6460265818464,159.22830200195312,7208100
2024-08-13,159.73425380881284,160.1733528335209,158.8942604478171,159.6865234375,3770000
2024-08-14,158.9324181645756,161.76743003219175,158.2833317964308,161.1278839111328,5476600
2024-08-15,161.7578705871351,161.9678579549414,159.1710365381304,160.28785705566406,9491400
2024-08-16,160.19243596352163,160.69834581817463,159.2187918092639,160.25924682617188,5640800
2024-08-19,160.5360549581622,161.5478892031296,160.52651471099506,160.76515197753906,3885300
2024-08-20,161.0992586576565,162.80789516946604,160.46925274436927,162.6647186279297,4513600
2024-08-21,162.45470647350447,164.0774369586728,161.89152602507912,162.4260711669922,4082000
2024-08-22,163.11336580051844,163.45700408215913,161.45244501171098,162.41653442382812,4097300
2024-08-23,162.32107168223374,162.3783422957855,160.60288044936624,161.48106384277344,4771300
2024-08-26,161.0324375669232,163.19926820055898,161.0324375669232,162.60745239257812,6472400
2024-08-27,163.06562339765964,163.3233557311898,161.39516248396066,161.55743408203125,4456400
2024-08-28,161.71973695555548,163.41883350543293,160.91791905757722,161.3760986328125,5644800
2024-08-29,162.03468363701043,162.84605606748278,161.26150132093684,162.3019561767578,4413200
2024-08-30,162.42607930660333,164.06790493347705,161.9774400617446,163.74334716796875,7301600
2024-09-03,163.25653937745562,167.04610065467128,163.21836382030787,166.58792114257812,10101400
2024-09-04,165.73836590158092,168.0006426214514,165.73836590158092,167.90518188476562,7517500
2024-09-05,167.99110533982872,168.5256505180742,166.73109350659544,167.49473571777344,6061900
2024-09-06,167.77152450945056,168.99334604611727,167.37061568322508,167.6092529296875,5785700
2024-09-09,167.5615375093143,168.80245421462755,166.7215442312397,168.0579071044922,6450200
2024-09-10,167.91474702586885,169.85248066461742,167.91474702586885,169.70928955078125,6396300
2024-09-11,168.57338173057175,168.95519555543896,165.738369656878,166.0151824951172,6828200
2024-09-12,165.9960814428732,166.67381770760383,164.60244792367186,165.58563232421875,4838900
2024-09-13,165.4901562541246,166.60697684159086,164.94607089547986,166.1678924560547,3918000
2024-09-16,166.7692874833674,169.2511065204902,166.39701389953578,169.18429565429688,6892300
2024-09-17,168.602004933821,168.92654811818286,167.38972355074856,167.88609313964844,4757100
2024-09-18,167.0938276699996,167.9051856891584,164.72654991224246,166.0151824951172,5102900
2024-09-19,165.02245403908907,165.28972662343935,162.63608127505904,163.74334716796875,8692000
2024-09-20,163.71472475949486,166.60700761216805,163.70518451118187,166.3015594482422,28647500
2024-09-23,166.10107647088833,167.22745193415872,164.74561855528427,165.8719940185547,10265000
2024-09-24,165.022435386609,166.5688001020306,164.7742433254344,165.36607360839844,5422400
2024-09-25,166.1583489262191,166.74060982482425,164.23969614326285,164.43060302734375,8916500
2024-09-26,163.70517793653715,166.6738263522826,163.57154163919952,165.33746337890625,4957200
2024-09-27,165.14652267120897,166.52107560680193,164.7360735790523,165.6619873046875,4599500
2024-09-30,165.8338059603711,166.09153828771187,164.860176395329,165.32789611816406,6296600
2024-10-01,165.3661076482802,166.0915597923838,164.37336832975447,165.17518615722656,7130600
2024-10-02,164.19196975790135,164.6119736522094,163.3042461710555,164.10606384277344,6212700
2024-10-03,163.58106472086416,163.58106472086416,162.05379499231555,162.38787841796875,4794300
2024-10-04,161.17561884305906,162.35925038679864,160.6124238132577,161.20425415039062,6002800
2024-10-07,161.47150371077578,161.8724125215301,159.28557846098883,159.5242156982422,6325300
2024-10-08,159.26652601922856,160.92743216126587,158.71288578346162,160.51698303222656,7473000
2024-10-09,160.7269747497099,162.09197290879968,160.3642414474566,161.57652282714844,8758800
2024-10-10,161.12789584448973,162.0728901601742,160.717432145194,161.2710723876953,6932300
2024-10-11,161.75790702975232,163.61927497832474,161.29017269795133,163.31381225585938,7036500
2024-10-14,163.24696660618514,164.984238132944,162.97969406360687,164.6692352294922,5909000
2024-10-15,165.03199035829152,166.96018358400357,164.96517949642603,165.68109130859375,7172200
2024-10-16,164.06789150189155,164.74561315484618,163.12288272120495,164.545166015625,6117000
2024-10-17,164.3542615513173,165.78608524056094,163.95335266616075,164.44972229003906,7045600
2024-10-18,163.5154973005173,165.34940917990053,161.7488037548344,164.45645141601562,8372500
2024-10-21,164.1683860522377,164.64846673464058,161.7391789713511,162.78575134277344,5522500
2024-10-22,161.85438931986295,163.9283264899847,161.85438931986295,162.93936157226562,7511400
2024-10-23,162.7953540474375,163.3906493750313,162.008014735937,162.82415771484375,4837800
2024-10-24,162.6705195056028,163.1890147924007,162.20003521216,162.862548828125,5861200
2024-10-25,162.19046639155104,162.651339773977,161.34551964801952,161.5183563232422,4877900
2024-10-28,162.53612103883904,162.90098706006754,161.671981636972,162.55532836914062,5753800
2024-10-29,162.13285270356837,162.13285270356837,160.18372625631912,160.5101776123047,5681000
2024-10-30,160.43336359503337,160.65421126400935,159.3483911838606,159.54042053222656,5518100
2024-10-31,159.15633685807876,160.38534218895973,158.51303052479724,158.5994415283203,6056500
2024-11-01,158.72426972107164,159.72284572515082,158.41702570890075,158.52264404296875,5454800
2024-11-04,159.1179358892644,159.6460275479891,158.02335256522554,158.50343322753906,5130200
2024-11-05,157.78331784214802,159.6940442203923,157.78331784214802,159.15634155273438,4397400
2024-11-06,159.01232081253875,159.4251831581482,153.44338208552463,154.6339874267578,11473700
2024-11-07,155.50773240785048,157.41844404055706,155.04684442982872,156.89996337890625,9056700
2024-11-08,157.48565851011807,161.06705601097184,157.39923285954256,161.02865600585938,7506200
2024-11-11,160.3469614119807,161.80641091151566,159.17556327630012,159.4156036376953,6364400
2024-11-12,159.52119034481095,160.40453694144244,158.97390604784167,159.23313903808594,6507500
2024-11-13,159.44439180416825,160.1549164791289,159.07952580203985,159.9436798095703,5412300
2024-11-14,160.0685120631884,161.345513821409,159.8764680641205,160.42376708984375,7444300
2024-11-15,161.24950194962406,163.77473102735112,160.2317332470739,162.78575134277344,9939400
2024-11-18,162.3728914657215,164.6196655774309,162.10404745154602,163.9475555419922,6681000
2024-11-19,163.88994964162885,164.35082300555993,162.90098458418296,163.9571533203125,5683700
2024-11-20,163.23702355040305,164.25480687388813,162.75694288213433,164.08197021484375,7081100
2024-11-21,164.8213169468478,166.59760682720707,163.43868212373295,165.86788940429688,6240400
2024-11-22,167.21208441024945,170.33260863292804,166.95285140808937,169.25723266601562,10609800
2024-11-25,170.40942430689722,171.69605159026332,169.85252899189672,170.32301330566406,19357000
2024-11-26,170.14059332928494,172.310567421134,170.14059332928494,172.16653442382812,6276700
2024-11-27,172.82904124594614,173.2419035898242,171.60963224157015,172.21453857421875,5522900
2024-11-29,171.58082701313893,172.47378466992373,171.1775610120068,172.11851501464844,3823700
2024-12-02,171.98410499701828,172.98268105588105,170.91832525873411,172.54100036621094,5728200
2024-12-03,171.64806524874908,172.46419368467002,168.22028186517832,168.4315185546875,8127300
2024-12-04,167.2312961085982,168.1722501042357,166.54958977279418,168.13385009765625,6823500
2024-12-05,167.89380966454308,169.4300736429721,167.50014000557204,169.01719665527344,5022200
2024-12-06,168.38348674494986,169.69891772177996,166.82803008795707,166.89524841308594,5741200
2024-12-09,166.72241229864005,166.83762696963683,163.64028799138396,163.98594665527344,7164300
2024-12-10,163.6306947700127,166.04069447330644,163.16021043631335,165.41659545898438,6219900
2024-12-11,166.11751048435713,166.48237648695223,163.61148876584232,163.83233642578125,5237500
2024-12-12,164.60045981415468,164.97493682057024,163.24664339092186,164.0435791015625,4072800
2024-12-13,163.9667683772393,164.94612246851887,163.34265466909793,164.24520874023438,3884500
2024-12-16,164.6196538879374,165.89667019004116,164.28360621953047,164.32200622558594,5943600
2024-12-17,163.87074763090882,165.09975307521893,163.24664856888748,163.54429626464844,6069200
2024-12-18,162.9969883904991,163.76512041429274,162.2864783554823,162.34408569335938,7517100
2024-12-19,162.27685512097102,163.32344206673542,160.68299850666762,162.44969177246094,8585200
2024-12-20,162.14242860013326,163.10258986790387,160.82701235157498,161.3647003173828,21999300
2024-12-23,161.3647239847416,161.9600193697839,159.73245252030605,161.41273498535156,6983900
2024-12-24,160.94223578675613,162.44008510196718,160.75020645291607,162.20965576171875,2460800
2024-12-26,161.60475339328082,163.5154797413226,161.374324047398,163.3810577392578,3629400
2024-12-27,162.6705504781105,163.9571632999685,162.51692113048244,162.7761688232422,4367900
2024-12-30,161.95042163882414,162.2480693287884,160.06851349864348,160.43336486816406,4354500
2024-12-31,160.69259848302616,161.3839158028385,159.95327016721873,160.97103881835938,3957600
2025-01-02,161.393509905093,161.98881987556433,159.30036529698393,159.36756896972656,5401700
2025-01-03,159.62684405135485,159.86688441834937,157.7065211153987,158.5514678955078,5256600
2025-01-06,156.32386794684288,156.9863816262904,154.04829022256615,154.20191955566406,8731700
2025-01-07,155.0276680384356,156.13184780195033,154.33635064967666,154.87403869628906,8447400
2025-01-08,154.57638641589224,155.93020283204748,154.1731203928992,155.6421661376953,4974800
2025-01-10,153.76984774341236,154.7876311698693,151.19662213358365,152.24319458007812,8501500
2025-01-13,153.00171558638743,153.7122256023268,152.09916158148127,152.51202392578125,6772200
2025-01-14,152.52164710956345,153.69304521159475,152.00315173933947,153.37619018554688,5982200
2025-01-15,154.19230313202883,154.72999112802458,152.99210147993153,153.2897491455078,8059200
2025-01-16,153.26094932352828,154.1827106618633,152.8000759798105,154.10589599609375,5774400
2025-01-17,153.3761765049588,155.30609550867175,153.24175450446486,154.71080017089844,7262700
2025-01-21,154.5475806065445,155.88220432519668,154.5475806065445,155.2772979736328,13914700
2025-01-22,160.44298355264877,161.44154501050116,157.88895058902688,158.177001953125,14356700
2025-01-23,157.3512517102296,159.8476625087612,156.8135636813428,159.5308074951172,7614300
2025-01-24,160.2717492521424,160.2717492521424,157.65383889755577,158.54257202148438,6199800
2025-01-27,161.05421254914805,164.1647857090002,160.46494211227576,163.89430236816406,9170800
2025-01-28,163.16978609050466,163.82666997567875,160.46493801103847,160.54222106933594,6716300
2025-01-29,161.05422483472123,161.6048464133415,160.2427747503136,160.58087158203125,4850300
2025-01-30,161.78837762445843,161.90430958363365,160.29104967214096,161.72076416015625,4136500
2025-01-31,160.3586691365331,160.95759438872187,159.59552291971954,160.34901428222656,5464700
2025-02-03,159.84668534099134,163.6238118318874,159.61483617036896,163.02487182617188,8668600
2025-02-04,163.5368731115355,163.5368731115355,160.62916970759682,162.4163055419922,6410900
2025-02-05,162.3776548299533,163.39197475870145,160.94795502251762,163.26638793945312,7536800
2025-02-06,163.6141465735437,164.15511324576445,162.31968850212468,163.14080810546875,4957900
2025-02-07,163.34368274120598,163.3726620492326,162.16514174733075,162.26174926757812,4535600
2025-02-10,161.99126657639988,162.75441292468753,160.7450973650941,161.83670043945312,7062900
2025-02-11,161.99126037148656,163.80737556045113,160.84169872486484,163.672119140625,5438100
2025-02-12,162.62883604061628,164.3000399688889,162.26174516125184,163.81703186035156,6037400
2025-02-13,163.86530712898977,165.55583521494862,163.39195395843666,165.20806884765625,6328300
2025-02-14,164.0198756575033,164.22274553475035,156.78442412622368,157.3543701171875,13179500
2025-02-18,157.79875888227255,160.1268468207794,156.68783136084718,159.8080596923828,7075300
2025-02-19,160.455300770878,161.1991226507038,159.62452622827445,160.83204650878906,7910700
2025-02-20,157.60553454252343,162.07819419185904,157.26743772222494,161.52757263183594,6162600
2025-02-21,161.74976736877818,164.75407857223243,160.2814185041982,164.4449462890625,9813700
2025-02-24,164.4352824982785,167.10148196467858,164.01988785786904,164.74440002441406,8564100
2025-02-25,165.4592469022744,168.03850828371213,164.9955632721895,166.78268432617188,7314900
2025-02-26,166.42528374726214,166.78270505443265,164.85067249201703,165.4785919189453,5519000
2025-02-27,165.04387527812872,167.2077421535119,164.83135053283394,166.1258087158203,5467000
2025-02-28,167.68107683761312,168.7147064023459,166.00987310758572,167.93223571777344,10240100
2025-03-03,167.68108506205735,170.2989805736537,167.61345685625332,169.62277221679688,7615300
2025-03-04,170.74334705578843,173.87324455158458,167.0338487394466,167.29466247558594,12117600
2025-03-05,167.48789064709445,169.89326151076014,167.1401242313523,168.67608642578125,6989100
2025-03-06,168.94656007538927,169.8642724491543,166.96622406448395,168.72438049316406,6702500
2025-03-07,168.17374468529488,172.81062506151244,168.1351105257641,169.9705352783203,9566700
2025-03-10,170.75299705384026,173.8732396062976,169.85460917444016,170.26998901367188,11047000
2025-03-11,169.85463531990283,170.00920145420537,166.4639236624786,167.23672485351562,11032300
2025-03-12,163.93293555568687,165.9905546450608,162.06853148596676,162.64813232421875,10158800
2025-03-13,162.00088778910123,163.53684976290614,161.59516281905283,162.8606414794922,6609000
2025-03-14,162.08785867918047,162.86067462044525,160.95762144542894,162.26174926757812,6790500
2025-03-17,162.64814382549883,165.27570908403874,162.41630936989898,163.99090576171875,9931700
2025-03-18,164.29037303512285,164.4739037210748,161.88498752495727,162.0105743408203,6099900
2025-03-19,162.16511605719964,163.01521493194238,161.43094913643546,162.84133911132812,7569200
2025-03-20,163.15047624321417,163.45960850407204,160.3876693078064,161.85601806640625,8789200
2025-03-21,161.4599576663573,162.4259739297052,158.5425844237799,161.02525329589844,16027300
2025-03-24,160.7740602630653,161.1991097261651,159.74043065074227,160.02056884765625,6102100
2025-03-25,159.68247146678203,159.75008493190325,156.68781552587143,157.31573486328125,8366700
2025-03-26,157.79873275635342,161.15080973725637,157.45096637752027,160.91896057128906,7756000
2025-03-27,162.16514342252566,163.2857258119235,160.95762310814993,162.9766082763672,6211700
2025-03-28,163.62382992450833,163.94261704177538,161.92363196575081,162.3197021484375,5479100
2025-03-31,162.38731403418996,165.32399652373778,162.38731403418996,164.6284637451172,11520100
2025-04-01,164.77338724693942,165.2370708870552,163.31469337829785,164.7637176513672,7021100
2025-04-02,164.2903824037155,165.0728531682034,162.59018445595177,163.73974609375,6274500
2025-04-03,168.3090216921195,168.8596580776396,164.92796452419287,166.53155517578125,9393300
2025-04-04,165.93260407023814,167.7004154559708,157.91466679415515,158.18515014648438,13454200
2025-04-07,158.09820249387286,159.10285277777945,153.7801092375778,154.78475952148438,15708000
2025-04-08,156.79407514858104,157.73111197059342,151.38439368381208,153.00729370117188,11541100
2025-04-09,152.01230987449574,159.0835407960324,151.36508078909904,156.8037567138672,10670200
2025-04-10,157.36401276672237,159.4602806214833,155.28708410096849,158.0015869140625,10581600
2025-04-11,157.81805695528848,162.31004098934048,157.09354482788368,161.23776245117188,8602800
2025-04-14,161.36333916316352,164.32901596514188,160.14616406065966,163.38232421875,9877300
2025-04-15,163.39198006405394,164.3773207188523,162.5612055394666,162.7447509765625,8765000
2025-04-16,163.53685329236126,163.91359896841104,160.1557970620864,160.73541259765625,5897500
2025-04-17,161.8366885668536,165.8166704897069,161.66281273072292,164.8313446044922,7227100
2025-04-21,165.13948513995462,165.19780502912656,159.68635302060318,161.11524963378906,8062400
2025-04-22,161.22216401283848,164.050797112827,159.93906720504756,163.18568420410156,7907400
2025-04-23,161.74707344020248,161.9512078910243,158.5490758128652,161.09580993652344,9309200
2025-04-24,156.012045815966,156.45918966967002,152.20165993476974,155.0691680908203,20077700
2025-04-25,155.40939468755022,157.2757053213015,153.35839451473032,156.51751708984375,12892800
2025-04-28,156.53693211119506,158.01443344953765,155.90511358978043,157.3242950439453,8127000
2025-04-29,156.77994638753447,157.8491937377355,154.74839125427,157.7228240966797,8266200
2025-04-30,157.90751531652774,158.59766858307745,155.4774211601265,158.024169921875,12475500
2025-05-01,156.16758516557064,156.8382935719976,154.60260382794732,155.506591796875,6792800
2025-05-02,156.43000302332482,157.2854008530894,155.42880548717605,156.03147888183594,5750200
2025-05-05,156.3911434383269,156.41058834513083,153.60140001274362,154.3887481689453,7576200
2025-05-06,153.6208401205942,155.24415622208724,153.24174598980773,154.79701232910156,7703800
2025-05-07,154.57345220169515,155.5746499302945,154.10686338734476,154.8358917236328,6430000
2025-05-08,153.95133613410349,155.52603246654945,153.59167209818418,154.21377563476562,7230800
2025-05-09,153.6013990033309,154.6803614260288,153.008455422711,153.25146484375,6453200
2025-05-12,153.02786170373824,156.54664765910505,152.30856342185834,156.4008331298828,7378400
2025-05-13,155.54547131775647,156.22589471688306,152.95984756895766,154.29153442382812,7780800
2025-05-14,153.69858951971256,154.7095169885913,153.1639806742613,153.6013946533203,5988900
2025-05-15,155.12748381357605,158.35465590623195,154.26237090499833,157.86863708496094,8727300
2025-05-16,158.10193641345094,158.86012468295343,157.32431806779041,158.71432495117188,7100800
2025-05-19,158.89899155520567,160.53200764383564,158.84067167091416,160.1626434326172,8119900
2025-05-20,160.0071184453218,161.35825018794822,159.99740340836675,161.00831604003906,5576600
2025-05-21,160.21127042508553,161.7179170845922,160.01685100775126,160.80419921875,6424200
2025-05-22,159.84187609290487,161.55265704467544,159.43362205323638,160.41537475585938,6245600
2025-05-23,160.22095519473248,161.57208683008753,158.9086985362287,161.22215270996094,5349800
2025-05-27,160.64868153901418,163.2828955100054,160.64868153901418,163.0690460205078,11423800
2025-05-28,162.96212123497224,164.11884851911458,162.3886225278808,162.68023681640625,5385900
2025-05-29,162.07756361282063,164.2646483322331,161.78594935047548,163.84666442871094,4842500
2025-05-30,164.03134307432492,166.20871261232531,163.88554336888325,165.13946533203125,12587500
2025-06-02,164.2938178171488,164.31324789221412,161.58182430158382,163.08848571777344,7574400
2025-06-03,162.11644426104394,162.72883275016855,161.26104635015471,162.1844940185547,6223000
2025-06-04,162.02895981394332,163.35093162397465,161.28048666323355,161.3096466064453,4939000
2025-06-05,160.8041752780339,160.8139051467235,157.965827226536,158.2477264404297,10351800
2025-06-06,158.72402608276096,160.61951142256478,158.7143110455331,159.43362426757812,5697700
2025-06-09,158.8212431641846,159.43363167671023,157.53816108093878,158.0144500732422,6544200
2025-06-10,158.14082136645246,158.93788459587694,157.39234815804798,158.28662109375,7680000
2025-06-11,158.08250541339714,158.21859010630433,157.168787547255,157.57704162597656,5960100
2025-06-12,157.4409387016477,158.74346558751714,157.15903947833547,158.61709594726562,6509900
2025-06-13,158.20885187537516,158.4713062092975,155.4385533092826,155.79820251464844,7104500
2025-06-16,156.3814239501953,157.4214965367743,155.53574109765088,156.3814239501953,6332000
2025-06-17,155.58434910764802,155.88567841612257,153.88328316305612,154.08741760253906,6809700
2025-06-18,154.11657342476363,154.21376829115587,153.25146050364958,153.6013946533203,7211200
2025-06-20,153.61111708851595,154.88448410688727,153.43615742131303,154.6317596435547,16173400
2025-06-23,154.6220361906173,156.6827512634819,154.5539864356632,156.5272216796875,6588200
2025-06-24,156.67303981696412,157.2173934242528,155.18582322333347,155.8759765625,7470100
2025-06-25,155.3510486428642,155.8564974906597,154.27208636711788,154.52481079101562,5933700
2025-06-26,155.088624135807,155.09833917362872,152.77516957202266,154.19435119628906,7410400
2025-06-27,154.24292622193488,155.65239267135047,153.86383213408064,155.3899383544922,19257000
2025-06-30,154.8067012963445,155.42880476087083,153.7083089051112,154.8650360107422,11238200
2025-07-01,155.4094022787118,157.98529641754885,154.9233833972619,156.71192932128906,10664900
2025-07-02,156.63415447633918,156.8382889195906,155.38994740618082,156.69247436523438,8848700
2025-07-03,157.26595724100488,157.48953656878732,155.3218820352797,156.3328094482422,6999600
2025-07-07,156.39113326593971,156.67301765173048,154.83586712938376,156.0120391845703,7225700
2025-07-08,155.0594628675265,155.3121873378044,153.03762260894715,153.47503662109375,12034800
2025-07-09,153.6791706245995,153.77636549806186,151.58928061155683,153.11538696289062,18770900
2025-07-10,153.34865986736696,155.1469355177143,152.64879154750017,154.05825805664062,7200500
2025-07-11,153.6305612583487,153.6305612583487,152.06557997003077,152.6585235595703,8053800
2025-07-14,151.22962597360984,151.44347545252165,148.5856822635347,149.46051025390625,11491700
2025-07-15,149.26608812263814,149.74239187547778,147.65250218325457,148.4106903076172,9142600
2025-07-16,148.46902772193218,149.4604953905234,148.01216886533723,149.43133544921875,8479000
2025-07-17,149.73267239253965,151.39486329254126,149.57715764166278,151.26849365234375,8320000
2025-07-18,150.50219586228826,152.2540505817674,150.35539906838767,151.7940673828125,7337300
2025-07-21,151.76469592541798,152.61614712926362,151.5885248532318,151.7255401611328,6328400
2025-07-22,151.61789621928125,154.99435687922127,151.59831833558792,154.9454345703125,8187000
2025-07-23,154.84754654639278,155.49348224984857,154.31904826772953,154.90626525878906,4804800
2025-07-24,155.48370651317148,155.63051824722876,154.68119244781664,155.42498779296875,7027400
2025-07-25,153.98631325761204,155.06287286345747,153.67314178453415,154.9258575439453,5799900
2025-07-28,154.27013563856093,154.7203224175326,152.89996755133777,153.76121520996094,7885000
2025-07-29,155.26837677032339,155.26837677032339,151.53958912972797,153.27186584472656,11466100
2025-07-30,153.65354585182126,153.65354585182126,148.8090580616741,149.62136840820312,8162900
2025-07-31,148.5644093947727,148.7601434389033,146.71469505067046,147.26275634765625,11845400
2025-08-01,148.54483811957488,150.21839637848714,147.31170014649018,147.4389190673828,8594200
2025-08-04,147.04743055990627,148.23164605564276,146.82233717704855,147.5465545654297,7679400
2025-08-05,147.49762883750319,148.83842256255264,147.11594226953406,147.3018798828125,6670100
2025-08-06,147.64443641894132,150.20858663061105,147.008297070314,149.601806640625,7376200
2025-08-07,149.85624491942409,150.72727398660254,149.44519900459755,150.21836853027344,6719000
2025-08-08,149.51372813417484,150.5119761922033,149.31799409928004,150.23794555664062,5811000
2025-08-11,150.26731147693593,152.07788497926214,150.0422180736552,151.67662048339844,7331700
2025-08-12,151.7549118814028,152.22467655625786,151.02089804351374,151.78427124023438,6938000
2025-08-13,151.90172384870633,153.6633451155789,151.6472561603649,152.0974578857422,5812400
2025-08-14,151.34385377422552,151.40257248717472,150.00306005005726,150.46304321289062,6343700
2025-08-15,151.17748017109554,152.28339905123167,150.92302743534637,151.06982421875,7121700
2025-08-18,151.12855474339406,153.57526754833222,150.88388346290026,152.40084838867188,8274500
2025-08-19,152.41062476202555,155.31732067167744,152.35190604604057,155.02371215820312,7868100
2025-08-20,155.19989163142847,157.59766724294354,155.03351694929194,156.1100616455078,7840400
2025-08-21,154.56372863114285,155.66964755825543,153.82971481584852,155.3466796875,6417500
2025-08-22,155.9828215356498,157.2551001006948,154.9356214077657,155.28794860839844,5797300
2025-08-25,155.01393050563155,155.31732049357234,152.56721778540026,152.82167053222656,4692500
2025-08-26,152.59658582738962,153.3599590448602,152.0289466519666,152.64552307128906,6338000
2025-08-27,152.82167815410557,153.78080034042733,152.4693509074782,153.6144256591797,4551200
2025-08-28,153.6535673413081,153.66334881665304,151.72555641629046,152.33233642578125,5857400
2025-08-29,152.76295537841256,154.20162368613916,152.33233154024273,153.6927032470703,5318200
2025-09-02,154.0058754405069,155.47390297142167,153.6339703539397,154.62245178222656,6432800
2025-09-03,154.28969408819634,155.2585976758883,153.16421224004372,154.79861450195312,6592500
2025-09-04,155.14117300519342,156.34495154934362,154.44629998310094,155.79689025878906,6934900
2025-09-05,155.1705236211177,157.137675271058,155.0335083061997,156.60919189453125,6436200
2025-09-08,156.2079293133361,156.8538650629951,154.87691698080363,155.62071228027344,7178400
2025-09-09,155.22923843205615,156.46237623529723,154.82797397219434,156.06112670898438,4984900
2025-09-10,155.21945002404337,155.55219934653158,152.5672070511561,153.99609375,6205500
2025-09-11,154.35821803166013,155.95347955300494,154.03525015063974,155.2488250732422,5819500
2025-09-12,154.56372214966544,155.73815615172708,154.41692536618206,154.53436279296875,5957000
2025-09-15,154.51480493608133,155.1411627888325,152.87060623914135,153.4871826171875,5995000
2025-09-16,153.79057583731483,155.0139322108882,153.54590456260016,154.68118286132812,6559600
2025-09-17,155.05305668687828,158.22400144874192,155.05305668687828,156.91256713867188,6764200
2025-09-18,154.77904661120462,155.63051282513092,153.8101578945142,153.9667510986328,7651500
2025-09-19,154.25054717180527,154.26032864596417,152.64550433039255,152.71400451660156,17224800
2025-09-22,152.75316388507665,152.75316388507665,149.78774938817966,149.8073272705078,8712900
2025-09-23,149.93454247147426,150.02262053945424,147.75207905252998,149.2494659423828,8853400
2025-09-24,148.80906440699047,150.35538857352498,148.55459673725838,149.17117309570312,6483300
2025-09-25,149.96390301146852,150.60005724129255,148.54481270424327,148.90692138671875,7511400
2025-09-26,148.98521680489458,149.42562207834277,148.30014027580313,149.2494659423828,5721100
2025-09-29,149.17118152195687,150.44347514183943,148.55460512868348,150.2575225830078,8139700
2025-09-30,150.18901660551364,151.0894050730471,149.58222171056255,150.3749542236328,7762600
2025-10-01,150.42388315550411,150.60983569690188,148.18270105179772,149.9149627685547,7566000
2025-10-02,149.46478397245383,149.54308056949685,148.3980208381467,148.80906677246094,6892100
2025-10-03,148.76013438797045,150.15964690522725,148.76013438797045,149.02438354492188,5212600
2025-10-06,148.270788413019,149.07331734018973,147.19422886036295,147.2040252685547,6737000
2025-10-07,147.54656169532586,149.90519639268422,146.85170363054203,149.2886199951172,6844400
2025-10-08,149.53328757988405,149.53328757988405,147.4193391455907,147.47805786132812,5254700
2025-10-09,147.52698503268064,147.65420393024516,146.391706827416,147.37039184570312,6134500
2025-10-10,147.72273075948178,148.28057349868007,146.26448459056263,146.49937438964844,7374000
2025-10-13,145.824076793637,146.24490420956874,143.83734727764255,144.3462677001953,7511100
2025-10-14,144.4245614531163,146.0687451855944,143.9450003977024,145.9806671142578,8585300
2025-10-15,145.3640967963042,146.22534446356136,144.13095894563563,144.2777557373047,10003100
2025-10-16,144.85517996108314,147.19423681226363,144.76710188389367,146.4113006591797,8809700
2025-10-17,147.36061713670907,148.7894889662187,147.2235868916517,148.17291259765625,8612900
2025-10-20,148.35886940340424,149.1418204631398,148.07505729769414,148.7209930419922,5601300
2025-10-21,148.72099365201555,149.03416511706473,147.65421554864483,148.3882293701172,6013400
2025-10-22,148.0750609515624,150.18902438494732,147.57592198522028,148.95587158203125,6394400
2025-10-23,149.1026677703594,150.03241554641374,147.3703911151846,148.9656524658203,8205400
2025-10-24,154.13671657234877,155.1222454891489,149.33719555968506,150.28330993652344,11968500
2025-10-27,149.41605061362142,149.56387394676975,147.95747192063496,149.54417419433594,7775300
2025-10-28,148.9331374037572,150.95347485777054,148.44037290463098,149.1795196533203,5819300
2025-10-29,148.47979078198844,148.78530234128826,146.32148003986663,146.6171417236328,7405500
2025-10-30,147.30701174739386,148.61776704110622,147.17888817314298,147.41542053222656,6760700
2025-10-31,146.55801833970665,148.91343195389567,146.3806153070593,148.19398498535156,7930300
2025-11-03,147.92790809463196,148.04616676182263,145.631623732812,145.8780059814453,8946400
2025-11-04,146.4496127257825,147.33658279430247,144.13361360312197,145.04029846191406,9295400
2025-11-05,144.74462509442617,145.28666899838325,143.54227863036783,143.6802520751953,11199900
2025-11-06,143.76896810418373,144.55737923416314,142.3695187990984,144.01535034179688,10024500
2025-11-07,144.82347793672176,145.79915702262863,143.887228430557,144.85304260253906,8500100
2025-11-10,144.26172520024414,144.49824251194846,142.0048555978814,143.3944549560547,10208100
2025-11-11,143.8478058079964,146.49886593455332,143.56199400384676,146.3904571533203,7332500
2025-11-12,146.38061280628526,146.99163593923274,145.37536907306662,145.86813354492188,7851100
2025-11-13,146.03566543847782,146.84380635611657,145.50348644825976,145.81886291503906,7566800
2025-11-14,146.942364680746,147.21831156909852,145.47392120931636,145.53305053710938,9150800
2025-11-17,145.611902524575,145.83856997269334,142.91154778489712,143.7098388671875,9902300
2025-11-18,144.212447091072,145.2571053287713,143.4043061672803,144.86289978027344,10735200
2025-11-19,144.833335116035,145.40492864996358,143.74924730069924,144.86289978027344,6367000
2025-11-20,144.51795940169347,146.50873201935462,144.0153450690368,146.0455322265625,9021300
2025-11-21,146.2327861066487,149.30763152794248,146.1539419884132,148.73602294921875,12018000
2025-11-24,147.92790318934624,148.23341476144415,144.41940745324712,144.85304260253906,13846900
2025-11-25,145.1881195563709,146.49885971291667,145.0895606547165,146.3411865234375,10477700
2025-11-26,145.77943369126635,146.81424204817648,145.47392213706894,146.1046600341797,9238500
2025-11-28,145.6611849210701,146.55801989379296,145.05014673322594,146.01597595214844,4707200
2025-12-01,145.95684922596197,146.7354105102405,145.21770248451648,145.306396484375,8240700
2025-12-02,143.18749360323747,144.0744786752911,140.4477243429854,143.74925231933594,16376800
2025-12-03,143.80838354188865,146.14408235686736,143.74925421056946,144.5869598388672,9125300
2025-12-04,144.54754086593837,145.28668763762224,142.40894467775726,143.25650024414062,10479300
2025-12-05,143.05939143435612,143.52259126151858,141.17702745911959,141.37413024902344,12791700
2025-12-08,140.84194832936856,140.84194832936856,136.1409709445997,136.33807373046875,17507500
2025-12-09,137.1757703942462,138.84131664614492,136.98851749662762,137.60940551757812,10375700
2025-12-10,137.6291082264464,139.23552518477814,137.5206994432833,137.79666137695312,13650400
2025-12-11,138.95958534596835,139.78742607508474,138.32884740407317,138.72305297851562,11798000
2025-12-12,138.9595795906534,141.03904624136598,138.8018913522159,140.77294921875,10268800
2025-12-15,141.19673129774333,143.21706857300535,141.12773705574003,143.02981567382812,13877700
2025-12-16,143.98577795425717,144.41939803729915,142.55674902235805,143.10865783691406,10251700
2025-12-17,144.5672481238911,146.30177371071878,144.3307157556051,145.67103576660156,9833300
2025-12-18,144.49824207550833,145.3655123170783,143.2466312035797,143.41416931152344,12239900
2025-12-19,143.40430011657747,143.93649412637006,141.85702761413128,142.3695068359375,19345600
2025-12-22,141.6303657655459,142.31036807910905,140.35902505493178,140.6251220703125,11731400
2025-12-23,140.42801467658208,141.65006085609454,140.02394422910842,141.10801696777344,9541600
2025-12-24,140.8320910560058,142.64547588312772,140.76311184429966,142.3990936279297,3259200
2025-12-26,142.2216767785809,143.5324320535533,142.2216767785809,142.6454620361328,4711500
2025-12-29,142.70458796897623,142.97068498306004,141.86688238736824,142.47792053222656,7662100
2025-12-30,142.20195615078617,142.36950929459834,141.49238918877063,141.96543884277344,6006400
2025-12-31,141.91617770255507,142.05415116269117,141.15731615281692,141.2361602783203,5293200
