date,Open,High,Low,Close,Volume
2016-01-04,169.4601559928339,169.9165744875018,167.85421136208558,169.9081268310547,222353500
2016-01-05,170.22931438900892,170.65192938292125,169.0882616437573,170.1955108642578,110845800
2016-01-06,167.64294053081133,169.0967373830813,167.01747849014774,168.0486602783203,152112600
2016-01-07,165.09878489652976,166.88222079288164,163.62807998718796,164.0168914794922,213436100
2016-01-08,164.9804741804424,165.53832917185426,161.92919283899013,162.21656799316406,209817200
2016-01-11,163.13788406435606,163.47598389884607,160.44161043099166,162.37718200683594,187941300
2016-01-12,163.82251103515432,164.4395254227884,161.55728756572674,163.68727111816406,172330500
2016-01-13,164.35503341887548,164.70158094597977,159.22449207445186,159.60484313964844,221168900
2016-01-14,160.21335217593364,163.34914831411587,158.61586796094596,162.22499084472656,240795600
2016-01-15,157.86364208133338,159.5456418613754,156.80710437138185,158.74267578125,324846400
2016-01-19,160.5598936850177,160.6866730239404,157.3818206860378,158.95394897460938,195244400
2016-01-20,156.39290793131943,158.48062709063498,153.00354022959485,156.9169464111328,286547800
2016-01-21,157.39029842299223,159.63860062752195,156.0632810105243,157.79600524902344,195772900
2016-01-22,160.40786515572725,161.2361875475884,159.64716276076027,161.03334045410156,168319600
2016-01-25,160.52610746192698,160.7205067839082,158.4045844426672,158.59898376464844,130371700
2016-01-26,159.2582327424634,161.041668532484,158.92014590624152,160.7627410888672,141036800
2016-01-27,160.23873422062803,161.91228631514613,158.1087506203031,159.01315307617188,185681700
2016-01-28,160.5599272369545,160.7627742216194,158.19328020408372,159.8414764404297,143798800
2016-01-29,160.61062728231084,163.873215985602,160.49229558414746,163.73797607421875,210529300
2016-02-01,162.73216408290494,164.4648885160024,162.14895320031806,163.67881774902344,136061600
2016-02-02,162.2503902851481,162.25883794392138,160.20492190938126,160.72897338867188,182564900
2016-02-03,161.78546543303634,162.09819638281365,158.14252646594213,161.69248962402344,205054900
2016-02-04,161.1938364326577,162.91810014463994,160.5599138640015,161.9460906982422,139531800
2016-02-05,161.43049912112437,162.00524939021113,158.22706986575446,158.86099243164062,180788300
2016-02-08,157.0183545304462,157.31417724280985,154.50802081723677,156.72251892089844,191526700
2016-02-09,154.98139838987723,158.00732382709526,154.84615847267247,156.73101806640625,184513100
2016-02-10,157.55938724544134,159.19067557444905,156.46903290883773,156.5958251953125,148214100
2016-02-11,154.11925359153506,155.60686682417594,153.0627159648016,154.55877685546875,219058900
2016-02-12,156.3337826725911,157.76221086969568,155.48855247688485,157.7453155517578,127632400
2016-02-16,159.55406772031768,160.43310122907792,158.5905060542674,160.40774536132812,120250700
2016-02-17,161.57415758059193,163.39985733676687,161.44736535194392,163.0279541015625,136009500
2016-02-18,163.29843531898203,163.35760761031935,162.04749851565145,162.3602294921875,102343000
2016-02-19,161.5826523475565,162.43633018840046,160.9740855847328,162.28419494628906,114793000
2016-02-22,163.86477905285352,164.77762924050367,163.79715908741392,164.63394165039062,103640300
2016-02-23,163.97465273403023,164.24513257867517,162.43632763628713,162.55467224121094,111455300
2016-02-24,161.12618197413295,163.57734355583707,160.0189328548697,163.2984161376953,150812200
2016-02-25,163.74642645005426,165.28475144889893,162.98572450597618,165.2762908935547,110728300
2016-02-26,166.14690025152532,166.23986318866883,164.7353545219734,164.8959503173828,129833700
2016-02-29,164.91286205285977,165.8595157337722,163.40835335404287,163.60275268554688,125918100
2016-03-01,164.82831369073514,167.5330602715892,164.35498690824195,167.4485321044922,141799700
2016-03-02,167.13582028123787,168.25151741126524,166.7216528504338,168.2008056640625,102415000
2016-03-03,168.02327923672547,168.87696985804945,167.4485289821829,168.8600616455078,95172200
2016-03-04,169.05447449579614,170.18709267747013,168.2261525755054,169.4094696044922,129293600
2016-03-07,168.48814026472485,169.9503974086945,168.41207266223464,169.544677734375,100219000
2016-03-08,168.47128767517106,168.97841805089885,167.53308164830707,167.69366455078125,123974900
2016-03-09,168.50506444392124,168.8685071772735,167.71899378547243,168.52197265625,94801200
2016-03-10,169.01220401027405,169.950409867992,166.83150896538407,168.65719604492188,156838700
2016-03-11,170.11098495754135,171.4210940354424,168.6402930134651,171.3788299560547,137964500
2016-03-14,170.87171300803712,171.61550669502927,170.54207379862802,171.15908813476562,73612000
2016-03-15,170.19550799686036,171.18442551829193,169.93348876859892,170.88014221191406,93169100
2016-03-16,170.39843290474928,172.2748451944404,170.3561688104932,171.86912536621094,129303200
2016-03-17,171.78455764242833,173.46655716459603,171.38729849261688,172.9594268798828,134278500
2016-03-18,173.46064914307334,173.97889914453387,173.14630524444627,173.63906860351562,138372400
2016-03-21,173.37575207632625,174.11489086366146,173.14635925953976,173.885498046875,72926700
2016-03-22,173.1123485254018,174.36124610349137,172.9509374130184,173.79202270507812,97471900
2016-03-23,173.40973655074222,173.59664730283123,172.47518279029714,172.64511108398438,81052500
2016-03-24,171.61706748784076,172.60259435302078,171.39617889959257,172.568603515625,84360900
2016-03-28,172.98495254878787,173.19734996545483,172.2203270342706,172.6706085205078,62408200
2016-03-29,172.26276003646242,174.37824252994776,171.95690730202728,174.26779174804688,92922900
2016-03-30,175.27032421900458,175.7545835143622,174.66710994321056,175.03244018554688,86365300
2016-03-31,174.93897488037737,175.3637696250937,174.44621142086157,174.60763549804688,94584100
2016-04-01,173.61360475833655,175.98395355789424,173.29924785472707,175.7970428466797,114423500
2016-04-04,175.72062303336168,175.9245292095298,174.9220067146725,175.2278594970703,63497000
2016-04-05,173.88546041373525,175.2363044443393,173.22278172084626,173.4776611328125,99662200
2016-04-06,173.47765747274903,175.43171563832263,173.29923799902537,175.3722381591797,91839800
2016-04-07,174.28475606093028,174.64158202679974,172.54309532746632,173.27374267578125,113859000
2016-04-08,174.4546797983895,174.88797867801816,173.20578237541002,173.74102783203125,95040600
2016-04-11,174.37824339944453,175.07491300612878,173.23979659036752,173.333251953125,83757500
2016-04-12,173.50314933463957,175.22781478977706,173.06135921418053,174.94744873046875,115350600
2016-04-13,175.8650101881761,176.79956373697718,175.72907276949485,176.714599609375,96336400
2016-04-14,176.7740697487607,177.2243510861963,176.37476170028683,176.72308349609375,65212900
2016-04-15,176.72308136993018,176.8590187813295,176.2048313322123,176.52767944335938,75761600
2016-04-18,176.52772095716665,177.80210532039408,175.86504212538503,177.76812744140625,82531000
2016-04-19,178.1929024397327,178.58370634137805,177.5132282620851,178.32882690429688,88316100
2016-04-20,178.3713025834669,179.19540538775044,177.89553456526323,178.49874877929688,81100300
2016-04-21,178.5157189044119,178.62616967376115,177.2668214610352,177.5386962890625,85695000
2016-04-22,177.18187030005564,177.8105581533845,176.63813360770632,177.5386962890625,99251700
2016-04-25,176.9354724059331,177.2753159223156,176.3237670401492,177.2328338623047,66166500
2016-04-26,177.59817766743848,178.0059899481992,177.0204630485873,177.49623107910156,75864200
2016-04-27,177.11388375120296,178.2523303105472,176.75705779814152,177.8615264892578,77329400
2016-04-28,177.10540802449896,178.20986384856798,175.83102395330687,176.247314453125,97216200
2016-04-29,175.62710041549644,175.97543513836212,174.19129243017042,175.29576110839844,142424100
2016-05-02,175.79704592408345,176.8675239549284,175.3637599752499,176.68911743164062,62188000
2016-05-03,175.45725048426755,175.6951345387806,174.4037546973465,175.15139770507812,106422100
2016-05-04,174.15734920959673,174.88799666851617,173.67307699165534,174.17433166503906,92243800
2016-05-05,174.64158970254306,174.9984156840955,173.71554039586846,174.1403350830078,67619200
2016-05-06,173.3672507919475,174.82005470435467,173.2143308873301,174.77757263183594,89315000
2016-05-09,174.65010467730497,175.35525249343715,174.4716851936592,174.92196655273438,74374900
2016-05-10,175.62713766324902,177.1139192474971,175.55916894946716,177.096923828125,77472200
2016-05-11,176.6382324415063,177.17346524264093,175.4403076171875,175.4403076171875,81727000
2016-05-12,176.1113923507691,176.2813206126645,174.48018215348213,175.49119567871094,89586300
2016-05-13,175.19387511574035,175.74610316393924,173.63912460988232,173.9619598388672,96474600
2016-05-16,174.13191506868455,176.1539297910658,174.07243756558287,175.67816162109375,77486800
2016-05-17,175.40627668104864,175.69513403731736,173.511682515837,174.03843688964844,114924900
2016-05-18,173.6901235592027,175.27036094901953,173.00195796365043,174.0894317626953,120062100
2016-05-19,173.36723352412886,173.77503285953244,172.27975998724793,173.48617553710938,115430500
2016-05-20,174.09794194220893,175.1004646570237,174.04696862791036,174.58221435546875,104990400
2016-05-23,174.59911999939837,174.87948606839956,174.1573428273716,174.34425354003906,58682600
2016-05-24,175.1598116062158,176.91846755108577,175.1343249661774,176.60411071777344,93537800
2016-05-25,177.28384338070174,178.21839703711953,176.60416917273494,177.80209350585938,76621400
2016-05-26,177.93803726052116,178.16743006864576,177.53872913529634,177.8530731201172,55280700
2016-05-27,178.0145072396567,178.62621278665296,177.96353393802508,178.6177215576172,64211200
2016-05-31,178.8896139764471,179.00006479127913,177.71717598426272,178.2779083251953,109879400
2016-06-01,177.66615276960985,178.82159501256743,177.47075081370213,178.6431884765625,69936200
2016-06-02,178.24387532557296,179.20390262173052,177.76810729142292,179.18692016601562,63044700
2016-06-03,178.62621622955234,179.00003773366728,177.44528718539402,178.65170288085938,101757100
2016-06-06,179.00847386468456,179.91754069385723,178.8470498136199,179.5607147216797,64887000
2016-06-07,179.71369223009214,180.4018577517311,179.6882055784543,179.84112548828125,60974800
2016-06-08,179.97704097875845,180.55476859404234,179.84960773611868,180.4273223876953,66170900
2016-06-09,179.69671214719506,180.29992653610302,179.4248501852817,180.1809844970703,73786900
2016-06-10,178.80462126420403,179.14445189656794,177.9295321066371,178.47328186035156,113829200
2016-06-13,177.8700533632236,178.72813406776956,177.01197265867765,177.096923828125,117751200
2016-06-14,176.71463357084795,177.34333453029458,175.7970752639697,176.7486114501953,125059300
2016-06-15,176.74861832704423,177.87008284476488,176.31533228903874,176.5022430419922,109124500
2016-06-16,176.5022198364116,177.1988894537725,174.66710339252674,177.02896118164062,149533100
2016-06-17,176.9247591709658,176.95037835738,175.71206989991128,176.36965942382812,117055700
2016-06-20,178.33391227724638,179.00857269505818,177.42011769051902,177.50552368164062,82789600
2016-06-21,177.88983883558544,178.41931953582304,177.4457511021882,178.0093994140625,72461700
2016-06-22,178.18870321431743,178.91461497918837,177.57381662154108,177.71900939941406,95560500
2016-06-23,179.17934803869173,180.08459408836288,178.7181896283184,180.03335571289062,102731400
2016-06-24,173.90162027493437,180.0675579096648,173.12447001464724,173.5685577392578,333444400
2016-06-27,172.1593818753128,172.16793029087916,169.64859754960628,170.4599151611328,230775800
2016-06-28,172.06546850005265,173.55998198159097,171.75802520546267,173.53436279296875,159382400
2016-06-29,174.93491196423045,176.71978470349455,174.8324352231808,176.4892120361328,137328600
2016-06-30,176.95890376909844,178.94872982124562,176.40379106300261,178.89749145507812,165021900
2016-07-01,178.89756514031532,179.7601214298107,178.7353015598706,179.27333068847656,106055300
2016-07-05,178.4449231161789,178.55594829759565,177.3859618083562,177.9837646484375,109803700
2016-07-06,177.488433771584,179.17083009603255,176.83084414971785,179.05126953125,96021500
2016-07-07,179.2305449614784,179.89666975080144,178.1715840303084,178.940185546875,85593800
2016-07-08,180.23828636373955,181.85236002539787,180.00770068889682,181.6046905517578,133971000
2016-07-11,182.06590493697192,182.8174358882521,181.86093839631639,182.2452392578125,73633900
2016-07-12,183.21027279368047,183.86786237841264,182.27085910120599,183.56895446777344,101275600
2016-07-13,183.98736143478936,183.9958968178229,183.05649647048625,183.54327392578125,87324100
2016-07-14,184.80725159441695,185.03783731031177,184.17529426872974,184.56813049316406,91230900
2016-07-15,185.13173906391825,185.32815713411082,183.87634703537637,184.3204345703125,107155400
2016-07-18,184.4400456808458,184.97807470667493,184.18384076230222,184.81581115722656,58725900
2016-07-19,184.39734395611424,184.6620842623495,184.1496874528655,184.6279296875,54345700
2016-07-20,184.62792842682754,185.63565126705168,184.62792842682754,185.3965301513672,58159500
2016-07-21,185.28549535864153,185.50753264431123,184.25214042488253,184.69622802734375,67777300
2016-07-22,184.81581496856785,185.57588132287663,184.55107465869187,185.52464294433594,62787500
2016-07-25,185.31964455929952,185.37088292903695,184.44001779581654,185.02073669433594,55873100
2016-07-26,184.9183031594039,185.4648676161722,184.26071352151683,185.10618591308594,70080500
2016-07-27,185.48195844957993,185.55028063815573,184.14115993213971,184.90977478027344,84083900
2016-07-28,184.71334262754263,185.4136352834083,184.25218414599388,185.12327575683594,65035700
2016-07-29,184.85849926135842,185.78081604403943,184.5766751767694,185.42213439941406,79519400
2016-08-01,185.4819192659229,185.8747554783394,184.81579435693638,185.26841735839844,73311400
2016-08-02,185.02076050196183,185.1744886620766,183.24443597726173,184.08135986328125,92295500
2016-08-03,184.02158196101436,184.67917156164796,183.72268707427097,184.619384765625,53993600
2016-08-04,184.7304051740042,185.13178983912698,182.97115138106105,184.81581115722656,46585500
2016-08-05,184.81580834088703,186.37009556908544,184.81580834088703,186.327392578125,71892200
2016-08-08,186.51524920275074,186.61773897293264,185.95161410679665,186.2163543701172,39906500
2016-08-09,186.28470261828784,186.8227186047949,186.00287851529686,186.327392578125,51251700
2016-08-10,186.43844037503354,186.515297949416,185.51611038906955,185.8662567138672,57941100
2016-08-11,186.3956973170942,186.97642927134805,186.13095704148282,186.728759765625,72504300
2016-08-12,186.42128980283556,186.77998441706882,186.1650979799835,186.5664825439453,61313500
2016-08-15,186.9337390354792,187.45468423729244,186.92520364995283,187.1045379638672,49813500
2016-08-16,186.68607547722425,186.75438462109534,186.13951110839844,186.13951110839844,53213600
2016-08-17,186.17369109954961,186.6263141684485,185.33676714607375,186.4896697998047,75134300
2016-08-18,186.4640696208249,186.94231192871393,186.35305746221707,186.9081573486328,52989300
2016-08-19,186.43843903423905,186.81420454779516,185.9516613688594,186.63485717773438,75443000
2016-08-22,186.3957112750905,186.85688271905013,186.0284942281625,186.6262969970703,61368800
2016-08-23,187.24118104085886,187.5400889368396,186.94227314487813,187.00205993652344,53399200
2016-08-24,186.85689801673703,186.95083939033645,185.6271247736624,186.04559326171875,71728900
2016-08-25,185.66126030541366,186.33593365509222,185.50754518135895,185.91746520996094,69224800
2016-08-26,186.10535078200306,187.13015738473075,184.67915952994585,185.56732177734375,122506300
2016-08-29,185.69545453958983,186.7458804646386,185.66128693081814,186.48114013671875,70502200
2016-08-30,186.39571284425205,186.67753694435032,185.6185757536911,186.17367553710938,58114500
2016-08-31,185.8405984014118,185.96015894676873,184.86703023747037,185.64418029785156,85269500
2016-09-01,185.6357024473029,185.9431458281064,184.49133493086146,185.6527862548828,97844200
2016-09-02,186.50675360366623,186.9166736784734,185.91748616612355,186.4896697998047,79293900
2016-09-06,186.77147485531145,187.1301565130392,186.054111539856,187.0532989501953,56702100
2016-09-07,186.8911056056694,187.21563281218025,186.42994702426833,187.03628540039062,76554900
2016-09-08,186.7031790491286,186.97646779711627,186.30179434497467,186.60923767089844,74102900
2016-09-09,185.29402068317268,185.34525905161283,182.11711152867053,182.14273071289062,221589100
2016-09-12,181.3826693697938,185.1573813091356,181.3143471996687,184.75599670410156,168110900
2016-09-13,183.47497400223702,183.7397142506696,181.47659951620986,182.1000213623047,182828800
2016-09-14,182.1513141082867,183.35546820850354,181.4766536941304,182.03175354003906,134185500
2016-09-15,181.8695082254394,184.2351004672881,181.69016085236018,183.85079956054688,134427900
2016-09-16,183.23446105020312,183.41471431890514,182.45339847768398,183.14004516601562,155236400
2016-09-19,183.79238522201967,184.43612634084118,182.84822634230284,183.1743927001953,80250500
2016-09-20,184.03274177633838,184.18723338147768,183.14867155506735,183.18299865722656,69665300
2016-09-21,183.88683120645484,185.4232211655108,183.2001712812714,185.24298095703125,110284400
2016-09-22,186.25583245767544,186.7107419684565,186.00692489585145,186.4103240966797,76678700
2016-09-23,186.01544128313066,186.15277586990874,185.29445434796625,185.3888702392578,73630900
2016-09-26,184.5563306807073,184.73657089861007,183.68941740477214,183.8868408203125,89827300
2016-09-27,183.72374408609076,185.12279941090966,183.35465898167763,185.0283966064453,78494800
2016-09-28,185.2515541956856,186.1012973023667,184.2902381859078,185.94679260253906,87411000
2016-09-29,185.7408102180015,186.1442224638383,183.71517048673903,184.26449584960938,128070600
2016-09-30,185.0970361399101,186.35876986017539,184.84812865424877,185.6549530029297,117202900
2016-10-03,185.24298888269087,185.43180760066994,184.57348593170434,185.20864868164062,83512100
2016-10-04,185.32024096800765,185.54339989459726,183.6722648793966,184.26449584960938,119948100
2016-10-05,184.89106321546933,185.50905582931773,184.8223959142697,185.07989501953125,72816000
2016-10-06,184.8567336540969,185.43180760066994,184.3159999085741,185.20864868164062,62927400
2016-10-07,185.48328763260932,185.65494931899855,183.8438903691559,184.57345581054688,89788300
2016-10-10,185.5347900390625,185.99827791502386,185.38887694668674,185.5347900390625,51855000
2016-10-11,185.10560987157612,185.17427716025622,182.46197819364937,183.19154357910156,130367400
2016-10-12,183.328892534842,183.95547668183588,182.83106447557643,183.43190002441406,73866100
2016-10-13,182.10150448178726,183.32889802045077,181.28610162289814,182.83106994628906,101357000
2016-10-14,183.80954618202418,184.27304713185137,182.8482302815632,182.92547607421875,93346200
2016-10-17,182.89972992564168,183.15722900155498,182.11007569726877,182.2903289794922,58275700
2016-10-18,183.88680938777023,183.9468850844857,183.0542364555266,183.43190002441406,76869700
2016-10-19,183.69792272663074,184.2300777254831,183.33742936318785,183.92108154296875,66519200
2016-10-20,183.56925874270433,184.13575421091858,182.9169389622136,183.57785034179688,73639800
2016-10-21,183.5777957083823,183.749457378798,182.61646677955162,183.6636199951172,89089100
2016-10-24,184.5391333016309,184.81380248424253,184.09280242836073,184.44471740722656,60146600
2016-10-25,184.26449104867996,184.52199017077416,183.66366849509308,183.82675170898438,66542300
2016-10-26,183.00280836037953,184.04137047003007,182.76246619192386,183.4577178955078,75705500
2016-10-27,184.17860482944252,184.2129319222733,182.8911227486954,182.96836853027344,77220200
2016-10-28,182.94268685809953,183.62075523934593,181.71529311199853,182.4276885986328,140623200
2016-10-31,182.76241734970546,182.9855893542831,182.27318083380186,182.43626403808594,61272500
2016-11-01,182.76235527164366,182.8138655530913,179.90415675614898,181.1143798828125,122781800
2016-11-02,180.80549225018305,181.19174755978852,179.58667679625674,180.02442932128906,103330800
2016-11-03,180.23898398683315,180.4535644183679,178.92575279359647,179.20040893554688,88939300
2016-11-04,179.31200233946547,180.15315399859503,178.85709285362339,179.0030059814453,109122100
2016-11-07,179.00297657285438,182.98558836805617,179.00297657285438,182.9512481689453,109794900
2016-11-08,182.55642293848587,184.34173343556697,182.29034533837805,183.77523803710938,106772100
2016-11-09,182.28172484735904,186.34159479583778,182.25597625123305,185.72360229492188,258429000
2016-11-10,186.51328492689672,187.38018502161611,184.72797444040046,186.18711853027344,172113300
2016-11-11,185.46616934738674,185.99832465294227,184.8138495180944,185.75799560546875,100552700
2016-11-14,186.28148735383144,186.48748919915772,185.1570884457667,185.90382385253906,94580000
2016-11-15,186.2901683796354,187.3544921875,186.08417951788564,187.3544921875,91652600
2016-11-16,186.7364705811207,187.23429874841773,186.61630606466625,187.00254821777344,65617700
2016-11-17,187.15702752907129,188.02392763030738,187.04544153003013,187.96385192871094,69797200
2016-11-18,188.03249293841097,188.2041546150475,187.36299013471958,187.54324340820312,86265800
2016-11-21,188.11833644572866,188.98523651431762,187.97242335083433,188.95948791503906,72402600
2016-11-22,189.2684939642912,189.508822967917,188.5990041546267,189.32858276367188,67429000
2016-11-23,188.8135717644755,189.48306152877836,188.6161614742189,189.4315643310547,56620200
2016-11-25,189.77489776013326,190.1697183342997,189.69763886784216,190.13539123535156,37872300
2016-11-28,189.82638699081997,190.1010430617208,189.13972716814772,189.2427215576172,76572500
2016-11-29,189.2770715262414,190.06672577916044,188.976653745513,189.61181640625,69886700
2016-11-30,190.22983874900225,190.39292196424532,189.09684784117636,189.1569366455078,113291800
2016-12-01,189.45735898916308,189.45735898916308,188.1012090326381,188.4617156982422,79040500
2016-12-02,188.54749754901323,189.0453256308212,188.19558256234671,188.5560760498047,74840300
2016-12-05,189.38868432882037,190.03242562578706,189.19127399822997,189.68910217285156,67837800
2016-12-06,189.8779262461013,190.32425719424867,189.39726819284246,190.2899169921875,59877400
2016-12-07,190.13540536392824,192.83911317744608,190.01524086325963,192.77903747558594,110738100
2016-12-08,192.75329886086237,193.72319341759456,192.4872081484307,193.25111389160156,99714400
2016-12-09,193.47429576927317,194.43561187344972,193.43995556729564,194.41844177246094,88005800
2016-12-12,194.3239944590801,194.80466553044005,193.7746691887591,194.19525146484375,102016100
2016-12-13,194.85618337302276,195.98916113318353,194.83901327298958,195.4913330078125,110477500
2016-12-14,195.19093189807282,195.8947488490547,193.43994837689505,193.87770080566406,142501800
2016-12-15,194.11799956689399,195.53422484677,193.88624908760528,194.6759033203125,124972600
2016-12-16,195.1326462584023,195.19308922448477,193.9757194067393,194.295166015625,156420200
2016-12-19,194.47648568022888,195.14129244989354,194.32971255495227,194.71823120117188,90341100
2016-12-20,195.25354568789194,195.61617718563676,195.02044237752733,195.46939086914062,89838800
2016-12-21,195.33981869028267,195.5124921382749,194.92539978027344,194.92539978027344,67909000
2016-12-22,194.77865937651725,194.8995321278094,194.19155374585418,194.58871459960938,56219100
2016-12-23,194.6319137581081,194.88230155005348,194.44198211565433,194.87367248535156,36697800
2016-12-27,195.14134777583035,195.75434081553604,195.1240764696826,195.35719299316406,42672500
2016-12-28,195.61617777703253,195.63343590620065,193.63039946871237,193.7426300048828,64095000
2016-12-29,193.81166288654242,194.16565207513557,193.25909985948013,193.69943237304688,48696100
2016-12-30,194.02752445361332,194.11386778589778,192.30076320106696,192.99147033691406,108998300
2017-01-03,194.29514782809548,194.97722582134307,193.29363643000622,194.46783447265625,91366500
2017-01-04,194.79590478025963,195.77152896391962,194.78727571792442,195.624755859375,78744400
2017-01-05,195.35716033330948,195.62480625019472,194.67508218304283,195.46939086914062,78379000
2017-01-06,195.58158033237478,196.6349055786483,195.03764641076808,196.16868591308594,71559900
2017-01-09,195.90968255069856,196.04782659963823,195.48662134112396,195.5211639404297,46939700
2017-01-10,195.53842206594092,196.3759022481929,195.13263215601918,195.5211639404297,63771900
2017-01-11,195.4348089025154,196.07371520996094,194.77000223421376,196.07371520996094,74650000
2017-01-12,195.5557341536737,195.77157933485879,194.2261336341972,195.58163452148438,72113200
2017-01-13,195.75426000797762,196.33272337074413,195.71973058408247,196.03054809570312,62717900
2017-01-17,195.39165973646453,195.79744966877882,194.95134037708073,195.33985900878906,61240800
2017-01-18,195.59022969275696,195.81471707374104,195.03766665164105,195.77154541015625,54793300
2017-01-19,195.84926336401224,195.98740742972183,194.6146353588587,195.04632568359375,66608800
2017-01-20,195.7284273607165,196.255090182774,195.09816305699053,195.76296997070312,129168600
2017-01-23,195.76297526161827,195.82340506950956,194.49380438029476,195.25357055664062,75061600
2017-01-24,195.46938003580726,196.91986642396435,195.35714950619618,196.5054473876953,95555300
2017-01-25,197.45514871677426,198.206298828125,197.2911042881558,198.206298828125,84437700
2017-01-26,198.05951426712176,198.327173332776,197.7227963432621,197.99908447265625,59970700
2017-01-27,198.07678158622687,198.22355471171284,197.50694721141585,197.68826293945312,59711100
2017-01-30,196.99758739031424,197.02348775930912,195.4780419879859,196.46229553222656,79737300
2017-01-31,195.97016053183677,196.50546555958636,195.40033924457632,196.4450225830078,75880800
2017-02-01,196.44503448466165,197.36021603464965,195.93564296897333,196.52273559570312,79117700
2017-02-02,196.5227219216068,196.93715416661635,195.83202786154703,196.65223693847656,69657600
2017-02-03,197.55878770560432,198.1890519584961,197.24797011152236,198.0077362060547,80563200
2017-02-06,197.6019163121953,197.99907719005563,197.3169991295408,197.65371704101562,57790100
2017-02-07,198.04222779330667,198.2839732848533,197.47239348860057,197.66233825683594,57931200
2017-02-08,197.66236988660492,198.05088854775087,197.11843585651454,197.92138671875,51566200
2017-02-09,197.92138285613618,199.39775637450677,197.92138285613618,199.0955810546875,65955200
2017-02-10,199.44093670024577,200.10574351134014,199.11284782674448,199.88125610351562,66015900
2017-02-13,200.37336624510309,201.22811776053453,200.3474658816787,200.96910095214844,55182100
2017-02-14,200.78781075134617,201.7807064473189,200.44246374570403,201.77206420898438,71109000
2017-02-15,201.55616233300037,203.0152773935106,201.50436161414154,202.82533264160156,86785800
2017-02-16,202.851299098102,203.03261484732786,201.90158820324316,202.65272521972656,84722400
2017-02-17,201.9878841166429,202.97213745117188,201.97061281627794,202.97213745117188,77204100
2017-02-21,203.34344305935187,204.35359698144185,203.3348008201812,204.18092346191406,88946100
2017-02-22,203.77512901838926,204.22407752457949,203.6110845674508,203.99960327148438,62115200
2017-02-23,204.5176154292191,204.53487355707574,203.3779466317962,204.13772583007812,74615900
2017-02-24,203.29157204611997,204.43985648240078,203.24840038762554,204.39669799804688,82381600
2017-02-27,204.31039656385744,204.8888600186721,204.06002197188874,204.7161865234375,56515400
2017-02-28,204.3363087591375,204.57805430129002,203.7751165736,204.16363525390625,96961900
2017-03-01,205.82129435228447,207.48762570939044,205.80402305205783,207.02139282226562,149158200
2017-03-02,206.83148299232383,206.8401252309685,205.66592692584172,205.7177276611328,70246000
2017-03-03,205.63138382461676,206.01127344802936,205.25149420120417,205.84722900390625,81974300
2017-03-06,205.05292192225946,205.58821375534086,204.62986062486473,205.23423767089844,55391500
2017-03-07,204.9320028200333,205.28599199859568,204.41396923315463,204.62118530273438,65103700
2017-03-08,204.91472296177454,205.1737397443952,204.10314319082886,204.2412872314453,78168800
2017-03-09,204.36222212830583,204.82845511365156,203.53338398080533,204.5003662109375,90683900
2017-03-10,205.45867971496864,205.50185137922537,204.2672102870221,205.21693420410156,81991700
2017-03-13,205.15652745076886,205.3637435712909,204.82845172762308,205.32057189941406,57256800
2017-03-14,204.77661185589673,204.8284257600669,203.9218734621619,204.5348663330078,59880800
2017-03-15,205.1046957895022,206.72785555349793,204.87157933583111,206.30479431152344,96081800
2017-03-16,206.4429207705509,206.52062185710258,205.5709111706965,205.89898681640625,78344000
2017-03-17,206.1617387391192,206.35250986082218,205.5373992919922,205.5373992919922,89002100
2017-03-20,205.53741672740404,205.82357343423274,204.92175706269143,205.3119659423828,52537000
2017-03-21,205.918953570994,206.04035217995005,202.54579233129812,202.6758575439453,131809300
2017-03-22,202.71056652408615,203.43895823568278,202.08622699087275,203.15280151367188,97569200
2017-03-23,203.15275826754893,204.07192093148615,202.56311174028892,202.93597412109375,100410300
2017-03-24,203.23955014513749,203.8118504412267,202.00821733921975,202.78863525390625,112504900
2017-03-27,201.115011690091,202.8406185139592,200.83753482201902,202.58047485351562,87454500
2017-03-28,202.27696322842604,204.47948442330474,202.16423123366232,204.05459594726562,93483900
2017-03-29,203.76844675436723,204.47949192913052,203.54298275656367,204.245361328125,61950400
2017-03-30,204.18469144018388,205.09518767334725,204.01126673659485,204.89573669433594,56737900
2017-03-31,204.55757033612667,205.0865243250438,204.36679917740523,204.41883850097656,73733100
2017-04-03,204.470833499766,204.6702712330258,202.83194569012235,204.0632781982422,85546500
2017-04-04,203.77713743738263,204.280078343088,203.39559514812635,204.193359375,56466200
2017-04-05,204.8696620091071,205.8495304751742,203.3781861903751,203.5863037109375,108800600
2017-04-06,203.72512300391986,204.67896555017163,203.28287476541027,204.15869140625,69135800
2017-04-07,203.90718678397994,204.64425826097678,203.4649518366553,203.95054626464844,74412300
2017-04-10,204.08930688910144,204.86972467488317,203.54300650018013,204.07196044921875,67615300
2017-04-11,203.69041754192986,203.93321477372265,202.33768632723948,203.82916259765625,88045300
2017-04-12,203.5516469188663,203.74241802626318,202.71052337210392,202.93597412109375,81864400
2017-04-13,202.59786514863754,203.33493680753776,201.6179962158203,201.6179962158203,92880400
2017-04-17,202.1382560907117,203.40428161621094,201.93881833535443,203.40428161621094,68405400
2017-04-18,202.66720650587894,203.33490552214707,202.11223950353397,202.79727172851562,83225800
2017-04-19,203.3609172502775,203.73377970706045,202.19894393259753,202.42440795898438,68699900
2017-04-20,203.0400655952371,204.51420866175764,202.71922923042013,204.07196044921875,92572200
2017-04-21,203.9938831501572,204.04590922861442,203.0226944017436,203.42156982421875,110389800
2017-04-24,205.66751059926793,205.86696160031948,203.39561629884614,205.65884399414062,119209900
2017-04-25,206.30047133860262,207.2022875792635,206.213752386165,206.85543823242188,76698300
2017-04-26,206.820727343666,207.7052103019597,206.68199555588632,206.725341796875,84702500
2017-04-27,207.04621534919443,207.20229359036477,206.36117000684501,206.8988037109375,57410300
2017-04-28,207.15896701695812,207.18498006128496,206.3178432998386,206.4479217529297,63532800
2017-05-01,206.9681854248047,207.39308717979222,206.55196350512594,206.9681854248047,66882500
2017-05-02,207.1069573461924,207.22835597316018,206.6387092797332,207.0462646484375,57375700
2017-05-03,207.0462310779163,207.1416166430293,206.11838846895753,206.7947540283203,73137700
2017-05-04,207.0982577994396,207.1762969261933,206.1877616262789,207.0375518798828,61462700
2017-05-05,207.41041095964437,207.8699923112897,206.9681628138105,207.85264587402344,62001300
2017-05-08,207.8960322946924,208.04344395192322,207.39309140042783,207.8179931640625,48385700
2017-05-09,208.07814260288913,208.27758035273882,207.2803651405766,207.62722778320312,51363200
2017-05-10,207.58383915389945,208.00006103515625,207.3757215975435,208.00006103515625,54293800
2017-05-11,207.54915175528123,207.739922866949,206.49124403837968,207.57516479492188,62358300
2017-05-12,207.32365702606432,207.61848025257578,206.95946129364674,207.228271484375,53912700
2017-05-15,207.65319984865886,208.49432339778545,207.6358534120865,208.3729248046875,61918900
2017-05-16,208.66778439834033,208.69379744200063,207.7919810550454,208.18218994140625,51241800
2017-05-17,208.1822029323497,208.1822029323497,204.42749902942148,204.4882049560547,172174100
2017-05-18,204.41013633938513,206.16175622749276,204.14999267577213,205.3119659423828,107047700
2017-05-19,205.79753343459836,207.3150225035401,205.74550735498167,206.64732360839844,115011400
2017-05-22,207.15899090437756,207.86138287656547,207.08963159914614,207.69662475585938,61010600
2017-05-23,208.06948524574335,208.32096234274778,207.6879429133631,208.1562042236328,48341700
2017-05-24,208.3902750981925,208.745791050053,208.05207912031636,208.64173889160156,46927700
2017-05-25,209.15341303207651,209.9164977213546,208.94530864878885,209.63900756835938,64071700
2017-05-26,209.448217189922,209.76038696768669,209.3701780533452,209.59564208984375,46629900
2017-05-30,209.2747681359558,209.66497700491354,209.11868988095512,209.41351318359375,35201900
2017-05-31,209.7083300899503,209.74302296652962,208.6677687273157,209.36148071289062,91796000
2017-06-01,209.82106299336175,211.0437288846533,209.53490630190274,211.02638244628906,68962000
2017-06-02,211.0784072611607,211.88485124705335,210.78358396801957,211.728759765625,88666100
2017-06-05,211.55531591682674,211.84147258064849,211.3732114102295,211.57266235351562,44698800
2017-06-06,211.00903529866966,211.56400224135808,210.81826417167153,210.8963165283203,50375400
2017-06-07,211.23450345653035,211.5119803176038,210.56680449890564,211.28652954101562,54144300
2017-06-08,211.38192787830263,211.86752233811313,210.86164053910187,211.39059448242188,65950700
2017-06-09,211.65939453138827,212.45715870988985,209.80372251735164,211.0697479248047,132256400
2017-06-12,210.82694471519545,211.07840852992604,210.17659220682197,211.02638244628906,86108100
2017-06-13,211.56405995993757,212.11036044824172,211.21721048792622,212.05833435058594,60067000
2017-06-14,212.32712560765611,212.33579221266734,210.96571442778435,211.7895050048828,78602300
2017-06-15,210.43673838470633,211.50332610496415,210.15926150737687,211.38192749023438,66464900
2017-06-16,211.54141287682805,211.59369268113136,210.54805670711647,211.42813110351562,84553100
2017-06-19,212.25588038302146,213.24923634067045,212.16002966360008,213.18824768066406,65123800
2017-06-20,212.83098609855904,212.83969496548008,211.73307054740792,211.75048828125,56906400
2017-06-21,212.14264709483686,212.2559155667613,211.22771067524104,211.6982421875,55977600
2017-06-22,211.7069746380786,212.2036460753738,211.4281312869086,211.60240173339844,44148100
2017-06-23,211.6633553265752,212.18616654655568,211.27995245433502,211.8550567626953,66986800
2017-06-26,212.52604032325613,212.9443053367406,211.78538762517763,211.9945068359375,56700500
2017-06-27,211.7766485352585,212.0729228867936,210.26919006225233,210.28662109375,82247700
2017-06-28,211.30607529653554,212.36914197613868,211.07080295374374,212.16873168945312,70042600
2017-06-29,212.31686778719327,212.36914757675268,209.09281890323146,210.30401611328125,106949700
2017-06-30,211.11438810422226,211.48908210473473,210.50443504104103,210.69613647460938,86820700
2017-07-03,211.6372495485141,212.07293228339097,211.05343627929688,211.05343627929688,39153800
2017-07-05,211.41940646179233,211.75051629633847,210.6090296676008,211.54139709472656,54427600
2017-07-06,210.7745599493883,210.89655056421648,209.4239410235178,209.60693359375,65400800
2017-07-07,210.1820849366538,211.11443913804672,209.61568936565516,210.96630859375,57972300
2017-07-10,210.96624461769684,211.56748877726707,210.66126145687815,211.1927947998047,36663300
2017-07-11,211.1928348786266,211.34968756983605,209.86836899898452,211.03599548339844,50354600
2017-07-12,212.00320994404407,212.78743350586683,212.00320994404407,212.6218719482422,59610400
2017-07-13,212.63056990685791,213.09239246451185,212.4040064133811,212.97911071777344,39471600
2017-07-14,212.97910198976356,214.32972084467653,212.88325127629287,213.9724578857422,60262700
2017-07-17,213.89405504485327,214.27745792892873,213.77206442682748,213.9463348388672,33531900
2017-07-18,213.53680677951223,214.11191114527443,213.19697479901293,214.05963134765625,42742500
2017-07-19,214.3732957100116,215.2272299846473,214.36457354754899,215.21852111816406,51034300
2017-07-20,215.4712162072697,215.59320682076344,214.7654124223429,215.3143768310547,47135200
2017-07-21,214.7392473216539,215.14879003945208,214.5126838546296,215.12265014648438,82340800
2017-07-24,215.04425085969152,215.20981240507535,214.59985931364557,215.07040405273438,46622300
2017-07-25,215.81982724889846,215.9244001630508,215.36672670617963,215.59327697753906,54915600
2017-07-26,215.8807720134695,215.9156207782958,215.34052973478933,215.6019287109375,47575400
2017-07-27,216.06376597515103,216.09861474020028,214.0770406718503,215.40151977539062,70766600
2017-07-28,214.92228595767858,215.27954898825683,214.46918549038995,215.1488494873047,50088400
2017-07-31,215.54966676030853,215.6455174914915,214.81772297453762,215.02685546875,65838700
2017-08-01,215.6280788759852,215.662927640322,214.98326371992184,215.50608825683594,55050400
2017-08-02,215.636781375968,215.7500631246833,214.67827418525408,215.6106414794922,47211200
2017-08-03,215.49738325424647,215.52352315357572,214.91357000925768,215.19241333007812,40856000
2017-08-04,215.68033862803355,215.9155976814008,215.20108506306107,215.58448791503906,60191800
2017-08-07,215.6542264947249,215.98533630371094,215.54965360600968,215.98533630371094,31995000
2017-08-08,215.6716530032204,216.8915725839997,215.07913089231317,215.4538116455078,61719400
2017-08-09,214.76540449556975,215.49734814951708,214.40814153496007,215.445068359375,62632600
2017-08-10,214.6086064193342,214.73931922391805,212.35177293093446,212.404052734375,120479500
2017-08-11,212.6305533368164,213.3102171723221,212.39528099499407,212.71768188476562,74869900
2017-08-14,213.99865195964117,215.0442879102448,213.9638031895468,214.82644653320312,73291900
2017-08-15,215.20983579521703,215.2272668271467,214.49532303787947,214.80029296875,55242700
2017-08-16,215.3231335942376,215.7239675825813,214.7480291615637,215.1750030517578,56715500
2017-08-17,214.5649991391246,214.87869118317516,211.8201904296875,211.8201904296875,128490400
2017-08-18,211.65463821371043,212.77870696105012,211.04468512785718,211.4890899658203,136748000
2017-08-21,211.42808236993656,211.91604482560402,210.72227858256187,211.65463256835938,65469700
2017-08-22,212.2384860666946,214.02477457739676,212.22105503506384,213.86793518066406,63140100
2017-08-23,212.9007096760873,213.52809382746688,212.75257915367558,213.1011199951172,50203800
2017-08-24,213.48452066897022,213.6413600571869,212.3953139308632,212.6044464111328,50741700
2017-08-25,213.39738103994065,214.01605632387748,212.95298947270547,213.1011199951172,64445900
2017-08-28,213.63267459523166,213.65881449613164,212.6915982748861,213.10986328125,40565600
2017-08-29,211.79409960330165,213.6152503356472,211.68081783182186,213.35385131835938,51135700
2017-08-30,213.33640391957263,214.6347432217607,213.15341132552646,214.36460876464844,62030800
2017-08-31,214.98328073343416,215.89821709745064,214.3994674887333,215.65423583984375,103803900
2017-09-01,216.0288325071381,216.38609538670937,215.81099123363995,215.95912170410156,62007000
2017-09-05,215.45382378294025,215.68038731715265,213.44097165164035,214.40818786621094,91398800
2017-09-06,215.08784166100486,215.47124458132453,214.55630821164922,215.14012145996094,57916900
2017-09-07,215.44515212494417,215.4625831604285,214.70448602068106,215.11402893066406,58034700
2017-09-08,214.8263897741887,215.32307436468693,214.61727061690857,214.8612518310547,63832800
2017-09-11,216.13352092722363,217.2314501096884,216.11610318806177,217.1530303955078,71364800
2017-09-12,217.51896157813033,217.91978223945418,217.33596898336484,217.8849334716797,56896000
2017-09-13,217.5973596810883,218.0243334958429,217.4840779290966,217.98947143554688,59228000
2017-09-14,217.6670944129095,218.12020817466322,217.4928239802294,217.91978454589844,95446300
2017-09-15,217.77524419843286,218.30064993024524,217.6701657244629,218.2130889892578,95432400
2017-09-18,218.58091968648296,219.02751665001276,218.29194046468183,218.67724609375,46235200
2017-09-19,218.92238778163934,218.98369246396,218.57211730597356,218.8961181640625,47108100
2017-09-20,218.98377155384847,219.08885006210673,217.9767201891611,218.97500610351562,59574100
2017-09-21,218.81733737429505,218.90489832345997,218.21310936861255,218.38824462890625,48211400
2017-09-22,218.09053414548032,218.59843580213592,218.06426452202962,218.4320526123047,51214000
2017-09-25,218.17809592924593,218.52837984652382,217.24111484470356,217.98544311523438,57064400
2017-09-26,218.41449150159266,218.6596835128594,217.8803203280553,218.11676025390625,54082000
2017-09-27,218.81738188896173,219.35155322680205,217.93292659731088,218.96624755859375,81001400
2017-09-28,218.68606700262285,219.3078128019159,218.59850601698386,219.22900390625,44778800
2017-09-29,219.2201788575793,220.07836447253501,219.03629148435007,219.99954223632812,85578000
2017-10-02,220.22723165186667,220.9540557861328,220.05208300305776,220.9540557861328,59023000
2017-10-03,220.95404381533672,221.45318002389556,220.87522158285677,221.42691040039062,66810200
2017-10-04,221.27803048854625,221.93479775778118,221.16418655271696,221.68960571289062,55953600
2017-10-05,222.02239213892577,223.02067800399251,221.7246608055824,223.003173828125,63522800
2017-10-06,222.55652322994743,223.03815521855543,222.29382701976476,222.74917602539062,80646000
2017-10-09,222.97689996753897,223.03819130584384,222.11871433554268,222.3814239501953,35803100
2017-10-10,222.95063547249964,223.34469322256305,222.4076986932,222.9681396484375,43057400
2017-10-11,222.8718405092995,223.31845092773438,222.7054706457304,223.31845092773438,47674300
2017-10-12,223.00314375617472,223.3534142938193,222.74918625871257,222.98562622070312,47065100
2017-10-13,223.42349379469215,223.53733774388797,222.98564889712773,223.25711059570312,54800400
2017-10-16,223.48475090135935,223.7474470943822,223.14323248846662,223.55479431152344,38221700
2017-10-17,223.50227778238104,223.7562352773911,223.28335535797586,223.7124481201172,31561000
2017-10-18,224.089014234462,224.13280139680816,223.7387436596247,223.931396484375,40888300
2017-10-19,223.15208190813243,224.02777189873282,222.7317544539955,223.99273681640625,61903800
2017-10-20,224.78959602390063,225.17490169725397,223.9751975121371,225.1486053466797,89176400
2017-10-23,225.47259024417332,225.4988598658279,224.19406405984094,224.2728729248047,63915300
2017-10-24,224.7020120040323,224.90340355828232,224.30794089748093,224.66697692871094,66935900
2017-10-25,224.33415752873827,224.4480014536902,222.4251605956361,223.55479431152344,103715300
2017-10-26,224.16782533084222,224.43927365517973,223.72121500385936,223.84381103515625,69798000
2017-10-27,224.58816442841805,225.8316557049051,223.8525882021322,225.67401123046875,85562500
2017-10-30,224.58815144460573,225.5776851387856,224.53561219747496,224.83334350585938,54285700
2017-10-31,225.20984811062675,225.43753596151453,224.88584722985638,225.18357849121094,60304800
2017-11-01,225.96298388357675,226.30448897952348,225.11356378226472,225.48133850097656,54202700
2017-11-02,225.41127570957218,225.70900698329962,224.34293326905495,225.5688934326172,56449500
2017-11-03,225.72654737622838,226.36581054305816,225.31497210628373,226.32203674316406,59589700
2017-11-06,226.19064161200308,226.80363509913997,226.1205981936673,226.6722869873047,49652600
2017-11-07,226.77739046648557,227.11015686909025,226.00677916022886,226.5146942138672,57502200
2017-11-08,226.3395053805914,226.996272619473,226.05927827825934,226.89993286132812,50469600
2017-11-09,225.69149192054897,226.26945026775283,224.49177471145742,226.07679748535156,95085500
2017-11-10,225.6915089301286,226.18189300884933,225.37624675156357,226.00674438476562,59984700
2017-11-13,225.3237250304575,226.44460682954087,225.28868995813082,226.2169189453125,50228600
2017-11-14,225.41127070758787,225.79657628243262,224.63189410994792,225.69149780273438,61315200
2017-11-15,224.71946158682658,225.24488069327333,223.85253743174124,224.5618438720703,80811500
2017-11-16,225.50762212937235,226.83868769595327,225.46384833002168,226.47088623046875,67777000
2017-11-17,226.12063639109735,226.44463736299932,225.72656526509385,225.8053741455078,75756800
2017-11-20,226.05060222083983,226.38334193268457,225.80538339537304,226.19068908691406,48075500
2017-11-21,226.9612562057613,227.85447682737197,226.15563662524804,227.67056274414062,69176800
2017-11-22,227.67934950661527,227.81069763269807,227.30280930386726,227.4691925048828,45033400
2017-11-24,227.9595442662785,228.09965782216804,227.81943071038896,227.9945526123047,27856500
2017-11-27,228.03841611227858,228.33614747930068,227.67938003688658,227.88079833984375,52274900
2017-11-28,228.34485819160403,230.2188202816215,228.24851842669787,230.1925506591797,98971700
2017-11-29,230.32387558631203,230.85806015409528,229.60583040387328,230.0524139404297,77512100
2017-11-30,230.97196179174296,232.9772722931551,230.8931529126595,232.0665740966797,127894400
2017-12-01,231.84763813337713,232.32925682992754,228.34487896157293,231.5849151611328,164390900
2017-12-04,233.20491916153784,233.63399855789893,231.25212153259577,231.3046875,94040600
2017-12-05,230.4727783203125,232.18912267969407,230.34143020779618,230.4727783203125,77994500
2017-12-06,230.5691255565094,230.9456925001427,230.05247175470237,230.51658630371094,75898600
2017-12-07,231.24343872070312,231.55867425777868,230.25390485610214,231.24343872070312,77218600
2017-12-08,232.1979434893843,232.51317903458224,231.20840959928682,232.5044403076172,76563900
2017-12-11,233.20492553710938,233.26623023081655,232.47811483320623,233.20492553710938,83077500
2017-12-12,233.9930104510395,234.08935020344703,233.23993022278862,233.61647033691406,85195800
2017-12-13,233.86177854532167,234.2996235627021,233.50274242419704,233.59031677246094,102905400
2017-12-14,233.8879721162332,234.0018160595599,232.58320294041542,232.6357421875,100666700
2017-12-15,233.63996364699128,235.0394236940825,233.5871558611027,234.57293701171875,144610300
2017-12-18,235.97247913802755,236.41256208052275,235.8668635295137,236.0605010986328,83653600
2017-12-19,236.3069611549893,236.35095870776016,235.0835176057788,235.15394592285156,82382900
2017-12-20,236.1220364925196,236.17484428429617,234.7313865415287,235.0306396484375,76751500
2017-12-21,235.65558500166438,236.22771426568343,235.26830989703402,235.51475524902344,67032300
2017-12-22,235.53242826990666,235.56764243105042,234.9163013222979,235.45321655273438,78720900
2017-12-26,235.04819642661732,235.3914738798493,234.90739357764693,235.1714324951172,45244400
2017-12-27,235.3387575110379,235.64682094143072,235.0131004328199,235.28594970703125,57751000
2017-12-28,235.78759425902078,235.8139981547031,235.40031921533006,235.7699737548828,45116100
2017-12-29,236.3509619561484,236.36855560539198,234.68746227476788,234.88107299804688,96007400
2018-01-02,235.74364692993703,236.5974089834825,235.356371759636,236.56219482421875,86655700
2018-01-03,236.72942775097104,238.20812696947078,236.72942775097104,238.05848693847656,90070400
2018-01-04,238.70102996688468,239.54598180601522,238.12011718356536,239.06187438964844,80636400
2018-01-05,239.85401408255126,240.77817751822775,239.36112333545296,240.65496826171875,83524000
2018-01-08,240.5581013991269,241.25343986955644,240.26765851734245,241.0950164794922,57319200
2018-01-09,241.51754145665623,242.2656879177006,241.23588189429273,241.64077758789062,57254000
2018-01-10,240.88378200827157,241.53512299871895,240.21487423124526,241.27105712890625,69574300
2018-01-11,241.825564426552,243.03138732910156,241.65833076818808,243.03138732910156,62361500
2018-01-12,243.29554966731774,244.7830058143293,242.99626952592325,244.6157989501953,90816100
2018-01-16,245.87437085450807,246.52568508160715,243.08423289096814,243.77957153320312,106555100
2018-01-17,244.71248407935101,246.49040923677632,243.77951052678327,246.10313415527344,113258800
2018-01-18,245.98875205570212,246.41121445686719,245.1965813324595,245.6894989013672,100728000
2018-01-19,246.27038164407927,246.8072967529297,245.6894958496924,246.8072967529297,140920100
2018-01-22,246.59604839071403,248.81405639648438,246.54321373437313,248.81405639648438,91322400
2018-01-23,248.85804057747723,249.63259068853083,248.53238356726726,249.34214782714844,97084700
2018-01-24,249.98469742589643,250.58323062359455,248.06594230116605,249.245361328125,134816100
2018-01-25,250.10787806865525,250.20468339855188,248.55877790611441,249.35092163085938,84587300
2018-01-26,250.18707990807454,252.28187840164645,249.9318243548559,252.23785400390625,107743100
2018-01-29,251.66575882453802,252.10584165122822,250.4071283867298,250.5655517578125,90118300
2018-01-30,248.7348805420454,250.61842153870128,247.52024734225674,247.99554443359375,131796400
2018-01-31,248.84929658255598,249.350970695276,247.0449405017096,248.11874389648438,108364800
2018-02-01,247.38821560227782,249.13973700377733,247.0449380364705,247.8370819091797,90102500
2018-02-02,246.51681049340058,246.64885684381446,242.4064514986019,242.44166564941406,173174800
2018-02-05,240.68138181637397,242.79377465444557,231.75648648531626,232.30218505859375,294681800
2018-02-06,228.79033186749533,237.38075985985745,227.6989347198052,236.87905883789062,355026800
2018-02-07,236.32455055637257,239.7219781294161,235.51478608778726,235.59402465820312,167376100
2018-02-08,235.89321967103496,236.03404940738375,226.72188118769543,226.75709533691406,246449500
2018-02-09,229.54720334517796,232.0204668082653,222.61150677597604,230.163330078125,283565300
2018-02-12,232.21415380783523,235.0131017383919,230.30420887774528,233.543212890625,143736000
2018-02-13,232.33734911294388,234.66978292825414,231.75643650715458,234.12408447265625,81223600
2018-02-14,232.63664543929073,237.6447915281146,232.62783518497517,237.28392028808594,120735700
2018-02-15,239.02655036851016,240.32039472298882,236.56207086161214,240.31158447265625,111200300
2018-02-16,239.68676840292403,242.32726592741432,239.6427439945313,240.382080078125,160420100
2018-02-20,239.4314923731264,240.87497712315854,238.08483982487812,238.87698364257812,86369700
2018-02-21,239.3170478750535,241.7991215895347,237.59193062820205,237.68873596191406,98883700
2018-02-22,238.6129376757864,240.3292447538347,237.32790321531238,237.99681091308594,110511300
2018-02-23,239.22036567230847,241.79043579101562,238.74506842987495,241.79043579101562,92766400
2018-02-26,242.8641557031754,244.69491570673415,242.2744596276138,244.59808349609375,86491400
2018-02-27,244.7828878438035,245.49584682465152,241.48226622730925,241.54388427734375,99099200
2018-02-28,242.64412865675416,243.09302186073816,238.78021432655427,239.09706115722656,121907800
2018-03-01,238.88575298266753,240.43485306168157,234.12405377842256,235.62034606933594,176855100
2018-03-02,233.948018684137,237.39827984572887,233.085473539132,236.8349609375,139083200
2018-03-05,235.64671974450067,240.18837696240507,235.54107732132377,239.57225036621094,97307400
2018-03-06,240.54935743747617,240.62859601487241,238.68340981220095,240.17970275878906,79213200
2018-03-07,238.01443547909676,240.4436746997118,237.82079793841837,240.09161376953125,87063500
2018-03-08,240.769386869871,241.37670352923723,239.77482190099204,241.2534942626953,66901200
2018-03-09,242.66168733754333,245.45179748535156,242.3448137270759,245.45179748535156,113625300
2018-03-12,245.7423014669966,246.3672116624282,244.7564932107088,245.14376831054688,71924800
2018-03-13,246.30554543750716,246.8072462906102,242.95211655291016,243.55943298339844,91968900
2018-03-14,244.51888687269934,244.70371419100942,241.75517991030418,242.30966186523438,105895100
2018-03-15,242.8201740730757,243.46267799273133,241.5439227671176,242.04562377929688,83433000
2018-03-16,242.5731714551364,243.3596693637448,242.25505565037898,242.30807495117188,100343700
2018-03-19,241.55692641312461,242.48479112275547,237.37705851392633,239.02955627441406,109208400
2018-03-20,239.42718961837912,240.07229361657843,238.7555759746704,239.43603515625,59757300
2018-03-21,239.39192893992308,241.48627266625962,238.76451576978116,238.97659301757812,78709600
2018-03-22,236.74964866306775,237.5979844347918,232.72883860854253,233.0028076171875,148785900
2018-03-23,233.44464923481146,233.771610570164,227.84202490130033,228.03643798828125,183534800
2018-03-26,231.64187199112624,234.5580408221339,229.2382319543304,234.27525329589844,141956100
2018-03-27,235.21205195547876,235.74224499591256,228.73458164104392,230.28988647460938,129941400
2018-03-28,230.42239773709733,232.09258645062064,228.50477665506375,229.60939025878906,146452300
2018-03-29,230.7493974721348,234.40789128155768,229.61827403229532,232.5432891845703,111601600
2018-04-02,232.0130953728441,232.52565133034014,225.04961843824515,227.52395629882812,186286300
2018-04-03,228.76108647586676,230.91729468859214,226.96719481188146,230.44009399414062,119956900
2018-04-04,226.88764555655212,233.6125205677921,226.7550973110947,232.90557861328125,123715300
2018-04-05,234.66409643463845,235.62734320129803,233.57717393944145,234.74365234375,82652600
2018-04-06,232.78187422548618,234.2752870709953,227.99225756873417,229.51220703125,179521200
2018-04-09,230.970302405471,234.03671112210202,229.70663080225304,230.64334106445312,105442900
2018-04-10,233.53307736412106,235.09722813913027,232.39313506654108,234.31072998046875,103529000
2018-04-11,232.8260127700708,234.74363364415916,232.75532937306366,233.08229064941406,91140200
2018-04-12,234.40789632285558,235.94551011855185,234.2311473257847,234.9999542236328,68890500
2018-04-13,236.30788083898742,236.42276501660015,233.30333597701238,234.31072998046875,85079200
2018-04-16,235.94546967540268,237.00590953983792,235.1236436129237,236.23707580566406,63405300
2018-04-17,238.0045531255473,239.36544520521667,237.49202406516412,238.76454162597656,64682000
2018-04-18,239.20630438235702,239.74534291484298,238.48167133413318,238.9412078857422,57303900
2018-04-19,238.28732488363988,238.49058356662363,236.58180735289045,237.61573791503906,77655900
2018-04-20,237.54496094582333,237.7658836822387,234.7171391324635,235.600830078125,99953100
2018-04-23,236.1753007969323,236.7320305255298,234.48744749700347,235.5655517578125,65558000
2018-04-24,236.5905054050357,236.81142806564202,230.89068997415336,232.39297485351562,112885500
2018-04-25,232.33120964765425,233.4093137723716,230.5108083012133,232.96746826171875,103840900
2018-04-26,233.99249306006067,236.16636486377158,233.55064766274774,235.335693359375,67731900
2018-04-27,235.94548205661184,236.2459337414099,234.61994564056346,235.55665588378906,57053600
2018-04-30,236.17525204240047,236.73198165607022,233.67439155053606,233.74510192871094,82182300
2018-05-01,233.17958073796163,234.26653056705342,231.62427567547851,234.16049194335938,74203400
2018-05-02,233.96604976962223,234.7790304291084,232.1986676791265,232.58749389648438,86368900
2018-05-03,231.75680484646094,232.7288433491431,228.9201373860479,232.07492065429688,136311500
2018-05-04,231.1028583129879,235.75992709625967,230.77589696113725,235.0794677734375,91222100
2018-05-07,235.84826147166132,236.8468094686672,235.15895672638163,235.87477111816406,55304900
2018-05-08,235.50360909902147,236.23706063100002,234.31062107018982,235.87477111816406,67499200
2018-05-09,236.54638487556414,238.4816701959383,236.02501045597168,238.1547088623047,59666100
2018-05-10,238.89701270393888,240.7085953665572,238.7909741028311,240.38160705566406,72063900
2018-05-11,240.5053633128291,241.38020883675154,239.99280739335714,241.1151123046875,59871500
2018-05-14,241.54809628614152,242.20201900063026,240.6820693919491,241.22998046875,54790600
2018-05-15,240.00166456350468,240.01932867712787,238.62310859374907,239.56866455078125,87036100
2018-05-16,239.6039808016906,241.0355558477446,239.5774441834004,240.57601928710938,53942600
2018-05-17,240.31090738096805,241.4508762019442,239.59511990382418,240.37277221679688,56536400
2018-05-18,240.02809795909218,240.39041443409954,239.4183491314095,239.77182006835938,64368000
2018-05-21,241.25649964856024,242.1136810367539,240.8676734332078,241.57461547851562,58025900
2018-05-22,242.0959268302574,242.35220471630439,240.5759775578704,240.90293884277344,52966400
2018-05-23,239.6305371220134,241.59233252189594,239.4714522218291,241.5657958984375,64694200
2018-05-24,241.1680971017814,241.4420391350856,239.28583108913134,241.0708770751953,76043800
2018-05-25,240.4965057373047,241.1239188105329,239.99279538347892,240.4965057373047,56374800
2018-05-29,238.87049866232422,239.63048690313875,236.6170975258855,237.73052978515625,115908600
2018-05-30,239.03836417779522,241.344784247908,238.96768077893915,240.90293884277344,69678400
2018-05-31,240.49651999924623,240.79697172773785,238.82635789555584,239.42726135253906,93519900
2018-06-01,240.72628329573612,242.0783295298531,240.6555729092625,241.7778778076172,71258400
2018-06-04,242.5997658364676,243.1830053170013,242.36117889957015,242.92672729492188,45385200
2018-06-05,243.0591623128724,243.48334363778017,242.2903555730624,243.10336303710938,51135000
2018-06-06,243.71318028298782,245.24194865313652,243.09458571492277,245.1359100341797,62732200
2018-06-07,245.62186973324768,245.91347583257166,244.19911351554344,245.10931396484375,72969400
2018-06-08,244.64984175340834,245.88700367386923,244.48193831762,245.833984375,72139700
2018-06-11,246.05489585535383,246.8767219183447,245.94001172368942,246.1609344482422,58892500
2018-06-12,246.57625799068668,246.84135445972845,245.83396090926507,246.47906494140625,72329000
2018-06-13,246.71771182982977,246.97398979103377,245.48936829863752,245.692626953125,79070600
2018-06-14,246.55855903448713,246.8413195721325,245.7190420543345,246.31112670898438,77097600
2018-06-15,245.52655096416757,246.33432412249087,244.41697691524166,245.99700927734375,120041600
2018-06-18,244.5412563797542,245.6153436567138,244.06193985318362,245.49105834960938,52917600
2018-06-19,243.218545183296,244.7719483003426,242.80134440543546,244.55003356933594,97531500
2018-06-20,245.23352622688125,245.63298358658002,244.6299246475507,244.9672393798828,53785500
2018-06-21,244.95836940816923,244.97613992521215,242.9345079770817,243.4315948486328,71061400
2018-06-22,244.69213138255017,244.80753140955053,243.65355822875506,243.87547302246094,54898500
2018-06-25,242.72149328077796,242.88126540868595,238.86905624683794,240.55560302734375,137854200
2018-06-26,241.12366396352903,241.9402949387843,240.36914852022696,241.08815002441406,68547400
2018-06-27,241.6740640121467,243.10318209396516,238.94005894114787,239.09097290039062,105110700
2018-06-28,239.03767186606163,241.22130516686488,238.32752849521523,240.4579315185547,76650500
2018-06-29,241.549814428795,242.91681716626175,240.68878393099698,240.80418395996094,97592500
2018-07-02,239.23300781439923,241.47878420787828,238.99332252521182,241.31898498535156,63554800
2018-07-03,242.2155321465129,242.31318873303871,240.0407836242166,240.4668426513672,42187100
2018-07-05,241.59415332388662,242.49067046122133,240.52006646800746,242.42852783203125,56925900
2018-07-06,242.45520341190885,244.8518665685956,242.07348943656189,244.47906494140625,66493700
2018-07-09,245.4821052756339,246.7337078165824,245.43773315776116,246.68045043945312,50550400
2018-07-10,247.13317094802807,247.6657718208399,246.840228277839,247.568115234375,51966800
2018-07-11,246.01478353291074,246.80481335754877,245.45555380791322,245.75735473632812,77054700
2018-07-12,247.01774546792475,248.0385479002143,246.41414384925648,247.98529052734375,60124700
2018-07-13,247.80781661340694,248.48241914617054,247.35510177874667,248.1806182861328,48216000
2018-07-16,248.2250237217725,248.36702535070975,247.51488013104566,247.95870971679688,48201000
2018-07-17,247.186397734719,249.35228781735347,247.1331403629495,248.9617156982422,52315500
2018-07-18,249.04159837159585,249.5919425985369,248.5977688867464,249.4854278564453,44593500
2018-07-19,248.81968199936338,249.20136885242536,248.0651664622211,248.5445098876953,61412100
2018-07-20,248.34036885387178,248.97062629930204,248.1007106565142,248.26048278808594,82337700
2018-07-23,248.05631691118387,248.92620538892325,247.71011690042437,248.72206115722656,47047600
2018-07-24,250.13349309116006,250.8169809217829,249.10380517035608,249.97369384765625,68026900
2018-07-25,249.72516335453636,252.4236550429963,249.6807912279922,252.10411071777344,78882900
2018-07-26,251.38501918024653,252.19276496602095,251.28736261180742,251.50927734375,57919500
2018-07-27,251.83778907407216,251.9354456744102,248.88189579832016,249.80506896972656,76768700
2018-07-30,249.88492917459178,250.0447013158275,247.97644038274046,248.50018310546875,63742500
2018-07-31,249.26360087555244,250.33766102207017,248.8819138856048,249.7251739501953,68570500
2018-08-01,249.92926397666997,250.4352361042399,248.65991811770908,249.30789184570312,53853300
2018-08-02,248.00306905621076,250.8346764359806,247.79889772747592,250.66604614257812,63426400
2018-08-03,250.79026501496526,251.79332389456457,250.61272240135142,251.7400665283203,53935400
2018-08-06,251.77557963864749,252.9738974643912,251.38500756134454,252.66323852539062,39400900
2018-08-07,253.32905035260498,253.8793946751064,253.19587981266517,253.4976806640625,43196600
2018-08-08,253.32904350842435,253.79061648823114,252.9295860778104,253.3911590576172,42114600
2018-08-09,253.45326793914788,253.84384005819805,252.9118089631752,253.04495239257812,35717000
2018-08-10,251.6069923324344,252.14845140127855,250.63942003800895,251.3495635986328,77076000
2018-08-13,251.62473430195678,252.23722126791043,250.11570294744925,250.4086456298828,65732900
2018-08-14,251.13648971338375,252.24606343472783,250.74591759633446,252.00637817382812,43842000
2018-08-15,250.65720419863487,250.79923291848888,248.686599730624,250.12460327148438,102925400
2018-08-16,251.56262492324444,253.0183990896483,251.52711096842205,252.1484832763672,69967900
2018-08-17,251.9443022295948,253.47996241851214,251.53598657704225,253.0361328125,65618500
2018-08-20,253.48878910627252,253.8438472911981,253.0360743442006,253.5775604248047,39807500
2018-08-21,254.09241617817474,255.03333265260636,253.6130726814549,254.17230224609375,67272000
2018-08-22,253.76404033897845,254.5451848428484,253.49772630036193,254.02146911621094,44993300
2018-08-23,253.84383888700728,254.7048691787767,253.36449545416602,253.68406677246094,49204900
2018-08-24,254.2610899286021,255.3529204388044,254.2078325465637,255.2108917236328,57487400
2018-08-27,256.40917185937667,257.33234482639574,256.24939973697053,257.225830078125,57072400
2018-08-28,257.6873853061911,257.7939271363428,256.8884976598644,257.35009765625,46943500
2018-08-29,257.5631772420402,258.9656667527116,257.32351902828185,258.7348937988281,61485500
2018-08-30,258.25561499019716,258.6284167494521,257.09278340192697,257.6875,61229500
2018-08-31,257.27911870586814,258.14014914459057,256.7909170205872,257.6963195800781,66140800
2018-09-04,257.27913113299496,257.6075606923249,256.24944324288515,257.25250244140625,57594400
2018-09-05,256.8973733202907,257.1015446256181,255.54814150332868,256.56005859375,72452400
2018-09-06,256.6665849884185,256.96838578660976,254.75812362647866,255.78781127929688,65909900
2018-09-07,254.7404423833425,256.26721726343226,254.50075706656256,255.29078674316406,73524800
2018-09-10,256.3025693040802,256.56888317272376,255.53919581019582,255.73448181152344,50210900
2018-09-11,255.08665024536896,257.0217410296302,254.74047720267114,256.5779113769531,50530500
2018-09-12,256.58666573169,257.24352461398416,255.84992080337614,256.6399230957031,59810800
2018-09-13,257.70517974058833,258.3442953348075,257.4211223455566,258.1578674316406,51034200
2018-09-14,258.36207317292326,258.5484740117114,257.4211566296206,258.2023010253906,55079900
2018-09-17,258.149011258561,258.1844981163113,256.5600939750923,256.83526611328125,68244000
2018-09-18,257.04821944492636,258.8235370177157,257.0215907649024,258.22882080078125,61930400
2018-09-19,258.28214408465055,258.92125965755014,258.15785882001853,258.5040588378906,49080600
2018-09-20,259.76465464371614,260.91860100504084,258.5219098371024,260.5990295410156,100360600
2018-09-21,261.3417515575673,261.45767398484145,260.2004054619901,260.36090087890625,105479700
2018-09-24,259.78134555663434,259.9240172363187,258.91641720668827,259.4960021972656,53409600
2018-09-25,259.95069522871887,260.05769215619654,259.0144449014566,259.25518798828125,44370000
2018-09-26,259.397888348233,260.58380737485373,258.06037218301276,258.4794616699219,79739700
2018-09-27,258.95199161647935,260.28950748207143,258.67557384787006,259.20166015625,59249500
2018-09-28,258.5774594102581,259.7277306037356,258.5418119152034,259.2283935546875,70091400
2018-10-01,260.46784283610697,261.1990247523705,259.4602703458394,260.1290283203125,62078900
2018-10-02,259.9775085449219,260.69083971183056,259.6030192064387,259.9775085449219,47258200
2018-10-03,261.02961828669123,261.44870772895086,259.763451690474,260.1201171875,64694600
2018-10-04,259.6385763650199,259.69207482332916,256.4998822262784,258.0870666503906,111545900
2018-10-05,258.31001039427775,258.8271712774559,255.21588894088282,256.642578125,105951700
2018-10-08,255.95596915870948,256.9992436180711,254.57388016862174,256.642578125,87742200
2018-10-09,256.25910710370897,257.5698463801317,255.7062444172972,256.26800537109375,74339000
2018-10-10,255.75979997194213,255.83114939791164,247.77930409003628,248.15379333496094,214731000
2018-10-11,247.06597859221083,248.6888380999141,241.0739049737835,242.6878662109375,274840500
2018-10-12,246.7895195822303,247.07486285260504,242.86614485598972,246.05836486816406,183186500
2018-10-15,245.7016624383773,247.03028008323682,244.58706584373425,244.67623901367188,102263700
2018-10-16,246.63798849814555,250.4008684315047,246.1654005373798,250.02635192871094,118255800
2018-10-17,250.06195159557254,250.69503477674286,247.49391695240018,250.0708770751953,110626000
2018-10-18,249.1346728395284,249.73210870124333,245.18454828665827,246.4596405029297,134557500
2018-10-19,247.1105777319605,249.04550257282693,245.63038988959937,246.32589721679688,139901600
2018-10-22,246.9947210395396,247.3157119474367,244.68527907935646,245.2202911376953,82415800
2018-10-23,241.5999490849873,245.09530848280906,239.51340048314862,243.97178649902344,146352700
2018-10-24,243.7221665604862,244.1056085152865,236.02701362087163,236.57984924316406,177806700
2018-10-25,238.4166910055369,242.36681508232206,237.39126750912948,240.82420349121094,138061500
2018-10-26,237.1148740057523,241.64458337402075,233.87808058304793,236.58876037597656,201574600
2018-10-29,239.682826498413,240.97576935563563,231.70233168496316,235.27793884277344,160749100
2018-10-30,235.1085944648674,239.07654260883967,234.61815556268994,238.7644500732422,157116000
2018-10-31,241.3324447206018,243.6329872875862,240.8598568617764,241.3146209716797,128296300
2018-11-01,242.17955305340146,244.07883000085664,241.09170569068132,243.88265991210938,99495000
2018-11-02,244.9882939070804,245.41630873000005,240.38723660504414,242.4381103515625,122634100
2018-11-05,242.92859139177023,244.32853143115284,241.95666629775653,243.77569580078125,65622500
2018-11-06,243.71322916141185,245.47873267664912,243.65080522392796,245.3182373046875,60085900
2018-11-07,247.49405933778252,250.65060600365499,247.06604424707044,250.5703582763672,102752100
2018-11-08,249.767650362403,250.75742605766166,248.97407192232856,250.11541748046875,65584900
2018-11-09,248.80473797998025,248.99198261026126,246.26345200740127,247.6723175048828,98812600
2018-11-12,247.1640395101199,247.40478259123662,242.52730654258272,243.04449462890625,99673600
2018-11-13,243.50816351775626,245.50551206799565,241.86748046408346,242.58973693847656,98176600
2018-11-14,244.4622478094711,244.86348626076756,239.37077812959166,240.93121337890625,125335900
2018-11-15,239.66502147667336,243.90941409475818,238.08676246595184,243.4457244873047,135101400
2018-11-16,242.34903144037196,244.98838917854061,241.83184326007407,244.07888793945312,126668000
2018-11-19,243.4724566298117,243.7667253541707,239.03192144248044,239.95034790039062,103061700
2018-11-20,236.61545191890372,238.07781560828795,234.64485289966032,235.50978088378906,136021300
2018-11-21,237.0613378956643,238.21160934833,236.30343388346577,236.3123321533203,75563700
2018-11-23,234.67161536743865,236.13397913932772,234.57354393026174,234.73403930664062,42807900
2018-11-26,236.99001073181176,238.74661624231072,236.59767051136697,238.52369689941406,79981400
2018-11-27,237.4892734656889,239.3261260986328,236.88293957384488,239.3261260986328,75502400
2018-11-28,240.39621058389733,244.8367462158203,239.26376297348142,244.8367462158203,127629600
2018-11-29,244.06097228083433,245.70165515408803,242.91962649023046,244.30174255371094,82346400
2018-11-30,244.1501041474499,246.3525476690746,243.82911345368706,245.79078674316406,98204200
2018-12-03,249.9192635351074,250.02626043622743,247.44932769483242,249.04541015625,103176300
2018-12-04,248.21618372563074,248.64419858808955,240.6636765731652,240.97576904296875,177986000
2018-12-06,237.11485424005295,240.7261366434541,234.01180724806255,240.61021423339844,204185400
2018-12-07,240.27132790012834,241.84068846167355,234.18118466811578,235.0193634033203,161018900
2018-12-10,234.8410402406926,236.43715018686217,230.6055731722175,235.46522521972656,151445900
2018-12-11,238.666404071104,238.8536487276961,234.04752112957925,235.51878356933594,121504400
2018-12-12,238.49690022951813,239.8611652482189,236.62437267926674,236.70462036132812,97976700
2018-12-13,237.64976707823322,238.5146949398124,235.50974751497475,236.6243438720703,96662700
2018-12-14,234.47547116758975,235.42957247444892,231.70236763728906,232.2552032470703,116961100
2018-12-17,231.30111650527016,232.41571327641336,226.0669744218753,227.69874572753906,165492300
2018-12-18,229.33940067554468,230.0081586162255,225.84401386571423,227.44903564453125,134515100
2018-12-19,227.52927740072613,231.30106827818616,222.33972299140083,224.04281616210938,214992800
2018-12-20,222.79447268439893,224.3638197072121,218.1488283409156,220.39585876464844,252053400
2018-12-21,221.29725519655113,223.96100288010308,215.234308074358,215.88006591796875,255345600
2018-12-24,214.39127315515717,216.00566805470686,210.1131437780654,210.17591857910156,147311600
2018-12-26,211.63780135232858,220.79498291015625,209.65568091550543,220.79498291015625,218485400
2018-12-27,217.55724826813972,222.68741427560954,214.31949514400904,222.4901123046875,186267300
2018-12-28,223.84440983280513,225.4767323217771,221.0371572860196,222.20310974121094,153100200
2018-12-31,223.82645885131,224.3915003778305,221.95197382206396,224.1493377685547,144299400
2019-01-02,220.61561100863256,225.3063260642124,220.58870557266602,224.3825225830078,126925200
2019-01-03,222.63360250759496,222.93855359314486,218.54381198522043,219.02813720703125,144140700
2019-01-04,222.05963659502927,227.01044301239702,221.68294673620602,226.36468505859375,142628800
2019-01-07,226.63370784391665,229.55754588854347,225.7368234968738,228.14944458007812,103139100
2019-01-08,230.33784464859812,230.77730922015044,227.80862422016872,230.29298400878906,102512600
2019-01-09,231.0015215835189,232.21232088082903,229.77279445340503,231.36924743652344,95006600
2019-01-10,229.83560729240676,232.43656660303958,229.15396638327567,232.18544006347656,96823900
2019-01-11,231.1091499036586,232.30202140213726,230.5261805574584,232.27511596679688,73858100
2019-01-14,230.37370700114573,231.6652226884312,229.97012545558084,230.8580322265625,70908200
2019-01-15,231.23469869075262,233.8177296518354,231.22572108981979,233.50381469726562,85208300
2019-01-16,233.93433888012572,234.95680020292303,233.72807299168477,234.0688934326172,77636700
2019-01-17,233.1988886029791,236.70570939522244,233.15402796688343,235.8446807861328,96118400
2019-01-18,237.65640867719944,239.4501772546297,235.8805679320784,238.98377990722656,127900300
2019-01-22,237.51291789918878,237.72816138252549,234.14062401631128,235.7550048828125,115531200
2019-01-23,236.78641176316992,237.4859803601838,233.78184415097832,236.24827575683594,86030300
2019-01-24,236.0689182013445,236.9568523052835,235.05543452326265,236.3738555908203,59204100
2019-01-25,238.2214342464364,239.19906225440906,236.47252622175893,238.37391662597656,96883400
2019-01-28,236.2303825110158,236.62498644464915,234.7953620742769,236.56222534179688,85613700
2019-01-29,236.70569546782997,237.27070953520965,235.41418000092213,236.24827575683594,66136300
2019-01-30,237.763995539909,240.83132402982022,237.00163853216804,239.98825073242188,92473700
2019-01-31,239.92560866767272,242.58037942609383,239.71033775106037,242.09605407714844,104012100
2019-02-01,242.2933322840041,243.235077392905,241.42335325978183,242.21261596679688,85782500
2019-02-04,242.2574604624186,243.9794907548244,241.58479708379406,243.9167022705078,60744800
2019-02-05,244.3472009297113,245.24408537670902,243.8449478290519,244.93914794921875,79552800
2019-02-06,244.66113262050564,245.1544081516475,243.88084747780272,244.61627197265625,58347800
2019-02-07,243.001828750321,243.5489150225766,240.62509088503603,242.28433227539062,95482000
2019-02-08,241.03769518042967,242.67898167564843,240.21254944589518,242.58033752441406,75788900
2019-02-11,243.2350520120421,243.49512877232434,242.18568525636323,242.71484375,68021400
2019-02-12,244.32930010178086,246.21273575207329,244.25753401047314,245.8360595703125,72270200
2019-02-13,246.67012986807828,247.4773204011533,246.24859308058757,246.63424682617188,65277200
2019-02-14,245.54908296409022,247.21730267700767,244.73291463287092,246.08721923828125,83234400
2019-02-15,247.86289129890864,248.80463608167037,247.65662546105898,248.7687530517578,97088700
2019-02-19,247.97062873148565,249.8540642265437,247.96165112812608,249.19935607910156,59120800
2019-02-20,249.16346298532434,250.15901894210884,248.66120989080383,249.70159912109375,76610800
2019-02-21,249.06483200487477,249.42358032410993,247.8540324780566,248.81370544433594,64214700
2019-02-22,249.4324756341498,250.55358099161674,248.79569545491475,250.35629272460938,78114600
2019-02-25,251.7823475232968,252.30252839097093,250.61638147320215,250.6970977783203,69030700
2019-02-26,250.3473357536427,251.39667512709303,250.14104249740362,250.5177459716797,56844100
2019-02-27,249.80020834065053,250.7598811219917,248.8674683645355,250.4101104736328,56921600
2019-02-28,250.1948826588521,250.6343746587472,249.6208908341152,249.94375610351562,69268300
2019-03-01,251.52223081073174,251.91686208537593,250.06928264987644,251.50430297851562,78880500
2019-03-04,252.56263402289468,252.80478293969955,248.2934558328238,250.5894775390625,106494600
2019-03-05,250.71510045958334,250.91241614415003,249.70161659661557,250.2487030029297,59114600
2019-03-06,250.36527686435716,250.3742544670684,248.41007542510283,248.73294067382812,75039800
2019-03-07,248.28459215052047,248.4280969943465,245.80920886408472,246.65228271484375,94885100
2019-03-08,244.7956504825107,246.3293152689879,244.32928040957538,246.15890502929688,85795800
2019-03-11,246.87641447648502,249.88993299300893,246.84950903868537,249.72850036621094,65098900
2019-03-12,250.2844361870849,251.19029774712388,250.09609821891266,250.6700897216797,79667500
2019-03-13,251.55809943612732,253.2621740040763,251.3966394724862,252.32940673828125,80639200
2019-03-14,252.3563373113988,252.7778740375843,251.72853470841738,252.16799926757812,67518400
2019-03-15,252.7201855068536,254.22456412663388,252.53099041783403,253.413818359375,81309000
2019-03-18,253.63000687161,254.6299477159504,253.40479818943265,254.33265686035156,62199800
2019-03-19,255.39573887193404,256.16142662656773,253.50397987941622,254.3957977294922,90268100
2019-03-20,254.1795895258863,255.3867050444242,252.5220565381343,253.63006591796875,84609200
2019-03-21,252.81027908877184,256.9000490867797,252.7652208562003,256.49468994140625,79550400
2019-03-22,255.13448245054312,255.6569546393203,251.49510145781022,251.55816650390625,122659300
2019-03-25,251.2158645009245,252.40497335776593,250.10785499044835,251.3690185546875,85575200
2019-03-26,253.125593361551,254.19758910713398,251.83740603410251,253.24270629882812,68125900
2019-03-27,253.23362218224344,253.8191867137704,250.36897451491143,251.9184112548828,72224700
2019-03-28,252.54909516749842,253.32380006375664,251.39602747893355,252.87338256835938,56238500
2019-03-29,254.38677789026698,254.79213709615857,253.26073427729185,254.4678497314453,82186800
2019-04-01,256.4677058809414,257.78291713150287,256.19743891736897,257.4856262207031,77617900
2019-04-02,257.674759361398,257.8459201497663,256.81895541955635,257.6116943359375,40070400
2019-04-03,258.82789681177695,259.22426637741154,257.4135793840035,258.01715087890625,68243200
2019-04-04,258.34145373384234,258.9540149205968,257.6478206980734,258.7017822265625,48997500
2019-04-05,259.36832040692826,260.00790530071373,259.0800467255943,259.953857421875,58621700
2019-04-08,259.5305822634568,260.26025645144784,258.87296278297543,260.15216064453125,53566300
2019-04-09,259.18822378928195,259.51251116404137,258.2693820694969,258.8188781738281,66142300
2019-04-10,259.2332694125867,259.791810186664,258.818893023963,259.70172119140625,52601500
2019-04-11,260.18812137072035,260.19713851656536,259.0620777920284,259.6296081542969,55093100
2019-04-12,261.2420936009112,261.6654870591576,259.6746498365206,261.38623046875,69727800
2019-04-15,261.4583339542193,261.5574400967974,260.4133620858321,261.2151184082031,49596700
2019-04-16,262.09789766267414,262.15194555170166,260.791676198151,261.38623046875,52153200
2019-04-17,262.50325442630555,262.5302783705718,260.3322392659286,260.74664306640625,58268300
2019-04-18,261.33224455017637,261.53042935403886,260.0350399233135,261.2601623535156,68708500
2019-04-22,260.49445510855935,261.63850560047865,260.404366115119,261.4853515625,40160100
2019-04-23,261.8546393635951,264.0707126493644,261.62044102193187,263.83648681640625,52246600
2019-04-24,263.7554418762262,264.08874637015623,263.1068396883929,263.2509765625,50392900
2019-04-25,263.1519017144585,263.7464560815874,261.89975542696516,263.0888366699219,57770900
2019-04-26,263.13390373424016,264.3860500637135,262.3591713542615,264.3139953613281,50916400
2019-04-29,264.4041975708804,265.25098501582363,264.31410853584765,264.7284851074219,57197700
2019-04-30,264.3859925010435,265.1517075672727,262.9717027806485,264.8634338378906,81111700
2019-05-01,265.4940832056484,265.70128514541994,262.86363299957645,262.8726501464844,71671900
2019-05-02,262.7555016521478,263.67437079078803,260.8096950831011,262.3050842285156,65030200
2019-05-03,263.7824949736138,265.1517541920076,262.4132082639191,264.87249755859375,56543700
2019-05-06,260.5665740866769,264.22396269391305,260.2512762775067,263.7825622558594,107198100
2019-05-07,261.37726565699415,261.97182004663614,257.46764511719874,259.3774108886719,144729900
2019-05-08,259.01702880859375,260.7286094294374,258.4224745419498,259.01702880859375,91568300
2019-05-09,256.9451804502703,258.8369119830217,255.20654798317443,258.2333679199219,103471100
2019-05-10,257.2963465592551,260.2871237095767,254.30556940893348,259.5304260253906,112429300
2019-05-13,254.4137963184327,255.3776687368432,252.17069879596136,253.0084686279297,127290500
2019-05-14,254.02649577218074,256.8281073910082,253.90039314635217,255.2966766357422,77003200
2019-05-15,253.66618444998986,257.43166904420116,253.45898245403038,256.7920837402344,73956400
2019-05-16,257.4945991016758,260.53040778063,257.4225444185562,259.170166015625,76749600
2019-05-17,256.8640914521032,259.98097268898067,256.8460571586275,257.4946594238281,100353000
2019-05-20,255.89120817862778,257.60278931600044,255.04442101222048,255.79212951660156,62877600
2019-05-21,257.485586520628,258.4765102516774,257.2333538882968,258.0981750488281,46847100
2019-05-22,257.1432762736831,258.26030250517374,256.82797863022563,257.305419921875,49482500
2019-05-23,255.080340461173,255.12537119674462,252.74718203795626,254.1614990234375,98733800
2019-05-24,255.6028919720907,256.01729582994847,254.11651984904475,254.73809814453125,55268100
2019-05-28,255.01738417734387,255.97226710547216,252.35092019830472,252.36892700195312,70029400
2019-05-29,251.2518863252841,251.65724556949357,249.2700383825875,250.6753387451172,104972900
2019-05-30,251.43205531752093,252.2698527997743,250.2609807597185,251.36000061035156,62523800
2019-05-31,248.81057555344347,249.6393281503251,247.9457543767467,247.9727783203125,86862800
2019-06-03,248.0089095929266,249.125936321561,246.00905456795837,247.34230041503906,96428000
2019-06-04,249.63927142545154,252.84624029259484,249.18885414083826,252.71112060546875,77231900
2019-06-05,254.3327228709053,254.92727724512184,252.5220632903335,254.90025329589844,71169700
2019-06-06,255.19752776383675,257.2333959536874,254.54892553301983,256.5577697753906,69430400
2019-06-07,257.5757458007118,260.2061961055513,257.4045849508437,259.12518310546875,74272200
2019-06-10,260.6745984921607,261.9808201331554,260.2241810285488,260.31427001953125,60799100
2019-06-11,262.13387030078025,262.50321581228616,259.602527092113,260.2511291503906,58641300
2019-06-12,260.0170789116337,260.575592323251,259.2783874679363,259.7918701171875,47096300
2019-06-13,260.70159534153777,261.2240949401442,259.9989452709926,260.8637390136719,48945200
2019-06-14,260.5755310058594,261.1790750378197,259.8098157866652,260.5755310058594,52324700
2019-06-17,260.8097413348233,261.4403368362566,260.5034607313937,260.67462158203125,39205700
2019-06-18,262.49438047008744,264.45819459580116,262.1340243993109,263.4042053222656,85434800
2019-06-19,263.5392531233006,264.53017706467074,262.5663634753288,263.9986877441406,78674400
2019-06-20,266.6831978027144,266.9264133528406,264.0617646861457,266.5210266113281,116570000
2019-06-21,266.251288502116,267.50952485915224,265.9163628738044,266.13360595703125,83309500
2019-06-24,266.34181358325094,266.6586172021475,265.65384032505415,265.8077392578125,47582700
2019-06-25,265.8620523837093,265.8892077691413,263.0920925696,263.2007141113281,82028700
2019-06-26,264.0968777608522,264.6037967215319,262.8295803591529,262.9382019042969,51584900
2019-06-27,263.6985816288529,264.377493914319,263.31840621899835,263.8705749511719,40355200
2019-06-28,264.84822100220697,265.7262820776857,264.3322686125038,265.2284240722656,59350900
2019-07-01,268.55957168944997,268.7768423916626,266.43230780847284,267.6362609863281,78705600
2019-07-02,267.59102884896026,268.38762376676675,266.74918415742064,268.33331298828125,61504500
2019-07-03,269.01210055370296,270.4966681436764,268.8672626699249,270.4785461425781,40898900
2019-07-05,269.2475267615392,270.333797324257,267.95307413888946,270.17083740234375,51677300
2019-07-08,268.85833365921906,269.9898541670269,268.143204963281,268.68634033203125,45841800
2019-07-09,267.52760848387834,269.31991891337793,267.47329772086357,269.0212097167969,41101300
2019-07-10,270.08930606216137,271.2570424914741,269.555231912321,270.3065490722656,58448500
2019-07-11,270.94927706503216,271.1846144550714,269.9354395002428,270.9402160644531,50826100
2019-07-12,271.4290060202442,272.22560047004487,271.12123591463904,272.1531677246094,40326000
2019-07-15,272.58769988064853,272.58769988064853,271.73679462633874,272.24371337890625,33900000
2019-07-16,272.15328696925974,272.3614966723665,271.0579829333727,271.3657531738281,36650100
2019-07-17,271.33856696217356,271.5014992547846,269.5190734863281,269.5190734863281,36036300
2019-07-18,269.02119714332446,270.8859402530274,268.57765005776565,270.5057373046875,51392600
2019-07-19,271.6010788909573,271.6282342722078,268.8311195033801,269.00311279296875,58678600
2019-07-22,269.40138946990106,270.2070451761584,268.88543721281127,269.6639099121094,43638100
2019-07-23,270.7865041677477,271.5921325683594,269.9536927494011,271.5921325683594,44564500
2019-07-24,270.8316412045889,272.8683776855469,270.7411140582117,272.8683776855469,47213200
2019-07-25,272.41578587292383,272.4700966389974,270.75922463265556,271.56488037109375,55394100
2019-07-26,272.2528181910859,273.5834870369628,272.1260746700478,273.38433837890625,45084100
2019-07-29,273.2667386978963,273.38442125310485,272.33436688549176,272.88653564453125,38126500
2019-07-30,271.4833604302327,272.623941541799,271.103157518043,272.2165832519531,45849000
2019-07-31,272.461001133541,272.6511164157316,267.21981949609557,269.2384338378906,104245200
2019-08-01,269.3923262613973,272.3523730664228,266.097326282711,266.8939208984375,142646600
2019-08-02,265.99785609649547,266.24225458999433,263.32745655172783,264.8844299316406,116749700
2019-08-05,260.7837820409055,260.8924035858546,255.01755815476298,256.91851806640625,178745400
2019-08-06,258.81033515709356,260.738449845443,257.33482851295753,260.52117919921875,120711700
2019-08-07,257.44345126444256,261.4445185495751,255.30715454545978,260.6750793457031,140572300
2019-08-08,262.16880673520035,265.7896728515625,261.61663791246286,265.7896728515625,87713900
2019-08-09,264.8481869708878,265.4456330756324,262.1959097009694,263.97918701171875,93730000
2019-08-12,262.47656132527663,263.9701629838489,259.8152226790869,260.7657165527344,65527600
2019-08-13,260.46689624662304,266.2693353078018,260.1229096763027,264.82098388671875,94299800
2019-08-14,260.76563897648515,261.372118364232,256.86415934036023,256.9908752441406,135622100
2019-08-15,257.87807057147774,258.5660439238212,255.6240904171086,257.66986083984375,99556600
2019-08-16,259.3264429890606,261.906288014765,257.72419204149924,261.4718017578125,83018300
2019-08-19,264.4951407782686,265.3007688833208,263.8162285844009,264.6218566894531,53571800
2019-08-20,264.114903213662,264.64897742124305,262.46743083392226,262.5941467285156,51596400
2019-08-21,264.7575936082407,265.1015524936121,264.0696205874962,264.7304382324219,49524700
2019-08-22,265.4366093079304,266.0702441995334,262.87483148005776,264.6490478515625,51666400
2019-08-23,263.34559233234813,265.01118735203045,256.60171845984394,257.8509216308594,149161500
2019-08-26,260.0415440450403,260.7023620605469,258.51172589100315,260.7023620605469,72423800
2019-08-27,262.09638348025754,262.4675255465736,258.9190648424156,259.679443359375,66668900
2019-08-28,259.0185898937804,261.67086686459277,258.21293417482644,261.5079345703125,59696700
2019-08-29,264.0697022845135,265.37321597709513,263.0648978183525,264.8481750488281,57899400
2019-08-30,266.3326606557337,266.35075503127933,263.798066829308,264.7304382324219,62901200
2019-09-03,263.02868486425206,263.94293446557975,261.85188719792905,263.18255615234375,69101400
2019-09-04,265.3551411107405,266.18792470473994,264.60379605038094,266.1698303222656,46887300
2019-09-05,268.659059306652,270.50568002181484,266.1334989792976,269.5914306640625,83258100
2019-09-06,269.90836229817734,270.4424366119935,269.2294500581553,269.7997131347656,49584300
2019-09-09,270.7864219040724,270.8769214356232,268.99408365421084,269.9355163574219,51260300
2019-09-10,269.17503626132765,269.9354420671524,267.91680029395496,269.8720703125,57947100
2019-09-11,270.17985412055356,271.8726038304123,269.52809741475204,271.7911376953125,68821100
2019-09-12,272.69641910988423,273.79172313296596,271.9360407085292,272.7326354980469,72908700
2019-09-13,273.1762067567145,273.52925441617066,272.18046318198077,272.5516052246094,62104800
2019-09-16,271.4200714477773,272.5968692967688,271.0670514305876,271.7097473144531,58191200
2019-09-17,271.5106135645232,272.48823513713944,271.33862023577393,272.3977355957031,41475500
2019-09-18,272.0084421096551,272.6692599657147,269.97170539749584,272.5606384277344,73375800
2019-09-19,272.94980824425716,273.9455514745746,272.20752441574757,272.5424499511719,76560500
2019-09-20,273.14626233819297,273.4282007266475,270.4635598753563,271.2547302246094,89565000
2019-09-23,270.59092655135265,271.9095626216198,270.33629663291384,271.1911315917969,43476800
2019-09-24,272.28244316672976,272.6734770496111,268.09921319736446,269.06317138671875,94869400
2019-09-25,269.14500041802086,271.1001974881487,267.6626795721894,270.65460205078125,71854000
2019-09-26,270.6637446747886,270.8728881544537,268.68126652638114,270.0908203125,56179700
2019-09-27,270.8455691998778,270.9547201008358,267.08068181796534,268.6357421875,84746600
2019-09-30,269.1541465618406,270.59098115887195,269.1086878271732,269.88165283203125,51662400
2019-10-01,270.7637634037494,271.4185301350152,266.45323194525736,266.6714782714844,88242400
2019-10-02,265.08901882055056,265.0981216642835,260.6693661676245,261.960693359375,122539500
2019-10-03,261.73345487523494,264.1342754190595,259.0143676971502,264.10699462890625,85278800
2019-10-04,264.7616621869322,267.93544651398554,264.7070728744863,267.6808166503906,65091200
2019-10-07,266.88061793215365,268.5084455962607,266.2440292191831,266.52593994140625,59610500
2019-10-08,264.67080858188825,265.4074176476115,262.35183047463295,262.3882141113281,95708100
2019-10-09,264.4069762063046,265.81652938083784,263.77949053439676,264.8798522949219,62359400
2019-10-10,264.7981232978098,267.55359417676493,264.63443855313955,266.6714782714844,55296300
2019-10-11,269.4269933421255,271.6732046599202,269.308795064422,269.43609619140625,98720400
2019-10-14,269.1177501154781,269.79072252359276,268.7903806352471,269.1359558105469,40394800
2019-10-15,270.18166013458415,272.5460961863396,270.0634341691103,271.8003845214844,46754500
2019-10-16,271.3366718475405,272.0551029660115,270.927460009867,271.36395263671875,48928200
2019-10-17,272.5279987380787,273.0372586742496,271.47309522670037,272.16424560546875,45736600
2019-10-18,271.62760585650597,272.2732695129562,270.1180045415431,270.97283935546875,64304000
2019-10-21,272.29151006181155,273.009913309205,271.85498975437696,272.8098449707031,39048600
2019-10-22,273.3463407868384,273.6373542774494,271.82766443425294,271.9186096191406,48594700
2019-10-23,271.6640383966591,272.76440043938345,271.45486720152144,272.7098388671875,34352200
2019-10-24,273.64656905775985,273.79207586258536,272.32793271893104,273.1554870605469,35453100
2019-10-25,272.58249491439386,274.81963026068695,272.52793334522363,274.27398681640625,45205400
2019-10-28,275.4925768715583,276.32013101368767,275.4652960867663,275.8199462890625,42147000
2019-10-29,275.54716315144003,276.66573093338,275.419834309273,275.7381286621094,44284900
2019-10-30,275.93823170639735,276.9567515614426,274.62869824917215,276.58392333984375,49643900
2019-10-31,276.5747322596814,276.5747322596814,274.3921864447731,275.8471984863281,69053800
2019-11-01,277.29321451712957,278.4481381708568,277.1295020424609,278.4026794433594,71141500
2019-11-04,279.95776061162724,280.09416455683635,279.1483842824147,279.521240234375,60606900
2019-11-05,279.721326580286,280.02144303161515,278.92105304685475,279.2120666503906,42933200
2019-11-06,279.2119703581979,279.5484425794908,278.32985475659814,279.275634765625,46487100
2019-11-07,280.6124904635661,281.5946264927241,279.78493630115787,280.2578125,54272300
2019-11-08,279.9122492128996,281.0035361826021,279.2120238547651,280.948974609375,49032100
2019-11-11,279.5667737483614,280.5852937140423,279.43034202761794,280.4125061035156,35797300
2019-11-12,280.77625188241115,281.9038949929491,280.23060827155547,281.00360107421875,46484600
2019-11-13,280.01229829459345,281.4946191287311,279.7849491544516,281.094482421875,53917700
2019-11-14,280.8126005592483,281.58559326566467,280.17601180041527,281.50372314453125,51219900
2019-11-15,282.8405487883665,283.58626073546037,282.1494261750997,283.5408020019531,62023600
2019-11-18,283.3042825380905,283.9863298938384,282.8495843009252,283.7498779296875,49228000
2019-11-19,284.3501383088859,284.35924115622686,283.0224269685197,283.6680908203125,67804700
2019-11-20,283.07699087413437,283.5953536303308,281.05812918125986,282.6131896972656,79406200
2019-11-21,282.72226583962293,282.8313889694195,281.35817121201325,282.1584167480469,54664700
2019-11-22,282.90426729258405,283.0406712717631,281.7766240612511,282.7860412597656,44850200
2019-11-25,283.71358367271534,284.9776306152344,283.71358367271534,284.9776306152344,48647200
2019-11-26,285.01398034185087,285.80515091180786,284.69568599405943,285.6232604980469,37569000
2019-11-27,286.1051641905956,286.8963623046875,285.8869179536452,286.8963623046875,44444600
2019-11-29,286.3325849809778,286.5781398116173,285.60507884056364,285.8324279785156,36592700
2019-12-02,286.08706111657636,286.1507255365374,282.9769404159021,283.40435791015625,75767800
2019-12-03,280.68527170644836,281.58559326566467,279.302998783299,281.50372314453125,73941700
2019-12-04,282.5495390662209,283.8408667166338,282.2039639124934,283.24066162109375,49080000
2019-12-05,283.94087117115305,283.9590491097116,282.4403447864453,283.7498779296875,40709000
2019-12-06,285.65971875651235,286.7419031701625,285.6506159076721,286.3417663574219,48927000
2019-12-09,285.9507578365188,286.62370264846453,285.36873051071353,285.4414978027344,34838500
2019-12-10,285.3869323258436,286.05077427910413,284.4684326065664,285.1231994628906,52649800
2019-12-11,285.577786637345,286.1870945138328,285.0412460235377,285.9324645996094,53429100
2019-12-12,285.9415905269858,289.1790404773349,285.7051662626912,288.39697265625,96389600
2019-12-13,288.16046262508945,289.79739296590316,287.3874700546423,288.5697021484375,81503900
2019-12-16,290.2976466182981,291.14337897879915,288.5061338182906,290.5522766113281,82749700
2019-12-17,290.9341696015044,291.2342582653961,290.53403288126106,290.6158752441406,61097700
2019-12-18,291.0068891101069,291.23423824222414,290.5794716316232,290.634033203125,48133000
2019-12-19,290.825006142969,291.8981151659742,290.57037621858717,291.8253479003906,85310500
2019-12-20,292.8580047434994,294.23795375085035,291.88018760229625,293.1047668457031,147142100
2019-12-23,293.89073892437995,293.94556876059863,293.4063901117604,293.5526123046875,52990000
2019-12-24,293.78099530759755,293.8266775283828,293.2600841233324,293.5616760253906,20270000
2019-12-26,293.9454926967339,295.13353724845075,293.9363729857451,295.1243896484375,30911200
2019-12-27,295.8554468523397,295.91027666961054,294.52120815038006,295.0512390136719,42528800
2019-12-30,295.13354687019796,295.2706214297429,292.9402423613774,293.4245910644531,49729100
2019-12-31,292.922019374624,294.3842133054212,292.5747451785438,294.137451171875,57077300
2020-01-02,295.6728126568722,296.9065398349285,294.7497972018245,296.88824462890625,59151200
2020-01-03,293.49771070903796,295.76411231173057,293.442880886225,294.6400451660156,77709700
2020-01-06,292.8854545477704,295.8464049037738,292.76664728278183,295.76416015625,55653900
2020-01-07,295.19743554617594,295.6726644399904,294.4846200944738,294.93243408203125,40496400
2020-01-08,295.12441496646585,297.7197956916485,294.87768074616207,296.5043640136719,68296000
2020-01-09,298.06710630868724,298.58801761539866,297.4822175666189,298.514892578125,48473300
2020-01-10,299.09971858480566,299.25506045062673,297.18973874984056,297.6557922363281,53029300
2020-01-13,298.2772800531271,299.7120310890485,297.8477611357546,299.7029113769531,47086800
2020-01-14,299.264208473107,300.3151505804677,298.6884674529028,299.2459411621094,62832800
2020-01-15,299.1546261328861,300.6807697217704,299.07238137860776,299.9222717285156,72056600
2020-01-16,301.3021641332184,302.4170837402344,301.07369722923175,302.4170837402344,54050300
2020-01-17,303.1299315092865,303.56857016247767,302.3531383755547,303.3583984375,95846000
2020-01-21,302.398801777143,303.56855126120206,302.3257046358388,302.76434326171875,77742400
2020-01-22,303.62337862619233,304.27224473675494,302.6455614379162,302.8009033203125,48914900
2020-01-23,302.15214175160344,303.5595060963151,301.03722182198095,303.14825439453125,51963000
2020-01-24,303.8061154859915,303.88836021472963,299.1636529443787,300.45220947265625,87578400
2020-01-27,295.2066810180619,297.1166611579254,294.8685544324489,295.6361999511719,84062500
2020-01-28,297.06185926917453,299.6115581923156,295.7276201151106,298.7342529296875,63834000
2020-01-29,300.0958733171972,300.3243402372707,298.28640527016483,298.4874572753906,53888900
2020-01-30,296.42212914324796,299.6663763797536,295.6727787860852,299.4561767578125,75491800
2020-01-31,298.8348117216408,298.9901815401948,293.1048698672145,294.01873779296875,113845600
2020-02-03,295.49906033977834,298.0670257718115,295.38025310308274,296.2027282714844,69083000
2020-02-04,299.8126259633462,301.58553178633565,299.4927666447389,300.71734619140625,62573200
2020-02-05,303.6507628947107,304.4001409842499,302.1885971158361,304.18994140625,65951100
2020-02-06,305.14958457567815,305.40546643081,304.1351768681348,305.21356201171875,50359700
2020-02-07,304.15341594950706,305.22262540475447,303.038496381652,303.5868225097656,64139400
2020-02-10,302.7003838721832,305.91718787642037,302.66382135820703,305.85321044921875,42070000
2020-02-11,307.2058067510786,307.99171968195316,305.85327235048885,306.3833312988281,54864500
2020-02-12,307.81803230663076,308.5674104828042,307.4524908196525,308.35723876953125,43992700
2020-02-13,306.93160682994335,308.9969568539677,306.6574576626084,308.02825927734375,54501900
2020-02-14,308.4394532632197,308.6405052446944,307.2422889745831,308.5216979980469,64582200
2020-02-18,307.5256020605576,308.58569184757795,306.3375574198674,307.7266540527344,57226200
2020-02-19,308.69541242931956,309.87428181296707,308.4121156420215,309.1980285644531,48814700
2020-02-20,308.64970037102154,309.4722036983125,304.9393993518931,307.9277648925781,74163400
2020-02-21,306.57524088234,306.885952596677,303.934149476926,304.75665283203125,113788200
2020-02-24,295.3071862193686,304.82967088286625,293.5708154883239,294.6492004394531,161088400
2020-02-25,296.0382446469935,296.6505202633772,284.84336760311373,285.7206726074219,218913200
2020-02-26,287.1188970838777,290.71038982346295,283.938655892988,284.66973876953125,194773800
2020-02-27,279.1500278323521,284.7246265399028,271.8847961425781,271.8847961425781,284353500
2020-02-28,263.83362436216396,272.23207101783856,260.94579899354517,270.7424621582031,384975800
2020-03-02,272.52443233830087,282.53129309523894,269.0974290501747,282.4673156738281,238703600
2020-03-03,282.84206278668677,286.8082453931347,271.9396274475978,274.379638671875,300139100
2020-03-04,279.7531092321764,286.131914298969,277.203411147517,285.9125671386719,176613400
2020-03-05,278.71135042930734,281.9007394258582,274.1694273459628,276.40838623046875,186366800
2020-03-06,267.90034329272197,273.0454235323544,265.2318649017043,271.839111328125,228667200
2020-03-09,251.5877720984813,259.7120695140164,249.89713912812093,250.60995483398438,309417300
2020-03-10,260.1233095601224,263.6690927281698,249.94281022843532,263.5777282714844,276444100
2020-03-11,256.5226906304821,257.6558777250476,247.54850256040214,250.72874450683594,255316300
2020-03-12,233.95013117048154,243.69196419793585,226.34674521407393,226.73971557617188,392220700
2020-03-13,240.42941305337604,248.09677526977262,227.11436995312613,246.12281799316406,329566100
2020-03-16,220.4065784730682,234.7725780910604,216.91561153342053,219.19114685058594,297240000
2020-03-17,223.93413457519435,234.10550046036911,216.65062185131984,231.0257568359375,262070500
2020-03-18,215.90122818946838,226.977299433706,208.380101478062,219.32823181152344,327597100
2020-03-19,218.6428280834812,226.07257629627384,212.21833983048688,219.79429626464844,289322000
2020-03-20,222.94363004147445,224.72696071707477,210.0466734873275,210.32244873046875,347158800
2020-03-23,209.76171566084122,211.13137648969655,200.6336404665036,204.94488525390625,326025200
2020-03-24,215.48857598678674,224.3868403910806,214.91865078430803,223.5135498046875,235494500
2020-03-25,225.09466188292848,235.6475644145072,220.38814988584195,226.85960388183594,299430300
2020-03-26,229.36911860691484,241.57662927963491,228.93707402575518,240.10586547851562,257632800
2020-03-27,232.8162667433577,239.74734053233655,230.77554977075565,232.9541473388672,224341200
2020-03-30,235.05000243161496,241.23649258023633,233.0552504528324,240.5194854736328,171369500
2020-03-31,239.51752951061562,242.06381801054945,235.52802532472109,236.93446350097656,194881100
2020-04-01,227.9534996121323,236.85176448420262,224.20299266868236,226.2712860107422,189554600
2020-04-02,225.38883620204277,232.27394638304975,224.83728566556516,231.4925994873047,177660400
2020-04-03,230.50898872250409,232.8622586960982,225.4163970895069,228.14654541015625,135561200
2020-04-06,237.0171961738574,245.43745065637108,228.1281336328922,243.4702606201172,188061200
2020-04-07,252.06515907675276,252.8189437055567,243.49785113917028,243.7184600830078,201427200
2020-04-08,246.31990229743062,253.71061054645543,243.82876611393948,251.8997039794922,153774500
2020-04-09,255.16309407722713,258.4907725349289,253.2235075911454,255.73304748535156,189999200
2020-04-13,254.7585739128051,255.09868874078822,249.4913106154663,253.39808654785156,114839100
2020-04-14,258.28842472821,261.8918348329773,253.26017380887484,260.8714904785156,134143400
2020-04-15,255.15390934862907,261.0094741207393,253.2142948960848,255.3285675048828,121775000
2020-04-16,256.60628411021946,257.4152211975013,253.49006970924398,256.5603332519531,131798300
2020-04-17,262.3331711725406,264.09809932728353,259.5938211171872,263.4914245605469,146684800
2020-04-20,259.78676762850023,263.629217542873,258.628542678586,258.8491516113281,100109300
2020-04-21,254.3816417460952,255.58584554188414,250.0519952513257,250.98963928222656,126385700
2020-04-22,255.87090205979615,258.3068866614787,254.5471919266126,256.5603332519531,92951600
2020-04-23,257.83803449166567,261.00942882801934,256.2385632888214,256.5419006347656,104709700
2020-04-24,258.0586753592096,260.78882372538203,256.00875672334155,260.1177673339844,85063200
2020-04-27,262.09409597915175,264.9897006956838,261.6344752923047,263.86822509765625,77896600
2020-04-28,267.51767499536015,267.8669912848749,262.35154179491997,262.6549072265625,105270000
2020-04-29,267.98647324976343,271.06593788395355,266.9569272587203,269.5307922363281,118745600
2020-04-30,268.1519197995434,269.63191314520935,265.2838909183048,267.0212707519531,122901700
2020-05-01,262.268717832664,267.18666411275467,258.78478565307967,259.9522399902344,125180000
2020-05-04,258.06787265525315,260.9726794196281,256.58790717425063,260.6693420410156,80873200
2020-05-05,263.49133703836077,265.8905433416998,260.797938736248,263.0776672363281,79569900
2020-05-06,264.77830538088773,265.1643710660051,260.8623279708527,261.29437255859375,73632600
2020-05-07,264.5117718579719,266.37783119413643,263.9418465513149,264.4474182128906,75250400
2020-05-08,267.5820163579853,269.2918202089729,266.4513391653479,268.822998046875,76452400
2020-05-11,266.89263885494034,270.25706693209133,266.46979551663003,268.8782043457031,79514200
2020-05-12,270.0639771433086,270.4776190002841,263.3810732615767,263.51898193359375,95870800
2020-05-13,262.95820745768185,263.9969547866996,256.4315875392969,258.8583984375,144721100
2020-05-14,256.42238447612806,262.08488647615417,250.94368586031882,261.9562072753906,121977900
2020-05-15,259.5662237134552,263.2064122806066,258.6194060692483,263.16046142578125,111146300
2020-05-18,269.383676574657,272.78488091937567,269.0619645324173,271.17620849609375,119703800
2020-05-19,270.5786678061945,272.2884430673774,268.3724944146935,268.390869140625,95189300
2020-05-20,271.930064197411,273.8144983071531,271.7002537911972,272.9504089355469,85861700
2020-05-21,272.82167247031106,273.63060941899073,269.97201842037936,271.06591796875,78293900
2020-05-22,270.781013781808,271.7554076657255,269.5400319702441,271.58074951171875,63958200
2020-05-26,277.54654029417327,277.7855520274972,271.59904750423533,274.92669677734375,88951400
2020-05-27,277.7212306525081,279.0541420158943,272.8952128963509,279.0173645019531,104817400
2020-05-28,280.0468208967093,282.05996133248505,277.8314462784761,278.50250244140625,90405200
2020-05-29,278.03372679987336,280.3318301412633,275.2852041805372,279.7435302734375,119090800
2020-06-01,279.1001076480142,281.4809398340968,278.5853346376734,280.8742370605469,55758300
2020-06-02,281.7934518574034,283.2458690404746,280.46056860288843,283.19989013671875,74267200
2020-06-03,285.1855712255686,287.9249219287208,284.90980990274926,286.9689025878906,92567600
2020-06-04,285.98524696801854,287.72262709548625,284.1191876013095,286.2150573730469,75794400
2020-06-05,291.6110119068838,295.324727633124,291.5466582645759,293.55059814453125,150524700
2020-06-08,294.3594665924078,297.291848746868,293.8171175615824,297.09881591796875,73641200
2020-06-09,294.43303648292283,297.17238620785696,293.5689472426089,294.88348388671875,77479200
2020-06-10,295.4626446212481,296.35431008693706,292.52106030785467,293.2380676269531,95000800
2020-06-11,286.3069674196292,286.941246338049,275.78166842632197,276.33319091796875,209243600
2020-06-12,283.34699827287557,284.1191577863785,274.4855245724636,279.6424560546875,194678900
2020-06-15,273.9522736793171,283.38369810345534,272.7756459737203,282.2530212402344,135782700
2020-06-16,290.0022666173974,290.1493485974371,282.8229940315134,287.6857604980469,137627500
2020-06-17,288.70612812151614,289.0002920766574,285.7553432859751,286.4907531738281,83398900
2020-06-18,284.9740877759043,287.0791307706854,284.5144669914152,286.60113525390625,80828700
2020-06-19,290.06900074453034,290.26288306599963,283.0150766905862,284.9632263183594,135549600
2020-06-22,284.36304192298934,287.18829677421513,283.2181755111513,286.7912902832031,74649400
2020-06-23,289.4411072237713,290.3736357062622,287.70532390749855,288.111572265625,68471200
2020-06-24,286.07110475847367,286.68971915216207,278.9248757908203,280.76220703125,132813500
2020-06-25,280.18976894126644,284.03988623160495,278.16776915357684,283.7721252441406,89468000
2020-06-26,282.67343082724625,282.88579689027085,276.45048811590635,277.0321350097656,127961000
2020-06-29,278.2878684607212,281.2423692160098,275.9981071297797,281.1038818359375,79773300
2020-06-30,280.6699229107989,286.4035537681701,280.5129799461542,284.7046813964844,113394800
2020-07-01,285.8218691543317,287.96390105074033,285.360225806475,286.698974609375,72396500
2020-07-02,290.1335885242947,291.4816073233506,287.61303399713563,288.2778015136719,69344200
2020-07-06,292.1001687186121,293.30967187564966,291.35230884827496,292.7279968261719,61713800
2020-07-07,291.1861878161966,293.1620068643434,289.3303723806456,289.70892333984375,82910000
2020-07-08,290.4751465955823,292.0355030043778,288.7116942101427,291.9247131347656,54638600
2020-07-09,292.53412506328704,292.7741885974815,286.84667618527334,290.2628479003906,83354200
2020-07-10,290.1982744487149,293.49441511654214,288.7671911665096,293.2266540527344,57550400
2020-07-13,295.57172419762725,297.95379107027304,290.03200496438967,290.6875305175781,102997500
2020-07-14,289.26569521963995,295.2301472460135,288.06543384919064,294.45458984375,93657000
2020-07-15,297.6768588380392,298.2585339487308,294.777725167758,297.1598205566406,87196500
2020-07-16,295.25786563140133,296.6335538163291,294.61155366216747,296.18115234375,54622500
2020-07-17,297.18749364064047,297.8245636451662,295.2116468030746,297.0397644042969,62774900
2020-07-20,296.7720261466081,300.18819807974637,296.02416620162734,299.4403381347656,56308800
2020-07-21,301.4069275614781,301.8500871049481,299.0894691350206,300.077392578125,57292200
2020-07-22,299.71736895948897,302.09946478128,299.6065790471225,301.7855224609375,57792900
2020-07-23,301.42534546893273,302.12705222700146,296.8181548399038,298.1846008300781,75738000
2020-07-24,296.32882749424476,297.28902521270993,294.7592290992445,296.2641906738281,73766600
2020-07-27,296.95669073754914,298.60013985296814,296.16264956413676,298.4247131347656,48293000
2020-07-28,297.695243153104,298.8124400440667,296.2364629605237,296.53192138671875,57495000
2020-07-29,297.4091253277657,300.7422051686178,297.37218596811334,300.1789855957031,48454200
2020-07-30,297.20600271794535,299.5234615044289,295.11939379817784,299.10797119140625,61861700
2020-07-31,300.89912438191095,301.573133804093,296.67969747786157,301.4715576171875,84986800
2020-08-03,303.1335589168382,304.3338206049476,302.58882303214364,303.5675048828125,53077900
2020-08-04,302.70874832852365,304.739990234375,302.70874832852365,304.739990234375,41917900
2020-08-05,306.0418321331255,306.89126826301356,305.7740711107244,306.6327209472656,42697700
2020-08-06,306.0510592360944,308.8024353334043,305.7279032834886,308.6824035644531,43679400
2020-08-07,307.71294414525704,309.19020827921787,306.8081131712944,308.90399169921875,57308300
2020-08-10,309.35638535667545,310.0119109096436,307.41747799040013,309.8272705078125,44282100
2020-08-11,311.0091339906926,311.6462040748988,306.5404296941491,307.2698059082031,69601100
2020-08-12,309.7072598051472,312.32939037175544,309.67956233416606,311.5538330078125,53774400
2020-08-13,310.78744591739394,312.30164925667594,310.06728359605586,310.9905700683594,41816100
2020-08-14,310.60284094610125,311.53536940593125,309.8734366603985,310.9998474121094,47260400
2020-08-17,312.01555148156046,312.384860575776,311.0091722248201,311.98785400390625,35481000
2020-08-18,312.3848317893029,313.08653872718406,310.78753558782734,312.6618347167969,38733900
2020-08-19,313.0403457388199,313.5573840389721,310.7967658103232,311.3599853515625,68054200
2020-08-20,309.6334275776199,312.80953621709097,309.5041820857971,312.3294372558594,42207800
2020-08-21,311.99705293699736,313.6589577204171,311.65541319099066,313.4373779296875,55106600
2020-08-24,315.8748790364872,316.68737593780014,313.40971903177535,316.613525390625,48588700
2020-08-25,317.176669274047,317.804497448592,316.01331905096947,317.7214050292969,38463400
2020-08-26,318.3123051250386,321.1744711148294,317.76756939870836,320.90673828125,50790200
2020-08-27,321.7747030342196,323.0580570797185,319.9465849622059,321.6084899902344,58034100
2020-08-28,322.63331982174736,323.8151257187456,321.4422720409016,323.68585205078125,48588900
2020-08-31,323.4735624214404,324.35066804715507,322.28251446279796,322.5133361816406,66099200
2020-09-01,323.3442042226388,325.65242080777375,322.4486150605475,325.5508728027344,54908700
2020-09-02,327.4620256346126,331.2290220451742,326.31713124859124,330.25958251953125,69540000
2020-09-03,328.5700392045548,329.0409244463154,316.3087927397801,318.8940124511719,148011100
2020-09-04,319.5771810982591,321.14675134230083,309.18096542994215,316.290283203125,139156300
2020-09-08,310.8798801569295,316.35499211221384,307.343704228668,307.64837646484375,114465300
2020-09-09,311.65539056693245,316.1887312996784,310.78749888094603,313.72357177734375,91462300
2020-09-10,315.59780899777945,316.25333454581227,307.3159276821659,308.2761535644531,90569500
2020-09-11,310.05816018485217,311.11993430191217,305.6079113300187,308.43316650390625,84680200
2020-09-14,311.5999553914097,314.26826693128163,308.58081864580447,312.49554443359375,65605700
2020-09-15,314.9515377853473,315.78249013570075,312.504833796234,314.0744323730469,52920900
2020-09-16,315.3115540992047,316.7426367786588,312.55090854525963,312.8279113769531,82096000
2020-09-17,307.97150659133644,311.79392701921023,307.4452264147787,310.07659912109375,91523300
2020-09-18,310.8821336756627,310.99336705552685,304.02246845450276,306.50677490234375,105877900
2020-09-21,301.9182014330189,303.2437795741085,298.2380798999571,303.095458984375,99450800
2020-09-22,304.57862001536944,306.73847660305466,302.0664772931383,306.1822814941406,63612100
2020-09-23,306.73858430221924,307.01669609895345,298.5811474715118,299.08172607421875,93112200
2020-09-24,297.7652958983576,302.937845386202,296.448968406663,299.8788146972656,76681300
2020-09-25,299.02593448186957,305.514810507984,298.15459715590544,304.7268981933594,71069400
2020-09-28,308.8891862166308,310.50212711319176,307.89730790676646,309.7883605957031,64584600
2020-09-29,309.58434341380087,310.3259180903288,307.40592890376666,308.1011657714844,51304000
2020-09-30,308.76860928712824,313.58892978637374,308.5739508757094,310.43719482421875,104081100
2020-10-01,313.03270872151455,314.0060289873834,310.5484025217798,312.43017578125,88698700
2020-10-02,307.4801391377748,312.4024144710618,307.0073689601297,309.4638671875,89431100
2020-10-05,311.5217825678193,315.1370091924181,311.475444751699,314.9516296386719,45713100
2020-10-06,315.0905952451243,317.1855845500535,309.96438363528426,310.4742126464844,90128900
2020-10-07,313.43135342172144,316.6850714131168,313.40354507518236,315.87860107421875,56999600
2020-10-08,317.81598305879504,318.7429656383515,316.89825106833507,318.6780700683594,45242500
2020-10-09,320.32801907426403,321.9873254041977,319.7069567408336,321.5238342285156,59528600
2020-10-12,324.06378442537806,328.17030980233085,323.5724848688719,326.6964111328125,80388500
2020-10-13,326.55739883670304,326.73352777746965,323.6003223544785,324.56439208984375,73255500
2020-10-14,325.13906040450945,326.2328927919299,321.7926676880987,322.52496337890625,57727900
2020-10-15,318.61313237555913,322.60842450210197,318.07549499777156,322.12640380859375,60357700
2020-10-16,323.4797769752981,325.13908342610574,321.75560325500436,321.9317321777344,89501900
2020-10-19,323.1924104328647,323.8227516799886,316.1380878968359,317.0372619628906,68425600
2020-10-20,318.38139712826285,321.55168968171705,317.6212929886074,318.3072509765625,60051900
2020-10-21,318.2609093352829,320.43007341653833,317.39882234537475,317.7047424316406,63575000
2020-10-22,317.91787241035223,320.03139112703093,315.7765453535564,319.4473876953125,55399300
2020-10-23,320.6710546588657,320.7266713466308,318.0755149322923,320.5320129394531,49143900
2020-10-26,317.14850435705404,317.93644508302657,311.11383966511926,314.60858154296875,91473000
2020-10-27,314.9515169693836,315.2852170203095,313.31074018456667,313.5239562988281,65994100
2020-10-28,307.8508304573768,313.551765999517,302.3167449414249,302.80804443359375,127094300
2020-10-29,303.0398684553781,309.0559761451705,301.35275342695843,305.8857116699219,90597700
2020-10-30,304.30977868935224,305.61682725753553,299.04452548918334,302.69683837890625,120287300
2020-11-02,306.089599609375,308.0918566976093,303.34571133877967,306.089599609375,86068300
2020-11-03,309.3248216610703,313.55185999385526,306.173086523715,311.49395751953125,93294200
2020-11-04,315.9712318810282,322.53428362589443,314.79397432552076,318.45556640625,126959700
2020-11-05,323.739307930143,326.4739171873728,323.38705010969915,324.6662902832031,82039700
2020-11-06,324.3790079432216,325.8436562639265,322.26548878904805,324.59222412109375,74973000
2020-11-09,337.3938067723991,337.77387297534375,328.20740720794697,328.6708984375,172304200
2020-11-10,327.6791073823705,329.24571041717456,324.9167170262264,328.18896484375,85552000
2020-11-11,330.3765276970206,331.45183069524353,329.1343746531919,330.6268310546875,58649000
2020-11-12,329.6164387197169,330.67321239286036,325.6118956516911,327.41949462890625,67546200
2020-11-13,329.32910745648184,332.69405891618226,328.8099994489029,331.9524841308594,62892200
2020-11-16,334.6221097113151,336.2906666795862,333.33359062429173,336.09600830078125,74541100
2020-11-17,333.68591913167813,335.49354647121936,332.1749330059845,334.2884521484375,66111000
2020-11-18,334.55728418581134,335.1042005097741,330.22826311784223,330.2653503417969,70591300
2020-11-19,329.63497720915376,332.02657957234703,328.29084129066734,331.6557922363281,59940900
2020-11-20,331.39626921670055,331.6002065139429,329.31055843142065,329.38470458984375,70417300
2020-11-23,331.1923113139346,332.6198723058136,328.9582800615384,331.3591613769531,63230600
2020-11-24,333.9083818251607,337.24552471708824,333.05557370732873,336.6986083984375,62415900
2020-11-25,336.61518733680583,336.64299568251425,335.0856717443146,336.17950439453125,45330900
2020-11-27,337.2733854275152,337.5885561538442,336.1053781616801,337.1158142089844,28514100
2020-11-30,336.33714912376905,336.6059820505678,332.944417048533,335.6233825683594,83872700
2020-12-01,338.8770337417267,340.8329534365879,338.28375130260855,339.2941589355469,74231400
2020-12-02,338.1818081843012,340.16553629221875,337.6070834828416,340.0079650878906,45927000
2020-12-03,339.90594329021474,341.30569594652076,338.81211070717654,339.91522216796875,62882000
2020-12-04,340.499217834335,342.844482421875,340.40651392671566,342.844482421875,50749900
2020-12-07,342.0750275397087,342.63122262532636,340.869961761918,342.1399230957031,48944300
2020-12-08,340.8700252302088,343.7065895768302,340.8236874183033,343.1411437988281,42458900
2020-12-09,343.79933766667483,343.9569088788108,339.22931988647474,340.0635986328125,74098300
2020-12-10,338.6915901201066,340.9997674831479,337.8202243105125,339.9523010253906,57735400
2020-12-11,338.2559409711253,339.961585539684,336.7357042360189,339.5537109375,57698600
2020-12-14,341.7228170082681,342.79809173388674,337.85728782298236,338.0334167480469,69216200
2020-12-15,340.5733910132798,342.6034851074219,339.2014749129828,342.6034851074219,63865300
2020-12-16,342.8166942477022,344.058847472952,341.93604950739774,343.1411437988281,58420500
2020-12-17,344.78188359842443,345.2639043286698,343.95685556996756,345.0599670410156,64119500
2020-12-18,345.3485390064458,345.5161002847388,341.67133885477017,343.6821594238281,136542300
2020-12-21,339.7629543638441,352.3212438699424,337.0260063626711,342.4533386230469,96386700
2020-12-22,342.7792584906953,342.89096604412015,340.7498288438613,341.8762512207031,47949000
2020-12-23,342.84433524058835,344.0917832562604,341.8575475802829,342.1833801269531,46201400
2020-12-24,342.65820709257804,343.54260584136324,342.07174248059044,343.5146789550781,26457900
2020-12-28,346.0653140903759,346.85661348489737,345.4416043676414,346.46563720703125,39000400
2020-12-29,347.9923877771309,348.16926748527214,345.2181946161471,345.8046875,53680500
2020-12-30,346.6239282532309,347.3314471151924,345.90711937087656,346.298095703125,49455300
2020-12-31,346.1026197103733,348.78371400805713,345.59061740637577,348.0575866699219,78520700
2021-01-04,349.38886325350404,349.51920765992713,339.6233739583343,343.3191833496094,110210800
2021-01-05,342.67678687742756,346.7728905061342,342.6302231348059,345.6836853027344,66426200
2021-01-06,344.17555304257576,350.9434604581976,343.62630546858566,347.7503356933594,107997700
2021-01-07,350.124342303008,353.661880737417,349.94746254030196,352.9171447753906,68766800
2021-01-08,354.3041182519428,355.14195305315735,351.05516813608017,354.9278564453125,71677200
2021-01-11,351.7533887862446,354.29482021588973,351.632362830576,352.5353698730469,51034700
2021-01-12,352.7215992262628,353.6245779387695,350.3663089172504,352.60986328125,52547700
2021-01-13,352.5353542542608,354.55546486987174,351.75337320210355,353.55938720703125,45303600
2021-01-14,354.3041831146207,354.80689545132014,351.9861664446019,352.3212890625,49989100
2021-01-15,350.70140387922305,351.50199335982205,347.88999385755534,349.7518615722656,107160000
2021-01-19,352.2095511727949,353.0380960342888,350.72936958492306,352.4981384277344,51233300
2021-01-20,354.78819724418975,358.21405551285824,354.397220924243,357.376220703125,61836100
2021-01-21,357.93475983810305,358.36300987967786,356.7804109135132,357.7020263671875,47840100
2021-01-22,355.8494507545385,357.5996108721701,355.46776448123836,356.4359436035156,52860500
2021-01-25,357.1714926802257,358.19549744523476,352.3213056451607,357.8417663574219,70402000
2021-01-26,358.79131180846997,359.2009250817401,357.050469601999,357.283203125,42665300
2021-01-27,353.95971902424606,354.05281810421934,346.3167590029396,348.5509948730469,123351100
2021-01-28,350.3661884679812,355.551495917981,349.9286769089569,351.5484924316406,94198100
2021-01-29,349.6867018282273,350.6548810290884,342.83501362114134,344.5107116699219,126765100
2021-02-01,347.90861660624154,351.2785927627981,344.7993008040637,350.2452697753906,75817600
2021-02-02,353.4291069607294,356.75254834286187,350.32910906965094,355.1978759765625,64450700
2021-02-03,356.026389967423,357.19937586145977,354.2017673399159,355.4771423339844,52427100
2021-02-04,356.5104983071963,359.56396087599126,355.5888826824537,359.5174255371094,47142600
2021-02-05,361.3885499748435,361.63989189934597,359.47082842089645,360.932373046875,48669800
2021-02-08,362.38468496710107,363.5855978382445,361.52824155640604,363.5390625,38365200
2021-02-09,362.70121613525754,363.89283904052365,362.2916312738895,363.2970275878906,35551100
2021-02-10,365.0377849264699,365.18673775500156,360.7368749883138,363.138671875,59154400
2021-02-11,364.2186747342793,364.63760647374943,361.29555622038924,363.72528076171875,42913300
2021-02-12,362.92462830443,365.7639656617887,362.8501376743546,365.5219421386719,50593300
2021-02-16,366.75067579926497,366.94619235443565,364.48851345953494,365.205322265625,50972400
2021-02-17,363.45518283226,365.5404654309399,362.4404400003846,365.28912353515625,52290600
2021-02-18,362.68259806906747,364.47929399166895,360.9603643711448,363.73455810546875,59712800
2021-02-19,364.99130695342166,365.2798942259746,362.645335047699,363.0921936035156,83241000
2021-02-22,360.3272738044918,362.71046232061997,360.02936813751376,360.2993469238281,67414200
2021-02-23,358.0931195208887,362.08683482270567,353.9411613292896,360.7369689941406,107284100
2021-02-24,359.64766215783163,365.1401946066292,358.6608745485557,364.7119445800781,72433900
2021-02-25,363.44603676643834,364.81451122327826,354.48113557059503,355.924072265625,146670500
2021-02-26,357.8044726689712,358.9495032557424,352.1071613879296,354.09002685546875,152701600
2021-03-01,358.9588307931296,363.92072482785227,354.2855524299561,362.6732482910156,105348800
2021-03-02,362.89666276485025,363.1293962418053,359.34048841861335,359.84320068359375,79595300
2021-03-03,359.1450201183431,360.11317098093735,354.97442575307235,355.07684326171875,119940200
2021-03-04,354.89054939151254,357.47854396402505,346.1956319657353,350.6827392578125,183433000
2021-03-05,354.1831430171617,358.18617627812586,346.9032607012722,357.13421630859375,152039600
2021-03-08,358.09305771331407,360.9044680233819,355.0768407972248,355.3561096191406,123149200
2021-03-09,359.2009391846774,362.9805294738198,358.6982268004986,360.4297790527344,113633600
2021-03-10,362.77566580218155,364.3675549570112,361.3606563767608,362.6732482910156,109899400
2021-03-11,365.14026100475496,368.32403944461987,364.6840840161151,366.3504638671875,86245000
2021-03-12,364.9912312984389,366.98341490924895,364.18132341690256,366.8437805175781,64653600
2021-03-15,367.0951358060423,369.2921544845288,364.9539992961072,369.031494140625,73427200
2021-03-16,369.6458961543537,370.3533865339371,367.793318546746,368.5660095214844,73722500
2021-03-17,367.28144605788765,370.62349621985925,366.1363868352089,369.8229064941406,97959300
2021-03-18,367.23481832610025,369.32010118927036,363.76242462104625,364.4420166015625,115349100
2021-03-19,364.1412876855865,365.7197211971754,361.59150389696646,363.7677001953125,113624500
2021-03-22,364.28146016286524,368.0547602075302,364.2254234520503,366.6724548339844,73778600
2021-03-23,366.0373101003052,367.4849724644324,363.00186510857276,363.7864074707031,90686600
2021-03-24,365.18737456445785,366.821844910974,361.8904155198871,361.9371032714844,97588600
2021-03-25,360.4987874842971,364.7670683556702,358.5560867809132,363.97320556640625,116128600
2021-03-26,365.12196135499164,370.2401983720078,364.5242270663124,369.8385925292969,114409100
2021-03-29,368.362862908593,370.55772850073316,366.87783346614003,369.6517639160156,108107600
2021-03-30,368.381579616897,369.34358094645273,367.07398064220894,368.6711120605469,76262200
2021-03-31,369.2408322683644,371.7252304449524,369.2128139187483,370.16546630859375,112734200
2021-04-01,372.09874775674973,374.21890698843123,371.8932703973553,374.162841796875,99682900
2021-04-05,376.82484074553827,380.0751124291974,376.7501346334227,379.53338623046875,91684800
2021-04-06,378.9729533834397,380.35522998954474,378.63670467999566,379.3091735839844,62021000
2021-04-07,379.141055188101,380.0937075716996,378.6834126464064,379.7481384277344,55836300
2021-04-08,380.9996431984528,381.60672639186373,380.06566028462163,381.5506896972656,57863100
2021-04-09,381.4293215703808,384.4927845941178,381.3078992229351,384.32464599609375,61104600
2021-04-12,383.7268976917543,384.7355867285504,383.11981447960585,384.4647521972656,56704900
2021-04-13,384.36203264890395,386.2299986965263,383.9790961887934,385.6042175292969,56551000
2021-04-14,385.5761343766993,386.6315395766929,383.7455359385016,384.2872619628906,61659900
2021-04-15,386.4261388821726,388.6863904096903,386.3794511307246,388.41552734375,60229800
2021-04-16,389.70436564966764,390.32079778500326,388.28472190043465,389.7137145996094,82037300
2021-04-19,388.77974091961784,389.228034481116,386.4728019580856,387.7990417480469,78498500
2021-04-20,386.5849297445035,387.68702290879025,383.4840991609738,384.9598083496094,81851800
2021-04-21,384.34333492736897,388.80777231208793,384.2032146818028,388.602294921875,66793000
2021-04-22,388.43417324213044,389.26540322576255,383.98840538810305,385.0531311035156,97582800
2021-04-23,385.61360875851005,390.63844253799283,385.53890264969044,389.2281188964844,73209200
2021-04-26,389.88185775138544,390.61036333622997,389.293443913069,390.0406188964844,52182400
2021-04-27,390.33941829559586,390.5355752024287,388.81702179635823,389.95648193359375,51303100
2021-04-28,390.2274494039852,391.3482404466595,389.3775214221555,389.8445129394531,51238900
2021-04-29,392.5717326349584,392.94532012603673,388.94787411541165,392.3288879394531,78544300
2021-04-30,390.0593289877053,390.9092569470682,388.8544829241141,389.7510986328125,85527000
2021-05-03,391.740486180178,392.1234226337819,390.09669546817264,390.5917053222656,68128300
2021-05-04,388.6023411344011,389.0973510192944,384.4928213443372,388.1820373535156,101591200
2021-05-05,389.82583314555814,390.05932889798106,387.74304077290196,388.3034362792969,60162200
2021-05-06,388.3781723084249,391.5350396849246,386.3701143834206,391.404296875,74321400
2021-05-07,392.17010496663084,394.9066681025146,391.4882871687611,394.25286865234375,67733800
2021-05-10,394.60783736731895,394.8319841776763,390.2274545965479,390.348876953125,81852400
2021-05-11,385.8284047975115,387.8551320603856,382.9890883362958,386.8651123046875,116888000
2021-05-12,384.08181415543856,385.3520172707222,377.32910724736956,378.6460266113281,134811000
2021-05-13,380.19647206863493,385.12790123879364,380.14975581622974,383.1945495605469,106394000
2021-05-14,385.93109523135814,389.9285412046908,385.9030768823611,389.07861328125,82201600
2021-05-17,387.9672291939465,388.90121223521504,386.0712162573868,388.088623046875,65129200
2021-05-18,388.3500945443385,388.59293922934893,384.5861444411635,384.74493408203125,59810200
2021-05-19,380.0564000490199,383.9137261518179,378.5713418982046,383.73626708984375,106467100
2021-05-20,384.6142304929748,389.1253848430136,384.4928366319979,387.864501953125,78022200
2021-05-21,389.34945519441624,390.59166843930177,387.089232490251,387.546875,76578700
2021-05-24,389.78844536691764,392.5717248506236,389.54560067622776,391.4976501464844,51376700
2021-05-25,392.5810799776849,392.9359980945385,390.0499939116139,390.6290588378906,57451400
2021-05-26,391.2174888575059,391.90862721701114,390.180781318248,391.404296875,43088600
2021-05-27,392.43165081383626,392.9453300641983,391.3295292083679,391.6097412109375,56707700
2021-05-28,393.1787779101102,393.4402919789062,392.0766849418198,392.3101806640625,58520200
2021-06-01,394.6731442042603,394.81323593275704,391.5256265248219,391.964599609375,54216600
2021-06-02,392.6184525081131,393.4216927574089,391.6097633493774,392.5810852050781,49097100
2021-06-03,390.26474464836855,392.263453151856,388.79838471410426,391.1239929199219,58138800
2021-06-04,392.9732978416649,395.0000532381176,391.1893871156072,394.701171875,55938800
2021-06-07,394.69185530536356,394.86931434784225,393.38428486307185,394.3182678222656,51555000
2021-06-08,395.17744537321835,395.27084935298075,392.571653906073,394.4022521972656,47134300
2021-06-09,395.24286594873485,395.3176005403084,393.58972652208564,393.8138732910156,48436300
2021-06-10,395.0374175201594,396.59718157596666,393.72049815041606,395.6445007324219,51020100
2021-06-11,396.19567641048667,396.4104743000566,394.9067750614484,396.29840087890625,45570800
2021-06-14,396.4102947075029,397.28824077930244,395.1681101819819,397.1855163574219,42358500
2021-06-15,397.335069122236,397.37240792096816,395.5791764832327,396.4571228027344,51508500
2021-06-16,396.59718555484613,396.8213323424478,392.19813383077667,394.2435302734375,80386100
2021-06-17,393.8325789844645,395.0934330875437,391.63771348560346,394.1127624511719,90949700
2021-06-18,390.8294393593685,391.5228387958726,388.5899319002041,388.79608154296875,118676300
2021-06-21,390.5577162541795,394.5495102417298,389.742497165714,394.3620910644531,72822000
2021-06-22,394.352710107166,397.30437604962555,393.63117206610633,396.47039794921875,57700300
2021-06-23,396.5453419827774,397.35118140093033,395.908162638729,395.99249267578125,49445400
2021-06-24,398.13831292432985,398.75673318670397,397.88529422084855,398.3350830078125,45110300
2021-06-25,399.08477157347613,400.1998499000936,398.75680231338544,399.75006103515625,58129500
2021-06-28,400.2747470575294,400.72450723423236,399.075338926079,400.55584716796875,53159600
2021-06-29,400.9400223650543,401.577201657203,400.23724351738144,400.7713623046875,35970500
2021-06-30,400.31230652888655,401.7834641932581,400.28419651092446,401.1087951660156,64827900
2021-07-01,401.8677508401516,403.4888379572731,401.80215127327483,403.32952880859375,53441000
2021-07-02,404.49140558885847,406.76840218909126,403.41378848033645,406.4123229980469,57697700
2021-07-06,406.4685771019908,406.68410626099694,402.9359520976346,405.6720886230469,68710400
2021-07-07,406.35618496076756,407.38693319644403,404.3415575796705,407.1058044433594,63549500
2021-07-08,401.78335917623605,404.54763413664995,400.60268153812575,403.78863525390625,97595200
2021-07-09,405.2973236629894,408.3989192878367,403.5919064673389,408.09906005859375,76238600
2021-07-12,408.014743954132,409.81387079491634,407.5837141699606,409.56085205078125,52889600
2021-07-13,408.7736811446095,410.27294851905754,407.9022421705888,408.16461181640625,52911300
2021-07-14,409.8606803722424,410.34795874869207,407.52746339505444,408.7737121582031,64130400
2021-07-15,407.4337835093042,408.1084524983558,405.47537611239835,407.3775634765625,55126400
2021-07-16,408.55817239214764,408.60501287947545,403.78864977864345,404.18218994140625,75874700
2021-07-19,399.3565367778263,404.24788006963104,395.4022322116841,398.2133483886719,147987000
2021-07-20,398.87861868058843,405.1942788329913,398.08213008287646,403.9198913574219,99608200
2021-07-21,405.11927714998365,407.3307031828911,403.8730283565818,407.19012451171875,64724400
2021-07-22,407.36814723384765,408.28645534613815,406.3842681533673,408.0428161621094,47878500
2021-07-23,409.9731072389194,412.5780733348413,409.28908738037114,412.2407531738281,63766600
2021-07-26,411.65044900738826,413.26215663692216,411.6036085131249,413.2527770996094,43719200
2021-07-27,412.2126221686252,412.24073218061153,408.53941855758904,411.3692932128906,67397100
2021-07-28,411.9971110612924,412.57807039855686,409.77633422865034,411.20062255859375,52472400
2021-07-29,412.1282764931705,413.98359440615155,412.1188969574822,412.906005859375,47435300
2021-07-30,410.3386499267668,412.3532775567739,410.2074507732207,410.90087890625,68951200
2021-08-02,412.6155215961337,413.1683708687938,409.6825865730587,410.0386657714844,58783300
2021-08-03,410.8352364844253,413.49642287388605,408.6425694296475,413.3746032714844,58053900
2021-08-04,412.0907753400313,413.34640345264876,411.1068963894126,411.3411560058594,46732200
2021-08-05,412.5031195904007,414.0304970317783,412.18452990878626,413.9461669921875,38969700
2021-08-06,414.2647578157139,415.0518667835452,413.983629086822,414.63018798828125,46930000
2021-08-09,414.6021178906313,414.92070760379596,413.5245291498375,414.29290771484375,41222600
2021-08-10,414.74256695054606,415.5203248634887,414.05854719624097,414.80816650390625,43339300
2021-08-11,415.87650932910805,415.9327293616088,414.752051486792,415.8390197753906,44034300
2021-08-12,415.68902682349017,417.2257837341095,414.7894778443805,417.085205078125,38909400
2021-08-13,417.5350605392358,417.8630297953268,417.0478107219428,417.84429931640625,39470300
2021-08-16,416.5417486330433,418.95929552799396,414.98626119675987,418.828125,73740000
2021-08-17,416.269910044732,416.9445788047778,413.0933648884497,416.08251953125,92673900
2021-08-18,415.07059964436183,416.6354666486862,411.2849843863083,411.5285949707031,89351900
2021-08-19,408.8018064511608,413.36520830572493,408.66125638495504,412.165771484375,92812200
2021-08-20,412.51246706573465,415.7733427277286,412.02518874666305,415.44537353515625,72008700
2021-08-23,417.1321276721808,420.00884318252696,415.52042005494565,419.09991455078125,54973000
2021-08-24,419.76513671875,420.2992555252089,419.2497769837676,419.76513671875,38744700
2021-08-25,419.95265762373947,421.1614169887758,419.57781925712254,420.64605712890625,40529700
2021-08-26,420.3648595615522,420.5991192042751,418.0691322205563,418.162841796875,57829600
2021-08-27,418.96867606210947,422.27642103261843,418.9124560362428,421.901611328125,77235100
2021-08-30,422.5762498396636,424.5440363918998,422.3326106810009,423.7569274902344,48357400
2021-08-31,423.6632387027082,424.0005588501911,422.5294300788062,423.1291198730469,59300200
2021-09-01,424.0661623524176,424.58152211457764,423.11974426960506,423.35400390625,48721400
2021-09-02,424.77834425136786,425.4623641266029,423.45711639620544,424.6565246582031,42501000
2021-09-03,423.52265580930316,425.0687635577039,423.11970753618436,424.5533752441406,47170500
2021-09-07,424.20672913760086,424.30043871518234,422.3607619842241,423.0354309082031,51671500
2021-09-08,422.5013500889307,423.23223905655976,420.5991342695839,422.52008056640625,56181900
2021-09-09,422.32328581858627,424.0755433312676,420.46793919543404,420.7115783691406,57970400
2021-09-10,422.64186111668704,423.0635112920505,417.27262011455633,417.3944396972656,89948200
2021-09-13,420.3930027876443,420.6553724465294,416.1481905625877,418.4626770019531,83738600
2021-09-14,419.9056301097673,420.1117796951704,415.3141478124884,416.204345703125,78197100
2021-09-15,416.62603163088704,420.17741536814293,415.52033312145613,419.6807861328125,78792200
2021-09-16,419.1560224523783,420.1305217956713,416.0637785857491,419.0154724121094,77786700
2021-09-17,418.24282930799984,418.6658303177403,414.5766484303606,414.9338684082031,118425000
2021-09-20,408.8048283528595,410.38408955076596,403.1457660287209,408.01519775390625,166445500
2021-09-21,410.3559338587685,411.65319451439296,407.103401321114,407.62982177734375,92526100
2021-09-22,409.9046690416803,413.64604074631075,407.74258725869817,411.60614013671875,102350100
2021-09-23,413.4768249344985,418.21463714747955,413.2418148065021,416.6071472167969,76396000
2021-09-24,414.9715554301246,418.0078971201392,414.7553357485491,417.29345703125,62094800
2021-09-27,416.25927810404113,417.42491899440677,415.4038379162627,416.0994873046875,61371100
2021-09-28,413.3263982451864,413.65541814858807,406.9811250466519,407.71435546875,130436300
2021-09-29,409.0961944642292,410.83527498638745,407.83654373845025,408.40057373046875,82329200
2021-09-30,409.8764201598323,410.58145048611453,403.0705365902038,403.4089660644531,140506000
2021-10-01,405.138703737529,409.88589724112427,401.613551525623,408.2032165527344,129240100
2021-10-04,407.03752756364304,407.9399583912579,400.79564501055677,402.93896484375,128570000
2021-10-05,404.4430607487151,409.3782739253751,403.64404918460883,407.131591796875,90682500
2021-10-06,403.5311456620032,409.03038792327897,401.9048940758357,408.8235778808594,113032200
2021-10-07,412.1043841974191,415.1970969045478,411.92577420062315,412.3581848144531,72437500
2021-10-08,413.1290299205683,413.51444998736724,410.9763290353788,411.60614013671875,74557400
2021-10-11,410.9481833441066,413.8623151629453,408.560472006221,408.62628173828125,65233300
2021-10-12,409.5474922480039,409.951702812476,406.8307612007708,407.6203918457031,71181200
2021-10-13,408.6449718376633,409.9046225853422,405.6650597065649,409.0867919921875,72974000
2021-10-14,412.7530959827184,416.1184580641004,412.28307558938985,415.9680480957031,70236800
2021-10-15,418.0830234599393,419.50249383265776,417.4625932709582,419.1358642578125,66260200
2021-10-18,417.34980775714325,420.71514033276804,416.69176789132155,420.3767395019531,62213200
2021-10-19,422.0030022074686,423.68565408047556,421.39195292020696,423.619873046875,46996800
2021-10-20,424.0805016742407,425.5845723051379,423.96770139728164,425.28375244140625,49571600
2021-10-21,424.68209422675085,426.618575397613,424.2496836213109,426.3929748535156,41305400
2021-10-22,425.96058146063757,427.40825194853414,424.0052810402493,425.951171875,58845100
2021-10-25,427.04157156190274,428.5644324904607,425.264910041171,428.23541259765625,45214500
2021-10-26,429.7865805144339,430.99921225220334,428.2449001362051,428.62091064453125,56075100
2021-10-27,429.0814956872959,429.7489164065924,426.6467655584889,426.72198486328125,72438000
2021-10-28,428.15085513172806,430.9145766067055,428.1414742340312,430.8393859863281,51437900
2021-10-29,428.5362813944523,432.0050333226642,428.2448711186631,431.713623046875,70162400
2021-11-01,432.70059827941714,433.0766374014713,430.72653632741896,432.4562072753906,48433600
2021-11-02,432.6254811267831,434.51497189123603,432.4938616741639,434.2047424316406,48908400
2021-11-03,433.6406702124122,437.25983186693117,433.19885003088245,436.8556213378906,52509800
2021-11-04,437.45716584253296,438.9988457948901,437.10935550121593,438.91424560546875,52847100
2021-11-05,441.14219466561576,442.4300455313022,438.9237129061649,440.4371643066406,66390600
2021-11-08,441.53711261296314,442.035333018791,440.1270516129487,440.8132629394531,50405200
2021-11-09,441.1798210293701,441.41483115793073,437.946079365355,439.35614013671875,51149100
2021-11-10,437.664004386451,439.35609434839915,434.33628196802437,435.821533203125,69429700
2021-11-11,437.31627671722447,437.3914960298939,435.94382548251065,435.9626159667969,34848500
2021-11-12,437.23166509516153,439.8073670755041,436.2822149398842,439.25274658203125,53466700
2021-11-15,440.54060690132917,440.7003977259758,438.2751057858588,439.40313720703125,46980500
2021-11-16,439.1399514053057,442.2796835013746,439.0647607814874,441.1422424316406,48857500
2021-11-17,440.87891652236,441.0575264807902,439.45006554267223,440.07049560546875,47858300
2021-11-18,441.10457673089655,441.8284262460176,438.37846513160173,441.5652160644531,50625600
2021-11-19,441.4524058684626,442.70267579983584,440.4089746825623,440.7756042480469,57315600
2021-11-22,442.65573171479053,445.1468335661726,439.32797995964046,439.5347900390625,72762000
2021-11-23,439.2057132997234,440.9729939884895,436.6018115031317,440.1175537109375,73206500
2021-11-24,438.1152611459688,441.4148123907597,437.29743052339023,441.2926025390625,61858800
2021-11-26,434.6183409737067,436.08480192497507,430.32234880945094,431.4504089355469,112669600
2021-11-29,436.24463852719293,438.58533038960036,434.0449470141302,436.74285888671875,86268800
2021-11-30,434.29870556860726,436.2069866122317,428.0004228222706,428.2448425292969,148559600
2021-12-01,433.9603783525568,436.80870036743414,423.29091126414494,423.4883117675781,131939200
2021-12-02,423.7044637690375,431.54439807571686,423.3096341374703,429.9745178222656,127637800
2021-12-03,431.6383868949673,432.70060850783227,422.0029722635854,426.233154296875,137331600
2021-12-06,428.7807384739588,433.16133126579666,426.36482716234684,431.28125,98977500
2021-12-07,436.56428721886243,440.76627012490576,431.1496438264403,440.2022399902344,95484700
2021-12-08,440.5969864571496,441.8190276116101,438.83908665382853,441.3677978515625,72238800
2021-12-09,440.07993978691974,441.471210008513,438.1904779520681,438.38787841796875,61272600
2021-12-10,441.0952068137605,442.665058357532,438.53829554873346,442.5146484375,77159800
2021-12-13,441.99763801115,442.3454484006168,438.3126666867193,438.5946960449219,87724700
2021-12-14,435.3233173325535,437.8144187233226,432.65360596586527,435.5771179199219,97264100
2021-12-15,435.6336329677367,442.6275087271845,433.1143023252697,442.38311767578125,116899300
2021-12-16,444.23507002298425,444.5170707766294,436.93093493813393,438.4820251464844,116568600
2021-12-17,435.400025670144,438.40929266529145,432.1077672413191,433.8152160644531,135511600
2021-12-20,428.7305989396733,429.59845850346267,425.5798363191293,429.2022705078125,107134800
2021-12-21,432.62657449075914,436.9659586009306,430.4568968299471,436.824462890625,69806300
2021-12-22,436.56973302152085,441.3053047127946,436.3716102556049,441.1921081542969,58890200
2021-12-23,442.1921262120378,445.4372291320165,442.0883722782573,443.93731689453125,56439700
2021-12-27,445.3144841465648,450.2670347839004,445.267328513055,450.2198791503906,56808600
2021-12-28,450.65392880170833,451.68216946735913,449.0879755859266,449.8520812988281,47274600
2021-12-29,449.9557881814939,451.4462575660911,448.9558468297353,450.4274597167969,54503000
2021-12-30,450.8519272576119,451.8613112086021,448.71999158678375,449.1822204589844,55329000
2021-12-31,448.6917271226337,449.84257807075835,447.77668316160356,448.05023193359375,65237400
2022-01-03,449.31429199851436,450.77649102777576,447.0031187538817,450.6444091796875,72668200
2022-01-04,452.06883419971206,452.7857840929789,448.63505185674353,450.4934387207031,71178700
2022-01-05,450.1255683158479,450.8991165177179,441.7486775164381,441.843017578125,104538900
2022-01-06,441.380853389721,444.1448419921144,439.0602084439973,441.4280090332031,86858900
2022-01-07,441.43740286255314,442.6165817047028,438.32435344615055,439.6827697753906,85111600
2022-01-10,436.4848285240226,439.35257058794156,430.73043032250024,439.1356201171875,119362000
2022-01-11,438.8715364116939,443.2297770827889,435.8716833675285,443.13543701171875,74303100
2022-01-12,444.8711475087788,446.38994479619777,442.3712941726711,444.33343505859375,67605400
2022-01-13,445.4371934481838,446.0881025089078,437.18294108680465,438.211181640625,91173100
2022-01-14,435.06038106331687,438.7394131797268,433.8434604749311,438.390380859375,95890900
2022-01-18,433.6925742478842,433.90011089418675,429.51357096718334,430.626708984375,109709100
2022-01-19,432.17377646871046,433.5699058238336,425.88166536173696,426.1552429199219,109357600
2022-01-20,428.04193941787696,432.749212360242,419.3160155840139,421.43853759765625,122379700
2022-01-21,420.31599511855075,422.6743531254501,413.137167164053,413.16546630859375,202271200
2022-01-24,407.5525063368311,415.4294267475225,396.9210402768621,414.9200134277344,251783900
2022-01-25,408.52422217345065,414.8068916212734,402.9490601572942,409.8543395996094,167997300
2022-01-26,415.7502159505603,418.8821222815148,404.56215063672164,408.8260803222656,186391100
2022-01-27,413.4294756373351,416.57079488110406,405.11862684927553,406.80718994140625,149878300
2022-01-28,408.1657129140467,416.95767810367454,403.5810789597359,416.9105224609375,164457400
2022-01-31,416.2407272712182,424.7685575099905,414.8917534598383,424.4195251464844,152251400
2022-02-01,425.1458850994215,427.9287589149775,421.61779092107525,427.28729248046875,123155400
2022-02-02,429.69282811901024,432.16438269982757,427.38162576079867,431.4380187988281,117361000
2022-02-03,425.4006065808514,427.3061493870198,420.45746888036115,421.29705810546875,118024400
2022-02-04,421.06118368926354,427.1268727004783,418.68394073588917,423.2780456542969,118454400
2022-02-07,424.0421998784849,425.4383293530502,420.5895604027736,421.919677734375,84472900
2022-02-08,421.4196773714475,426.31563040935833,419.99522006477935,425.3911437988281,81012000
2022-02-09,429.42871580152007,431.9380123033958,429.23062177963686,431.6172790527344,92589900
2022-02-10,425.76842702143995,431.77751733735505,421.8630019636303,423.8628845214844,140103700
2022-02-11,423.947845988049,426.0231836326423,414.0710421144383,415.5049133300781,153214600
2022-02-14,414.995546790282,416.58035643251037,410.67501887953995,414.1465148925781,123006300
2022-02-15,418.58969014890727,420.99520380296383,418.0708341137334,420.8254089355469,88482700
2022-02-16,418.7783192186944,422.6743310487677,416.90107555558865,421.29705810546875,84863600
2022-02-17,418.10851257856154,421.2687175900961,411.6937912802445,412.2975158691406,102259100
2022-02-18,412.55223985255054,413.806902341528,407.3544387638589,409.6278991699219,132642900
2022-02-22,407.4204966635997,410.8259516984403,401.7321096953835,405.23193359375,124391800
2022-02-23,408.146899453587,408.7129111688608,397.4776894566013,398.043701171875,132578000
2022-02-24,387.73284685817333,404.4677720037459,387.3744006844994,404.0338134765625,213942900
2022-02-25,405.2696289017005,413.0333532377554,403.6187784215898,412.9484558105469,121804500
2022-02-28,407.5525226744369,413.37296233027865,406.29788900505855,411.89190673828125,145615000
2022-03-01,410.3919967190823,412.4013221597528,402.9112639395008,405.6186828613281,137785900
2022-03-02,407.8732332677147,414.806810499793,407.11857033694304,413.08050537109375,117726500
2022-03-03,415.5143088873288,416.11803346129733,409.22219816012046,411.02398681640625,105501700
2022-03-04,407.2883535725804,408.8165646764018,403.6376206493303,407.6845703125,113978200
2022-03-07,407.09972677904506,407.8072341448679,395.60037142345385,395.6664123535156,137896600
2022-03-08,395.8456573433794,403.00562856631194,391.60061306814714,392.6665954589844,164772700
2022-03-09,401.05292680024445,405.1753318232111,398.8643637492097,403.1943054199219,116990800
2022-03-10,398.5813407511495,402.26981595352635,396.6191996494863,401.3736572265625,93972700
2022-03-11,403.8639798109582,404.47714697175655,395.76066731177804,396.27008056640625,95636300
2022-03-14,397.0436722577172,400.4962825052735,392.23261691926257,393.3740539550781,95729200
2022-03-15,395.9871173439881,402.65655987964084,394.7136272071247,402.0245361328125,106219100
2022-03-16,405.5337798825797,410.99571571466925,400.7321381601262,410.9391174316406,144954800
2022-03-17,409.02416595069127,416.08038330078125,408.64683443641115,416.08038330078125,102676900
2022-03-18,414.467909206015,420.95933337461315,413.72981682419214,420.6376037597656,106345500
2022-03-21,420.4672258759616,422.4733213729706,417.00386088702027,420.5145568847656,88349800
2022-03-22,421.90556943878335,426.37198236705336,421.90556943878335,425.4351806640625,74650400
2022-03-23,422.89922534823637,424.3943252385868,419.871137651901,419.956298828125,79426100
2022-03-24,421.98136130275304,426.29636773137105,420.8647650949058,426.2868957519531,64736900
2022-03-25,426.92085470819296,428.64307980820996,424.33751705816746,428.36865234375,77101300
2022-03-28,427.77248986490883,431.4156494140625,425.8799424500739,431.4156494140625,68529800
2022-03-29,435.3047964568444,437.2446747767382,432.61738274150923,436.7525939941406,86581500
2022-03-30,435.60766008577025,436.42147053755207,431.94558524771077,434.0557861328125,79666900
2022-03-31,433.2893025074121,434.11255605182595,426.9208697553412,427.3750915527344,121699900
2022-04-01,428.9552743555325,429.0972096169753,425.0093296975333,428.58624267578125,89048800
2022-04-04,428.78500420961205,432.36191762304253,427.96175071510544,432.2578125,59601000
2022-04-05,430.76271011439627,433.23247058270414,425.65283796639494,426.7978210449219,74214500
2022-04-06,422.8802663750546,424.8106439250677,419.64399762453365,422.5301208496094,106898000
2022-04-07,421.6500972677455,426.47609894481815,419.70077574327007,424.65924072265625,78097200
2022-04-08,423.90221584948597,426.4193072695884,421.9812814601947,423.5237121582031,79272700
2022-04-11,420.24961995400275,421.0918174503352,415.7832355906516,416.2847595214844,89770500
2022-04-12,419.2749398176844,421.80150331220403,413.19040683522564,414.7423095703125,84363600
2022-04-13,414.49632064407325,420.2496527692532,414.31652630785027,419.4926452636719,74070400
2022-04-14,419.71968183285964,420.8363067294956,414.16505991706254,414.2691650390625,97869500
2022-04-18,413.34180271144544,416.123849633217,412.2062627473825,414.4394836425781,66002500
2022-04-19,414.33543188109996,421.8488481574368,414.16510952795005,421.12969970703125,77821000
2022-04-20,422.90860721160914,423.5236792719314,419.6534237389744,420.81732177734375,65224400
2022-04-21,424.4417108017381,425.8327346147976,413.61633488140876,414.5247497558594,85417300
2022-04-22,413.43653595611335,414.54366025505004,402.58277309339053,403.1505432128906,132471800
2022-04-25,400.9078312682018,405.6581153210633,396.33731266857023,405.48779296875,119647700
2022-04-26,402.95173179386785,403.1504700703284,393.71611977901205,393.7445068359375,103996300
2022-04-27,394.82323647876274,400.19809313911514,392.7130645715548,394.85162353515625,122030000
2022-04-28,399.6019576141651,406.55707558525125,395.1639313315665,404.82537841796875,105449100
2022-04-29,400.8320229203481,402.98952553103885,389.1171513609566,389.8647155761719,145491100
2022-05-02,389.9309336657774,393.57409246860095,383.25968806835294,392.2114562988281,158312500
2022-05-03,392.713130893499,396.4225083192769,391.15175589422336,394.009521484375,100028200
2022-05-04,394.67180974349054,406.5759486887727,391.48287209472454,406.0081787109375,144247900
2022-05-05,401.7405161814466,402.16635092774,387.44233342518896,391.5775451660156,172929100
2022-05-06,389.01313791973797,392.5143334096191,383.9316525873715,389.240234375,151770800
2022-05-09,383.3354711443122,384.575087347115,375.1975117716512,376.7778015136719,155586100
2022-05-10,382.75827972149085,384.26285159656214,373.60782825671424,377.6484069824219,132497200
2022-05-11,376.6832315730373,382.3324875102671,370.90148343777554,371.6490478515625,142361000
2022-05-12,368.4505828254061,374.5351157341159,364.4573066901353,371.2610168457031,125090800
2022-05-13,375.39624432033366,381.5186365245012,374.35533743902573,380.1370849609375,104174400
2022-05-16,378.49055876588955,382.26618152652463,376.2384227760437,378.5946350097656,78622400
2022-05-17,384.6886084460492,386.6190146909032,380.9508161457749,386.3824462890625,83029700
2022-05-18,381.82143279357103,382.1053033485448,369.5671769928699,370.8067932128906,117674500
2022-05-19,367.7408392133795,372.9642879303813,366.31195684652164,368.53570556640625,98510700
2022-05-20,372.1221925167826,375.6991065243165,360.09505993665994,368.6966857910156,131432200
2022-05-23,371.72471605038334,376.3614806717681,369.406362617675,375.5950012207031,76414900
2022-05-24,371.46922293735594,373.9200684973476,366.17008413397616,372.727783203125,91448800
2022-05-25,371.2326397707966,377.9890479746067,370.83522098115014,376.0207824707031,91472900
2022-05-26,377.25099755722835,385.17130483180716,377.04281616113974,383.53424072265625,82168300
2022-05-27,385.99452816985354,393.0631942254229,385.7958187685275,392.94964599609375,84768700
2022-05-31,391.33155824207057,394.08521874551013,388.000684523354,390.744873046875,95937000
2022-06-01,392.86442082555544,393.87691162412517,385.0671067720199,387.5841979980469,86585800
2022-06-02,387.4233771677342,395.01248157548275,385.17124122143497,394.9651794433594,79609600
2022-06-03,390.2433012195324,391.79520408065434,387.5085850110212,388.4832458496094,71874300
2022-06-06,392.49542593941146,394.22709420031765,388.49267756993027,389.66607666015625,57508900
2022-06-07,386.17435264332806,393.85809145966977,385.71065883338656,393.40386962890625,59272400
2022-06-08,391.69110286881636,393.4795741929143,388.33184246632624,389.126708984375,64350000
2022-06-09,387.34768809546443,389.61873928900354,379.87213134765625,379.87213134765625,86289800
2022-06-10,373.6645695586442,374.5162101273659,368.8101807755536,368.85748291015625,132893900
2022-06-13,359.442032834515,361.2967210051914,353.2439234260221,354.85260009765625,170004900
2022-06-14,356.6032003098741,357.6346350348906,350.6795185260406,353.7832946777344,104011800
2022-06-15,357.085766103299,363.27440308718553,352.1273020375545,358.8269348144531,125666800
2022-06-16,350.60386426743156,351.01075501197846,344.51930266450194,346.95123291015625,134473300
2022-06-17,347.3665849634016,351.0444787331084,344.19238154711957,347.6991882324219,111113900
2022-06-21,353.4298843377524,357.83954577017596,353.35383919081494,356.4520263671875,76811900
2022-06-22,352.2229054186672,359.9208378596493,351.8047441204501,355.8057861328125,90059400
2022-06-23,357.9441431467789,360.02540799730696,354.3802877819863,359.29364013671875,79292100
2022-06-24,362.4677899153683,370.72643183907684,362.43928023680013,370.7169189453125,98050300
2022-06-27,371.6387840560035,371.93339374615164,368.20799359853146,369.3009033203125,66009600
2022-06-28,370.859513206885,373.6440649503389,361.6409966809316,361.7550354003906,86548900
2022-06-29,362.3062541919747,363.2946090766125,359.6357412197438,361.4604187011719,65676000
2022-06-30,357.5639599441416,361.7645700473963,354.06663699104956,358.5238342285156,112508300
2022-07-01,357.86805091376164,362.7529219458162,355.2450444294537,362.31573486328125,74839700
2022-07-05,357.22175589851844,363.0189647497019,354.3896692131283,362.99993896484375,81438000
2022-07-06,363.1425872465519,366.7159554565062,360.75719981096245,364.22601318359375,70426200
2022-07-07,366.0031367080708,370.4793302796413,364.2449625145711,369.6810302734375,64525900
2022-07-08,368.04639364512565,371.24913544426704,366.51632594229847,369.3769226074219,72397800
2022-07-11,366.696929365384,367.6662874925925,364.4635744126361,365.1573486328125,58366900
2022-07-12,364.6061122917404,366.99152847059673,360.17742508846254,361.92608642578125,62219200
2022-07-13,356.4805310045145,362.9620020597862,356.0623697104502,360.0253601074219,84224600
2022-07-14,355.06446062617965,360.23442826193605,352.6220542011667,359.1510314941406,89704800
2022-07-15,363.5607769406915,366.1267645686113,361.6505700647993,366.0127258300781,79060400
2022-07-18,369.1013562443131,369.7761047012278,361.7645652536722,362.99053955078125,63203600
2022-07-19,366.9154489534266,373.36840979135206,366.2597263907414,372.7981872558594,78506000
2022-07-20,372.98831383414614,376.5901914099878,371.619791193265,375.17413330078125,71843800
2022-07-21,374.5944811693759,379.0421658963214,372.1900678060599,378.9946594238281,64903900
2022-07-22,379.1181409721045,380.3155764832449,373.2543990144218,375.4782409667969,72197300
2022-07-25,376.10544526254284,376.7897064873113,373.6915196914538,375.93438720703125,53631500
2022-07-26,374.29030390175836,374.4993845551237,370.59341339787153,371.48675537109375,52946400
2022-07-27,374.78449853291994,382.8815960228277,374.4898888264092,381.1329345703125,82342100
2022-07-28,381.94070485844315,386.6069531734175,378.3863339855172,385.9132080078125,73966600
2022-07-29,387.3482705951752,392.52775161157655,386.5784802133014,391.53936767578125,87003700
2022-08-01,388.84030221771746,392.88885045045953,388.1275312754867,390.3798828125,69997500
2022-08-02,388.81179345563703,392.49919977922883,386.62597416207234,387.8044128417969,63435400
2022-08-03,389.9332356443753,395.0461841555904,389.6481388511842,393.87725830078125,67820600
2022-08-04,393.80123040665455,394.48549174301655,391.96703995040895,393.6111755371094,45656600
2022-08-05,389.3249878237103,393.5921004969027,389.267968469709,392.94586181640625,56814900
2022-08-08,394.63757214293867,396.8899240250277,391.3873233872075,392.48974609375,53886100
2022-08-09,391.75799267097744,392.26168307241494,389.85726979721653,390.9311828613281,44931800
2022-08-10,397.9923437821938,399.28485036063125,396.03460162898654,399.14227294921875,68665700
2022-08-11,401.993357133819,403.85608634972215,398.40099222133176,399.14227294921875,59489700
2022-08-12,401.0810440036907,406.0039093837423,400.1306825479558,405.8993835449219,61694500
2022-08-15,403.6850464057109,408.0947377142402,403.6280270355775,407.572021484375,54048300
2022-08-16,406.4980568196023,410.29950209001703,405.69024389909407,408.3702697753906,59289000
2022-08-17,404.7684215424708,408.18021543915523,403.4664310836019,405.4716796875,63563400
2022-08-18,405.6712159722093,407.33434826924736,404.37873850839094,406.6501159667969,49023200
2022-08-19,403.88460030221233,404.1507003354797,400.31123213885485,401.1855773925781,68016900
2022-08-22,396.34822912534094,396.51931622755393,391.9290542056425,392.8319091796875,77695600
2022-08-23,392.40424849113856,394.79917797760174,391.33033538049193,391.8815612792969,49105200
2022-08-24,391.6533655600833,394.50444934461694,390.96913329441026,393.1359558105469,49177800
2022-08-25,394.62806490293383,398.73363317866927,393.53515507562247,398.6861267089844,50942300
2022-08-26,398.5720838369905,399.11376779613755,385.13395963978553,385.19097900390625,103087000
2022-08-29,382.23536401267944,385.6946644031111,381.285002619314,382.6440124511719,65370800
2022-08-30,383.8034109464827,384.0410012678557,376.34306905482566,378.443359375,85652400
2022-08-31,380.07805980425115,381.32303102305707,375.4308072476335,375.5638427734375,76029700
2022-09-01,373.38750446992157,377.0843952355188,370.6789686786316,376.7422790527344,78740100
2022-09-02,380.4106274783638,381.62708880615634,370.95452075647603,372.76971435546875,99632100
2022-09-06,373.6155413307237,374.55638973388335,369.1393477426086,371.3631896972656,76637400
2022-09-07,371.0495374683232,378.80448878191197,370.8309729416289,378.0346984863281,70964200
2022-09-08,375.7634126219765,380.9618617031352,374.5564350669581,380.5057067871094,80821700
2022-09-09,382.74855148359427,387.2817940480387,382.4824514443837,386.4169616699219,76706900
2022-09-12,388.4886832810648,391.29226066106133,388.1845607104956,390.5699768066406,69256300
2022-09-13,381.88360940277784,383.09058662899974,372.4655558976107,373.58697509765625,122947100
2022-09-14,374.88902163325827,376.53315711649486,371.7053054907733,375.0125732421875,85023700
2022-09-15,373.45393570599117,376.30501935694866,369.48143277964385,370.7549133300781,87633800
2022-09-16,366.5714428970576,368.58492846304785,364.6342566105422,367.9264831542969,103084800
2022-09-19,364.77747715242447,370.77978515625,364.70111961719556,370.77978515625,73278500
2022-09-20,367.44935055441204,368.4608693228223,363.7659009113071,366.5237121582031,77274900
2022-09-21,368.45132204995605,371.50498233585387,360.1206054997159,360.1301574707031,106746600
2022-09-22,359.3571850053135,360.99852235439477,356.3608073472819,357.1051330566406,89472600
2022-09-23,353.6315801864885,353.6697589480902,346.675007940967,351.12188720703125,122346900
2022-09-26,349.6523393463072,353.27853570562985,346.42691809015844,347.64837646484375,92581200
2022-09-27,351.18873199675016,353.4598882434016,344.3657404059386,346.7609558105469,108294100
2022-09-28,347.7152275322068,355.27299311416255,346.01663630256644,353.5839538574219,110802200
2022-09-29,350.03404240715685,350.3203103402681,343.24923029563433,346.1979064941406,112952300
2022-09-30,345.2531217473703,349.17516668139064,340.71083940826395,340.84442138671875,153711200
2022-10-03,344.5660844856892,351.6944470852205,342.78161312339256,349.8431701660156,89756500
2022-10-04,355.3682998981849,360.71219001913636,349.8049474530418,360.6835632324219,103602800
2022-10-05,356.3131384107271,362.1055067151951,353.9847287224127,359.8439025878906,88065700
2022-10-06,358.44114174816866,361.3993701215644,355.6355993235401,356.1318359375,82333500
2022-10-07,352.09525889115315,356.2176918591457,344.432509914981,346.1979064941406,107789500
2022-10-10,347.3144037026543,347.5529700367685,341.31209570408595,343.5545959472656,76042800
2022-10-11,341.8559778454328,346.4269166005978,339.44168789952687,341.37884521484375,92482800
2022-10-12,341.7891897787711,343.36372158176107,340.0046893387279,340.2528076171875,76991800
2022-10-13,333.2389867095814,350.7020596679561,332.1892890254387,349.23248291015625,147254500
2022-10-14,351.6944557677686,353.32627035722425,340.6345247152281,341.2738952636719,123737000
2022-10-17,347.3621566992135,351.1505914925585,340.9399400894957,350.04364013671875,93168200
2022-10-18,357.97352458781444,358.27889645424324,350.71155095897484,354.1564636230469,97162900
2022-10-19,352.114400822179,354.8436151660822,348.83172532815485,351.6468200683594,79746900
2022-10-20,351.19826004641624,355.62606505287266,347.9346598802896,348.6980895996094,88283100
2022-10-21,348.4213409562037,357.65862205185954,346.91361459894165,357.1719665527344,131038400
2022-10-24,358.698788584184,362.67805847697105,356.0459031598392,361.54248046875,85436900
2022-10-25,361.46620527093705,367.6307517074169,361.3516980804559,367.31585693359375,78846300
2022-10-26,364.1667310883198,369.8541443090124,363.90908993272876,364.5484313964844,104087300
2022-10-27,365.55042194011406,367.39214701251325,361.9814498519805,362.60174560546875,81971800
2022-10-28,362.49672013245373,371.7053735710983,362.31540741307015,371.2282409667969,100302000
2022-10-31,368.7663054799875,370.6366574184391,367.6402793522776,368.54681396484375,96631300
2022-11-01,372.29707747025043,372.5356437948338,365.76035435229414,366.93408203125,85407600
2022-11-02,366.34251046952323,370.8561966555853,357.62053916088735,357.7254943847656,126990400
2022-11-03,354.4809460886305,357.08610094389695,351.9235219733596,354.0419921875,87100100
2022-11-04,359.75808411726115,361.54255589622136,353.0782257914764,359.1378173828125,103505200
2022-11-07,360.43554599672575,363.1647599563083,358.3552545876023,362.5731201171875,68286900
2022-11-08,363.6800782301254,367.50669186220006,360.445133617555,364.5293884277344,84641100
2022-11-09,362.55401428993724,363.7086962893126,356.52305050737357,357.019287109375,78495500
2022-11-10,370.30258141366954,376.9729146439448,368.0028280194402,376.638916015625,141455800
2022-11-11,377.4977734770305,381.08582000984256,375.60831786460767,380.28424072265625,93839900
2022-11-14,378.5188625471577,381.8778657875463,376.77254080840333,377.0492858886719,71903500
2022-11-15,382.80348568869397,383.9104368342091,376.4480758536066,380.26513671875,93194500
2022-11-16,378.63338733958733,379.5876526465697,376.73440869768956,377.3642272949219,68508500
2022-11-17,372.60244233222005,376.88711357872995,372.29709955126145,376.2095642089844,74496300
2022-11-18,379.54944898801807,379.61625454437336,375.0644198124641,377.91766357421875,92922500
2022-11-21,376.5912182801427,377.71724418435815,374.7017627716494,376.5434875488281,51243200
2022-11-22,378.4902804799536,381.772955700867,377.0779572405803,381.6107177734375,60429000
2022-11-23,381.2766761134872,384.5020973782574,381.0476617682043,384.01544189453125,68261600
2022-11-25,383.45243275471506,384.4830556409012,383.17571677097555,383.9295654296875,30545400
2022-11-28,380.83771815093434,382.47905555883773,377.03973194191514,377.80316162109375,67881600
2022-11-29,377.9368028939053,379.12963465297184,375.3125730239588,377.1543273925781,52310000
2022-11-30,377.4023553187591,389.03485107421875,375.48430196447526,389.03485107421875,144566700
2022-12-01,390.0748873064428,391.24864372147545,386.2387525518712,388.74847412109375,76398200
2022-12-02,383.8531997520255,389.20661386702676,383.7482445522166,388.3000793457031,85342700
2022-12-05,385.47549236036787,386.41065374736974,379.9598399084257,381.31488037109375,77289800
2022-12-06,381.15263615766594,381.6965452135378,373.72845373229296,375.8182678222656,77972200
2022-12-07,374.96901554376115,377.54554354532956,374.04337702250234,375.178955078125,65927900
2022-12-08,377.068403979044,379.18684498444895,375.2839034087124,378.1180725097656,60737900
2022-12-09,376.87751028175563,379.4349340954439,375.1693673749268,375.2934265136719,81447700
2022-12-12,376.0854626556509,380.7041320800781,375.41749445562255,380.7041320800781,75405800
2022-12-13,391.4586555975836,391.7162967072409,380.81860487443333,383.5859680175781,123782500
2022-12-14,383.2424323385713,386.9545379387217,378.1848384359595,381.1335144042969,108111300
2022-12-15,376.2667969393166,377.1733606249857,370.1499819805847,371.8103942871094,117705900
2022-12-16,369.2517350620785,370.59383534034583,365.2829507209457,367.42071533203125,119858000
2022-12-19,367.61249023125134,367.94802264552084,362.63710828294205,364.3051452636719,79878100
2022-12-20,363.5477938735729,366.4237355185501,362.22485603598886,364.8036193847656,74427200
2022-12-21,367.40164285909003,371.3896198447621,366.86480261636484,370.2584228515625,78167400
2022-12-22,367.20980089104194,370.23912957543627,359.2722031883447,364.9761657714844,100120900
2022-12-23,363.950423157118,367.21941379519086,362.39741929068407,367.07562255859375,59857300
2022-12-27,366.960616093891,367.30571508666856,363.95044946411275,365.6280822753906,51638200
2022-12-28,365.5608804006867,367.53572031281834,360.8539489537457,361.0840148925781,70911500
2022-12-29,363.9312961910967,368.4561128288235,363.4040225980941,367.583740234375,66970900
2022-12-30,364.8994905444754,366.7592392294088,362.78085913190785,366.6154479980469,84022200
2023-01-03,368.4752380300906,370.45004902050835,362.20567683665195,365.0720520019531,74850700
2023-01-04,367.33444063245616,369.9227998702252,364.2859494452824,367.8904724121094,85934100
2023-01-05,365.93488176571645,366.0499147712704,363.09729369153195,363.691650390625,76970500
2023-01-06,366.787997866155,373.15342943340613,363.7203443233328,372.03179931640625,104189600
2023-01-09,374.2271676198182,377.419479732033,371.63883728473166,371.8209533691406,73978100
2023-01-10,371.2361537559992,374.4955486092587,370.29666890331214,374.4284362792969,65358100
2023-01-11,376.01028615624546,379.24092326423306,375.1954300022919,379.1642150878906,68881100
2023-01-12,380.26663005159156,382.0113458697923,376.19237910493234,380.54461669921875,90157700
2023-01-13,377.3427317250366,382.5961292686462,377.07431166109114,382.02093505859375,63903900
2023-01-17,382.00170542419727,383.6793378425403,380.6404136751404,381.321044921875,62677300
2023-01-18,382.5098268846119,383.5739112290624,375.09947353048597,375.30078125,99632300
2023-01-19,373.2588930285292,374.9077675297641,371.2457571335137,372.5686950683594,86958900
2023-01-20,373.96835756273396,379.66272547397637,372.3194828602261,379.50933837890625,91806400
2023-01-23,380.314551818449,385.99932319331543,379.35590453409674,384.0628662109375,84178800
2023-01-24,382.385274229188,384.56139326464876,381.1965608316531,383.65069580078125,59524900
2023-01-25,379.57639153162364,384.12996598342204,377.2852105542449,383.79443359375,84800300
2023-01-26,386.4594777963223,388.1754645974599,383.4876654146606,388.0124816894531,72287400
2023-01-27,386.967595605409,391.28150871155356,386.7566920166625,388.904052734375,68346200
2023-01-30,386.1431078861568,388.3767724039486,383.7273273025726,384.0245056152344,74202000
2023-01-31,384.5421906397612,389.7188801347345,384.19706240377985,389.67095947265625,86811800
2023-02-01,388.45345165426824,396.5636286134995,385.7117345077939,393.8122863769531,101459200
2023-02-02,397.704397771963,401.01174260046105,395.8062948752539,399.5450134277344,101654500
2023-02-03,394.56966692909316,399.7271944530263,394.090343244796,395.2982482910156,94736800
2023-02-06,392.844029913755,394.28200066117023,391.2239138645533,392.8823547363281,60295300
2023-02-07,391.9621845030965,399.26707350865854,390.7159545002973,398.0208435058594,90990700
2023-02-08,396.04603536761607,397.3881359792596,392.9783517504888,393.6685791015625,76227500
2023-02-09,397.27298063541855,397.42636769460404,389.0286090516376,390.25567626953125,78694900
2023-02-10,389.0765999287314,391.54992647804596,388.26177308465975,391.1664733886719,70769700
2023-02-13,391.8183051444725,395.8925559564968,391.358143932513,395.7583312988281,64913500
2023-02-14,394.2341337099117,397.8865778364983,391.6170451224685,395.5762634277344,88389300
2023-02-15,393.3808847880114,396.93745771221506,392.5372705702228,396.86077880859375,61555700
2023-02-16,391.8853732614953,395.8349948045501,391.2622584704852,391.3964538574219,76431500
2023-02-17,389.26834315965215,390.6583935285287,387.341452611694,390.4187316894531,89257800
2023-02-21,386.39237880681736,387.44689668905306,382.3277236123021,382.5865478515625,82655900
2023-02-22,382.9987206737072,384.54215788611697,380.6021026620575,382.05926513671875,83742300
2023-02-23,384.95439045031753,385.567938737912,379.86397585252666,384.09161376953125,96242400
2023-02-24,379.0683237378521,380.8226354035622,377.36193273433554,379.9886169433594,108194400
2023-02-27,383.33429643374495,384.69558849089844,380.34332149757034,381.2828063964844,80444700
2023-02-28,380.8034546692743,382.76866981415725,379.7680992642455,379.8735656738281,96438600
2023-03-01,379.05871889408525,380.285786224129,377.11266611466596,378.4164123535156,99706800
2023-03-02,376.4415712731506,382.20305024263513,376.1060389057773,381.35943603515625,85127800
2023-03-03,383.18086644105557,387.7248740903768,382.5289933624495,387.4756164550781,90120000
2023-03-06,388.3000210358587,390.6007976277676,387.3030490519938,387.7440185546875,72795900
2023-03-07,387.69614979307676,387.9358116155142,381.1869265041094,381.8004455566406,108310600
2023-03-08,381.9155020986243,383.18089426793244,380.18991944950625,382.423583984375,74746600
2023-03-09,383.20967866619384,384.87774493306273,374.38054484861016,375.3679504394531,111945300
2023-03-10,374.82145290553643,376.9017301661393,368.42729257488133,369.9515380859375,189253000
2023-03-13,366.0210998932848,374.24630958503957,364.90906558564376,369.4242858886719,157790000
2023-03-14,374.3517676052174,377.1797888194533,371.0444227448801,375.5309143066406,149752400
2023-03-15,369.93236081528505,373.3834671327069,367.84248780500195,373.1821594238281,172996900
2023-03-16,370.82395451887174,380.0748950855989,370.31587262158683,379.7297668457031,143254200
2023-03-17,378.3979930571189,379.533507168689,373.9040108000652,375.28973388671875,140553400
2023-03-20,376.06907315667576,379.3120681837175,375.3666087583127,378.89825439453125,93055800
2023-03-21,382.2664102459138,384.35462710121084,380.66897882785537,383.87347412109375,91524200
2023-03-22,383.7002319906284,387.3184821097673,377.2912713410689,377.3297424316406,111746600
2023-03-23,380.19749521054143,384.2391923827506,375.6361739137841,378.3498840332031,119351300
2023-03-24,377.06996076940004,380.9191845780308,374.7219318967555,380.83258056640625,107682400
2023-03-27,383.11321049277444,383.8830728135966,380.64970980063305,381.5446472167969,74010400
2023-03-28,380.8518079845922,381.54466943004763,378.8502245684134,380.688232421875,62871700
2023-03-29,384.855070038873,386.4621341412586,383.65218741851754,386.2215576171875,77497900
2023-03-30,388.85822473969705,389.1084336951085,386.61606470017716,388.4829406738281,69840000
2023-03-31,389.40671748046964,394.2567475446969,389.30084855820127,393.95843505859375,112062600
2023-04-03,393.4387769608017,395.86377728046097,393.04422801384897,395.4596252441406,67391100
2023-04-04,396.10437947935486,396.3930888912914,391.88947462341105,393.2655944824219,66601500
2023-04-05,392.53424390704595,393.2944738697264,390.5807639021192,392.2359313964844,65200200
2023-04-06,391.437167451645,394.0450376322365,390.3882575257403,393.7659606933594,63743300
2023-04-10,391.2832175790923,394.2471364215444,390.6673570273508,394.1701354980469,63681000
2023-04-11,394.7956849780574,395.6809900883233,393.50619840980073,394.2760314941406,59297900
2023-04-12,396.3449304189456,396.63363981226826,392.0819222861502,392.6689147949219,86420400
2023-04-13,393.75634279356007,398.2406920585318,392.6111963601302,397.8846435546875,85814800
2023-04-14,397.2495021524552,399.44355846247794,394.6031608879993,396.9126892089844,78161500
2023-04-17,396.82611712486937,398.356180127704,395.59436663010166,398.3369445800781,66436400
2023-04-18,399.9150951800139,400.0498321097644,397.2206502574761,398.59674072265625,63560000
2023-04-19,396.68177851295354,399.43395956292494,396.6240425026219,398.5294189453125,55227300
2023-04-20,395.70985629299514,398.10601828904817,394.8052862710272,396.3546142578125,75840400
2023-04-21,396.65293468061344,397.12445524947367,394.70908702407195,396.6625671386719,73457400
2023-04-24,396.4604040641478,397.4997108968018,395.1228141148149,397.0762939453125,64332100
2023-04-25,395.1035702020275,395.6617241074058,390.7154573508528,390.773193359375,97766700
2023-04-26,391.3890687387205,392.46684668077467,388.55988695720504,389.1180114746094,80447000
2023-04-27,391.65857511674506,397.13409906910863,391.4083661380691,396.8646545410156,92968400
2023-04-28,395.9792514788031,400.2615245465103,395.92151547329547,400.25189208984375,89433100
2023-05-01,399.8092473425676,401.8781992260224,399.61677440898023,399.8477478027344,62122300
2023-05-02,399.13564578414,399.1837787040956,392.4476367591756,395.3537902832031,103998500
2023-05-03,395.8541741351487,398.26957154429016,392.3994991884123,392.64007568359375,91531800
2023-05-04,391.59108642168934,391.9182668648376,388.5213286151828,389.85894775390625,94901900
2023-05-05,393.4965147709688,398.12520386737816,393.23670274642825,397.0762939453125,87891800
2023-05-08,397.4034698360924,397.6632818576283,395.77717051105407,397.18212890625,50046800
2023-05-09,395.6328415851866,396.55664705489033,395.20942462672946,395.44036865234375,49220100
2023-05-10,398.2791682813285,398.9142936957152,393.45800635276555,397.2879943847656,96142900
2023-05-11,396.4219762908843,396.8838643849846,394.5165998009732,396.5951843261719,70157100
2023-05-12,397.8365368137777,398.0482452964263,393.65050007841785,396.07550048828125,70481500
2023-05-15,396.68175616777665,397.8461381335402,394.7667767427343,397.4419860839844,54289400
2023-05-16,396.3353398421656,397.2591747577228,394.77640880213,394.7860412597656,57705500
2023-05-17,396.80683197926186,400.1845056184392,395.16129716185526,399.5782775878906,87287000
2023-05-18,399.26068947715396,403.8509071558303,399.0393779276958,403.427490234375,97177200
2023-05-19,404.3321069908471,404.86136352045077,401.6183971431854,402.84051513671875,103793300
2023-05-22,402.85981035962357,404.54384591155565,401.61842735851235,403.004150390625,60745400
2023-05-23,401.358516825221,402.93671253841774,398.0866827611539,398.4812316894531,86383500
2023-05-24,396.8742437459542,397.25916026310097,394.42997834283796,395.5943603515625,89213700
2023-05-25,399.1067761340057,400.4732635587891,396.8646161031706,399.0201721191406,90961600
2023-05-26,399.67452677861917,404.90947362025605,399.59755522238083,404.187744140625,93830000
2023-05-30,406.12194654378385,406.65120302721357,402.95595199772293,404.3416748046875,72216000
2023-05-31,402.51330230251745,403.41787217907637,400.5309545391423,402.0995178222656,110811800
2023-06-01,402.33057043674256,406.9785255373127,401.0795842019912,405.91998291015625,88865000
2023-06-02,408.49887873292437,412.5790465929496,407.9696222034908,411.78997802734375,91426200
2023-06-05,412.1363378006442,413.4258240828395,410.2983301497353,411.0008239746094,65460200
2023-06-06,410.5871214183071,412.4251000685976,409.93273100728186,411.8958435058594,64022200
2023-06-07,412.2903911156484,413.42590516438145,410.04820165667223,410.47161865234375,85373300
2023-06-08,410.5390091154699,413.4066917639222,409.76917600968767,412.95440673828125,61952800
2023-06-09,413.7530790281272,415.7065590310339,412.70416901348756,413.6953430175781,85742800
2023-06-12,414.676947425857,417.52536518959647,413.95521786844915,417.4483642578125,76104300
2023-06-13,418.91104452208407,420.84525956412307,418.2470510492617,420.2005310058594,95899700
2023-06-14,420.5373216552151,422.5100370544421,417.2462224703346,420.7008972167969,100612100
2023-06-15,419.88297886631347,427.1676425913594,419.78677175671936,425.9166564941406,110303100
2023-06-16,427.904413934663,428.474279953013,423.9926092848296,424.46588134765625,114165800
2023-06-20,422.52444796434224,423.41304154167295,420.1870041214196,422.2636413574219,76160400
2023-06-21,421.2784425280354,422.0801103736596,419.51086470582334,420.1000671386719,76982300
2023-06-22,419.14386433493524,421.7227488220665,418.80580025695025,421.61651611328125,70637200
2023-06-23,418.1586317913709,420.21596194306784,417.71433502111864,418.4290771484375,92074500
2023-06-26,417.8592449307871,419.7813378209466,416.4780427984246,416.7195129394531,72823600
2023-06-27,417.5984155696539,421.9062340935396,417.1444505822348,421.2880859375,72813700
2023-06-28,420.2063349514927,422.514803688603,419.58818670737986,421.5006408691406,75636000
2023-06-29,421.0852585523664,423.32610840810986,420.679605245235,423.1618957519531,67882300
2023-06-30,426.3783009507995,429.1407051013052,426.0595438710738,428.155517578125,104964000
2023-07-03,427.8078514299053,428.9282469948695,427.52773780049586,428.6481628417969,32793400
2023-07-05,426.83224475721846,428.7446987114959,426.8225765200303,428.0106201171875,58418400
2023-07-06,424.42725571135543,425.0840474287703,422.1477622241082,424.6590576171875,80658300
2023-07-07,423.66417049204466,427.5373607483118,423.3454134187473,423.5868835449219,86134200
2023-07-10,423.2295437531058,424.83290904656155,422.659677750378,424.6590576171875,62443500
2023-07-11,425.422125413234,427.85613393293494,424.4465765671181,427.363525390625,64463800
2023-07-12,431.15943303446664,432.2122392972248,429.729919208418,430.8020324707031,91924500
2023-07-13,432.61791761555475,435.0133121303779,432.1832890285731,434.2212829589844,72425200
2023-07-14,435.1098740968055,435.9598242076378,433.18775178790105,433.9508056640625,69815800
2023-07-17,433.80596349270843,436.5104174127122,433.7576517763609,435.4576110839844,52680200
2023-07-18,435.12925721858744,439.3404829400287,434.69459911118497,438.693359375,80668200
2023-07-19,439.4853645954834,440.8568986136269,438.61604842821305,439.66888427734375,65891700
2023-07-20,438.6739839174844,439.5722457578469,436.0371193951603,436.7518615722656,70591600
2023-07-21,438.47112777830426,438.6739839174844,436.74222281063936,436.7518615722656,71275600
2023-07-24,437.9012750217946,439.5143085643416,436.86777572408096,438.7029724121094,54023400
2023-07-25,438.4324765430136,441.156237070321,438.3841648336445,439.9006042480469,55191200
2023-07-26,438.9637681345287,441.3977766942308,437.91096179208995,439.9682922363281,71052900
2023-07-27,443.358592015366,443.76427491895373,436.14346129593815,437.0513916015625,92194400
2023-07-28,440.325676064509,442.16084340685165,437.05132650770946,441.3302001953125,80011800
2023-07-31,441.8034013690048,442.52781174126136,440.4897885662861,442.1704406738281,62040400
2023-08-01,440.70229523457317,441.6488687577706,439.94890960634154,440.9051513671875,55291500
2023-08-02,437.78533196247287,438.0461090832154,434.01840394785836,434.77178955078125,93933400
2023-08-03,432.7531252299224,435.4092967139093,432.10597229878186,433.52581787109375,64276100
2023-08-04,435.3416597654818,437.44727217935485,431.0434797536367,431.5650634765625,100128900
2023-08-07,433.40023969323573,435.4865451527169,432.7048045400754,435.3320007324219,58357500
2023-08-08,432.7917203880473,435.3223520518387,430.0775985479417,433.4388732910156,71361300
2023-08-09,433.7093468244431,433.87355948928627,429.77820586959297,430.541259765625,78789600
2023-08-10,432.8979459150622,436.2881956069427,429.52703269634964,430.69573974609375,93005500
2023-08-11,428.82202974443834,431.45889450819044,428.2231884627009,430.4447021484375,68690900
2023-08-14,429.5270522820505,432.8206787109375,429.2179634605814,432.8206787109375,47867400
2023-08-15,431.0434905199487,431.40089107368914,427.2089436634091,427.7788391113281,75707500
2023-08-16,427.3635314579317,429.02484730566357,424.5335083117714,424.6397705078125,80107200
2023-08-17,426.10788651233355,426.3686636613096,420.8824689600864,421.404052734375,95711300
2023-08-18,418.58363133261804,422.6403412596287,418.2359284981317,421.6068420410156,98852000
2023-08-21,422.6210106803204,425.09366245894176,420.4671159807588,424.3499450683594,68719000
2023-08-22,426.12711698432133,426.12711698432133,422.6403028137897,423.20050048828125,64994200
2023-08-23,424.2630351692306,428.5322402058597,424.1181589807745,427.9140625,68441000
2023-08-24,429.5174072282619,430.0293227205553,421.9545463127507,421.9835510253906,88517300
2023-08-25,423.7124409886771,426.2430431246683,420.15800790417546,424.95843505859375,102325100
2023-08-28,427.1509825528838,428.2714074691659,424.95844443108183,427.65325927734375,61595400
2023-08-29,427.5470684062289,434.1150745823747,427.3635487226564,433.8349609375,83081900
2023-08-30,434.1729139992429,436.25921922905536,433.4678106860802,435.6217346191406,69053900
2023-08-31,436.23991629050073,437.3796481914474,434.80076379653127,434.9842834472656,66084600
2023-09-01,437.7081084262502,438.19104870854676,434.337165211912,435.795654296875,58944100
2023-09-05,435.35132185994263,435.670049450585,433.8445506606034,433.9121398925781,55166200
2023-09-06,433.1007905422567,433.2070527201014,428.66740278671307,430.99517822265625,70758500
2023-09-07,427.99131435968866,430.34806524877047,427.6436115119561,429.6719665527344,70355400
2023-09-08,429.72025057240546,431.85483833340237,429.3628794853081,430.319091796875,61659700
2023-09-11,432.94628326819304,433.4581987746905,431.23668532604137,433.1491394042969,60180100
2023-09-12,431.7003378706483,433.2264162204621,430.1935665209915,430.7730712890625,67565400
2023-09-13,430.99521597971284,432.4343685526933,429.8940980148542,431.27532958984375,60199300
2023-09-14,433.747962382289,435.6893621396805,432.4440178145085,434.9939270019531,83430800
2023-09-15,433.4072234999764,433.73677769771734,429.31682909931095,429.75299072265625,111848900
2023-09-18,429.4428015854583,431.303846542474,428.9678601910398,430.0050048828125,55752200
2023-09-19,429.084142775809,429.6754234765873,426.42830474295727,429.11322021484375,66514600
2023-09-20,430.3733738455972,430.7901603921495,424.96473276036625,425.1683044433594,82562600
2023-09-21,422.31858757052555,422.5802845540439,417.98587113932,418.1409606933594,104095800
2023-09-22,419.16842775985725,420.7677463582612,416.78395900410345,417.2007751464844,100829700
2023-09-25,415.9891218304828,418.993889361631,415.55293063128704,418.95513916015625,70874500
2023-09-26,415.91157553365485,416.6191660672769,411.96656825523684,412.8001708984375,96168400
2023-09-27,413.9730331962355,414.5352365633177,409.320464597115,412.9649658203125,104705800
2023-09-28,412.4124874162186,417.0359784928409,411.8212066146307,415.3591003417969,92258300
2023-09-29,418.4123608156291,418.5868254716406,412.8292551807975,414.3510437011719,115111300
2023-10-02,413.51743802249865,415.436637965525,411.4237734247356,414.1862487792969,83798600
2023-10-03,412.00536625897985,414.2444181473067,407.27523825202337,408.6419372558594,103760600
2023-10-04,409.10716378388844,412.3639554385422,407.6435302591631,411.61761474609375,87453000
2023-10-05,411.32690149442993,412.30589150695306,408.2349010406279,411.4626159667969,70142700
2023-10-06,409.01029452111743,417.8889725902115,407.6823752264937,416.3478088378906,113273300
2023-10-09,414.44791001251434,419.5851511856649,413.89543865350254,419.0132751464844,80374400
2023-10-10,419.643378299873,423.7919280682824,419.2459668319729,421.1942443847656,78607300
2023-10-11,422.2604472219357,423.1715503152822,419.8759785243393,422.9195556640625,62451700
2023-10-12,423.5302119190894,423.90821868639375,417.9858858829249,420.34124755859375,81154200
2023-10-13,421.8436377363804,423.0455744454242,416.6773479708049,418.2475891113281,95143100
2023-10-16,420.4963128780658,423.71435449669224,420.25399100160854,422.64813232421875,75433200
2023-10-17,419.51728827351457,424.68360681651455,419.16835899887315,422.6286926269531,75324700
2023-10-18,420.8549059158796,421.81449099292604,415.9115341735624,416.99713134765625,93559800
2023-10-19,417.71448112410957,419.52704410810907,412.6547989345063,413.3332824707031,121323000
2023-10-20,412.8971069121286,413.4399055549237,408.14757441721036,408.25421142578125,123919900
2023-10-23,406.72273053416484,411.4141082592817,404.9683224528733,407.546630859375,92035100
2023-10-24,409.6693198625217,411.7726865675268,407.81797735100866,410.6192321777344,78564200
2023-10-25,408.93271643497314,408.9617938766799,404.21226147565824,404.7259826660156,94223200
2023-10-26,403.6597612351225,404.51270932433266,398.9587112931171,399.8795166015625,115156800
2023-10-27,401.4692254760225,401.86663693380547,396.6421626745101,398.0670166015625,107367700
2023-10-30,400.85858025181,403.88275285179935,399.55973840849714,402.82623291015625,86562700
2023-10-31,403.39806888205027,405.67590044700427,401.48857130380884,405.3560485839844,79665200
2023-11-01,406.32535052662286,410.4932751362608,405.7922246289102,409.6790771484375,98068100
2023-11-02,413.4786898388463,417.6854240377106,413.4593147358308,417.53033447265625,94938900
2023-11-03,419.8372157670484,422.8904655764815,419.71120365505175,421.339599609375,100167800
2023-11-06,422.0956239774314,422.75473237061436,420.3605910898025,422.3088684082031,67831700
2023-11-07,422.308896123232,424.1505365569555,421.1651439105342,423.51080322265625,64256100
2023-11-08,424.11175832141294,424.6351818841711,421.5140747704494,423.82098388671875,61746000
2023-11-09,424.96477379761035,425.0035535857789,420.08925814139275,420.5157470703125,83174400
2023-11-10,422.59001262842264,427.38796843360757,420.5060206531149,427.0777893066406,89462200
2023-11-13,425.7401770580696,427.7756572288507,424.9550565166978,426.6706848144531,52236100
2023-11-14,432.61240832792026,436.23753414765645,432.3894615518305,434.9483947753906,97176900
2023-11-15,436.28601873814944,437.51703289700214,435.01625437389265,435.8692321777344,77327600
2023-11-16,435.42335386000235,436.72219562577186,434.3571316402488,436.40234375,66665800
2023-11-17,436.41200351038174,437.55578526494025,435.4911981146269,436.94512939453125,83133200
2023-11-20,436.69307982642476,441.15180807539235,436.6833774860901,440.30853271484375,69936200
2023-11-21,439.2617361737396,440.18257120218567,438.0792041489343,439.3489685058594,49244600
2023-11-22,441.0064463302394,442.3634429416601,439.94992648347943,441.0451965332031,59394900
2023-11-24,441.0937026627971,441.51048921964684,440.7641484378246,441.3166198730469,29737400
2023-11-27,440.68658238826873,441.5007803874619,440.13408138085987,440.5218200683594,50506000
2023-11-28,440.13407696271906,442.25681906014256,439.57190319998205,440.9579772949219,62115000
2023-11-29,443.10979527762873,444.2438747206066,440.2504147680835,440.6477966308594,63146000
2023-11-30,441.491084558086,442.7317713844543,439.4167950935211,442.3828125,79752700
2023-12-01,441.77219472169025,445.53303530779465,441.18094348970146,444.99993896484375,89183400
2023-12-04,441.60745097820734,445.01933279334,440.3861390964009,442.6639709472656,72430900
2023-12-05,441.2778489374918,443.5362758597069,440.8998126034742,442.5766906738281,69793500
2023-12-06,444.718815610949,444.7478930540511,440.35702166378525,440.793212890625,69124700
2023-12-07,442.87711919802166,444.8059917006337,442.27616572968856,444.1565856933594,66995400
2023-12-08,443.4102939900714,446.59925845337557,443.167972091833,446.066162109375,83194400
2023-12-11,445.57182828523526,447.97567223110514,445.3585838256798,447.8011779785156,65002200
2023-12-12,447.45220263628306,449.94327866221204,446.4538376737931,449.8463439941406,68327600
2023-12-13,450.2243768877482,456.3018289230582,449.8657452173365,456.0498046875,93278000
2023-12-14,457.9883386207796,459.1805728813377,454.83815428105993,457.5133972167969,119026000
2023-12-15,456.9158196636758,458.0934340813363,454.9109942306135,456.7601013183594,141553700
2023-12-18,458.36593103885957,460.31236579340026,457.30512766166345,459.32940673828125,70375300
2023-12-19,459.8744590867912,462.2004631426164,459.7966147557437,462.1225891113281,55761800
2023-12-20,461.26610177140515,463.1541458673366,455.2905624937439,455.7187805175781,102921000
2023-12-21,458.7065232314146,460.31235562864003,456.2832215195996,460.03985595703125,86667500
2023-12-22,461.1687838422537,462.6480933014032,459.06666039020405,460.96441650390625,67160400
2023-12-26,461.3732181207506,463.81597380070593,461.2953440901739,462.910888671875,55387000
2023-12-27,462.7064835048319,463.8938099220547,462.1712258143802,463.7478332519531,68000300
2023-12-28,464.1079178321579,464.75995685713684,463.5045277970175,463.9230041503906,77158100
2023-12-29,463.7283148554509,464.2538605283432,460.6237492048473,462.5799255371094,122283100
2024-01-02,459.51431341639926,460.9838811377681,457.8890273530107,459.9911804199219,123623700
2024-01-03,457.83068032303305,458.570335093064,455.6312290704376,456.234619140625,103585900
2024-01-04,455.75768568069975,458.34644746704663,454.54116395968543,454.7650146484375,84232200
2024-01-05,454.9694333616534,457.8404368275673,453.9378252017517,455.387939453125,86118900
2024-01-08,455.8842127147601,462.0349537185437,455.7576897026201,461.88897705078125,74879100
2024-01-09,459.2320864754785,462.21012932199153,458.72602412321226,461.1882629394531,65931400
2024-01-10,461.4607928330298,464.66268658164086,461.1785514545196,463.7965087890625,67310600
2024-01-11,464.7989126874992,465.3147167416708,459.6116768106503,463.5921325683594,77940700
2024-01-12,465.04220480544996,465.7818595429952,462.502121615046,463.91326904296875,58026400
2024-01-16,462.531291886232,463.84511156166917,460.3902018147457,462.2101135253906,85014900
2024-01-17,459.18345575970955,460.1274778564824,457.28566988777015,459.640869140625,68843900
2024-01-18,461.314802822399,464.28310409945385,459.7673906749951,463.7283630371094,91856200
2024-01-19,464.8572992191645,469.79151871434675,463.7770421286305,469.50927734375,110834500
2024-01-22,471.0470441392714,472.22462907935216,469.8499758396938,470.5020446777344,75844900
2024-01-23,471.04702592072977,472.1175414429029,469.9570270398133,471.8742370605469,49945300
2024-01-24,474.745184157241,475.6794645582401,471.8936642634199,472.3900146484375,81765000
2024-01-25,474.52136032734217,475.23181977158964,472.39004139507995,474.9593200683594,72525000
2024-01-26,474.53106799985125,476.02008943226616,473.5092016110277,474.35589599609375,76641600
2024-01-29,474.66734997690736,478.2585246858996,474.12235058965683,478.1125183105469,61322800
2024-01-30,477.421527922976,478.4531359964777,476.983568210537,477.7427062988281,58618400
2024-01-31,475.5334627445424,475.98113441506774,469.92772123444905,469.94720458984375,126011100
2024-02-01,471.65041126837735,476.12721779851535,470.84262409498666,476.0980224609375,91891600
2024-02-02,476.53591254829524,482.7644982110768,476.1952805049677,481.11004638671875,99228200
2024-02-05,480.47743909484853,481.13921979443177,477.10037355108614,479.35821533203125,75757100
2024-02-06,480.30226806860526,481.08085985334736,478.8716372206463,480.7499694824219,55918600
2024-02-07,482.9980918458816,485.17808940845316,482.0929770540646,484.7596130371094,70556500
2024-02-08,484.759615339305,485.3532637246949,483.9421162494583,484.9737243652344,52343600
2024-02-09,485.47980263839474,488.2145413726089,485.1391705814137,487.776611328125,63979400
2024-02-12,487.7473831666172,490.01496666720067,486.84226840178366,487.5624694824219,56502300
2024-02-13,481.28521924942925,483.776653518952,477.5772631803255,480.8472595214844,113099200
2024-02-14,483.48465429025185,485.7035886541278,481.158650574048,485.21697998046875,68387800
2024-02-15,485.9177581862181,488.74982458371477,485.4408614304675,488.5649108886719,61683000
2024-02-16,488.2632150838705,489.401862888149,485.3922116760664,486.1318664550781,75532900
2024-02-20,484.3897552215933,485.06127758934093,481.20734508331265,483.4554748535156,71736700
2024-02-21,482.15136438471933,484.0491204434422,480.3411646253707,483.8934020996094,59293400
2024-02-22,490.51128734031624,494.871282071389,489.54778196517503,493.9078063964844,76402500
2024-02-23,495.6303956264625,496.4673780025352,493.51853058146656,494.2484436035156,61321800
2024-02-26,494.6863621015271,495.12432178467435,492.311709415622,492.438232421875,50386700
2024-02-27,493.1292673855463,493.57693907250416,491.23148157958644,493.35308837890625,48854500
2024-02-28,491.7959350516518,493.28495648375826,491.4358493661455,492.7010498046875,56506600
2024-02-29,494.4625475441177,496.08780389109205,491.81539515660484,494.4722595214844,83924800
2024-03-01,495.3482457768837,499.54278105732834,494.93948136543304,499.11456298828125,76844800
2024-03-04,498.3165563504212,500.4284215717115,498.2873313148722,498.57928466796875,49799300
2024-03-05,496.57441726330285,497.02211863397577,491.3871817921508,493.59637451171875,72855600
2024-03-06,496.8761878603409,498.355497483725,494.8032595122022,496.0976257324219,68382400
2024-03-07,499.39677730974256,502.0731250869525,496.15594682375195,501.02203369140625,58652100
2024-03-08,501.6546542384204,504.34068432238394,497.4406063327474,498.0148010253906,86532500
2024-03-11,496.80801634913047,498.1705147342669,494.881035254285,497.5865783691406,62557200
2024-03-12,499.69856102852447,503.5232988574305,497.1779014473905,502.93939208984375,73114400
2024-03-13,503.26048317387085,503.43565519442245,500.7106580961506,502.1510009765625,55104100
2024-03-14,503.12418400270946,503.27993205507374,498.1121499011311,501.1583251953125,110171800
2024-03-15,498.0879869004349,499.54260646729915,496.04764647981636,497.7170104980469,107646300
2024-03-18,501.78800868482955,503.23282668542583,500.26507469946,500.6750793457031,88893300
2024-03-19,499.9819506807113,503.7404554386333,498.9763936514032,503.4573669433594,60755300
2024-03-20,503.5159556369905,508.2507017437704,502.8423468084039,508.114013671875,69594600
2024-03-21,510.9549424076125,511.6578075346775,509.5100647824686,509.793212890625,60256100
2024-03-22,509.70524142108957,510.1933619854548,508.59231223392965,508.82666015625,79070800
2024-03-25,507.45018520809214,508.57288646937474,507.26469698888116,507.4209289550781,48512100
2024-03-26,508.8462213354942,509.1879415331935,506.0835014250274,506.4837341308594,65463700
2024-03-27,509.3148990950555,510.7792611284968,507.1476123013397,510.74017333984375,82999800
2024-03-28,510.7791441135719,512.145845947325,510.3593675770243,510.6424560546875,96294900
2024-04-01,511.38445509453464,511.92137584867254,508.5923599199536,509.75408935546875,62477500
2024-04-02,505.927220028753,506.6496289689748,504.2090260168563,506.51300048828125,74230300
2024-04-03,505.41963827630406,508.5729383244065,505.37083812628055,507.0694885253906,59155800
2024-04-04,511.08186037390533,511.4235209921689,500.5774945359362,500.880126953125,96858100
2024-04-05,502.23714343274935,508.0750476043747,501.79782291081136,506.11279296875,74546500
2024-04-08,506.8157102301138,507.82120781564623,505.58563662088517,506.3958740234375,48401800
2024-04-09,508.13361656448893,508.377676899054,502.12970850017103,506.9816589355469,68049200
2024-04-10,501.2803426609476,503.89666208515973,499.92341259541246,501.9051513671875,82652800
2024-04-11,503.42801505622447,507.13771940586537,499.9135708481498,505.6929016113281,70099000
2024-04-12,502.1492186619509,503.5647804243456,496.98489398756476,498.7128601074219,92561100
2024-04-15,502.8911540643935,503.05709839116423,491.61554988176164,492.46490478515625,92101400
2024-04-16,492.94324564322153,494.4661795680653,490.27809637848605,491.5667419433594,73484000
2024-04-17,494.0268893119992,494.1928634388067,487.2615443714678,488.6575622558594,75910300
2024-04-18,490.0535829309475,492.15249561510325,486.71482481856754,487.6520080566406,74548100
2024-04-19,487.5739105371773,488.569665842459,482.12646792132756,483.3955993652344,102212600
2024-04-22,486.0021493308909,490.44406471980994,483.6591763812229,487.8472595214844,67961000
2024-04-23,489.85833417865257,494.0659315908711,487.6617913619136,493.6363830566406,64633600
2024-04-24,494.52477110173174,495.31552414024065,491.1762707245871,493.402099609375,55928100
2024-04-25,487.32011244956163,492.2891769636512,485.67026231159537,491.5277099609375,69122400
2024-04-26,494.3197324417275,497.765862650216,493.68518162682494,496.1843566894531,64306100
2024-04-29,497.97087540007783,498.61519817399505,495.19835393785416,497.94158935546875,46415400
2024-04-30,496.4772431240589,497.45348436502843,490.0535888671875,490.0535888671875,77483600
2024-05-01,489.4678380773352,496.1160385437577,487.9937042701267,488.4623107910156,80242800
2024-05-02,492.1720003799534,493.8706803453591,487.6812848525579,493.0310974121094,62550200
2024-05-03,499.01547889074567,500.372438730604,496.47724569258963,499.14239501953125,72756700
2024-05-06,501.5440196872848,504.336055793308,501.1046991398925,504.2970275878906,47264700
2024-05-07,505.2634287213709,506.2494419365131,504.17981521335923,504.8534240722656,52561300
2024-05-08,503.018083190491,505.43914245784595,502.90093900562147,504.9022216796875,42047200
2024-05-09,505.08770969254925,507.8504891521531,504.4336447297941,507.8114013671875,43643700
2024-05-10,509.4124405414531,510.22273745681827,507.2452135831723,508.46551513671875,52233200
2024-05-13,510.14463540524883,510.25200764448437,507.3916278750611,508.5338134765625,36716400
2024-05-14,508.7290945781237,511.3845019246286,508.19217377481715,510.8670654296875,57535900
2024-05-15,513.3369504006804,517.4859756907869,512.7023697575905,517.193115234375,59504900
2024-05-16,517.2906355349904,518.891685229184,515.9824462519231,516.12890625,50244800
2024-05-17,516.246162943074,516.9393157213522,514.7915729298934,516.8709716796875,59187600
2024-05-20,516.9881429675341,518.9308537358257,516.5976225904213,517.4664916992188,37764200
2024-05-21,516.7049957755823,518.8917666350982,516.4999636631139,518.7355346679688,33437000
2024-05-22,518.0424683735625,518.7551054535538,515.0648847480338,517.241943359375,48390000
2024-05-23,520.2974940619036,520.4048662857896,512.2532170997966,513.4638061523438,57211200
2024-05-24,515.3089561408403,517.6715030328614,514.3620306627067,516.8612060546875,41291100
2024-05-28,517.6715045678355,517.9057929513657,514.5865486245773,517.222412109375,36269600
2024-05-29,513.1905202395113,514.7817983278129,512.8878878194378,513.6005249023438,45190300
2024-05-30,512.0579826598375,512.7218194340663,508.94377127799896,510.1933288574219,46377600
2024-05-31,511.15017117084983,514.9672481577884,506.0443890267406,514.84033203125,90785800
2024-06-03,516.4511771729021,516.7342656913833,510.18366530067414,515.2601318359375,46835700
2024-06-04,513.9519821715993,516.5780734778808,512.4876203186922,515.8361206054688,34632700
2024-06-05,518.1595530381444,521.9864018010747,516.1679828855217,521.9668579101562,47610400
2024-06-06,522.2694966184689,522.6990451286446,520.0241537818829,521.9570922851562,30808500
2024-06-07,520.9808506310355,524.1341502130953,519.8874652579173,521.3225708007812,43224500
2024-06-10,520.5123511854081,523.2555869709606,519.9168582676467,522.9334106445312,35686100
2024-06-11,521.3812301755825,524.2513821567796,519.4092035615838,524.1928100585938,36383400
2024-06-12,528.7615900630306,531.1924214122917,527.4631724257194,528.4979858398438,63251300
2024-06-13,530.2454535391702,530.4211698122318,526.7700371068663,529.5620727539062,44760900
2024-06-14,528.0293950539849,529.9135335983043,527.0238379218912,529.88427734375,40089900
2024-06-17,529.2009324320882,535.4977011129996,528.7420680092554,534.1016235351562,55839500
2024-06-18,534.16013957423,535.585473259027,533.7403629842298,535.4585571289062,41376400
2024-06-20,536.3859370269113,537.0497738552268,532.2271402161125,534.00390625,70328200
2024-06-21,533.1803062748603,534.4045446160707,531.828742363983,533.2880249023438,64338600
2024-06-24,533.1117619254674,535.6777608035513,531.4369822915095,531.5545043945312,45528700
2024-06-25,532.7786040751481,533.9636880455614,531.2605608252794,533.601318359375,37936200
2024-06-26,532.4849577215607,534.9823921713983,531.8385861304241,534.2674560546875,38550600
2024-06-27,534.1302285739343,535.6874858769653,533.3858821788883,535.109619140625,35041500
2024-06-28,535.8833169111514,538.9390704785369,531.7601208771133,533.00390625,76144500
2024-07-01,534.3850150000353,534.6298627037072,531.3391239129029,534.1010131835938,40297800
2024-07-02,532.4947501316359,537.6953125,532.4457925507478,537.6953125,40434800
2024-07-03,537.381917105902,540.457218430894,537.3427629954197,540.0948486328125,32789900
2024-07-05,540.3983822148235,543.6107523683424,539.7617544001083,543.209228515625,41488400
2024-07-08,543.9927357696513,544.7860397915607,542.7684974779849,543.8360595703125,36110500
2024-07-09,544.7958024014986,545.6968249789537,544.0710629515506,544.3648681640625,27289700
2024-07-10,545.5892370725392,550.0944108163902,545.2954317896393,549.7516479492188,38701200
2024-07-11,549.8690906630567,550.7407626908513,544.3747234457534,545.0112915039062,53054200
2024-07-12,546.1376877405125,552.0531865568831,545.667599292853,548.4490356445312,53084400
2024-07-15,550.447092907991,553.1991789293403,548.0965308512239,549.9573974609375,40584300
2024-07-16,551.2695891404957,553.5123721227574,550.5154392403327,553.2185668945312,36475300
2024-07-17,547.2835053633577,548.9582849622979,545.1386373621594,545.4618530273438,57119000
2024-07-18,546.9995524787638,547.988746727991,539.0860582622142,541.2700805664062,56270400
2024-07-19,541.0350233261719,542.6608454522978,536.6179614633988,537.6757202148438,65509100
2024-07-22,541.6030975244146,543.8263337080781,539.6639229224022,543.2191162109375,43346700
2024-07-23,543.1113522241114,545.2660239376293,541.8773700301276,542.3670654296875,34439600
2024-07-24,537.5482547756214,537.8518634391315,529.1548710284035,530.0755004882812,74515300
2024-07-25,530.1930703849662,536.1771923025162,526.373482961852,527.3136596679688,61158300
2024-07-26,531.1040247828195,535.9128068838628,530.3302678617441,533.219482421875,53763800
2024-07-29,534.7669398202207,535.7756811771844,531.5349026238763,533.5328979492188,39515800
2024-07-30,535.0021100318355,536.059868995712,527.4216336414933,530.8298950195312,46853600
2024-07-31,537.6658283608423,542.0926929678205,536.2947173976487,539.4581298828125,65663400
2024-08-01,541.1818806021787,543.4344670666311,528.3126735436618,531.8189086914062,76428700
2024-08-02,524.7085367838448,525.9229716163323,517.705869778205,521.9172973632812,82789100
2024-08-05,501.09553041319043,512.7894591232473,499.75373989157873,506.71722412109375,146267400
2024-08-06,508.5192787931633,518.832292941033,507.19712508166475,511.3889465332031,84826300
2024-08-07,517.5785847252098,520.63433876445,507.3733501679388,507.97076416015625,70698300
2024-08-08,513.1126009988247,520.3405097902447,511.08531467340157,519.7137451171875,63276600
2024-08-09,518.8909769209239,523.4941251002426,517.6667385635127,522.0054321289062,45619600
2024-08-12,523.2002926739822,524.6889257907327,520.0074696393324,522.2796630859375,42542100
2024-08-13,525.4726249427702,531.1041225821112,525.2277772193205,530.8690185546875,52333100
2024-08-14,531.6621646835201,533.7287242856177,528.9884474672805,532.5436401367188,42446900
2024-08-15,538.1752594686596,541.9556937145602,537.5680419380651,541.6716918945312,60846800
2024-08-16,540.0555939415091,543.5814362683599,539.8989177341498,542.8860473632812,44430700
2024-08-19,543.2973511166235,548.0767822265625,542.4452860411917,548.0767822265625,39121800
2024-08-20,547.6263456901657,549.2815184001456,545.8438474042439,547.1856079101562,33732300
2024-08-21,548.2335208659752,550.5252615016209,543.2973537542563,549.0659790039062,41514600
2024-08-22,550.9660160166799,551.5732334533072,543.5422179587766,544.7566528320312,56121500
2024-08-23,547.9985298599797,551.4851585059275,545.8046443878154,550.544921875,50639400
2024-08-26,551.5732410031779,552.2881770773529,547.528352675827,549.2324829101562,35788600
2024-08-27,547.9592873998898,550.476328645617,546.8134170306081,549.9866333007812,32693900
2024-08-28,549.6438223396717,550.0747565964821,543.6009392739261,546.7937622070312,41066000
2024-08-29,548.7624619787401,552.0630042239653,545.6969639633883,546.8428344726562,38715200
2024-08-30,549.212926690368,552.5722295246512,545.657733766081,552.0629272460938,62700100
2024-09-03,548.919006824782,549.2520259222431,538.1849243812507,540.7019653320312,60600100
2024-09-04,538.8607329114091,543.0035361193702,538.1359934145067,539.5952758789062,47224900
2024-09-05,539.5364855369387,542.3864857940848,535.8245570186228,538.2828369140625,44264300
2024-09-06,538.6061519080256,540.2319142524223,528.3225490242058,529.2235717773438,68493800
2024-09-09,533.4251264283236,536.4220593419303,531.495695817922,535.1488037109375,40445800
2024-09-10,537.0586665381934,537.8324234437913,532.1813200114981,537.4797973632812,36394600
2024-09-11,537.3916883108078,543.9144040618945,528.8318231688719,542.9937744140625,75248600
2024-09-12,543.5715745845557,547.8711135710835,541.3483388424467,547.5675048828125,51819600
2024-09-13,548.1747815451495,551.4263657909838,547.9201304028155,550.4273681640625,39310500
2024-09-16,550.1630515908334,551.5048123830852,548.3610057544606,551.2404174804688,36656100
2024-09-17,553.4536471249235,554.9031859740162,549.2324757022386,551.4655151367188,49321000
2024-09-18,552.1217580784818,556.969754476821,549.2717571625421,549.8300170898438,59044900
2024-09-19,559.2419348303403,561.0733907935877,556.3723270388496,559.2125244140625,75315500
2024-09-20,557.843033129673,559.2871245583524,555.219996107625,558.2457885742188,77503100
2024-09-23,559.3167220049795,560.2892833331648,558.0985019985221,559.640869140625,44116900
2024-09-24,560.4364946014963,561.3010067117204,557.6071931426925,561.2420654296875,46805700
2024-09-25,561.0849426444706,561.8217386948093,558.8941616149112,560.0042724609375,38428600
2024-09-26,564.2678851150425,564.5920921622151,559.866775948692,562.2244873046875,48336000
2024-09-27,563.295359810012,564.1107043094071,560.3776161208616,561.4091186523438,42100900
2024-09-30,560.3775886747461,564.2678934162012,558.078818569817,563.6588134765625,63557400
2024-10-01,563.3051897855821,563.9535439565005,556.035444442894,558.6093139648438,72668800
2024-10-02,557.715374727311,559.866821742494,555.3183290115846,558.8450927734375,38097800
2024-10-03,557.3714411111998,559.7684865712154,555.5343678239607,557.8233642578125,40846500
2024-10-04,562.2735426407796,563.2657708110322,558.0983654622065,562.8924560546875,42939100
2024-10-07,561.2420924631317,561.8905065573382,556.6543259021896,557.8037109375,49964700
2024-10-08,560.3775771285751,563.6784689445017,559.5032914013763,563.0791625976562,37398700
2024-10-09,563.0693372819003,567.5392812736217,562.4700908869163,566.9793090820312,37912200
2024-10-10,565.6335348411864,567.4116672245898,564.3760405790135,565.9871826171875,44138100
2024-10-11,565.9085213296812,570.1131999200273,565.7709716649979,569.3764038085938,42268000
2024-10-14,570.9874990099419,574.966246072679,570.5061351329805,574.032958984375,36217200
2024-10-15,574.2981924836022,574.6027324678581,568.3546560789198,569.5728759765625,54203600
2024-10-16,569.5729286407808,572.5692210133667,568.7673576490918,572.0485229492188,30725400
2024-10-17,575.5948569414992,575.8011814159861,571.9108767867559,572.0975341796875,34393700
2024-10-18,573.7873532764656,575.0841216421944,572.3235945792737,574.2982177734375,37416800
2024-10-21,573.5712006217359,574.5535954570634,570.3784174069214,573.3551025390625,36439000
2024-10-22,570.8204817447413,574.2097557683464,570.1622940232531,573.050537109375,34183800
2024-10-23,571.0267810694698,571.4688706983893,564.3071746074978,567.8143310546875,49314600
2024-10-24,569.7693209618997,569.8479293354313,566.4193810527883,569.0423583984375,34979900
2024-10-25,571.2723713678375,574.1704478252901,567.9027646254573,568.8458251953125,47268200
2024-10-28,572.3236221809337,572.451338311336,570.2998911399899,570.6044311523438,30174700
2024-10-29,569.6415908764491,572.6477165136779,568.2466070737139,571.52783203125,42899700
2024-10-30,571.0563234826817,573.0506139584433,569.0915336357257,569.7988891601562,41435800
2024-10-31,565.4271221936206,565.4958970216722,558.4324763422399,558.6289672851562,60182500
2024-11-01,561.2617936558026,565.4173043933644,560.5741053167588,560.9866943359375,45667500
2024-11-04,561.1241962515347,562.4209644478059,557.892139281839,559.7783203125,38217000
2024-11-05,560.6919638738422,566.586332309216,560.4758658123077,566.5470581054688,39478300
2024-11-06,578.8270097230293,581.508928254242,575.0840880526238,580.6345825195312,68182000
2024-11-07,582.6387178727699,586.145874462509,582.5601095007273,585.1241455078125,47233200
2024-11-08,585.6742957423695,589.0832369047557,585.6742957423695,587.6587524414062,46444900
2024-11-11,589.2501914582232,589.6038391769904,586.4896646144927,588.2186889648438,37586800
2024-11-12,588.1401110548398,588.7393574916656,583.9059918696842,586.3914794921875,43006100
2024-11-13,586.8531544283672,588.6803942959151,584.4856094336134,586.6763305664062,47388600
2024-11-14,586.804069200042,587.2854330583992,582.2163022724781,582.9039306640625,38904100
2024-11-15,579.3378226480269,579.8094129170865,573.5810036102117,575.437744140625,75988800
2024-11-18,575.8994574754852,579.1119076957027,575.0350052053479,577.7955322265625,37001700
2024-11-19,574.4161003090796,580.6346163861505,573.7480790226593,579.9076538085938,49412000
2024-11-20,579.9862433981077,580.3889988810581,574.3374733314436,580.1041259765625,50032600
2024-11-21,582.953055915256,584.6427460672937,577.1077952881657,583.21826171875,46750300
2024-11-22,583.2084735757152,585.654687007179,582.7075025920674,585.0259399414062,38226400
2024-11-25,588.9653319760873,590.281707390563,584.7213793724078,587.0103759765625,42441400
2024-11-26,588.2579123147351,590.7433995936517,587.540783398016,590.0753784179688,45621300
2024-11-27,589.8887838542881,590.2718722436573,586.7647756879834,588.2874755859375,34000200
2024-11-29,589.1028202958577,592.7278593888155,588.8277809402925,591.9419555664062,30177400
2024-12-02,592.3545765627109,593.6808455477146,591.8633791521069,593.0029907226562,31746000
2024-12-03,592.7672106157903,593.5236138358292,591.73570807165,593.2780151367188,26906600
2024-12-04,594.9677449089698,597.2075737883222,594.2997236656325,596.9619750976562,42787600
2024-12-05,596.9620090763937,597.7675800229049,595.6259665136723,595.9796142578125,28762200
2024-12-06,596.7458937244957,598.3472020292826,596.333304701608,597.109375,31241500
2024-12-09,596.9914414878755,597.1584317989794,593.445010988573,594.034423828125,34742700
2024-12-10,594.7122615181331,595.1346840344664,591.5293123546073,592.1875,37234500
2024-12-11,595.115147903942,597.7184581352288,594.8400485801485,596.7655639648438,28677700
2024-12-12,595.9010008938557,596.4707466548862,593.6906127929688,593.6906127929688,31543800
2024-12-13,595.7242008087076,596.4413297893211,592.1973772710232,593.57275390625,35904700
2024-12-16,595.3312295236393,597.0799209921157,594.5551592425911,596.1072998046875,43695200
2024-12-17,593.5530296358272,594.5157572113583,592.2759285750876,593.6512451171875,55773500
2024-12-18,593.3467745348553,595.7339866328443,575.5752867073982,575.9584350585938,108248700
2024-12-19,580.948961299734,582.5601031255708,575.5359564813775,575.7815551757812,85919500
2024-12-20,573.4513839180992,587.231466902458,572.6036351958548,582.697265625,125716700
2024-12-23,582.440932357683,586.7878476994515,579.2570769218985,586.1865844726562,57635800
2024-12-24,587.5370230202848,592.7415539521577,586.9554328723399,592.7020874023438,33160100
2024-12-26,590.9278604962976,593.8652307760627,589.5281816588665,592.7415771484375,41219100
2024-12-27,588.9958679237085,589.2324867459512,582.3128451341881,586.5020751953125,64969300
2024-12-30,579.4838439796579,583.2787692142718,576.0535631828352,579.80908203125,56578800
2024-12-31,581.4749602926895,582.194563069081,576.0634704063194,577.6997680664062,57052700
2025-01-02,580.9623534016539,582.6774635941151,572.1994566718678,576.2802734375,50204000
2025-01-03,579.1289967873591,584.1264484268344,578.044689478734,583.4857788085938,37888500
2025-01-06,587.7440676720806,591.1250155334773,585.1122021784661,586.8470458984375,47679400
2025-01-07,588.8774861019172,589.202784283761,578.3896729800513,580.2131958007812,60393100
2025-01-08,580.2822309005052,582.1353537217743,576.832277161694,581.0609130859375,47304700
2025-01-10,577.5025797313914,577.5715860296085,570.2773736421228,572.1896362304688,73105000
2025-01-13,567.5372072518853,573.4316812597856,567.1231694250464,573.0768432617188,47910100
2025-01-14,576.0042498383493,576.635112947905,570.0801769152397,573.8652954101562,48420600
2025-01-15,581.8889752343268,585.4473419377294,580.7751281246863,584.303955078125,56900200
2025-01-16,585.6740294157521,585.8514484014332,582.4803673486446,583.1802368164062,43319700
2025-01-17,588.4242094250709,590.7898562052613,587.0934767089387,589.0353393554688,58070600
2025-01-21,592.0810894520482,594.4369296257112,590.1096871636119,594.4270629882812,42532900
2025-01-22,597.2560928487167,599.1289493146973,596.7041025475482,597.7686767578125,48196000
2025-01-23,597.1377792345874,601.0313110351562,596.8618141810588,601.0313110351562,41152100
2025-01-24,601.0903888692611,602.0465502262632,598.1234189150732,599.2766723632812,34604700
2025-01-27,586.3049484329972,591.1151752666312,586.1373960687419,590.7997436523438,70361100
2025-01-28,592.0318399526346,596.7139205737208,588.7100317776161,595.8760986328125,44433300
2025-01-29,595.0874967960807,595.4916679771449,590.6518414168764,593.204833984375,37177400
2025-01-30,595.3241578254683,597.9263634423098,592.130435189581,596.388671875,39281300
2025-01-31,598.8134974486875,601.2383441338676,592.4557124803268,593.2147216796875,66566900
2025-02-03,584.1954832564219,591.7065212004032,582.0466619706364,589.2225952148438,65857200
2025-02-04,589.281761222817,593.6878166788046,588.7396375989994,593.17529296875,33457800
2025-02-05,592.0516161255263,595.7282625539741,590.0210739471236,595.5803833007812,30653100
2025-02-06,597.3250313642651,597.778475552574,594.013089933138,597.6503295898438,35771500
2025-02-07,598.2121736064561,599.4344333824486,591.4699514014874,592.1796875,50788500
2025-02-10,595.3931329282537,596.8420848342793,594.1215398587573,596.2013549804688,26048700
2025-02-11,593.93424024475,597.1969087784863,593.8159609148958,596.65478515625,30056700
2025-02-12,590.6321754646003,595.9056528588447,589.9520392250456,594.732666015625,45076100
2025-02-13,595.8366651794477,601.2186155981716,594.5749988790903,601.0115966796875,40921300
2025-02-14,601.2185532755497,602.2535274358258,600.360998100256,600.9819946289062,26910400
2025-02-18,602.1451966252264,602.7464599609375,599.6809434502483,602.7464599609375,26749000
2025-02-19,601.3566081495158,604.4615308486234,600.8440242708047,604.1658325195312,31011100
2025-02-20,602.7956695963146,602.9336821985821,598.3403412349714,601.6522827148438,36554000
2025-02-21,601.4354715890964,601.5734842084402,590.8983224108222,591.3616333007812,76519800
2025-02-24,593.4118132885562,594.4073810554311,587.9608571639533,588.6705932617188,50737200
2025-02-25,588.6114660308307,589.3408752561445,581.129967827771,585.7430419921875,58266500
2025-02-26,587.4089575799121,591.0067913230648,583.3971461439291,586.038818359375,43321600
2025-02-27,588.3156475632774,589.468961108592,576.2901428845248,576.6843872070312,74196700
2025-02-28,577.1871598716435,586.2161558854355,574.1117771132394,585.6838989257812,88744100
2025-03-03,587.6553155599406,588.798762606637,571.6081318173137,575.4227905273438,74249200
2025-03-04,571.420918082598,577.0196942059655,564.0675647801556,568.6116333007812,109648200
2025-03-05,568.4440493526719,576.5169448984452,564.8856823224501,574.7229614257812,71230500
2025-03-06,567.2512250409341,571.8741654048467,561.9678818142961,564.5208740234375,80094900
2025-03-07,562.7368186254731,569.1340095542192,557.5421542389136,567.6849975585938,81158800
2025-03-10,559.4741670846696,561.3962362827218,547.6457527585567,552.5643920898438,99326600
2025-03-11,551.4012894751355,555.9552243228402,544.1268096197261,547.9710083007812,88102100
2025-03-12,554.1315858671662,555.0581473332891,545.7728595599632,550.8787841796875,69588200
2025-03-13,550.5042540653316,551.1153839968962,541.8202288918889,543.5353393554688,74079400
2025-03-14,548.1582415612112,555.7678855775432,543.6043071486545,554.762451171875,62660300
2025-03-17,554.7427633019219,561.5638590041749,554.3090523622551,559.0404663085938,49008700
2025-03-18,556.7239657249663,556.9408512500528,551.0660510727529,552.998046875,66041400
2025-03-19,554.7821880592443,562.7860764826731,553.5993346617712,559.0206909179688,66556000
2025-03-20,555.2750866351008,562.4115538615378,554.5554838320709,557.4041748046875,62958200
2025-03-21,552.9413897854555,558.4877939738346,551.7055567482902,557.5880737304688,83763000
2025-03-24,564.3306930432161,568.6314275100074,563.7375174204726,567.5735473632812,58766800
2025-03-25,568.7797678649376,569.8771730865459,567.1880294433175,568.93798828125,38355700
2025-03-26,568.6710483477373,569.7981425644431,560.7617168790538,562.1458740234375,51848300
2025-03-27,560.7517355574175,564.4296055114135,558.5371327368356,560.6528930664062,42164200
2025-03-28,559.120558969836,559.8521624781242,548.7790863172526,549.3623657226562,71662700
2025-03-31,543.5984615291653,554.3551567474991,540.6719872727307,553.0501098632812,95328200
2025-04-01,551.1321177898429,556.5598868781194,547.4048260096515,554.6121826171875,54609600
2025-04-02,548.7592465118332,560.9890444564371,548.52197624234,558.1219482421875,76014500
2025-04-03,538.931968079745,541.759539717793,530.6173095703125,530.6173095703125,125986000
2025-04-04,517.7349036725598,519.9099817661254,499.3358369172059,499.5533447265625,217965100
2025-04-07,483.64569927250346,517.2405628900261,476.33944038650816,498.6635437011719,256611400
2025-04-08,515.9454154101668,519.0300496454024,483.61604333672847,490.85308837890625,165816600
2025-04-09,487.84755542038147,542.4021606445312,487.46196103833506,542.4021606445312,241867300
2025-04-10,526.1385878330984,527.4535310578508,503.5475844453038,518.6346435546875,162331200
2025-04-11,517.0824928795379,530.3503808511161,514.175810859904,527.8886108398438,97866300
2025-04-14,537.8839447885014,538.111379094838,527.8094317224818,533.0098266601562,68034000
2025-04-15,533.5534957548979,537.0731451747598,530.7259247754906,531.516845703125,56892900
2025-04-16,525.6541223320015,531.7937621429162,514.3931980244283,519.7023315429688,83484800
2025-04-17,521.6599483491107,525.1499093262158,517.9721816819745,520.44384765625,79868100
2025-04-21,515.2533065114334,515.7872249375157,502.6972625032136,508.05584716796875,69368100
2025-04-22,514.2450097037921,523.3011683263503,513.3057644566182,521.2744140625,75948100
2025-04-23,534.3049123051696,539.2482437222484,527.8291602174767,529.3516845703125,90590700
2025-04-24,530.6369834977514,541.2256220112762,529.3814182452572,540.4940185546875,64150400
2025-04-25,540.454522631326,544.804618673288,537.5280483044934,544.3992919921875,61119600
2025-04-28,545.1408521394233,547.2763452918678,538.8430511744899,544.60693359375,47613800
2025-04-29,542.6888178923871,549.1547344204944,542.3329124899421,548.0375366210938,47775100
2025-04-30,541.3640295279456,550.2126052496137,535.382610300473,548.2550048828125,93101500
2025-05-01,554.0190544953313,557.6771326979873,551.5374918684194,552.1405639648438,63186100
2025-05-02,558.329587021111,561.9382437140476,556.0062449925595,560.3366088867188,60717300
2025-05-05,556.194064255589,560.2278400664005,555.3339293144951,557.1234130859375,38659200
2025-05-06,551.6066618961361,556.9652171268149,550.64768441023,552.466796875,48264700
2025-05-07,553.8014947566288,557.4298834610689,549.738030089525,554.7901611328125,55588000
2025-05-08,558.8337754612519,563.8463212534109,555.333918196641,558.6558227539062,65130800
2025-05-09,560.0597310271954,561.0681900796083,556.3819209310694,557.9440307617188,37603400
2025-05-12,574.8798371188,576.3925257137258,570.5000520977247,576.3826293945312,78993600
2025-05-13,576.7977256143981,582.4035064586343,576.2342389782652,580.1889038085938,67947200
2025-05-14,581.1478975288738,582.3046201283636,578.9036058641954,580.930419921875,66283500
2025-05-15,578.9234551699535,584.2721134769878,578.4686469334371,583.7679443359375,71268100
2025-05-16,584.5489982766968,587.7621640177526,582.6013544692614,587.465576171875,76052100
2025-05-19,581.4347167753893,588.7903975982244,581.4347167753893,588.1082153320312,68168500
2025-05-20,586.3681900028125,587.3172711404261,582.9176935296509,586.130859375,60614500
2025-05-21,581.7708648204313,585.8639582409971,575.2258980125081,576.2540893554688,95197700
2025-05-22,576.0562657117097,579.971405887537,574.8204328669485,576.4814453125,70860400
2025-05-23,569.4520392436427,575.2159811048424,569.0763411937487,572.5465698242188,76029000
2025-05-27,579.4276923460704,584.6082943415249,571.8742669840636,584.4501342773438,72588500
2025-05-28,584.8554566278126,586.0517646206928,580.3372442209068,581.06884765625,68445500
2025-05-29,586.3384441000501,586.4768718669775,579.4276761926377,583.362548828125,69973300
2025-05-30,582.2553357440712,584.4304140423015,576.6298211275496,582.7101440429688,90601200
2025-06-02,581.0986423772898,586.0716035851324,578.4292307095351,585.9925537109375,61630500
2025-06-03,585.6266079138771,590.3128764026674,585.1421107506463,589.3341064453125,63606200
2025-06-04,590.1943197189499,591.1730898063917,588.7409487228937,589.1759643554688,57314200
2025-06-05,590.8566609128592,592.2111289512687,584.3512195951713,586.3285522460938,92278700
2025-06-06,591.8749474768216,594.0203968199735,590.0953601848463,592.3495483398438,66588700
2025-06-09,592.9229477814916,594.4356362447949,591.7069074945726,592.8834228515625,53016400
2025-06-10,593.4173631354267,596.6305291817529,592.3002255337209,596.2449951171875,66247000
2025-06-11,597.3423151819753,598.2024500657004,592.4780937113569,594.5443725585938,73658200
2025-06-12,593.2096245779508,596.9072265625,592.7251877881479,596.9072265625,64129000
2025-06-13,591.7168252456129,595.0288334634262,588.731033484191,590.2338256835938,89506000
2025-06-16,593.5953591830877,597.599446226556,593.4173461203459,595.8494873046875,79984100
2025-06-17,593.4074922933922,594.9300168530282,589.9965810836336,590.7578735351562,82209400
2025-06-18,591.6574895866379,594.4059506456396,589.7097855095001,590.6688232421875,76605000
2025-06-20,593.3471074282096,594.4180406328666,587.8735160730708,589.2816162109375,94051400
2025-06-23,590.0351674928282,595.4889076465048,586.9116980815279,595.1022338867188,87426000
2025-06-24,599.2470472798032,602.737399696003,598.3347417480489,601.6764526367188,67735300
2025-06-25,602.7969444947229,603.4910690166892,600.4468830082857,602.0136108398438,62114800
2025-06-26,603.8678512919777,607.1599344481853,603.2530708764845,606.7236328125,78548400
2025-06-27,607.7251426738447,611.2056301568862,605.6923970890058,609.738037109375,86258400
2025-06-30,612.1873634601734,614.0118537505704,609.867018033134,612.6533813476562,92502500
2025-07-01,611.1758893553448,613.625146088841,610.3429883405835,612.455078125,70030100
2025-07-02,612.0484833566157,615.2711481262035,611.4237773441516,615.2315063476562,66510400
2025-07-03,617.214676143094,621.0124795190609,617.194824993195,620.0803833007812,51065800
2025-07-07,618.1169852960921,618.7813935886118,612.6731706581298,615.4595336914062,74814500
2025-07-08,616.1238907210633,616.8775081543645,614.3093261623386,615.1224365234375,59024600
2025-07-09,617.5319680301938,619.4655183729625,615.6875662931247,618.8110961914062,66113300
2025-07-10,618.9499658515675,621.5974919629854,617.7699723301522,620.5563354492188,57529000
2025-07-11,617.5022136064131,619.6043777491163,616.3024294765994,618.3748168945312,63670200
2025-07-14,617.9186024028506,619.901780492049,616.5700558274259,619.5547485351562,51898500
2025-07-15,622.2420420602726,622.5791484786782,616.8279435196437,616.9072875976562,74317300
2025-07-16,618.4937831556223,619.4754466932056,612.8516386863737,618.9697265625,88987500
2025-07-17,619.1482908768893,623.1146474859103,618.9301097920578,622.7576293945312,68885700
2025-07-18,624.007017899032,624.175571102461,621.1909387049365,622.301513671875,65621600
2025-07-21,623.4815063476562,626.2281670376054,623.0551302914085,623.4815063476562,63375000
2025-07-22,623.8087114591411,624.4334174667899,620.9232136557434,623.5707397460938,60046300
2025-07-23,626.2381323551606,628.8757934570312,624.4334327911965,628.8757934570312,70511000
2025-07-24,629.2624631630094,630.7994747941685,628.6576082944551,629.083984375,71307100
2025-07-25,629.7484116245431,632.2174590489252,629.5005143245561,631.741455078125,56865400
2025-07-28,632.1182610848412,632.6735486135409,630.1945756243812,631.5828247070312,54917100
2025-07-29,632.980846392065,633.2981621509475,629.0046251365209,629.9168701171875,60556300
2025-07-30,630.5713386132512,632.3165451544952,626.2281734095909,629.1236572265625,80418900
2025-07-31,634.0816662163586,634.4683400166905,625.464753449126,626.7637329101562,103385200
2025-08-01,621.032217506902,621.0719198033348,614.0811684978922,616.49072265625,140103600
2025-08-04,620.4075271113948,625.9108344398344,620.3183179857707,625.8612670898438,73218000
2025-08-05,626.4760489706393,627.2891592865192,621.7660007962415,622.6881713867188,68051400
2025-08-06,623.7590952688204,628.1121858315174,622.8468502662965,627.457763671875,64357500
2025-08-07,630.8886206499576,631.6223868787783,623.8185857342208,626.9321899414062,74205800
2025-08-08,628.7269865749256,632.2868180975779,628.4096707981653,631.8207397460938,64051600
2025-08-11,632.0984361099556,633.5758942477272,629.3219380955197,630.5713500976562,58742300
2025-08-12,632.9214680410968,637.4431125105409,631.434084195598,637.2844848632812,64730800
2025-08-13,639.4857330110176,640.7549961752953,637.2745085703324,639.4659423828125,60092800
2025-08-14,637.3835243153912,640.1897383639256,636.9373576458678,639.525390625,59327500
2025-08-15,640.5566774831647,640.6558727131268,637.11589211782,638.0281372070312,68592500
2025-08-18,637.4529805837014,638.5834067295413,636.7787072305159,637.8892822265625,43804900
2025-08-19,637.7108075589789,638.6924711313014,633.1098193903536,634.4286499023438,69750700
2025-08-20,634.0221086228163,634.2798709561484,627.6263466835007,632.742919921875,88890300
2025-08-21,630.9283690027011,632.604096553562,628.4791123479844,630.2044677734375,54805800
2025-08-22,632.3959596753498,641.0624398986112,631.8902394824283,639.8824462890625,84083200
2025-08-25,638.6230253017661,639.8625116828326,636.9472372936925,637.0662231445312,51274300
2025-08-26,636.7985773675441,640.0807351008626,636.1738713484165,639.733642578125,51581600
2025-08-27,639.148612992103,641.9250504526357,638.9998504138363,641.1912841796875,48341100
2025-08-28,641.7961126896905,644.0172625669782,639.9121297324674,643.4619750976562,61519500
2025-08-29,642.0242015644989,642.3911452321481,637.7306640961879,639.6245727539062,74522200
2025-09-02,632.13804448044,635.1028861742022,629.5797276837342,634.884765625,81983500
2025-09-03,637.2645539172183,638.7916398746721,635.0731807265284,638.3255615234375,70820900
2025-09-04,638.999797688006,643.6900550422279,638.09747828346,643.6602783203125,65219200
2025-09-05,646.0004708304714,646.7243720544352,637.9190556866993,641.796142578125,85178900
2025-09-08,643.1644862104067,644.3742563254497,641.7861629025881,643.3727416992188,63133100
2025-09-09,643.5115612591451,645.3856792185645,641.7762803015634,644.8601684570312,66133900
2025-09-10,648.122479271532,649.0446498954948,645.1576374702139,646.724365234375,78034500
2025-09-11,648.6778210448584,652.7929404681626,648.092817304151,652.0988159179688,69934400
2025-09-12,652.0690195991697,653.5663289422531,651.374955591632,651.880615234375,72780100
2025-09-15,654.0918582328915,655.4800466805781,653.7943936028013,655.3511352539062,63772400
2025-09-16,655.9064595692537,656.213910313041,653.6655188822047,654.4488525390625,61169000
2025-09-17,654.4587781451693,656.1543568928759,648.7967821934204,653.6357421875,101952200
2025-09-18,656.3229362038169,659.2977035594738,654.7165666735059,656.6898193359375,90459200
2025-09-19,658.5800832029405,660.7874850308027,656.6311583459587,659.9423217773438,97945600
2025-09-22,658.4507703315647,663.5119177999496,658.4209110544651,663.0645141601562,69452200
2025-09-23,662.9452156846509,663.5617612775759,658.2320617574377,659.4551391601562,81708900
2025-09-24,660.7477220570149,660.8471316064555,655.9350982101993,657.3569946289062,68082200
2025-09-25,654.2149171420698,655.6765652531099,650.7048739536411,654.3242797851562,89622100
2025-09-26,655.7760789419195,658.619871988132,654.1553026157394,658.072998046875,69179200
2025-09-29,660.5985670660314,661.5134019828115,658.112721358766,659.9224243164062,73499000
2025-09-30,659.1766647693167,662.8756347075731,657.8641309647478,662.4082641601562,86288000
2025-10-01,659.4153308150761,665.5802405756418,659.3059681646932,664.6654663085938,72545400
2025-10-02,666.6540464714482,666.7733621981591,663.004842335434,665.4309692382812,56896000
2025-10-03,666.1966948783695,668.8714672806448,664.377038831869,665.421142578125,70494400
2025-10-06,667.8174482099862,668.7024238148077,665.669704301124,667.8074951171875,54623300
2025-10-07,668.7322238208072,669.1796881705657,663.8898014056139,665.3316040039062,72020100
2025-10-08,666.4552183740389,669.398481470165,665.6299006256374,669.2990112304688,60702200
2025-10-09,669.7166839203261,670.1243359074817,665.4211353124821,667.3600463867188,66501900
2025-10-10,668.324542434099,670.1342452495495,649.14378031214,649.32275390625,159422600
2025-10-13,656.9095884512618,661.3642043859337,656.0345659370097,659.2860107421875,79560500
2025-10-14,653.4492417720955,662.0602448848334,649.4718888267987,658.4805908203125,88779600
2025-10-15,663.0446741742268,666.4353410824248,655.1993304017814,661.4039916992188,81702600
2025-10-16,663.0446615126489,664.9239754340409,653.3896149312258,656.899658203125,110563300
2025-10-17,655.7660892614911,661.9906565438909,654.4138037793879,660.62841796875,96500900
2025-10-20,663.5418206897375,668.4041493887289,663.4921159142255,667.499267578125,60493400
2025-10-21,667.6384328159621,669.1796448635298,666.1866772188026,667.4892578125,56249000
2025-10-22,668.1953369980629,668.1953369980629,659.5445816579371,664.0191040039062,80564000
2025-10-23,664.3372592841532,668.9012985038863,664.019063764971,667.9566650390625,65604500
2025-10-24,672.6300829996666,674.628651928334,671.8246714345047,673.4155883789062,74356500
2025-10-27,678.8645527756448,681.658640907831,678.2580209918731,681.3603515625,63339800
2025-10-28,683.1600908523567,685.0095454543999,680.9526890414517,683.1700439453125,61738100
2025-10-29,684.8205950917289,685.795087823854,679.0037407351697,683.4981689453125,85657100
2025-10-30,680.0279207971732,682.0563488815194,675.98095703125,675.98095703125,76335800
2025-10-31,681.1614729090464,681.2012852815519,675.3943230278239,678.1983642578125,87164100
2025-11-03,681.7878948104295,681.9171636388411,676.0903560257897,679.4711303710938,57315000
2025-11-04,672.2820616639051,676.1103005794487,670.7607556049009,671.4169921875,78427000
2025-11-05,671.1583975728993,677.0051112074705,670.3529860359731,673.7437133789062,74402400
2025-11-06,672.6399897028363,673.5448715272548,664.9338680034818,666.514892578125,85035300
2025-11-07,664.1284090392404,667.2805048704689,657.4663915648358,667.1710815429688,100592400
2025-11-10,673.4056760856186,678.317709828293,671.2082272333661,677.5819091796875,75842900
2025-11-11,676.1002762110339,679.6997756663966,674.8871520395073,679.1329956054688,58953400
2025-11-12,680.9128544582501,681.081935653801,677.0946296424269,679.5108642578125,62312500
2025-11-13,676.6471697129602,677.0051169124795,666.723693536663,668.2350463867188,103457800
2025-11-14,661.6128286383953,671.8345948923219,659.5147893727298,668.125732421875,96846700
2025-11-17,665.9083353081996,669.8956413839408,658.4209391867944,661.901123046875,90456100
2025-11-18,658.351356546523,661.3542775984923,652.1466953365565,656.3428344726562,114467500
2025-11-19,657.0389163187169,663.561773390439,655.020380360944,658.87841796875,94703000
2025-11-20,669.1001291109939,671.7351497651099,648.1991802397498,648.8355712890625,165293500
2025-11-21,651.3412595795126,660.7874729698119,647.1650267848305,655.2987670898438,123956200
2025-11-24,658.9380055466532,666.2662734630499,657.8442577670318,664.9437866210938,80437900
2025-11-25,664.8443455838128,672.3814460202411,660.7178178396566,671.1981811523438,81077100
2025-11-26,673.7934667684052,677.8404309302599,672.8885849296569,675.8318481445312,71879600
2025-11-28,677.0051081523229,679.7991961322198,676.6471609574353,679.5208129882812,49212000
2025-12-01,674.9667623359846,679.1230890446475,674.8971513739515,676.4185180664062,61201200
2025-12-02,678.0591325179204,679.9483994968172,675.4838303983408,677.67138671875,62953800
2025-12-03,676.7167950740063,681.0321891246488,675.8417725523884,680.0180053710938,57238500
2025-12-04,681.4199577792665,681.4895687361658,677.4824173401821,680.51513671875,61970300
2025-12-05,681.5890143183475,684.4925257185774,680.7040993957534,681.8078002929688,79241000
2025-12-08,682.7027235077143,682.7524282821314,677.7111260885928,679.7594604492188,55231500
2025-12-09,679.2821528162136,681.5094606319436,678.7253258622812,679.1727294921875,58310100
2025-12-10,678.6955405173951,685.0692222502689,677.4526176554032,683.6771850585938,85671300
2025-12-11,681.2609148661827,685.3476304583654,678.3076987410943,685.26806640625,86173700
2025-12-12,684.2737056052856,684.9797075791527,675.3246617594549,677.9000244140625,113160300
2025-12-15,681.8574988128718,681.8774049984522,675.4042533093998,676.8758544921875,90811000
2025-12-16,675.3843754405706,677.2239376857725,671.1584377196804,675.0264282226562,122030600
2025-12-17,676.0406154817738,676.5874893555698,667.3998140691156,667.5986938476562,110625200
2025-12-18,673.7635606688432,676.8857972779194,671.0788959983324,672.6399536132812,108650100
2025-12-19,674.747283458469,679.2350273728672,674.6275542880097,678.7363891601562,103599500
2025-12-22,682.0772531068674,683.4933686131409,678.7364013691785,682.96484375,69556700
2025-12-23,682.0572680421344,686.325640311278,682.0074163952171,686.0863037109375,64840000
2025-12-24,686.0763204450832,688.9484813838191,685.9267046355759,688.4996948242188,39445600
2025-12-26,688.758988861415,689.7761694005526,687.392725060237,688.4298706054688,41613300
2025-12-29,685.6674092439482,687.322922191004,684.2014421207446,685.9765625,62559500
2025-12-30,685.5777200962995,686.6846823672308,684.7100944386586,685.138916015625,47160700
2025-12-31,685.2685588951464,685.4879304984822,679.8533550408816,680.062744140625,74144800
