date,Open,High,Low,Close,Volume
2016-01-04,49.345083423480546,49.62523770964476,48.68290365654902,49.31961441040039,20400100
2016-01-05,49.14770408719996,49.7525773534159,48.97578946528681,49.739845275878906,11993500
2016-01-06,48.79750629338097,49.434216975557355,48.765668816185354,49.32597732543945,18826900
2016-01-07,48.42822397334507,49.65707606442848,48.326352766983376,48.536468505859375,21263800
2016-01-08,48.61286849073581,48.80388367336041,47.434954485131826,47.555931091308594,19033600
2016-01-11,47.75967802458858,47.82971660055552,46.19973366444597,46.919219970703125,21353000
2016-01-12,47.19301312367884,48.02073436969757,46.575402780420475,47.88065719604492,21864100
2016-01-13,48.294515515965905,49.06493503785036,47.7151111862953,48.16717529296875,26052700
2016-01-14,48.52371475513614,50.885910523138,48.26266593239385,50.37654495239258,33806700
2016-01-15,48.60013057938008,49.77167597623455,48.58103003495356,49.396018981933594,28342100
2016-01-19,49.61887737663758,49.81625618822086,47.874290985232165,48.644710540771484,22684500
2016-01-20,47.79786508067639,48.21172794683457,45.55664588108017,46.594482421875,33300800
2016-01-21,46.58177757550353,47.74695497571113,46.23158459381428,47.18028259277344,22265600
2016-01-22,48.65744116356709,48.88028898573317,47.5750346800643,48.75294876098633,22530300
2016-01-25,48.23084254273126,48.606499578686254,47.05292854788469,47.10386657714844,17086600
2016-01-26,47.606860494803215,48.8802819909166,47.27577304320943,48.83571243286133,18724700
2016-01-27,48.39001800796501,49.325983607195994,47.575029008223574,47.93795394897461,18106100
2016-01-28,49.24958679439132,49.44697047524102,48.14807966552089,49.02037048339844,16157700
2016-01-29,48.85482670002891,49.56793975830078,48.54920334811355,49.56793975830078,25161900
2016-02-01,48.81024980249872,48.89302045355343,48.03346188836891,48.57466506958008,16754200
2016-02-02,47.23757573113129,48.148072367987865,46.830081208398624,47.49225616455078,21404200
2016-02-03,48.090759468857925,50.00089161155987,47.282138999176354,49.969058990478516,25873700
2016-02-04,50.03272870921773,50.93685675069035,49.38328106532479,50.828617095947266,23658700
2016-02-05,50.55483328968847,51.000528860741326,50.026362214213364,50.987796783447266,26719900
2016-02-08,50.49116320155723,52.07020310319017,50.24284640365755,51.675445556640625,26601200
2016-02-09,51.38630974238269,51.829624141513655,50.55749774149524,51.450557708740234,18418100
2016-02-10,51.251400432180006,52.33078330782455,50.93658185647749,50.9815559387207,16610900
2016-02-11,50.33263545762677,51.49554502569072,49.844346866223425,51.142173767089844,19331600
2016-02-12,51.4505652224852,52.086628515383914,51.2770902959997,52.06092834472656,16767200
2016-02-16,52.49141006245854,52.58778450430695,51.57907580348336,52.18301773071289,15912200
2016-02-17,52.45929929331653,53.18531108768117,52.14448062695773,52.68416976928711,17006700
2016-02-18,53.262405210405326,53.365201029098465,52.59421523257139,52.97328186035156,14873700
2016-02-19,52.80623516815461,53.03753187488553,51.983849056137046,53.00540542602539,13615900
2016-02-22,53.00540097519942,53.609342870040685,52.81265210183934,52.93472671508789,14595200
2016-02-23,52.677722633993966,52.92187182704092,51.96455876280058,52.18943405151367,11041600
2016-02-24,51.34135519890235,52.53638155263108,51.18715413884075,52.37575912475586,13777500
2016-02-25,52.40145137845099,52.729122454279405,51.41201678412304,52.690574645996094,13706400
2016-02-26,53.255966863893995,53.37804146635628,52.48498124219135,52.523529052734375,14343300
2016-02-29,52.6070526370721,52.94115001189478,51.431300261381175,51.495548248291016,18903600
2016-03-01,51.7589794116258,52.53639152184533,51.60478322411169,52.22157287597656,15730600
2016-03-02,52.00953517256576,53.14674459732964,51.5983421889808,53.13389205932617,14094400
2016-03-03,53.10820318149025,53.14675099652804,52.388612922669935,52.94115447998047,13216200
2016-03-04,53.10821020820523,53.3073804813294,52.52996839709348,52.870487213134766,18402700
2016-03-07,52.88331769773895,54.26467132568359,52.819069717747574,54.264671325683594,18945600
2016-03-08,53.96912546527258,54.10404769071898,52.992543446981585,53.08891296386719,14003900
2016-03-09,53.467995859996606,53.872762623316255,52.838353770802875,52.94115447998047,14139300
2016-03-10,52.95399701991727,53.10819806883894,51.9966887914458,52.799800872802734,15898300
2016-03-11,53.46799608969149,53.66716633731918,52.690584104974775,52.80623245239258,15370200
2016-03-14,52.35004772763552,53.09533301451103,52.054498237774936,52.94756317138672,13344600
2016-03-15,52.42715277367937,53.230264810352786,52.37575242689862,53.21099090576172,9213000
2016-03-16,53.33949927559172,53.42945235428103,52.64561403990849,53.24312973022461,11492100
2016-03-17,53.76354171571891,54.40603145663247,53.14675215265882,54.03338623046875,13673900
2016-03-18,54.348192467534886,54.354618735988296,53.48725876342914,54.09762191772461,19637000
2016-03-21,53.866330637438196,54.05907949578856,53.64788650632774,53.7249870300293,8385400
2016-03-22,53.378040501916125,54.521671277561516,53.333066423159515,54.04623031616211,13005100
2016-03-23,53.879203180995866,54.1619003043934,53.660754066968074,53.808528900146484,12748900
2016-03-24,53.28809750507652,53.98840892808047,53.2816712355441,53.9562873840332,9368300
2016-03-28,53.98841046135845,54.200433245683065,53.77638767703384,54.1104850769043,7490400
2016-03-29,53.75712024655961,54.3610622255316,53.42945397873316,54.309661865234375,9977900
2016-03-30,54.630901423243486,54.643753962965306,53.96913777999234,54.30323028564453,10807000
2016-03-31,54.01410090258249,54.67586441152067,53.705703735351555,53.70570373535156,13896900
2016-04-01,52.94113746035387,53.57720071303256,52.93471119264429,53.30093002319336,12235300
2016-04-04,53.365213331528814,53.90490743496146,53.18531693098769,53.429466247558594,8050200
2016-04-05,53.076081059559364,53.410173587996326,52.67773563174667,52.81908416748047,10446800
2016-04-06,53.12746980278589,53.622184667883936,52.87689923578979,53.52581024169922,9320200
2016-04-07,53.17246090601204,53.435879193329924,52.71629370461102,52.92189025878906,8267100
2016-04-08,53.519393546530345,53.6157630793206,53.23027024273748,53.46156692504883,9376200
2016-04-11,53.53866809082074,54.12333117121116,53.50654164496974,53.53224182128906,9925000
2016-04-12,53.76995584512291,54.37389273199182,53.56435937052372,54.19399642944336,9986100
2016-04-13,54.29038427846507,54.55380743079047,53.994839579485635,54.50240707397461,9235700
2016-04-14,54.61162291769015,55.18986461129773,54.45742676666388,54.88789367675781,10625800
2016-04-15,54.80438044028197,55.03567715426296,54.47028300817251,54.59235763549805,11280200
2016-04-18,54.59235495060756,55.164170437102726,53.87919093454139,55.112770080566406,9097000
2016-04-19,55.15775659002693,55.45330135396337,54.75298972020702,55.38905334472656,10354500
2016-04-20,55.401878063115014,56.17928985860052,55.23482940154922,55.768096923828125,15247100
2016-04-21,55.63317211254556,56.43628411256596,55.620324477340155,55.76167297363281,12075300
2016-04-22,56.050795182316385,56.307792020334,55.78095070821102,56.237117767333984,9150800
2016-04-25,55.95443006448398,56.15360522053311,55.478989021226695,56.1086311340332,8076400
2016-04-26,56.37847305930372,56.500547674962114,55.93515358290855,56.30137252807617,9425900
2016-04-27,56.506961785163355,57.00168155216879,56.10862134616915,56.834632873535156,10463500
2016-04-28,56.44916183734602,57.04025135667317,56.217865085990375,56.55838394165039,11276200
2016-04-29,56.97599698033438,57.68273479634945,56.37205498576107,56.79610061645508,17885900
2016-05-02,56.6932907502829,57.48998152156365,56.59049494541901,57.265106201171875,10273700
2016-05-03,56.79608668796243,56.9438565641354,56.127896856126746,56.609764099121094,10137400
2016-05-04,56.731846015000926,57.01453816743287,56.28210025581897,56.50054931640625,10601100
2016-05-05,57.02738214610263,57.16230438305992,56.2949443444448,56.564788818359375,8721100
2016-05-06,56.192159238931666,56.97599760599165,56.192159238931666,56.86677551269531,7968400
2016-05-09,56.92458549086223,57.02738619401637,56.04437775368961,56.905311584472656,11159500
2016-05-10,57.117338383496666,57.82407611116042,57.065938028297346,57.817649841308594,12509100
2016-05-11,57.76582011043047,58.10272041670723,57.48074719842447,57.53905487060547,11660200
2016-05-12,58.180473602609005,58.26469745020216,57.759344478634965,58.09624481201172,10720500
2016-05-13,57.84357523853673,58.089776418314,57.344702485785746,57.44188690185547,9721100
2016-05-16,57.79172752741439,58.09623631007935,57.66215163577132,58.03144836425781,8638700
2016-05-17,57.837063485593966,58.25171709804584,57.765800225127876,58.005516052246094,9835600
2016-05-18,58.18047687478558,58.310052792678654,57.43540298938936,57.88892364501953,9680300
2016-05-19,57.409509248620004,58.413740305186366,57.30584451939746,58.381343841552734,14397900
2016-05-20,58.56271150878749,58.56919178561559,57.90834195323134,58.14158248901367,13191900
2016-05-23,57.66215920724459,58.2452606822108,57.545538912251345,58.0508918762207,11766100
2016-05-24,58.238781279480236,58.56920627742961,58.01850124285008,58.09624481201172,10056600
2016-05-25,58.21284814219708,58.54975332038449,58.04439555310337,58.478485107421875,9578400
2016-05-26,58.47201009518392,58.608066256815654,57.83707639789932,58.18046188354492,7867900
2016-05-27,57.92129643280694,58.34242540841787,57.869464109623536,58.31650924682617,7505900
2016-05-31,58.31002819756447,58.439604060802566,57.487211085697645,57.67509460449219,13178800
2016-06-01,57.2928685586015,57.953713672247815,57.09849973182073,57.817657470703125,7994800
2016-06-02,57.15032253492754,57.357646942138665,56.76158988928214,57.35764694213867,9837500
2016-06-03,57.29933841757674,57.55201488063902,57.033701398816866,57.25398635864258,9367100
2016-06-06,57.57794237233707,57.98611098301516,57.46132206314266,57.8824462890625,8573000
2016-06-07,58.14806546148417,58.90609476641619,58.12214929597327,58.77003860473633,12889100
2016-06-08,58.977383889843054,59.15231683329431,58.653439120642105,58.82189178466797,9983000
2016-06-09,58.42664959089418,58.97735443489735,58.38129754357633,58.74411392211914,8974300
2016-06-10,58.569200976492745,58.90610127937758,58.167507781165256,58.297088623046875,10353800
2016-06-13,58.25820660069825,59.236520860166195,58.11567015909326,58.692291259765625,11370000
2016-06-14,58.60159773420931,58.873715055058206,58.2128650597162,58.58864212036133,10161000
2016-06-15,58.45905979114884,58.893144480954234,58.31004306173615,58.4137077331543,10655800
2016-06-16,58.11566184200593,59.21059622036049,57.733409569682465,59.10045623779297,12824800
2016-06-17,59.27538852872574,59.34017646778148,58.43313543499533,58.77651596069336,17483200
2016-06-20,59.14583033123668,59.340194206505615,59.003293856903504,59.03569030761719,9388500
2016-06-21,58.776518919549126,59.37257589767254,58.47201015335475,59.301307678222656,8557500
2016-06-22,59.50216949685822,59.560482122406334,58.964424966829135,59.068084716796875,8785400
2016-06-23,59.56048881886925,59.65119296391574,59.08105191747994,59.47626495361328,9464500
2016-06-24,58.23229365518938,58.828355620593655,57.75933719243791,57.91482925415039,20010500
2016-06-27,57.597392162406614,57.72696811810372,57.08555873429308,57.571475982666016,14169400
2016-06-28,58.13509917044523,58.91256422093439,57.999038090757495,58.89960861206055,13254300
2016-06-29,59.223562139986974,60.05933497097659,59.03567365346123,59.90384292602539,13920600
2016-06-30,59.819629005906805,60.79146309806947,59.800193114944165,60.733150482177734,14073700
2016-07-01,60.486958949874904,60.888652185052095,60.299070417759964,60.797943115234375,9946300
2016-07-05,60.331440209108166,60.64242423705605,59.76777486182487,60.26664733886719,10744100
2016-07-06,60.480482143292846,60.97935981240972,59.89090528516001,60.95991897583008,13144400
2016-07-07,61.121891803485404,61.219076215092656,59.83259310897574,60.227806091308594,12240700
2016-07-08,60.50638464184417,60.75906108722777,60.2018758633041,60.60356903076172,9807600
2016-07-11,60.73963340064275,61.167242792425206,60.67484544694954,60.83033752441406,8335700
2016-07-12,61.33569303275921,61.517101287841804,60.959915965514284,61.5171012878418,9870800
2016-07-13,61.32272893787681,61.49765689022736,60.972868090172184,61.47174072265625,9458200
2016-07-14,61.58189418723206,61.89287835508672,61.3033015260683,61.5171012878418,9293500
2016-07-15,61.83457128496494,61.905839520591286,61.31625774277409,61.62724685668945,10334500
2016-07-18,61.49765690496105,61.64667363277973,61.160756612463025,61.43286895751953,9865900
2016-07-19,61.39400807839674,61.51062838169926,61.031186610897514,61.206119537353516,5901800
2016-07-20,61.063575170572975,61.1737151808462,60.772026921495886,60.85625076293945,7383800
2016-07-21,60.830321375600384,61.07004217793028,60.551728799974775,60.804405212402344,6854600
2016-07-22,60.97287664059345,61.0894969395157,60.72020015009595,60.90808868408203,7139700
2016-07-25,60.55822346585566,60.65540786518979,59.45033317665593,59.73540115356445,10845900
2016-07-26,59.36609562053987,59.62525233281188,59.02919535468847,59.301307678222656,12143500
2016-07-27,59.288341137305125,59.482704928426294,58.71819548681098,58.89960861206055,10037900
2016-07-28,58.659905934531885,58.78300650033176,58.05736860441196,58.43962097167969,12439200
2016-07-29,56.76159130995044,57.668637467827715,55.796237478118684,57.6297607421875,23928100
2016-08-01,57.066107826169066,57.1114598930355,55.45285942691035,55.62779235839844,22908400
2016-08-02,56.0100385083764,56.57370408453167,55.44637787522513,56.392295837402344,18919200
2016-08-03,56.37286135800756,56.68384552001954,56.107224315910045,56.68384552001953,14632900
2016-08-04,56.69032377743274,56.78750817822342,56.38581496169047,56.6773681640625,13451400
2016-08-05,56.83933959649299,56.90412754830208,56.463562555794866,56.72919464111328,9617300
2016-08-08,57.04667036928807,57.590895156774884,57.03370981167871,57.39652633666992,10492700
2016-08-09,57.415957488909214,57.50666160485823,57.13088458563883,57.4677848815918,9654600
2016-08-10,57.35671087696396,57.44818848720187,56.20016967029558,56.4615364074707,12714800
2016-08-11,56.644487571398756,57.02346407874893,56.36351922145909,56.66408920288086,11616000
2016-08-12,56.82092350775897,57.48740907989876,56.781720233570844,57.402462005615234,9986900
2016-08-15,57.77489540662693,57.82716975086173,57.26523301322732,57.376312255859375,6432600
2016-08-16,57.389383882779214,57.61807790954651,57.08881387829136,57.44818878173828,6817900
2016-08-17,57.448183977478415,57.61807309107921,57.278299849033104,57.57233428955078,7104600
2016-08-18,57.74875989828505,58.11467533331499,57.57887575236129,58.09507369995117,10342700
2016-08-19,57.912096208824,57.983972166480804,57.36323069779517,57.36976623535156,8615300
2016-08-22,57.04962397262967,57.56582207627321,56.749053871487384,57.49394607543945,8235400
2016-08-23,57.39591905045472,57.51353384298255,57.212963814335055,57.31751251220703,6514800
2016-08-24,57.173749867491054,57.60500568793756,57.07573672783,57.51352310180664,7985400
2016-08-25,57.513527773713555,57.52006331292995,57.00386538826188,57.14761734008789,6935300
2016-08-26,57.25869375148917,57.5723348113521,56.847044534002386,57.02346420288086,6474400
2016-08-29,56.873183699178576,57.448186513080024,56.873183699178576,57.395912170410156,7027200
2016-08-30,57.41551233166779,57.66380795369641,57.08880520445138,57.18681335449219,6441100
2016-08-31,56.93851852416992,56.984257323209995,56.33737859817036,56.93851852416992,12491400
2016-09-01,56.66408234464537,56.742488861083984,56.25242819272299,56.742488861083984,8434700
2016-09-02,57.12149047851563,57.226039184225336,56.80131879130382,57.121490478515625,7099600
2016-09-06,57.395903520849636,57.91863689846102,57.27829374529977,57.87289810180664,9851200
2016-09-07,57.92517457570393,57.938240667307,57.48085268387248,57.65727233886719,7470400
2016-09-08,57.85984675709376,58.395646362381875,57.526604019305964,58.186553955078125,9579500
2016-09-09,57.93170753538871,57.93170753538871,56.716356679041056,56.742488861083984,12820200
2016-09-12,56.70328688316252,57.31096232505699,56.60527375024631,57.036529541015625,10889000
2016-09-13,56.49420477584412,56.500740315265624,55.592494756757404,55.67743682861328,13214300
2016-09-14,55.56634678281333,56.08254462333943,55.06321503343443,55.27884292602539,13957000
2016-09-15,55.32458888771735,55.96493711026898,55.22657574337758,55.592491149902344,9062600
2016-09-16,55.22003980748028,55.5728841016199,54.59929327726693,54.90639877319336,21538400
2016-09-19,55.26578708230357,55.291924254599294,54.76265523963357,54.775726318359375,7929100
2016-09-20,54.71038788366774,54.85413485882438,53.932823181152344,53.932823181152344,17522000
2016-09-21,54.115767993585045,54.638501387724276,53.782525330192406,54.42940902709961,15055900
2016-09-22,55.06976411492328,55.24618879230591,54.48169016557485,54.586238861083984,10738500
2016-09-23,54.02429701788002,55.08936058140143,53.965487135883734,54.52742385864258,12667100
2016-09-26,54.57316061961599,55.21350883268239,54.18764857212044,54.27259063720703,10860300
2016-09-27,53.965485087778035,54.45554581680685,53.76946378725983,54.39020538330078,9595000
2016-09-28,54.533968141632656,56.997343353033216,54.45555661478385,56.781715393066406,28117900
2016-09-29,56.827429011295386,56.97771147301985,55.98452416568541,56.49418640136719,19082900
2016-09-30,56.74249109923793,57.376303719609744,56.618345781595025,57.02999496459961,15961500
2016-10-03,56.80783137658342,56.977715476979306,56.54646470307983,56.87970733642578,7111200
2016-10-04,57.09532408796595,57.173735577127204,56.23935318486056,56.35696792602539,8222000
2016-10-05,56.73596666036066,56.95812513651433,56.651019608173726,56.8470458984375,8796200
2016-10-06,57.010381496456986,57.1541333992876,56.481117658902505,56.873165130615234,7718300
2016-10-07,56.81437859258471,57.1084180559497,56.46806976731236,56.677162170410156,6614900
2016-10-10,57.19988998407832,57.93824636860919,57.18028835216728,57.7879638671875,10060000
2016-10-11,57.552741337809984,57.624617320359434,57.04307890530021,57.3305778503418,9309000
2016-10-12,56.990793824745055,57.317500962025036,56.63141397967496,56.931983947753906,8172600
2016-10-13,56.42233100203943,56.762109273049575,55.82119096582901,56.559547424316406,9890300
2016-10-14,56.97119090799673,57.19988490189884,56.50726738175096,56.546470642089844,7991700
2016-10-17,56.50726738175096,56.70982420704209,56.23936514235478,56.546470642089844,7263100
2016-10-18,56.958128827196376,57.06267751815293,56.44193088219929,56.69676208496094,5429300
2016-10-19,56.97119333085693,57.40244416839033,56.76863151179611,56.95812225341797,9373400
2016-10-20,56.709831545583754,57.1737551318636,56.5856812249047,56.9842643737793,6866900
2016-10-21,56.468072822779696,56.72943958708344,55.997613644064224,56.598758697509766,10736200
2016-10-24,56.677154307003555,57.0561357928996,56.23936792768679,56.788238525390625,8354900
2016-10-25,56.631416493640344,57.27176470460359,56.58567769179693,56.66408920288086,6835900
2016-10-26,56.35700272271893,57.141098157841704,56.16097637135964,56.90586853027344,8488100
2016-10-27,57.03000266246181,57.27830330157325,56.716366571692106,56.79477310180664,9071100
2016-10-28,55.72317629900073,56.4288650102641,54.97828432105249,55.39646911621094,19072200
2016-10-31,54.808388585311164,55.14816680615392,54.22685026883782,54.44247817993164,16663800
2016-11-01,54.56009461452314,54.83452742692533,54.40980713049973,54.65810775756836,13050600
2016-11-02,54.42941569724162,54.80839222002201,54.19418613956788,54.52742385864258,11226100
2016-11-03,54.677723688857355,54.808404590323896,54.266074362596584,54.66465759277344,8836500
2016-11-04,54.645034407766154,55.102427394574946,54.076567175019036,54.605831146240234,13877100
2016-11-07,55.20698180127355,55.84733011301874,55.148176897572164,55.834259033203125,13576200
2016-11-08,55.854026408741476,56.57914550928388,55.69581476443223,56.236358642578125,9735200
2016-11-09,55.405761030326474,57.15923038403321,55.14867343722397,56.85599899291992,15901300
2016-11-10,56.631889280269064,58.003021817933856,56.467089237008075,57.38337707519531,14106100
2016-11-11,57.04058729678729,57.17243034233664,55.9594994697723,56.47367477416992,13812200
2016-11-14,56.22976243906507,56.460481434959156,55.59033762951794,56.216575622558594,12607500
2016-11-15,56.539603469909025,57.389972399539054,56.539603469909025,57.23176574707031,12883500
2016-11-16,57.17903514028834,57.20540375696935,56.41436537373649,56.52642822265625,8201200
2016-11-17,56.98125188116608,57.27129647280802,56.045184021580276,56.18362045288086,8200500
2016-11-18,56.17043182337978,56.460481434959156,55.9199376320229,56.216575622558594,8457800
2016-11-21,56.981264200545084,57.14606424274537,56.78350213818548,57.01422119140625,8861500
2016-11-22,57.14605492615055,57.508611942304135,56.67143007730473,57.139461517333984,9390200
2016-11-23,57.04716664677564,57.40313523808141,56.89554843908559,57.29766082763672,5996300
2016-11-25,57.159245174111035,57.44270144360702,57.04718235413074,57.42951965332031,5042300
2016-11-28,57.31746235988194,57.43611861150689,56.93513001957841,57.00104904174805,7449600
2016-11-29,56.30887924106876,56.74395378221867,56.08475358966305,56.62529754638672,9181100
2016-11-30,57.74594049722355,58.1348712572856,57.48225939317621,57.54818344116211,22696200
2016-12-01,57.996444502126316,58.339226444615484,57.50863265991211,57.50863265991211,13005600
2016-12-02,57.47567777673055,58.00303501759668,57.08674697089116,57.37679672241211,9706600
2016-12-05,57.60749753005371,57.8909537800977,57.29767267194776,57.66682815551758,11741100
2016-12-06,57.52839768885722,57.923921821623765,57.152653786167605,57.719566345214844,11293600
2016-12-07,57.765702151185145,58.108489014837026,57.48224591094506,58.05575180053711,11182600
2016-12-08,58.04256872940089,58.56992577285757,57.778887693023826,58.220550537109375,9086700
2016-12-09,58.43151834436426,58.66883087158203,58.128286788319215,58.66883087158203,8021700
2016-12-12,59.42029126223692,60.31680371987058,59.42029126223692,59.974021911621094,15545400
2016-12-13,60.57390923086667,61.4506467510137,60.099284256672824,61.02875900268555,18829300
2016-12-14,60.817798704847206,60.824387084327235,59.44006796962576,59.71034240722656,16325400
2016-12-15,59.39393084700131,59.97403018151796,59.16980521633651,59.91469955444336,11155100
2016-12-16,60.32997578336016,60.42885677937938,59.74988165163522,60.10585021972656,20560400
2016-12-19,60.23771287945461,60.34318732624275,59.45985643693662,59.604881286621094,9674400
2016-12-20,59.66421030546284,59.88833595487406,59.51918545970344,59.611473083496094,7221000
2016-12-21,59.77626190259113,59.921286721110995,59.4466618711541,59.51258087158203,7308000
2016-12-22,59.34119562132473,59.921294975313316,59.34119562132473,59.901519775390625,8003100
2016-12-23,59.914703443246154,59.96084725427789,59.6707975681937,59.79604721069336,4266500
2016-12-27,59.87515543597768,60.059730687483984,59.710355385804434,59.822418212890625,4960600
2016-12-28,59.7762816496112,60.05973797145838,59.499418738774146,59.525787353515625,6745900
2016-12-29,59.3939348498042,59.72353493779345,59.34779103865763,59.55873489379883,6684700
2016-12-30,59.3477904700103,59.78945337665249,59.33460867950825,59.49940872192383,9117800
2017-01-03,59.947661572740124,60.211337601922736,59.42689286529807,59.91469955444336,10360600
2017-01-04,60.06632305380685,60.08609825479622,59.163216984005004,59.2555046081543,9434200
2017-01-05,59.453261116220915,59.52577353259903,58.29966089294805,58.37217330932617,14443200
2017-01-06,58.530382975407456,58.65563261553699,57.890958013711824,58.33921432495117,16518100
2017-01-09,58.154653304791545,58.154653304791545,57.05378997231791,57.37679672241211,13762300
2017-01-10,57.46246429133386,57.554751891396556,56.631875890769564,56.645057678222656,13283100
2017-01-11,56.62528544491746,57.31744248159999,56.5989168393347,57.225154876708984,11183700
2017-01-12,57.52841606351165,57.60092850905954,56.73737760391632,56.91535949707031,10407000
2017-01-13,56.86918737884775,57.13946181948534,56.803268378225546,56.92192459106445,8415600
2017-01-17,57.073551271002835,57.60750179320305,56.85601401036641,57.58772659301758,13237300
2017-01-18,57.38996881743552,57.62069291495408,56.72418022475742,56.87579345703125,11831700
2017-01-19,56.671437382342944,56.757131590815035,55.76173796169431,55.85403060913086,16382900
2017-01-20,56.32205628199519,56.66483810971482,56.0649686538811,56.61869430541992,18739700
2017-01-23,56.480280591518245,56.612118636732205,55.867224125605134,56.01224899291992,11433900
2017-01-24,56.018827911031295,56.34183455874801,55.91994688805335,56.09133529663086,11858100
2017-01-25,56.25613784790039,56.612106529005324,56.19681224903189,56.25613784790039,9578500
2017-01-26,56.486862825160415,56.57915044440848,56.111118938422464,56.42753219604492,8779400
2017-01-27,56.229774596702725,56.52641265137558,56.05838115013943,56.36820602416992,10947900
2017-01-30,56.308893634810545,56.328668840954435,55.49148659529863,55.93974304199219,12789200
2017-01-31,56.05837791522956,56.07815311382687,54.79930329202539,55.300296783447266,19128100
2017-02-01,55.372807492002664,55.47828192033597,54.410375965300226,54.67405700683594,15111800
2017-02-02,54.852051072400265,55.06299494689582,54.416981531571345,55.010257720947266,12200100
2017-02-03,55.17505712887319,55.18824394985404,54.647699963507634,55.06958770751953,12746300
2017-02-06,55.076172772610924,55.14209177963094,54.667466882210284,54.91796112060547,9938200
2017-02-07,54.8652406390848,55.12232834182578,54.35106020430392,54.56200408935547,11705200
2017-02-08,54.54203279986167,54.62851567298338,53.99654613787528,54.2027702331543,14006300
2017-02-09,54.20278331535938,54.58196309782744,54.20278331535938,54.4422607421875,9603000
2017-02-10,54.72165573589971,55.060918355709255,54.6351728492415,54.89461135864258,8739800
2017-02-13,55.06092353782852,55.33366947482531,54.781528974529806,55.21392822265625,9071600
2017-02-14,55.15406185578257,55.28045173819867,54.58861393465893,55.09418869018555,11370500
2017-02-15,54.97442932153181,55.333652970896196,54.85468810507701,55.320350646972656,11768500
2017-02-16,55.29373949052064,55.49330479591503,54.66177000189106,54.748252868652344,10615000
2017-02-17,54.60854795981049,54.675074800396864,54.17615394771126,54.3890266418457,15646000
2017-02-21,54.62853341320708,54.64848944416621,54.083046574077756,54.475528717041016,16419600
2017-02-22,54.315867593793854,54.34912594885364,53.7969905622217,53.8369026184082,12917400
2017-02-23,54.16284607798376,54.695030346329794,53.90340764286853,54.40232849121094,13847000
2017-02-24,54.28258460061761,54.41563319876825,53.72379571424015,53.936668395996094,11338700
2017-02-27,53.96994892288182,54.35578240318409,53.757076153626635,54.24269485473633,13465900
2017-02-28,54.236033624369234,54.542037870489416,53.91672705245533,54.096336364746094,16834200
2017-03-01,54.3491217473971,55.43344655931785,54.3491217473971,55.22722244262695,17482100
2017-03-02,55.08088769562808,56.045466392747294,55.07423399367009,55.41350173950195,14170300
2017-03-03,55.41349231901299,55.61305766623798,54.721654616335684,54.854698181152344,12190400
2017-03-06,54.841399187659526,55.14740346556397,54.76822369997727,55.10083770751953,9617200
2017-03-07,55.28709851086906,55.40683975176854,54.64182655020446,54.89461135864258,12711500
2017-03-08,54.781516300928715,54.801472325792226,53.89011335511799,53.90341567993164,16817700
2017-03-09,53.64399372363092,54.362441291650676,53.424467231965835,54.32917785644531,14721800
2017-03-10,54.84139364969637,54.861349676087805,53.989902688418894,54.28925323486328,11355200
2017-03-13,54.216076508342205,54.508778422785625,53.91672596877878,54.16285705566406,9571400
2017-03-14,53.88346949716363,54.03647417454112,53.51094343090472,53.87681579589844,11335700
2017-03-15,54.116287837634445,54.58859903051052,53.916722515801666,54.54868698120117,11970300
2017-03-16,54.56865089163688,54.681738431213134,54.32916841060082,54.59526062011719,9923800
2017-03-17,54.56864300585585,54.72164765368507,54.428945757987094,54.54868698120117,18834100
2017-03-20,54.362423984042834,54.57529670583608,54.1761609868845,54.54868698120117,7700300
2017-03-21,54.655142026177636,54.78153191142452,54.28261084652031,54.43561553955078,13387700
2017-03-22,54.52207017244772,54.60854795981049,54.169500248595554,54.3890266418457,11168400
2017-03-23,54.30254270783323,54.69502974335071,54.189455201524154,54.45554733276367,8928000
2017-03-24,54.56866322871141,54.56866322871141,53.983264295655765,54.03648376464844,9128500
2017-03-27,53.76372213679473,54.169511587946104,53.74376611055556,54.04977035522461,8481200
2017-03-28,54.096344392069376,54.562001993245154,53.85686188995406,54.4422607421875,11028600
2017-03-29,54.34247888403962,54.73496098191297,54.249347366737915,54.5620002746582,8495500
2017-03-30,54.56866237988856,55.79268477124059,54.508794284668994,55.67959213256836,44704900
2017-03-31,55.38686304399828,55.42012138582166,54.45554319310073,54.555328369140625,21750400
2017-04-03,54.56199719069511,54.75491391571231,54.11629565804508,54.59526062011719,11438700
2017-04-04,54.615223530603615,54.8280963099869,54.10300014984263,54.794837951660156,9270900
2017-04-05,55.11414459951508,55.579807293814866,54.86135975994941,54.90127182006836,13809100
2017-04-06,55.04761654035413,55.353620808764575,54.85469981293055,55.220577239990234,9554900
2017-04-07,55.37357446479743,55.453403647814895,55.0010484279558,55.05426788330078,8909600
2017-04-10,55.29373589776982,55.5265646099112,55.16068729419955,55.300384521484375,8885300
2017-04-11,55.2671412780651,55.32700935956591,54.82808837924577,55.10748291015625,8576500
2017-04-12,55.12078280929407,55.4467430509898,55.01434391184225,55.1939582824707,9516100
2017-04-13,55.02764059181396,55.03429429043,54.262627660089485,54.34245681762695,8667900
2017-04-17,54.44891552537225,54.5287447194256,54.17617466077606,54.26930618286133,9577200
2017-04-18,54.09633063726867,54.42894457504708,53.903413944322885,53.91672134399414,8821400
2017-04-19,53.99655999220766,54.2227401699981,53.417814832692365,53.54420471191406,10764400
2017-04-20,53.85021957643115,54.37575045191629,53.68391253008604,53.89013671875,11649100
2017-04-21,53.83690703627864,53.88347279741306,53.530902738068555,53.67725372314453,9816700
2017-04-24,54.069741158089165,54.14957036014869,53.757083127465805,53.9566535949707,8729700
2017-04-25,54.169516787118944,54.502130790459894,54.06973157105927,54.36908721923828,10733800
2017-04-26,54.229375490410945,54.76821353380448,54.142897691605434,54.14955139160156,9445900
2017-04-27,53.93003586761196,54.083040546726224,53.84355805133081,54.05643081665039,12385300
2017-04-28,54.85470915020832,54.87466518139268,54.25600283823933,54.31587600708008,12072200
2017-05-01,54.22272406766369,54.68838153764273,54.20276804399113,54.58859634399414,8664100
2017-05-02,54.64182303500963,54.941173580357244,54.48216974917667,54.58195495605469,9102900
2017-05-03,54.528725973845134,55.26047557093856,54.48881392818285,55.014339447021484,10289000
2017-05-04,54.741603241680096,54.78816899059824,54.14955083031259,54.3092041015625,16164500
2017-05-05,54.302561751419574,54.70835125192862,54.28925942407092,54.5620002746582,10213000
2017-05-08,54.548698345574664,55.174014316554825,54.548698345574664,55.140750885009766,8097100
2017-05-09,55.18732406597235,55.21393379972964,54.65514461668978,54.75492477416992,8647100
2017-05-10,55.14438864076386,55.312266096914634,54.82877820348626,55.00337219238281,9520300
2017-05-11,55.45997849831079,55.54056149916176,55.13094021045693,55.473411560058594,10047300
2017-05-12,55.325695766591814,55.54057871224543,55.2316847980692,55.43313980102539,7480200
2017-05-15,55.73532074139283,55.85619272624248,55.500293305077925,55.60102081298828,10881500
2017-05-16,55.66816722233191,55.88976670094101,55.36598471789763,55.43313980102539,9574200
2017-05-17,55.43314359703004,55.76218200939138,55.03695009694223,55.05709457397461,11151100
2017-05-18,54.90935918692868,55.16453621346348,54.67433175976269,54.895931243896484,9905800
2017-05-19,55.063828317112765,55.12426176709786,54.85566182509898,55.016822814941406,13028500
2017-05-22,55.13767294667941,55.285405930053294,55.01680097148381,55.258544921875,9218700
2017-05-23,55.27869882534935,55.661459291548795,55.224976799830124,55.45329284667969,6857200
2017-05-24,55.345839356044365,55.42642238057925,55.0705229878404,55.258544921875,8136000
2017-05-25,55.28540819360795,55.54058009692908,54.741481721351015,54.895931243896484,12370900
2017-05-26,54.801919964046,54.92950847659403,54.27814309411103,54.76163101196289,8227100
2017-05-30,54.58032939666792,54.62061835533209,54.41916843879677,54.45945739746094,8973600
2017-05-31,54.352026585937814,54.3587379979081,54.03641603401607,54.05656051635742,13572300
2017-06-01,53.96925112183344,54.32515053998239,53.848379138007964,54.19084548950195,9884100
2017-06-02,54.11699526038741,54.17743383207521,53.22389074148641,53.38505172729492,21687300
2017-06-05,53.34474939472301,53.982681765975265,53.3178883832831,53.80137634277344,11527100
2017-06-06,53.92225754578991,54.60719552328683,53.86853551373114,54.533329010009766,12208600
2017-06-07,54.42587054940161,54.66089795134801,53.949094089893464,54.33185958862305,13096500
2017-06-08,54.33185774054829,54.446013171437436,54.04981974459288,54.13711929321289,11720700
2017-06-09,54.49303093664514,55.15782432177406,54.184136988774995,55.15110778808594,13553900
2017-06-12,55.15108370725594,56.1986422069966,55.15108370725594,55.68829345703125,18172900
2017-06-13,55.63459145155656,55.91662436610119,55.44656950852681,55.708457946777344,12175500
2017-06-14,55.60774054225465,55.61445707664386,54.76835305611645,55.11082458496094,13714000
2017-06-15,54.916087705930686,55.33242575578935,54.78178775344197,55.2384147644043,11862600
2017-06-16,55.473419591319555,56.09792384949537,55.1980981409609,56.06434631347656,39726100
2017-06-19,56.06437628772353,56.06437628772353,55.43316028344091,55.57417678833008,10445700
2017-06-20,55.11082314172383,55.37942815489678,54.66762922472079,55.2719841003418,13232600
2017-06-21,55.090675780582636,55.48686418379744,54.48631581336035,54.68777084350586,11422300
2017-06-22,54.694465912904434,54.78176545738469,54.32513863226847,54.44601058959961,8139900
2017-06-23,54.291565341647214,54.85563622770545,54.23113191986228,54.80191421508789,10611200
2017-06-26,54.775077800091715,54.89594982114028,54.331883805057274,54.5534782409668,7718700
2017-06-27,54.694470691455486,54.88249773734136,54.46615982055665,54.46615982055664,9221600
2017-06-28,54.66762536557439,54.902652814304005,54.519892362597446,54.74820327758789,9189700
2017-06-29,54.640761004594125,54.95636634599203,53.99611213192952,54.19084548950195,20525100
2017-06-30,54.44602981565374,54.55346874721334,54.190852747172485,54.211002349853516,14000600
2017-07-03,54.25129354023673,55.392858491486386,54.204288045143265,55.1309700012207,8422300
2017-07-05,54.84892314483391,54.84892314483391,54.06996928252925,54.291568756103516,9830800
2017-07-06,54.29829224637669,54.446025247689185,53.78122674178293,53.80137634277344,9822400
2017-07-07,53.85509339137609,54.123698383304,53.593204933130245,53.868526458740234,10777800
2017-07-10,53.72080300515898,53.996124579703626,53.6939419888706,53.8282470703125,6338300
2017-07-11,53.94240136567013,54.22443434569848,53.74766284425583,54.12370681762695,9681100
2017-07-12,54.519905200526125,54.74149963395676,54.22443912499815,54.365455627441406,7974000
2017-07-13,54.372161865234375,54.45273978096112,54.2110009105665,54.372161865234375,5582300
2017-07-14,54.39231552502963,54.66763711213915,54.23786595512657,54.58033752441406,7497200
2017-07-17,54.39228976376051,54.68103916126207,54.278134335802704,54.29827880859375,7914700
2017-07-18,54.40573979765529,54.44603388281284,53.996123397070264,54.12370681762695,8046100
2017-07-19,54.01625238974647,54.30500182170928,53.902091824951185,54.291568756103516,9393200
2017-07-20,54.37214529096946,54.72132810684416,54.22441232621804,54.29827880859375,9681000
2017-07-21,54.15727577872769,54.28485917904969,53.72079330845368,53.80137634277344,12268600
2017-07-24,53.76106725141353,53.86851126716983,53.559617406689455,53.63348388671875,9403000
2017-07-25,54.23785841147907,54.42588550792707,53.90210342407227,53.902103424072266,11465300
2017-07-26,54.110262357622275,54.325145294428374,53.85508534795587,53.96924591064453,10465100
2017-07-27,53.881958916812636,54.311724890615,53.653647984636486,54.27815246582031,11149700
2017-07-28,53.48576412848757,53.6670695458119,52.55907719510077,53.452186584472656,22800800
2017-07-31,53.60664129916252,53.98268523707289,53.45219175425538,53.747657775878906,12820200
2017-08-01,53.828230454424535,54.08340234557428,53.70064194724295,53.83494186401367,10421200
2017-08-02,53.65365185091305,54.15056783332702,53.586501873270336,54.12370681762695,10410100
2017-08-03,53.94910768651132,54.27143472128222,53.92225179656029,54.049835205078125,10136700
2017-08-04,54.016277437145945,54.09685537529089,53.75438889174327,53.8618278503418,8292200
2017-08-07,53.83495848197334,53.83495848197334,53.62679200975715,53.8282470703125,7893800
2017-08-08,53.73422435216396,53.868529417110786,53.60664094448246,53.69393539428711,9028400
2017-08-09,53.888688870795384,53.955838860321435,53.57307828448554,53.8618278503418,8087100
2017-08-10,54.078768127862084,54.09232622458676,53.50245331893668,53.54313278198242,12580300
2017-08-11,53.70584287804266,53.7329642378346,53.02104276868987,53.02782440185547,10192400
2017-08-14,53.30583160103327,53.421093537559685,52.966822253928214,53.041404724121094,8862500
2017-08-15,52.966825137440026,53.05496571025175,52.668495240427426,52.91258239746094,10350900
2017-08-16,52.91258591298195,53.00072649164975,52.4176299303145,52.52611541748047,9117100
2017-08-17,52.38373398000773,52.39729207995493,51.67181217026597,51.70571517944336,13400400
2017-08-18,51.65146043361859,52.28201797855964,51.56331987225735,51.963348388671875,14324300
2017-08-21,51.84810706413569,51.949810935580736,51.583680102102825,51.78708267211914,10084900
2017-08-22,51.90232698403373,52.431180675428635,51.888763714942236,52.03114700317383,9503600
2017-08-23,52.0040428941856,52.21423225187804,51.84810145798852,51.943023681640625,7054300
2017-08-24,51.86842813086535,51.97013196569633,51.66502046120338,51.75316619873047,8678300
2017-08-25,51.90912694691406,52.29559752504708,51.820986349400854,52.01761245727539,6844900
2017-08-28,52.13964321128753,52.166764582189174,51.70571162260633,51.84809494018555,8229700
2017-08-29,51.67182964612718,51.86167414683259,51.58368903447815,51.83455276489258,7060400
2017-08-30,51.692155042611304,51.83453837862299,51.57011144419083,51.597232818603516,8218000
2017-08-31,51.71248156107492,51.861646495777435,51.56332179924432,51.75316619873047,15641700
2017-09-01,51.78028807413339,52.105734141338594,51.74638507123319,51.915889739990234,7361100
2017-09-05,51.96334474055086,52.45151895692575,51.94300501034713,52.32947540283203,12784800
2017-09-06,52.81086293284622,53.71262882000321,52.6006788436859,53.41429901123047,18574400
2017-09-07,53.57704252140897,53.787231863908296,53.29905750734228,53.583824157714844,9836400
2017-09-08,53.570246687654894,53.59058641634508,53.31259632992323,53.44142150878906,8436000
2017-09-11,53.84147193420925,53.84824839730568,53.49568092000556,53.73298645019531,12955800
2017-09-12,53.83470311007717,54.031329216992,53.72621760024534,53.902503967285156,7644400
2017-09-13,53.902481829616306,54.08554458618165,53.82111773065854,54.08554458618164,8369700
2017-09-14,54.13978248265586,54.397432853237696,54.085539754862715,54.30250549316406,9072600
2017-09-15,54.3228777771402,54.383896997010744,53.936407199338525,54.28897476196289,16043700
2017-09-18,54.09910302324662,54.33640849125259,54.03807866126152,54.30250549316406,8594400
2017-09-19,54.282177667595384,54.505925089156726,54.23471656358593,54.390663146972656,9277100
2017-09-20,54.43133484390246,54.68898523420141,54.417776747352235,54.614402770996094,10606900
2017-09-21,54.57372609673751,54.60084746666602,54.07877532094133,54.16691589355469,11984200
2017-09-22,54.0516541820253,54.4449062883608,54.01775117625168,54.187255859375,10205800
2017-09-25,54.26183917344835,54.919518181803625,54.22794134002258,54.90596008300781,10496600
2017-09-26,54.72289278871846,54.919518847311565,54.62118894146374,54.84493637084961,8755100
2017-09-27,54.84491371636552,55.22460240488318,54.777112903826,55.21104431152344,9724500
2017-09-28,55.34666631982212,55.90264146399489,55.29920521627831,55.72636032104492,15581700
2017-09-29,55.556851563320514,55.63821049321164,55.31276442790325,55.5839729309082,9944000
2017-10-02,55.122922189862095,55.47548963658766,55.08901918582965,55.34666442871094,6777900
2017-10-03,55.19750132844471,55.57719012090193,55.12291886237321,55.43480682373047,6082000
2017-10-04,55.46192079422338,55.509381886951026,55.22461015771405,55.45513916015625,6357100
2017-10-05,55.40768530632449,55.7602527308104,55.31953957054915,55.611087799072266,7375900
2017-10-06,55.4415850745289,55.52294917819698,55.163600106188966,55.40090560913086,6070600
2017-10-09,55.48903371139847,55.71956270024155,55.43479616067437,55.61785888671875,7489900
2017-10-10,55.82806417043722,56.09927271850907,55.65855947450142,55.773826599121094,7218500
2017-10-11,55.706027811276236,56.099274788977624,55.69246453829202,56.00435256958008,7023700
2017-10-12,55.80772737113452,55.936552602143685,55.71280515024557,55.88909149169922,6647500
2017-10-13,56.09249987550367,56.32980543055559,55.84163104709271,55.87553405761719,7180000
2017-10-16,56.072149852268076,56.24165454368711,55.96366953965368,56.146732330322266,5734000
2017-10-17,56.02468094173047,56.25520997984303,55.96366174429806,56.24842834472656,6444100
2017-10-18,56.24844426328812,56.539992581342574,55.963677582269376,56.11284255981445,6367100
2017-10-19,55.83483537512136,56.309451538793304,55.821277278043574,56.09926223754883,7945500
2017-10-20,56.17385329172635,56.36369771707052,56.01791187356762,56.35013961791992,9574100
2017-10-23,56.377262805486865,56.790854676685974,56.30268032557405,56.43828201293945,9829900
2017-10-24,56.64845812449488,56.82473924233003,56.485729930209466,56.594215393066406,7551200
2017-10-25,56.58067163153731,56.7705212569929,56.24166220253379,56.39082717895508,9153300
2017-10-26,56.52641456521661,56.716258952344674,56.35012827450988,56.594215393066406,9154500
2017-10-27,56.2755576744774,57.1162994973544,55.60432054339099,56.75695037841797,14866200
2017-10-30,56.756947428777885,56.91967047603584,56.553544912923535,56.641685485839844,7811100
2017-10-31,56.71627468672784,56.73661442343833,56.39082338074102,56.51286697387695,9754200
2017-11-01,56.53998526570523,56.91289766131727,56.451844687139086,56.86543655395508,9430000
2017-11-02,56.6823564218825,56.75693888499704,56.21452708483048,56.63489532470703,7775500
2017-11-03,56.56033661649587,56.70950160537309,56.38405542316261,56.397613525390625,6903500
2017-11-06,56.47896269965124,56.865433171720575,56.316234478768685,56.7840690612793,9276700
2017-11-07,56.77730740276981,56.831550162149455,56.295914552242515,56.668827056884766,8471800
2017-11-08,56.51963293057016,56.61455512413419,56.180623618449594,56.594215393066406,8691600
2017-11-09,56.47896384821803,57.04849711427184,56.329798895811784,56.93323516845703,10528800
2017-11-10,56.803210399404115,56.85111074021447,56.399474480506285,56.75531005859375,8693700
2017-11-13,56.55689366233072,56.85797943771492,56.52267687795265,56.72112274169922,6720400
2017-11-14,56.39947539039536,56.62529352389256,56.17365725689815,56.276302337646484,9251700
2017-11-15,55.94102198939776,56.173679391406985,55.530446725368236,55.571502685546875,9663600
2017-11-16,55.044578021408974,55.325135678374224,54.846132253923415,55.12668991088867,10527200
2017-11-17,54.96248631208145,55.19514895487237,54.85300200192845,54.90774154663086,9536400
2017-11-20,54.90088022066384,55.181437894117806,54.75033478677563,55.11985397338867,8468600
2017-11-21,55.215671200223454,55.59887407706923,55.18145442018466,55.338844299316406,8838400
2017-11-22,55.53728080830807,55.708354238268484,55.46200808146574,55.496219635009766,7941600
2017-11-24,55.728864422306785,55.90677697372682,55.57831901668591,55.71517562866211,3851300
2017-11-27,55.64676042985327,55.70150517583651,55.44147024278931,55.50305938720703,9127500
2017-11-28,55.708363606975716,56.112094463620956,55.63993004688538,55.88627624511719,9794600
2017-11-29,55.87257055515099,56.32420159268737,55.756241902228275,56.29682922363281,9725000
2017-11-30,56.42002535608644,57.070107640410946,56.39265819658123,56.994834899902344,18592700
2017-12-01,57.09746144423054,57.569620492922134,56.392639849458824,57.11114501953125,13779300
2017-12-04,56.94007050937552,57.603836144620225,56.79636947814923,57.18641662597656,12597700
2017-12-05,57.076958504537316,57.32329951321591,56.59794962698577,56.72112274169922,9357200
2017-12-06,56.693727589744036,56.93322932196007,56.25578007347867,56.303680419921875,13398900
2017-12-07,56.38579257046608,56.53633799481197,56.22840274844653,56.48843765258789,11359600
2017-12-08,56.447379190689844,56.72794208054324,56.289994581878524,56.56371307373047,11988600
2017-12-11,56.82374274394563,56.96744377743522,56.61845256996278,56.816898345947266,8760700
2017-12-12,56.72111650732552,57.05641903023376,56.591099005877375,56.63216018676758,11307000
2017-12-13,56.52949163977167,57.001655868735604,56.440535356077326,56.878482818603516,10172700
2017-12-14,56.81689589286689,57.022186057986296,56.72109520801004,56.72793960571289,9492400
2017-12-15,56.905859857687965,56.98797175068431,56.707414081703476,56.816898345947266,26582300
2017-12-18,56.91953905269419,57.25484143836671,56.7347820869244,56.75531005859375,9363500
2017-12-19,56.81689676412376,56.91269745044967,56.33789333249424,56.41316604614258,10285100
2017-12-20,56.522654325698696,56.89217352240274,56.46790958083597,56.70741653442383,10620300
2017-12-21,57.035870624883046,57.66541948510751,56.768996538032546,57.37801742553711,13578100
2017-12-22,57.39855108326584,57.49435177927784,57.206949691241846,57.460140228271484,10161400
2017-12-26,57.45329881215306,57.72701733814442,57.41224286051568,57.46698760986328,4777200
2017-12-27,57.47382681689135,57.54909954209552,57.302753390654004,57.4122428894043,7000600
2017-12-28,57.46697946860226,57.51487981230878,57.34380641039322,57.494346618652344,7495300
2017-12-29,57.480675392976764,57.61753205561361,57.23432922363281,57.23432922363281,8523400
2018-01-02,57.35748742334991,58.30181068027383,57.24800316580231,58.185482025146484,11469300
2018-01-03,58.27444712033573,59.51301690051927,58.04178457500661,59.32825469970703,13957700
2018-01-04,59.389853340597085,59.68409985276912,59.14350718060437,59.41038131713867,10863000
2018-01-05,59.36247253417969,59.451428826808424,58.65080653091152,59.36247253417969,11047600
2018-01-08,59.32824648935475,59.63618170784509,59.25981818104976,59.629337310791016,10927100
2018-01-09,59.492482093551615,59.63618311059577,59.294036340277664,59.37614822387695,8131600
2018-01-10,59.53355595187596,59.66357343436391,58.83557862749987,58.90400695800781,10822300
2018-01-11,59.09559434535322,59.78673232715937,58.801347895336406,59.48564147949219,14366000
2018-01-12,59.67041523837756,60.21100794844606,59.656731659972685,59.88938903808594,9834500
2018-01-16,60.039927223485854,60.05361602097794,59.259832830326836,59.513023376464844,10882800
2018-01-17,59.67040508555179,60.36154314421384,59.48564809441251,60.21784210205078,10546000
2018-01-18,60.06046960051159,60.34787698854892,59.76622303283486,59.82781219482422,9223700
2018-01-19,59.923609732581774,60.05362722929005,59.26668829051198,59.636207580566406,13090000
2018-01-22,59.649877603474486,60.41628838875054,59.56776570484422,60.388916015625,10270400
2018-01-23,60.38890564029108,60.53260665895132,60.039914468833075,60.42312240600586,10281800
2018-01-24,60.55314825530096,60.847394756122654,60.22469020181191,60.58052062988281,10316100
2018-01-25,60.59421954356232,60.813193356027554,60.354712531172765,60.471046447753906,11271900
2018-01-26,60.65580301073293,60.90214920043945,60.53947431580137,60.90214920043945,10514400
2018-01-29,60.6215681788072,61.107421234359265,60.18362068769331,60.22468185424805,9315700
2018-01-30,59.903087121037004,60.47789147657464,59.38302230834961,59.38302230834961,12408000
2018-01-31,59.23244578485803,59.855155397845586,59.0750611979074,59.738826751708984,14404700
2018-02-01,59.875705517704574,61.073219628058666,59.773060406953356,60.95004653930664,17971000
2018-02-02,58.2539169762828,58.85609873401832,56.7963733704613,57.84334182739258,29822100
2018-02-05,56.98797906717894,57.473826972519,53.463865432997586,54.55189514160156,30452700
2018-02-06,53.72389989845017,54.9829978016552,52.62218662277245,53.614410400390625,36262800
2018-02-07,53.676003461474245,54.33976923479874,52.635874037064625,52.64956283569336,21994500
2018-02-08,52.99169859863142,53.08749928595521,52.02684210676856,52.05421447753906,25650800
2018-02-09,52.71093204764576,52.86993127804651,51.08639945903634,52.386024475097656,29491600
2018-02-12,53.263969737338094,53.65800536735637,52.42750304769885,52.828453063964844,19340400
2018-02-13,52.60723731044758,53.05657745774986,52.35146304863588,52.74549865722656,11926600
2018-02-14,52.39295725530727,52.994382458672504,51.964354840642436,52.85612106323242,17188400
2018-02-15,52.96673576796443,53.02203505784199,52.15792102316964,52.68330383300781,14432400
2018-02-16,52.641819615785586,53.31237284315476,52.43443017102697,52.91142272949219,13722400
2018-02-20,52.86302964550538,53.554320724381334,52.1648241790836,52.365299224853516,13387300
2018-02-21,52.413687172528284,52.842289521990935,51.7569627850258,51.77078628540039,11715000
2018-02-22,52.05421251258242,53.11879597254865,51.97817008342318,52.44133377075195,14020200
2018-02-23,52.600333870302315,53.65801361526498,52.50355354448333,53.595794677734375,13378800
2018-02-26,53.74099195290492,54.563630406531054,53.616559289954196,54.50141143798828,16940400
2018-02-27,54.61198292393838,55.21340792571202,53.57504653930664,53.57504653930664,14629500
2018-02-28,54.03131154493671,54.09352520848122,52.33073090353598,52.35838317871094,17087800
2018-03-01,52.21321184459354,53.00819760207749,51.75004810970651,51.985084533691406,15696700
2018-03-02,51.77078850792443,52.44825608627078,51.487361907954366,52.22704315185547,15630300
2018-03-05,52.005835256076914,52.925248472302705,51.92979280805429,52.72477340698242,14891000
2018-03-06,53.00130988891721,53.21561380737477,52.44136554774619,52.66257858276367,10754300
2018-03-07,51.84683919001846,52.012747598669215,50.85137818984747,51.33528518676758,27255500
2018-03-08,51.501187409399655,51.68783368744625,50.941243301127265,51.23849868774414,19299800
2018-03-09,51.72239691192609,51.88830528961298,51.30070894328389,51.542659759521484,19714100
2018-03-12,51.756966756320516,52.24778280632723,51.63253414687286,52.01274108886719,14226700
2018-03-13,52.07495803579699,52.41368918637701,51.328362407711246,51.52192306518555,13739700
2018-03-14,51.59795628519372,51.70165098292017,50.83062290580195,50.87901306152344,14820700
2018-03-15,51.39749834749303,51.846838670799926,51.224675551923696,51.44588851928711,15640600
2018-03-16,51.40440399616772,51.929786682128906,51.40440399616772,51.929786682128906,32109700
2018-03-19,51.8468278953706,51.85374228251363,51.058756533291536,51.25923156738281,12744800
2018-03-20,51.3076275122822,51.639444294699494,51.1209759573064,51.14862823486328,13003200
2018-03-21,51.31452958945016,52.2892470873579,51.14170685178065,51.874473571777344,15418500
2018-03-22,51.445881091850985,51.63944175108225,50.73385212076495,50.80989456176758,17737000
2018-03-23,51.02419301078518,51.3007104980653,50.23612160022291,50.388206481933594,20157300
2018-03-26,50.91358964055119,51.25923518424246,50.2914266070804,51.155540466308594,15032700
2018-03-27,51.1555438992481,51.770792586376,50.65781343906984,50.94815444946289,15821900
2018-03-28,50.975801905534624,51.16245344751113,50.312163112786344,50.33290100097656,18163900
2018-03-29,50.692373047278316,51.77078537809034,50.643982885617056,51.57722473144531,14882900
2018-04-02,51.34219707530244,51.43206831019947,49.88357743948326,50.6163444519043,17891100
2018-04-03,50.7753299068249,51.94361357014771,50.533379073213474,51.86065673828125,15999200
2018-04-04,51.19009206456179,51.88829205995538,50.7684042034349,51.75695037841797,13122200
2018-04-05,51.88830970599898,52.75933799272268,51.860657428342215,52.55194854736328,14200000
2018-04-06,52.28924203842536,52.62106398332866,51.30761024903823,51.75695037841797,14299600
2018-04-09,51.99890113296678,52.39293672584082,51.7085602275082,51.75695037841797,11103100
2018-04-10,52.59342861018736,53.76170699291533,52.579599834553136,53.27780532836914,19006100
2018-04-11,53.30545941282668,53.94836037416851,53.056594184298696,53.52667236328125,13734000
2018-04-12,53.82392228535236,54.01748293804602,53.23632593992311,53.38149642944336,13270400
2018-04-13,53.78244973793446,54.05205284524589,53.644188353330826,53.810096740722656,10925000
2018-04-16,54.0036653368986,54.66730419325871,53.720233440111755,54.29400634765625,10743600
2018-04-17,54.29400090464374,54.44608578287955,53.948355371974095,54.14883041381836,10478100
2018-04-18,54.63965505465105,55.13738554405465,54.57052699204124,54.76408767700195,12061400
2018-04-19,54.83319663798522,55.178842104758736,54.48063678511948,54.90232467651367,11291500
2018-04-20,54.83320863318336,54.888513185756935,54.14883193601574,54.611995697021484,12072200
2018-04-23,54.55669456298983,55.026772741055645,54.43917633700657,55.00603485107422,11729800
2018-04-24,55.165006791967855,55.25487269539505,53.89994338872502,54.16263198852539,14102000
2018-04-25,54.058961075783344,55.040598430969524,53.56814503525648,54.9576416015625,13867500
2018-04-26,55.02676840140321,55.92544890669809,54.97837823721856,55.897796630859375,14554400
2018-04-27,53.194855860915986,54.370054068280545,52.86995342639047,53.775543212890625,16346800
2018-04-30,53.85848430513144,54.307819235521904,53.74096082687083,53.74787521362305,15028800
2018-05-01,53.409166250864956,53.409166250864956,52.52431424835236,53.194862365722656,16231000
2018-05-02,52.849188521391824,53.38839986719128,52.74549910309495,53.09114456176758,13883700
2018-05-03,52.80772800711288,52.95981289671818,52.12335127802171,52.91142272949219,12243100
2018-05-04,52.62797375015118,53.38148356556456,52.49663206697821,53.16027069091797,9887200
2018-05-07,53.74095916748046,54.667291820799136,53.50592276648015,53.74095916748047,15071500
2018-05-08,53.78245561518873,54.031320860538315,52.79390902230932,53.98292541503906,17430400
2018-05-09,54.5981698637632,55.469192795995035,54.57742670183484,55.2548942565918,17142100
2018-05-10,55.745713916065384,56.54069973637671,55.64893358393697,56.4923095703125,17710300
2018-05-11,56.687846418474834,57.23950261952825,56.499308254171865,56.75767517089844,14751000
2018-05-14,57.05095291380826,57.48389965582701,56.98810864174952,57.1417350769043,11852100
2018-05-15,57.155673323419315,57.281367139333014,56.841441447429744,57.11377716064453,12595700
2018-05-16,57.09284135954575,57.29534840249737,56.680842802481294,57.27439498901367,9570000
2018-05-17,57.40009470860698,57.455959828435304,56.86939205301112,57.176639556884766,11224100
2018-05-18,56.946200006461076,57.12077449412332,56.743692961462,56.77162551879883,10030900
2018-05-21,57.07188724413219,57.504828513760025,56.92524000319185,57.45594787597656,8822400
2018-05-22,57.56767358628557,57.71431548815758,56.806526197419025,57.009033203125,10753400
2018-05-23,56.527238979186095,57.4210651791457,56.26188757257486,57.36520004272461,15140900
2018-05-24,56.80654274685437,56.813527218765785,55.828924455308844,56.0523796081543,13360500
2018-05-25,55.36104986575781,55.39596688750892,54.530073761905136,54.96302032470703,14562000
2018-05-29,54.57197523998763,54.97698925080607,54.13902867729313,54.76051330566406,14644800
2018-05-30,55.34011865393516,57.02301945668028,55.31917056553437,56.91128921508789,16627500
2018-05-31,56.42948310911542,56.946227679573745,56.34569072397645,56.72975158691406,15803100
2018-06-01,57.169667640349864,57.50484774651325,56.94621246037703,57.1417350769043,9906100
2018-06-04,57.29536196670839,57.630542075531494,56.429468475799865,56.54119873046875,10954700
2018-06-05,56.27582686942958,57.0160262880996,56.150138358195974,56.33867645263672,12059300
2018-06-06,56.89731745357686,57.32327428779455,56.47135529176879,57.30232620239258,11603300
2018-06-07,57.770187098753084,58.16123221445589,57.651472407837474,57.87492752075195,13502500
2018-06-08,58.0355439261227,58.41960993545222,57.609581743990184,58.377708435058594,14350400
2018-06-11,58.46150730072197,58.51038794585271,57.909851261337465,58.028560638427734,10831600
2018-06-12,58.03554972735215,58.482460040559275,57.483893644076524,57.5537223815918,12351800
2018-06-13,57.567687448663186,57.67941235564509,56.890337552440805,56.918270111083984,12049300
2018-06-14,57.218552750594114,57.469940513590295,56.91129985635608,57.18363571166992,11477300
2018-06-15,57.064908775671825,57.13473750447978,56.21996890363734,56.32471466064453,23797500
2018-06-18,56.14315945173036,56.827488498360175,56.07333071826071,56.43644332885742,9192600
2018-06-19,55.787029981232635,56.534208670819694,55.661336120947375,56.3526496887207,8759700
2018-06-20,56.45739799175593,56.65292059927991,56.052383831832564,56.178077697753906,8917700
2018-06-21,55.87781516752618,56.129202925703055,55.39599307068055,55.64738082885742,10990700
2018-06-22,56.67386686445413,57.21853843884621,56.506271512648254,56.82748794555664,16012200
2018-06-25,56.40852365287776,56.729740162272265,55.37504537527668,55.68229293823242,10557200
2018-06-26,55.96859211624981,56.569128890599735,55.84289824888375,56.31075668334961,10382800
2018-06-27,56.6040427874919,57.595630147331306,56.6040427874919,57.05793762207031,12725900
2018-06-28,57.07188525904285,57.30930396927887,56.58307357062025,57.23947525024414,9390700
2018-06-29,57.57465949154325,58.335806969817504,57.462934598341164,57.77018737792969,17323200
2018-07-02,57.18362273872789,57.35121276684105,56.78559309221481,57.09284591674805,9998300
2018-07-03,57.66544837516118,58.27296420713531,57.31629938571737,57.42802429199219,7197300
2018-07-05,57.672447545809376,57.798141438759906,57.2953711945504,57.476924896240234,9035700
2018-07-06,57.23250686544433,57.749245924640185,57.023020649463376,57.49087905883789,7637100
2018-07-09,57.826054981939365,58.049510126156896,57.6514804840322,57.8889045715332,7158600
2018-07-10,58.447555382156295,58.74084466595968,58.31488235106593,58.41962814331055,8806200
2018-07-11,57.97969628998472,58.32884537551044,57.2813981189333,57.67244338989258,10405300
2018-07-12,57.96571511319744,58.126320660441046,57.47690334496458,57.74225997924805,9762200
2018-07-13,57.73527561859437,58.48245422363147,57.651477945356234,58.175201416015625,8720000
2018-07-16,57.62355581725417,57.812099284267966,57.26044315601487,57.60260772705078,8306900
2018-07-17,57.442013181727255,57.78417781847324,57.28838672061075,57.476924896240234,7373300
2018-07-18,57.120771027752546,57.483883595914705,56.90429505342661,57.41405487060547,8711900
2018-07-19,57.40007942840825,57.693368565636305,57.0648994538471,57.26740646362305,8659100
2018-07-20,57.06492399938805,57.2115659672829,56.736723026084,56.841468811035156,9196300
2018-07-23,57.22552958573349,57.26044662324785,56.68784237011905,56.841468811035156,8425900
2018-07-24,56.92524198811003,57.97268882935604,56.897314760622784,57.9657096862793,11121000
2018-07-25,57.965718746114455,58.47547330507652,57.61656974446171,58.3707275390625,9523600
2018-07-26,58.538316100740595,58.93634570331881,58.21709969581698,58.824615478515625,13210100
2018-07-27,56.54118603212902,57.52578337421119,56.42945580255314,57.204566955566406,18220800
2018-07-30,57.351204620815366,57.351204620815366,56.359622881233896,57.0788688659668,11282800
2018-07-31,57.00904693098121,57.36518039419324,56.86938946535612,56.918270111083984,11716800
2018-08-01,56.48531839403536,56.51325095018153,56.01746006566529,56.13616943359375,8936300
2018-08-02,55.7870297435546,56.045401935148874,55.47977690247938,55.80099868774414,8364300
2018-08-03,55.84289251909867,56.07333214022402,55.605468426171974,56.00349807739258,7811100
2018-08-06,56.03840548033737,56.16409931320995,55.68227206593337,55.989524841308594,10041800
2018-08-07,56.4992928268503,56.97413034471177,56.08030977152877,56.750675201416016,10698100
2018-08-08,56.57609790986142,56.72274516853536,56.10823955913015,56.37359619140625,7275000
2018-08-09,56.37359643726731,56.4992902826856,55.94064978580639,56.0872917175293,9828500
2018-08-10,56.09433584482478,56.101386973085326,55.63575952847872,56.03083801269531,12954300
2018-08-13,56.052009203963,56.263661494262024,55.332401105520724,55.42411422729492,10308500
2018-08-14,55.72749763944013,55.78393898608936,55.08549481457011,55.24775695800781,8005900
2018-08-15,54.87382585119278,54.95848784554806,53.9778426200671,54.28120803833008,16307800
2018-08-16,54.52106492999697,55.09957498835978,54.46462361148831,55.02902603149414,11519900
2018-08-17,55.268910776545034,55.37473693607648,54.887945214299116,55.21247482299805,10178400
2018-08-20,55.21247611548697,55.73454503017682,55.14897826526484,55.60049819946289,8152100
2018-08-21,55.76981591904558,56.14373031775031,55.5017222878674,55.61460494995117,9192200
2018-08-22,55.812148882344815,56.475321121060084,55.74865103398981,56.41182327270508,10098200
2018-08-23,56.129618521298916,56.17900334140524,55.66399098637382,55.79098129272461,7203900
2018-08-24,56.10139693848194,56.475316721796325,56.030847965560184,56.17195129394531,6545200
2018-08-27,56.37656188095343,56.771640539049066,56.34128469396217,56.72225570678711,6671900
2018-08-28,56.84923700950351,57.01855563855758,56.58114334908055,56.6375846862793,8823400
2018-08-29,56.75047066881554,57.17376995739706,56.51059766300911,57.04677963256836,8004800
2018-08-30,56.757501523563405,56.990317933002366,56.52469049666501,56.799835205078125,7450900
2018-08-31,56.609351854818364,56.764562807495814,56.277765798196704,56.559967041015625,10700000
2018-09-04,56.729300062632134,56.926839349343894,56.30599543963051,56.64463806152344,8855000
2018-09-05,56.36949454041666,57.44890951149755,56.15784222420621,57.3995246887207,13878400
2018-09-06,57.22314087471067,57.597055245107796,56.679902524006756,56.764564514160156,13320600
2018-09-07,56.545864777932806,57.8016547762213,56.31304832677823,57.73110580444336,16417800
2018-09-10,58.02036447787051,58.37311475744846,57.61117824429208,57.64645004272461,10817900
2018-09-11,57.822831100625876,58.69059924552143,57.59001460046577,58.45778274536133,11891900
2018-09-12,58.732912571706265,59.106826949694906,58.46482433792265,58.648250579833984,11556300
2018-09-13,58.66237186360112,58.73292084215837,57.858101666456015,58.076805114746094,11162700
2018-09-14,58.14735272976975,58.662370487990565,58.041526573144445,58.50010299682617,9442600
2018-09-17,58.55655968745552,58.986915556725826,58.549503173152125,58.84581756591797,8403300
2018-09-18,59.19150289043977,59.35376501825652,58.874024383008766,59.001014709472656,9219900
2018-09-19,59.0080570703142,59.805270639247325,59.0080570703142,59.70650100708008,10413600
2018-09-20,59.86878539959878,60.207422696300085,59.64302540761698,59.8405647277832,11198200
2018-09-21,59.97460896727504,60.27091793464926,59.62890978946257,60.087486267089844,26639400
2018-09-24,60.524886515975325,61.44203390576611,60.47550169792922,61.09634017944336,13549500
2018-09-25,61.39970555925079,61.63252200811867,60.93407804405651,61.02579116821289,12200700
2018-09-26,60.687129375087224,61.02577186473504,60.45431838240285,60.5178108215332,10275500
2018-09-27,60.73653263928664,60.94112842068519,60.383782405677,60.510772705078125,7895400
2018-09-28,60.1439187926209,60.62365935723614,59.960487151948136,59.981651306152344,9884900
2018-10-01,60.21447564668024,60.69421627407061,60.15098317575948,60.539005279541016,8566900
2018-10-02,60.53194252620039,61.14572449075231,60.40495222619975,60.9975700378418,8453100
2018-10-03,61.03284258022854,61.300930800966945,60.65892822043462,60.77886199951172,10206700
2018-10-04,60.32029435394506,60.72948594663565,60.14391922425516,60.37673568725586,10204600
2018-10-05,60.1862561917202,60.46140100301706,59.918167893737824,60.207420349121094,9217400
2018-10-08,59.819390931656116,60.89174937515914,59.72062128748644,60.7647590637207,13242400
2018-10-09,60.9411412773314,61.29389158536014,60.489621313658,61.032859802246094,10177900
2018-10-10,61.18806725789229,61.25155972604259,59.614798606814006,59.62890625,16573400
2018-10-11,59.21971400447655,59.381976106108276,57.265474594955194,57.56884002685547,20320100
2018-10-12,57.94277223838616,58.02037774824655,56.63054046762016,57.41364669799805,15216300
2018-10-15,57.41362559395885,57.667606190590696,57.01854705810547,57.01854705810547,10558800
2018-10-16,56.79984846774685,57.33602498841763,56.447098207154156,57.28664016723633,9781800
2018-10-17,57.10321624469915,57.512402473005075,56.679911608626334,57.498294830322266,12247700
2018-10-18,57.28663617163733,58.18262478527323,57.28663617163733,57.74521255493164,17448600
2018-10-19,57.61117251686252,58.17556967855229,57.505346367001444,57.82987594604492,12098700
2018-10-22,57.851047709052224,57.9780380290811,56.89156648717675,57.251373291015625,9474100
2018-10-23,56.48237851022939,56.7645798377129,55.53701025308366,56.32716751098633,15465100
2018-10-24,56.53177016799232,56.623488705466244,54.71158242005397,54.76096725463867,16085700
2018-10-25,55.374747296697045,55.76983134069859,54.84562178258242,55.24775695800781,12315500
2018-10-26,54.937329343941364,55.31830028391809,54.295321264755955,54.69745635986328,18160100
2018-10-29,55.07841463174709,55.33239519998244,53.7732400009792,54.35880661010742,15707000
2018-10-30,54.760941359468916,55.7556940950063,54.61983805413475,55.57931900024414,17758200
2018-10-31,55.974406209640215,56.68696321059093,55.66398965463066,56.21427917480469,16629100
2018-11-01,56.32011703503358,56.969176328013084,55.946202559350674,56.91273498535156,14159300
2018-11-02,57.68172013652038,58.16851180239871,56.60230527484302,57.81576156616211,19350400
2018-11-05,58.2038035905628,58.464840768623766,57.455974624418964,57.59707260131836,15815000
2018-11-06,57.667599970863975,57.9215805401028,57.392455251278705,57.84397506713867,9063200
2018-11-07,57.99919519127382,58.655310868545754,57.61117314759057,58.57770538330078,12699800
2018-11-08,58.6482595449159,59.08567182930773,57.52651623947821,57.64645004272461,16865500
2018-11-09,57.1974761730738,58.0098993750575,56.79126457208195,57.63219451904297,15070100
2018-11-12,58.195207668779446,58.24509312793155,56.8197880811775,56.89105224609375,11906600
2018-11-13,56.86964044177185,56.9052697849398,55.33030927736828,55.58686447143555,15530200
2018-11-14,56.1997642746942,56.363671269011235,54.69606739410284,55.152164459228516,18552100
2018-11-15,54.63904792073902,55.72228240966797,54.09743611337984,55.72228240966797,18976000
2018-11-16,55.85056435176665,56.43493903747771,55.658145180325576,56.271026611328125,13704900
2018-11-19,55.91471194800922,56.55610025618531,55.893333243921155,56.456329345703125,9430800
2018-11-20,55.886207252822565,56.22828284213652,54.42527290295541,54.85286331176758,15533700
2018-11-21,55.1806801966382,55.857697858812095,55.05953058334085,55.27332305908203,9685300
2018-11-23,54.19722293358804,54.30411645522154,53.2351377420313,53.798133850097656,10875400
2018-11-26,54.33261864924084,55.102284563083444,54.24710383910707,54.8599853515625,13741100
2018-11-27,54.567787018068884,55.1949190918887,54.44663743058761,54.90986251831055,10344500
2018-11-28,54.902725493003565,55.907562255859375,54.760191792421544,55.907562255859375,11482100
2018-11-29,55.74367497260984,56.6772479332535,55.7222962692526,56.34230041503906,10255200
2018-11-30,55.90758506368492,56.727136505781985,55.81494219834095,56.6558723449707,14040100
2018-12-03,57.183216879687286,58.052653522935884,57.111952739787725,57.88161849975586,19415100
2018-12-04,57.99564600568575,58.401857625740654,56.54896261210612,56.60597610473633,18540700
2018-12-06,55.58688078932262,55.900449549033645,54.81721498118048,55.86481475830078,23218100
2018-12-07,56.577475450484435,57.26874917101839,55.10941319836918,55.3303337097168,16224700
2018-12-10,55.48711433891686,55.48711433891686,53.306399811823425,54.54641342163086,17946200
2018-12-11,55.373078295669075,55.444347871184036,53.93352312621375,54.646175384521484,15742400
2018-12-12,55.61539167499738,55.7294132270411,54.17583084106445,54.17583084106445,14559800
2018-12-13,54.1829622944003,55.031020408936485,54.12594879624015,54.8599853515625,13749700
2018-12-14,54.674705282892766,54.781604254333345,53.51307813013667,53.862281799316406,12669300
2018-12-17,53.634207077689034,53.876506220320906,52.365687008369456,52.7647705078125,15464100
2018-12-18,52.47259560564352,52.63650805419052,51.04016815947964,51.31097412109375,18681200
2018-12-19,51.63166024686418,52.21603495257938,50.09946205401379,50.441532135009766,21679600
2018-12-20,49.949796335680944,50.35601336010931,48.4959904504978,48.909324645996094,28723700
2018-12-21,48.5601185710376,50.14933530711755,48.225171180219995,48.545867919921875,47287300
2018-12-24,47.65506736738957,48.125415118389824,46.63597423026505,46.68585968017578,14262800
2018-12-26,47.16333027816592,48.930710406220584,46.07297310952859,48.91645431518555,24887700
2018-12-27,48.27507053742721,49.13025665283203,47.092070417877174,49.13025665283203,22077000
2018-12-28,49.30129676356315,49.58635883130296,48.332088995511825,48.58151626586914,19710600
2018-12-31,48.6884184716786,49.27992135023777,48.218070650045014,48.59577560424805,15807000
2019-01-02,47.99715439326196,49.79304209745341,47.93301826523778,49.664764404296875,16727200
2019-01-03,49.88566471069397,50.063827798946456,48.71691528672619,48.90220642089844,13866100
2019-01-04,49.62910889033893,50.790730255787395,49.42956710359744,50.70521545410156,16043600
2019-01-07,50.776488812087635,51.38224232803854,50.41303452767434,50.968902587890625,10844200
2019-01-08,51.69580372511615,51.73143308145785,51.268213389272994,51.3394775390625,11439000
2019-01-09,51.73857201349452,51.73857201349452,51.06155429238879,51.610294342041016,13473500
2019-01-10,51.36085404806189,51.36798209386843,50.68383649829943,51.34660339355469,13151100
2019-01-11,51.20407779830411,51.23258454895357,50.64820975340659,51.11143493652344,9790100
2019-01-14,50.74797050634727,51.15418210687338,50.68383440805109,51.04728317260742,11012400
2019-01-15,51.27532835508518,51.567518393905736,50.826359384939906,51.07578659057617,10298300
2019-01-16,50.897628458168036,51.58177404728003,50.81923626635361,51.054412841796875,12595600
2019-01-17,50.73372074142479,51.55326656524466,50.52705091478401,51.40361022949219,10141700
2019-01-18,52.216036543822746,52.2302926359438,51.403613280316954,52.01649475097656,15759200
2019-01-22,51.58888525528441,51.816933710557265,51.08290291505725,51.23255920410156,15035600
2019-01-23,51.318097231481396,51.52476706537608,50.54843138879207,50.81211471557617,13187200
2019-01-24,50.669583001594354,51.28959252797428,50.341763560081596,50.88338088989258,11272500
2019-01-25,51.36086220832274,51.50339052446328,50.98315727715426,51.11143493652344,8996200
2019-01-28,50.61257517791641,50.79786633939759,50.14935542987361,50.76935958862305,13678400
2019-01-29,51.097169348046044,51.4463729007847,50.94039040426597,50.961769104003906,10513200
2019-01-30,51.14705310521213,51.717177119235494,50.96176742219426,51.517635345458984,11524700
2019-01-31,51.517643060184774,52.37282377217689,51.32522386586741,52.223167419433594,19876700
2019-02-01,53.3919085580972,54.5107724421201,52.96431826914615,54.10456085205078,22968700
2019-02-04,53.99054699962817,53.99054699962817,53.021339306884535,53.32065200805664,15483800
2019-02-05,53.577207737833014,53.90502718992082,53.45605813453875,53.86939239501953,12786700
2019-02-06,53.862264838539566,53.99766508509419,53.541568025202565,53.63421630859375,10866900
2019-02-07,53.41328468947165,53.58432514651479,52.665003079052624,53.22087097167969,14418900
2019-02-08,53.148828933993684,53.37220212724854,52.40664851998062,53.30735397338867,11959500
2019-02-11,53.23527764955246,53.48027232027894,52.88940993466217,53.393802642822266,10434800
2019-02-12,54.09997838061693,54.36658369964476,53.91263009071366,54.33055877685547,12599200
2019-02-13,54.46025073805779,55.15199180159405,54.40981145730418,54.94302749633789,13214600
2019-02-14,54.95024155163147,55.23126122204647,54.5539289408052,54.95744323730469,12772900
2019-02-15,55.44022401010229,56.031086569586755,55.30331502154266,55.99505615234375,14330300
2019-02-19,55.886968688634575,56.54989206232779,55.80770617110027,56.3697509765625,13551500
2019-02-20,56.420199309008886,56.787683224726784,56.20402777243439,56.5859260559082,12633100
2019-02-21,56.3553375910115,56.67959484950893,55.92300007715134,56.074317932128906,10266000
2019-02-22,56.715609487573836,56.88854336227502,55.93019712114318,56.50664520263672,9519300
2019-02-25,56.513865064640136,56.816500787639164,56.348132836824476,56.56430435180664,9274400
2019-02-26,56.69400100010278,57.018252745587425,56.48503668730198,56.67959213256836,10990600
2019-02-27,56.83812020104926,57.46501323359598,56.67960064448682,57.26325607299805,12398200
2019-02-28,57.24882937075812,57.46500085194746,56.71561334728533,56.94619369506836,14597900
2019-03-01,57.198389775061514,57.6451416015625,56.9461933800485,57.6451416015625,15419400
2019-03-04,57.81808335817378,58.04146205056861,56.93179226397671,57.86852264404297,18089900
2019-03-05,57.731623241076164,57.93338039884184,57.46501242690282,57.78206253051758,13745500
2019-03-06,56.81650746028634,57.198405750465085,56.103150173019046,57.12635040283203,18633600
2019-03-07,57.32091127661602,57.83251143961107,57.1551790137582,57.76045608520508,16541700
2019-03-08,56.84531969928317,57.15516258187438,56.384158966701335,56.93178939819336,16211300
2019-03-11,57.630734198136274,57.85410736832306,57.39294666360047,57.48661804199219,11060900
2019-03-12,57.72440411106218,58.06307019756641,57.56587909206282,57.6451416015625,11320000
2019-03-13,58.07027240367937,58.19277250875951,57.789252775645146,58.156742095947266,10260200
2019-03-14,58.22160761172278,58.300870138097146,57.8973503226994,57.96220397949219,9976700
2019-03-15,57.77484328235195,58.041454040851,57.71719682146528,57.75322723388672,25316400
2019-03-18,57.96219060307337,58.54584589216207,57.96219060307337,58.4233512878418,9840600
2019-03-19,58.78362980817523,59.08626545820281,58.10629768885464,58.272029876708984,13936500
2019-03-20,58.18555777985744,59.028616554612796,58.048648825891405,58.59627914428711,13133600
2019-03-21,58.22878130902091,59.0069918316512,58.22157962642688,58.9349365234375,10117000
2019-03-22,58.53143960459936,58.68275744556783,57.861314596042305,57.99101638793945,12497700
2019-03-25,57.64515181178077,57.96220190593599,57.34971776995976,57.58750534057617,11320400
2019-03-26,57.8829375968909,58.56026437150627,57.7748518410839,58.336891174316406,9472800
2019-03-27,58.344091928930325,58.589081150794364,57.515441889005004,57.890132904052734,7258700
2019-03-28,57.666763773704425,58.214394216363516,57.659556590947545,58.17836380004883,7412300
2019-03-29,58.60350931014475,58.711595079485335,57.991030613842256,58.22161102294922,10889200
2019-04-01,58.53144147684819,58.92774854992727,58.423355730565014,58.8917236328125,10816400
2019-04-02,58.90613333075208,59.050243996182026,58.44497260441287,58.639522552490234,7646000
2019-04-03,58.92053898849634,58.92053898849634,58.08468727909222,58.29365158081055,8562900
2019-04-04,58.452166675812485,59.14390761016037,58.19996482167598,59.122291564941406,9360600
2019-04-05,59.194357095431364,59.46816954456468,59.05024093999077,59.43934631347656,10059100
2019-04-08,59.569043843497816,59.95094200752603,59.51139738544519,59.80683135986328,9108200
2019-04-09,59.46097326268585,59.50421086597886,58.898933897108684,59.03584289550781,8561600
2019-04-10,59.02862584604213,59.14391877225989,58.661142013028964,58.769222259521484,10324300
2019-04-11,58.75481107179533,59.13670925423624,58.3801145738566,59.05023956298828,9115100
2019-04-12,59.669917921914234,59.669917921914234,58.06306288083874,58.30805206298828,16638700
2019-04-15,58.2864401932502,58.408934793101324,58.0198294487488,58.11350631713867,8536100
2019-04-16,58.22879559684879,58.61790095364024,58.14233140476334,58.50981521606445,7005700
2019-04-17,58.76203352597723,58.87011379629081,58.42336735240666,58.67556381225586,8311400
2019-04-18,58.7692239799597,58.96377942428035,58.41614900365302,58.459381103515625,9493900
2019-04-22,58.99258773407967,59.96534821720775,58.82685556408039,59.73476791381836,10770600
2019-04-23,59.943731624628576,60.15989756475375,59.57624237970736,60.08063507080078,10595100
2019-04-24,59.814035321196705,59.86447459490998,58.891714031886245,58.913330078125,11684000
2019-04-25,58.834082904381184,59.69155078089421,58.65394180883652,59.24480438232422,11135000
2019-04-26,57.83969351196081,58.09909709782917,57.328093522461884,57.99821853637695,18053500
2019-04-29,57.73161709240709,57.91895986325369,57.40015815459813,57.623531341552734,10023700
2019-04-30,57.91175458541865,58.02704201436696,57.59470453523948,57.846900939941406,13721500
2019-05-01,57.60191017852347,57.83249052772886,56.65076555086757,56.686790466308594,13909800
2019-05-02,56.40576269406909,56.564287692036615,55.656375292975206,55.692405700683594,15360400
2019-05-03,56.05270869783022,56.35534444458999,55.80051224219708,55.82212829589844,12180700
2019-05-06,55.425819110589146,55.95904079001337,55.27450122777008,55.5771369934082,13367100
2019-05-07,55.12317889478,55.3321432391756,54.597164441995155,55.28170394897461,13498800
2019-05-08,55.151998047988904,55.69242133047152,55.06552834370252,55.3681640625,11352900
2019-05-09,55.015082821365155,55.396981018103475,54.734063186124914,55.317718505859375,13221600
2019-05-10,55.52176660967362,55.966349326712496,54.785653421718564,55.7987174987793,11056000
2019-05-13,55.13550972648026,55.558228774100535,54.92415020267012,55.179237365722656,12176100
2019-05-14,55.48534432504628,55.973660412815406,55.21568312425315,55.25212097167969,10548400
2019-05-15,55.07720570349312,55.79145536206023,54.81482873181405,55.6602668762207,8918000
2019-05-16,55.68213823777343,56.08298798288504,55.55094973416791,55.652984619140625,8105200
2019-05-17,55.13552408289516,55.60926068647943,55.0917908717822,55.32501983642578,9279400
2019-05-20,55.427046992353915,55.6529805697135,55.15009041573632,55.31772232055664,7154300
2019-05-21,55.587381339448,55.72585962226874,55.339583949646226,55.57280731201172,8489900
2019-05-22,55.40518167463335,55.55094976788584,54.946024691977435,55.069923400878906,7858300
2019-05-23,54.49415141487485,54.51602079901368,53.23328939325882,53.7799072265625,14657200
2019-05-24,54.03498246933274,54.11515351196688,53.52480816209995,54.005828857421875,7056400
2019-05-28,54.10788763412132,54.1151774304418,52.832445741821346,52.91990661621094,14912900
2019-05-29,52.39514104045713,52.788706548472774,52.19836106669139,52.59192657470703,13645200
2019-05-30,52.489864198527975,52.57003522557931,52.13274225287862,52.453426361083984,9362100
2019-05-31,51.88495612911764,52.147333081414,51.47681111416606,51.5788459777832,13983300
2019-06-03,51.81207648434695,52.48259854434346,51.72462119513978,52.387847900390625,11831000
2019-06-04,52.803277583631555,53.68515919966573,52.59920782670868,53.63413619995117,10423000
2019-06-05,53.67058457121089,53.67058457121089,52.89803311703774,53.1895637512207,10617800
2019-06-06,53.721589075410385,54.38482124743814,53.6341282380766,54.15888214111328,11738900
2019-06-07,54.30465349420612,54.63262192323747,54.24634626578351,54.35567092895508,9095500
2019-06-10,54.80025351473375,54.90228838367288,54.26091999550307,54.59618377685547,7760400
2019-06-11,55.03347829839267,55.25212206874327,54.530588173764414,54.545162200927734,9415100
2019-06-12,54.28280424724528,54.377549348506214,53.79448802870935,53.954830169677734,7920800
2019-06-13,54.44312093096811,54.78566891412495,54.20989760038003,54.42854690551758,8986400
2019-06-14,54.42855101402419,54.523296087811396,54.10058259204418,54.18803787231445,8575900
2019-06-17,54.0495780198994,54.80026567676169,53.96211715833392,54.727378845214844,9355700
2019-06-18,54.967891254202634,55.55095253529082,54.91687380914375,55.201114654541016,10091500
2019-06-19,54.95332678159622,55.28129533394414,54.78569482697221,54.89501953125,9757400
2019-06-20,55.56553440976845,56.09757832091101,55.44892547337881,55.835201263427734,16229700
2019-06-21,56.221478136488614,56.673350979855556,56.024698119828145,56.62233352661133,23108100
2019-06-24,56.505707874162255,56.673339793439894,55.98095385266529,56.08298873901367,10011800
2019-06-25,56.17774198130531,56.27977687235848,55.52908921940248,55.5873908996582,9740000
2019-06-26,55.886207169252145,56.214175643103296,55.73315484408934,55.82789993286133,11365500
2019-06-27,55.820610348594414,55.9372248218156,55.21569084033295,55.25941848754883,8147800
2019-06-28,55.52908329400727,55.9226487862806,55.34687735650021,55.849761962890625,14781300
2019-07-01,56.21414661267844,56.797207554510784,55.60193762818759,55.7987174987793,11437900
2019-07-02,55.49263184837675,55.58737692038951,54.960593701752856,55.186527252197266,10475400
2019-07-03,55.259400596652675,55.755000826417906,55.12092234465755,55.711273193359375,5246100
2019-07-05,55.52908858749704,55.64569750716604,55.09178984740603,55.485355377197266,6880800
2019-07-08,55.492645008693714,55.900784567058395,55.33230287919775,55.740447998046875,7876100
2019-07-09,55.71857259383347,55.95179596777473,55.193824172828535,55.70399856567383,7863000
2019-07-10,55.97366285011088,56.578582300178645,55.92992964661803,56.491127014160156,8077400
2019-07-11,56.41825740740602,56.56401995452945,56.15588037419604,56.53486633300781,6404000
2019-07-12,56.66602450791976,56.7607695567705,56.48381864133481,56.57856369018555,6139000
2019-07-15,56.57858408972512,56.6587551447669,56.0392560871126,56.177734375,7116400
2019-07-16,56.061122128740614,56.17044680453331,55.23755328400575,55.3395881652832,10197400
2019-07-17,55.20112505229463,55.36146721282035,54.916884153357394,55.011634826660156,7419300
2019-07-18,54.683640481154875,54.85855660953204,54.06414145776966,54.545162200927734,11424500
2019-07-19,54.58890757636845,54.843994812235394,54.326530545052535,54.65449905395508,11243100
2019-07-22,54.83670542278646,54.88043863531938,54.297377325748315,54.712806701660156,8368800
2019-07-23,54.771107770056716,55.22297495157223,54.47957714813708,54.93144989013672,8551200
2019-07-24,54.94603145961641,55.42705788587081,54.55246590008596,54.92416763305664,8260200
2019-07-25,55.230258764286376,55.230258764286376,54.5160146564511,54.61075973510742,9083900
2019-07-26,54.567033374791855,54.7200856872097,54.37024785848059,54.52330017089844,7677300
2019-07-29,54.574325754762214,54.938737665529686,54.44313724446655,54.909584045410156,7091900
2019-07-30,54.705514356030015,55.06992626740348,54.58161564067931,54.916873931884766,6961200
2019-07-31,54.690928069609235,55.14280074021926,54.12244650494441,54.19532775878906,13104600
2019-08-01,53.7434749463502,54.129750738890365,52.67210288146465,52.81058120727539,17132800
2019-08-02,52.919894973111404,53.393631540977104,51.87767674800054,52.29310607910156,21376700
2019-08-05,51.58614881602413,51.68818370544361,50.73342628566796,51.221736907958984,19080900
2019-08-06,51.22902792804421,51.75378197788345,51.221738132772956,51.71733856201172,12282400
2019-08-07,50.91562193098844,51.65901962631499,50.580363710705235,51.3820686340332,15231100
2019-08-08,51.637170112688636,52.774139131795266,51.46954373634561,52.75226974487305,14304100
2019-08-09,52.570066318142985,52.65752718860459,51.36022152609236,51.6298828125,13686600
2019-08-12,51.696292831658106,51.77008593745964,51.15763918889774,51.37900161743164,9542600
2019-08-13,51.113328550922404,52.109478527228944,50.85506973950288,52.0135498046875,12403300
2019-08-14,50.96577288282964,50.98052812205715,49.91797637939453,49.91797637939453,18114400
2019-08-15,49.77778098240519,49.85156844476702,49.091546886157396,49.622825622558594,12874400
2019-08-16,50.013898315074954,50.51566088116797,49.637574983099725,50.39760208129883,12649000
2019-08-19,50.89198041177706,51.39374294039103,50.810812529970285,51.24616241455078,10032800
2019-08-20,51.135496388610136,51.135496388610136,50.70014076942145,50.93626403808594,9743500
2019-08-21,51.62249125842899,51.637252127407834,51.18714132712769,51.44540023803711,10134200
2019-08-22,51.58560473898312,51.62249565532831,51.09859735439749,51.334720611572266,8972000
2019-08-23,50.781304862544104,51.30520314967887,49.460488492321666,49.7999153137207,15371900
2019-08-26,50.26478408178786,50.368087646211364,49.82942852061277,50.0655517578125,7343900
2019-08-27,50.27216498757766,50.50091344766614,49.41622025996136,49.578556060791016,9490900
2019-08-28,49.82942906749499,50.16148106789087,49.55641491407454,49.94011306762695,9647400
2019-08-29,50.39760713706967,50.6706213058175,50.24264615041195,50.4935302734375,9004100
2019-08-30,50.62635298219118,50.97316026232094,50.22051347786428,50.53042984008789,9180800
2019-09-03,50.095072457310955,50.678002984052405,49.903220550246324,50.589454650878906,9849700
2019-09-04,51.283064324416515,51.364232214724204,50.98052843697477,51.128108978271484,6959200
2019-09-05,51.533943306159514,52.05784719587913,51.430639741048566,51.851234436035156,9901500
2019-09-06,51.91027401630775,52.35300444809944,51.74056340510533,52.33824920654297,10418500
2019-09-09,52.5079629623461,53.17943619903335,52.375143276132206,52.751461029052734,12840200
2019-09-10,53.231095153767136,53.75499353392258,52.84739691394321,53.179443359375,13810800
2019-09-11,53.703324046235046,53.74759538980725,52.79572772527571,53.07612228393555,10525700
2019-09-12,52.37514358107874,53.24584916696769,52.168530800503234,53.11302947998047,9100700
2019-09-13,53.319638183314396,53.65906503113676,53.172057621463715,53.600032806396484,7337200
2019-09-16,55.370952193357056,55.47425575701305,54.30839481904172,54.40432357788086,19830200
2019-09-17,54.47073488373182,54.662586786879515,53.59264889396206,53.99110794067383,14452200
2019-09-18,53.60740226203569,53.843525483011256,53.37127904106012,53.73284149169922,7292200
2019-09-19,53.84353097498296,54.00586676151577,53.26798091700099,53.37128448486328,8050200
2019-09-20,53.48933978882553,53.49672022308146,53.02447376389573,53.18680953979492,19736600
2019-09-23,52.77359446477724,53.39342151733637,52.729323114459575,53.22370529174805,7495200
2019-09-24,52.98757670760819,53.03185368309185,52.25707135277855,52.493194580078125,13307100
2019-09-25,52.37513725106617,52.73669972153556,52.25707281929219,52.64815139770508,8035200
2019-09-26,52.55223116719323,52.648154301082975,52.153772132415234,52.367759704589844,8420200
2019-09-27,52.16853148169656,52.88428171371681,52.1168796932839,52.74408721923828,8224000
2019-09-30,52.56700089177825,52.721956287507716,52.07999902371761,52.102134704589844,9768900
2019-10-01,52.264452883926054,52.32348509939541,50.8477134903931,50.87722396850586,10279100
2019-10-02,50.375458758769305,50.61158197866217,49.4457267471033,49.54903030395508,14503700
2019-10-03,49.43834937754446,50.1762351891496,48.92920636605788,50.16147994995117,10788400
2019-10-04,50.25740457962324,50.96577430436345,50.043417012312844,50.89198684692383,10534800
2019-10-07,50.692760730936946,50.936264436985574,50.19099807739258,50.19099807739258,10993000
2019-10-08,49.83681469744457,50.11720931467021,49.17271625704415,49.21698760986328,9748700
2019-10-09,49.65971219458737,49.95486198475498,49.58591911742408,49.76301574707031,8580900
2019-10-10,49.75564019277141,50.44187421848803,49.71874365057146,50.3607063293457,7100100
2019-10-11,50.89936447143554,51.275682172488004,50.83295182267098,50.89936447143555,10101900
2019-10-14,50.618964734906335,51.18713995327943,50.611584300615,51.046939849853516,6234600
2019-10-15,50.95839020961499,51.65200464489685,50.92149929835597,51.224029541015625,6645700
2019-10-16,51.06907988796267,51.30520313886976,50.33119402517526,50.34595489501953,9765800
2019-10-17,50.53042896399894,50.82557882062187,50.23527347775335,50.279544830322266,9757200
2019-10-18,50.08031396124416,50.28692109559644,49.88846206665039,49.88846206665039,13472700
2019-10-21,50.043413581577894,50.744402823631056,50.043413581577894,50.722267150878906,10199300
2019-10-22,50.75179077470599,51.474921426237415,50.655867635365354,50.980533599853516,9536000
2019-10-23,50.88461021329218,51.474921176148705,50.751790528130584,51.4675407409668,8641800
2019-10-24,51.62249635285725,51.68890901057199,50.92888181257431,50.980533599853516,9003600
2019-10-25,50.84034333704544,51.268318541311,50.84034333704544,51.098602294921875,7607200
2019-10-28,51.25354171549149,51.40849704198299,50.60420430500974,50.648475646972656,11209600
2019-10-29,50.530435457420815,50.93626937724043,50.35333876514203,50.500919342041016,13894400
2019-10-30,50.4492581286023,50.4492581286023,49.637579181257635,49.96963119506836,12840600
2019-10-31,49.777772241280275,49.96962411342928,49.54164902541285,49.85894012451172,16169100
2019-11-01,50.464004794948764,51.364226289331825,50.40497258524005,51.35684585571289,14108700
2019-11-04,51.70365365450128,53.03185024035064,51.6077305348205,52.88426971435547,15858200
2019-11-05,53.15729119548079,53.954209172929794,53.017091098627276,53.93206787109375,14930400
2019-11-06,53.66644359169183,53.76974716656679,52.53747344406242,52.751461029052734,13996500
2019-11-07,53.14991627315138,53.887802114799186,53.12778059864151,53.873046875,13073800
2019-11-08,53.477243252103186,53.619134142914135,52.7678001930766,52.84994125366211,12106000
2019-11-11,52.43175914025584,52.73047419415271,52.252532386924024,52.528839111328125,8674000
2019-11-12,52.476556450977796,52.58111154688396,51.513209236874715,51.8044548034668,13918600
2019-11-13,51.5430834910034,51.640169159721935,51.22943524787224,51.3787956237793,11773700
2019-11-14,51.42359760060336,51.505744377722166,50.915783750012274,51.154754638671875,11279800
2019-11-15,51.31157335714917,51.75217926970554,51.28170128701698,51.6700325012207,11252800
2019-11-18,51.30409536411047,51.39371155957024,51.005386107605595,51.169673919677734,10095600
2019-11-19,51.08007097174963,51.19955355250923,50.61706243970877,50.646934509277344,12605500
2019-11-20,50.53492517878506,51.184629994708004,50.27355164278702,50.803768157958984,16930700
2019-11-21,50.7962885526957,52.088228482905755,50.72161122842385,52.02848434448242,14080900
2019-11-22,52.05835885741275,52.409348565232655,51.77458273285288,51.8044548034668,12143600
2019-11-25,51.80445778556226,51.85673248776706,51.31157713833256,51.4609375,10670000
2019-11-26,51.46839821443367,51.558014426157435,51.10994476256839,51.33397674560547,15457000
2019-11-27,51.34891098718906,51.595345576498175,51.08753751518583,51.304100036621094,8393900
2019-11-29,51.027801219250286,51.17715588405173,50.78136089456419,50.878440856933594,7980800
2019-12-02,51.15474153724833,51.43851761437914,51.05766159711478,51.09499740600586,11116900
2019-12-03,50.78135051303409,50.96804665462613,50.42289141427118,50.691734313964844,12245800
2019-12-04,50.96805819021875,51.34892000057084,50.88591141352486,51.26677322387695,11049700
2019-12-05,51.44600079037403,51.50574493756717,50.938186934263236,51.087547302246094,13109000
2019-12-06,51.34891570672011,52.1778471494857,51.34891570672011,51.90900421142578,13710800
2019-12-09,51.58787875517592,52.252516557555424,51.54306780728117,52.02101516723633,12397700
2019-12-10,52.02102767207976,52.386950599015805,51.3041093085708,51.57295227050781,14281800
2019-12-11,51.333966989867164,52.0956904009706,51.28169230067488,51.498260498046875,13748400
2019-12-12,51.49827815777547,52.55871118646939,51.45347289382145,52.528839111328125,17068500
2019-12-13,52.63339011991363,52.67819538037473,51.617762434349494,51.69990921020508,12274500
2019-12-16,52.05089515577337,52.46162905011859,52.05089515577337,52.274932861328125,15208700
2019-12-17,52.25999119092019,52.558700486489606,51.759641156060745,52.035953521728516,14450700
2019-12-18,51.998604981696175,52.49148550828292,51.737231534648885,52.17783737182617,13652300
2019-12-19,52.267459019141874,52.31226997499042,51.70737049991292,51.81938934326172,13273200
2019-12-20,52.17037366124632,52.44668601990971,51.81938398058361,52.23011779785156,35092000
2019-12-23,52.17038697488165,52.498974112549895,51.92394662163048,52.49150466918945,14172500
2019-12-24,52.53629624607281,52.64831507722937,52.20771489153182,52.28985595703125,3979400
2019-12-26,52.41682023392564,52.64832166912404,52.28239875921025,52.37200927734375,8840200
2019-12-27,52.42427713127882,52.50642389384823,52.18530628494448,52.19277572631836,10516100
2019-12-30,52.342137741797046,52.60351694907175,51.82686016470409,51.88660430908203,12689400
2019-12-31,51.54307967341636,52.125576550037046,51.53561592831065,52.11063766479492,13151800
2020-01-02,52.454159882064914,53.036651082540274,52.454159882064914,52.94704055786133,12456400
2020-01-03,53.275614518233446,53.29802284378127,52.3944140955209,52.521366119384766,17386900
2020-01-06,52.51390295275045,53.29055976995454,52.44669506062017,52.92463684082031,20081900
2020-01-07,52.648328794663136,52.6632619838681,51.90901343242552,52.49150466918945,17387700
2020-01-08,52.35707771953438,52.491499198433026,51.65509825222865,51.69990921020508,15137700
2020-01-09,51.63268699068455,52.20024488421433,51.25182524788692,52.09569549560547,14811800
2020-01-10,52.22264713071286,52.24504975703541,51.617753429946646,51.632686614990234,11995600
2020-01-13,51.67749684492536,52.17784690354871,51.61028895948461,52.125572204589844,9953900
2020-01-14,51.81191551019617,51.96127585450861,51.4459926372812,51.677494049072266,16261000
2020-01-15,51.67750276639913,51.96874836504453,51.44600131555676,51.59535598754883,11390300
2020-01-16,51.752189377658034,51.961288211908624,51.37879697434886,51.39373016357422,13340300
2020-01-17,51.34144152663122,51.5878818133625,50.997921292482026,51.19955062866211,18144100
2020-01-21,51.06514061563298,51.095012690189925,50.41544151094527,50.467716217041016,17982600
2020-01-22,50.45277076384458,50.557320162427445,50.03457316951312,50.17646408081055,17033100
2020-01-23,49.81800678332422,49.982300329355446,49.32513184274566,49.86281204223633,19605900
2020-01-24,49.69104981633553,49.79559920842388,49.317657502444376,49.526756286621094,18238600
2020-01-27,48.854657583682936,49.08616473336553,48.31697164540998,48.34684371948242,21231000
2020-01-28,48.623149008900995,48.69035689258232,48.26468987005645,48.27962875366211,19664700
2020-01-29,48.5634023213521,48.63807964291789,47.71953776238136,47.87636184692383,14202800
2020-01-30,47.62992031451759,48.45138222532411,47.36854684710382,48.38417434692383,18544700
2020-01-31,47.19679140956521,47.19679140956521,46.19609984426443,46.390262603759766,34282900
2020-02-03,45.83765278582686,45.86752201339912,45.083398526657014,45.35224151611328,27389300
2020-02-04,45.88991651919315,46.233436768554746,44.72493145977349,44.78467559814453,31922100
2020-02-05,45.367168992914436,46.995159811836494,45.25515015219438,46.845802307128906,32099200
2020-02-06,46.99516390387057,47.05490520170101,46.13636031359098,46.21104049682617,16055400
2020-02-07,45.860049526759454,46.04674570670046,45.598676014345095,45.90485763549805,15112500
2020-02-10,45.813958824273726,45.8442597553381,45.16250325466874,45.4200553894043,20934500
2020-02-11,45.88969949845361,46.12452443043024,45.57911936839789,45.85182189941406,14908700
2020-02-12,46.46540921182424,46.609334283845044,45.87455557024296,46.412384033203125,17862100
2020-02-13,46.253303677807516,46.52600332959165,45.87455079017624,46.15482711791992,16949400
2020-02-14,46.32148286663781,46.329056653523146,45.66245071105115,45.94272994995117,10855300
2020-02-18,45.56397055725078,45.745770313214095,45.03371597132356,45.35944366455078,18948500
2020-02-19,45.533678810410294,45.92000553692412,45.321578089160006,45.70790481567383,12804900
2020-02-20,45.624579501876994,45.85940736853651,45.238252768630076,45.344303131103516,14817200
2020-02-21,45.079170937324506,45.079170937324506,44.533768701478294,44.79132080078125,20315700
2020-02-24,43.647483536153416,43.783834811792104,42.69302749633789,42.69302749633789,32096600
2020-02-25,42.98845137369569,42.98845137369569,40.88258631038755,41.05681228637695,36414500
2020-02-26,41.3219319962673,41.526458865391284,40.09477367117811,40.155372619628906,29801000
2020-02-27,39.17061886707441,39.72359767868426,37.72378310254593,37.73893356323242,48141300
2020-02-28,36.94356322663866,38.966102600097656,36.36785712229842,38.966102600097656,62446700
2020-03-02,39.837242932744374,40.8220002111034,38.73128480304356,40.81442642211914,38127600
2020-03-03,40.86743387110714,41.01893559192294,38.617640974578194,38.860042572021484,50580700
2020-03-04,39.56452906498037,39.7539055220536,38.72369713323037,39.70845413208008,24079600
2020-03-05,38.1934354488574,38.405539006723345,37.14807967868438,37.95861053466797,40788200
2020-03-06,36.996582949831975,37.12535754727373,35.75427391487618,36.125450134277344,55640500
2020-03-09,31.595565253630326,33.76203223740509,30.906235112397923,31.709192276000977,72896300
2020-03-10,34.97403821569223,35.04221384707322,31.398613130086513,32.883323669433594,60445900
2020-03-11,32.11066802928225,32.9363494059176,31.625864815414722,31.800090789794922,51986100
2020-03-12,30.224478953770035,30.792608235685602,28.027711241167868,28.1640625,65725300
2020-03-13,30.307809083753693,30.406285657570493,26.51270588433081,28.876123428344727,79891500
2020-03-16,26.058207173173766,28.69432766770119,25.187074130104726,26.12638282775879,48924700
2020-03-17,26.67177624494429,28.315565193076466,25.906696723781153,27.883787155151367,41204400
2020-03-18,26.171826108111595,27.80803860155149,23.656906958743896,25.088592529296875,54036400
2020-03-19,25.55067408572893,26.436957506108893,24.50531511721729,26.080928802490234,49412400
2020-03-20,26.391504251573064,26.64905635930152,23.906884513121724,24.800743103027344,76534600
2020-03-23,24.641663596892055,24.77044108994228,22.80850088487261,23.823558807373047,56952500
2020-03-24,26.073346371610164,27.39898142616066,25.24766788313046,26.84600257873535,61835600
2020-03-25,27.656532416348153,29.232145692470915,26.649051316811274,28.24738883972168,56607700
2020-03-26,28.40646658504014,29.96692952305422,27.81561300476097,29.406373977661133,46722000
2020-03-27,28.12619082737789,28.542818434473794,27.42171021061443,27.989839553833008,51558600
2020-03-30,27.44444209810618,28.898855124164836,27.164165686547445,28.406475067138672,45835000
2020-03-31,29.042771366975654,29.883603234877143,28.307989844637383,28.762495040893555,41491600
2020-04-01,27.921667839841586,29.3154788066105,27.52776442644432,28.429195404052734,36045900
2020-04-02,29.345772083878565,31.784938472450282,28.709467180413135,30.60323143005371,62000200
2020-04-03,31.39861150662542,31.951590314943964,29.179119598225654,29.701797485351562,48425700
2020-04-06,30.209336654022735,30.928967850125225,29.716956654148465,30.656265258789062,41301900
2020-04-07,32.497001582009354,32.815152646699254,31.178940153416526,31.23954200744629,48921800
2020-04-08,31.777366055693804,33.360553152174504,31.413763650859416,33.21662521362305,33355600
2020-04-09,34.436213541927806,35.38309580753067,31.61829388445931,32.671226501464844,60107300
2020-04-13,33.67113203449153,33.85293180097696,31.792518072762636,32.39094543457031,29651900
2020-04-14,32.57275408913427,33.1408835209215,31.74707253268394,32.14097595214844,30769000
2020-04-15,31.05774469780162,31.103196096172105,29.830585838358,30.663841247558594,33125000
2020-04-16,30.66383420042464,30.66383420042464,29.489700797423527,29.656352996826172,30934000
2020-04-17,30.209336712870858,32.815156021365084,30.20176003551024,32.73940658569336,40829100
2020-04-20,30.868369705579113,32.375807927067115,30.709294138037148,31.1940975189209,39260800
2020-04-21,30.603248975776133,31.913734241107697,30.01996890571701,31.027450561523438,44381600
2020-04-22,32.26975071316276,32.519729051295585,31.70919795618033,31.913724899291992,27074200
2020-04-23,32.67124114582617,33.83022463373018,32.428839408351564,32.91364288330078,35271000
2020-04-24,33.63326287384387,34.004439143965776,32.67123004100779,33.125732421875,28653800
2020-04-27,33.01967562756435,33.57265447611989,31.989467349291786,33.2848014831543,28274400
2020-04-28,33.610531559581695,34.38318782286183,33.413581322897095,34.06503677368164,26545100
2020-04-29,35.04222516146213,36.0572832844003,34.96647571976094,35.95123291015625,29502500
2020-04-30,36.11787523059779,36.11787523059779,34.67103933005768,35.2012939453125,37076300
2020-05-01,34.564997396744594,35.14070064878071,32.572755934003084,32.67880630493164,35399300
2020-05-04,32.201573323008354,34.04231282175384,31.981898816432114,33.996864318847656,27465600
2020-05-05,35.04221494589026,35.71639749497816,33.830206894062265,33.958984375,29276200
2020-05-06,34.03473973522714,34.29229185240203,33.254509596280705,33.32268524169922,22659000
2020-05-07,34.05745272195177,34.29228050953162,33.30752376005798,33.51205062866211,22160300
2020-05-08,34.32258775772808,35.01191789844029,34.07260946456338,34.98161697387695,19977400
2020-05-11,34.928591757412825,34.99676739276819,34.47408655849194,34.6483154296875,22258000
2020-05-12,35.07303058828684,35.26607898107755,34.06917953491211,34.06917953491211,25439100
2020-05-13,33.77573006521341,33.87611305497507,32.123234230850976,32.37805938720703,30827900
2020-05-14,31.71397527687427,32.85682088780772,31.04216800096193,32.66377258300781,24856500
2020-05-15,32.72554788144355,33.212027465263546,32.31628349187529,32.43211364746094,22445600
2020-05-18,34.2853813216047,35.19656958809566,34.02283549997708,35.0112419128418,32026100
2020-05-19,35.17340758426473,36.00737784182143,33.92245514361364,33.93017578125,21771600
2020-05-20,34.45526360469861,35.196571398153935,34.41665452952618,35.03440856933594,19352400
2020-05-21,35.08846355049027,35.358732981056946,34.277661150157755,34.408935546875,19130700
2020-05-22,34.01510985062953,34.49386880955342,33.55179510917844,34.439815521240234,15406400
2020-05-26,35.320125485228466,35.752551880399864,35.111632925120595,35.45139694213867,20356500
2020-05-27,36.03054233391908,36.4011947960572,35.06530062657482,35.70622253417969,20788300
2020-05-28,35.85293500314703,35.87609985943037,34.69464505804175,34.77958679199219,19698000
2020-05-29,34.60969891418886,35.28150617195809,34.262211385796746,35.11162567138672,25874700
2020-06-01,34.99579396323582,35.868373063506944,34.59425316440029,35.737098693847656,19031000
2020-06-02,36.18499064187271,36.640584959457506,36.10004887908297,36.53247833251953,22319000
2020-06-03,37.06528314945858,38.146355086258076,37.026674068648035,38.022804260253906,23418000
2020-06-04,37.74480759521886,37.95330013012509,37.18882750213557,37.91468811035156,18731400
2020-06-05,39.88379261782885,41.27374022987689,39.845180589026334,40.98802947998047,41328900
2020-06-08,42.254422722267776,42.74862601446301,41.28145741328494,42.269866943359375,33579400
2020-06-09,40.833593561813395,41.675284604061225,40.50155011744231,41.327796936035156,27276900
2020-06-10,41.31234506793927,41.31234506793927,39.07298312897366,39.111595153808594,31156800
2020-06-11,36.70233728918917,37.71391131583885,35.598100914854015,35.65987777709961,39183000
2020-06-12,37.09616869339586,37.54403929802933,35.4513960573825,36.42435836791992,30978100
2020-06-15,35.018972336365366,36.879958462645604,34.55565743726789,36.40119934082031,27929300
2020-06-16,38.27762296580856,38.41661800025816,36.47841404649675,37.21971893310547,26203400
2020-06-17,37.065281715345705,37.16566767811627,35.98420982037455,36.00737762451172,19279400
2020-06-18,35.60583329975629,36.547910062169144,35.34328746165846,36.23130798339844,21478700
2020-06-19,37.235165666939785,37.2660511633708,35.50545120239258,35.50545120239258,48899900
2020-06-22,35.28151028207428,35.86065524830081,35.05757646718624,35.845211029052734,17565400
2020-06-23,36.21586732079367,36.46296894368069,35.90698881934305,36.06142807006836,18916600
2020-06-24,35.45140255235785,35.49001163722466,34.16956149326282,34.36260986328125,27626900
2020-06-25,34.0151223045877,34.93403443371973,33.7371321796632,34.87997817993164,19353600
2020-06-26,34.656040275163775,34.70236999346928,33.59041256887684,33.683074951171875,31518600
2020-06-29,33.82980014330096,34.4243895242608,33.62130753343052,34.22361755371094,17052100
2020-06-30,33.53635958405122,34.72553812653302,33.327867012653705,34.53248977661133,22153600
2020-07-01,34.354883930666524,35.04213555072063,33.72168266454959,33.75257110595703,17290100
2020-07-02,34.45526261085221,34.895412535625965,33.9224503192007,34.03828048706055,18216600
2020-07-06,34.49388123037604,34.81048338404821,33.85296217572553,34.27766799926758,22692000
2020-07-07,33.899296032746705,33.976514204938695,33.28926245710285,33.3896484375,17407600
2020-07-08,33.32014728984674,33.922457215525085,33.080766268923334,33.31242370605469,18291400
2020-07-09,33.12709618581625,33.28153250063298,31.883864410027957,31.937917709350586,25882000
2020-07-10,31.752582509570622,32.980369774811265,31.737138292599163,32.93404006958008,18951000
2020-07-13,33.18887028598406,33.4282512882226,32.60972526551873,32.941768646240234,20028300
2020-07-14,32.841381114333146,34.123221913847445,32.632888563452155,34.03055953979492,21444100
2020-07-15,34.77186152878708,34.818194184797974,34.138663291722395,34.46298599243164,17332400
2020-07-16,34.21588630800861,34.601982959414194,33.814345437064766,34.192718505859375,14673700
2020-07-17,34.231323920019186,34.509310980998244,33.50546047024949,33.6058464050293,17958900
2020-07-20,33.36647869546569,33.59813614429988,32.80277782321826,32.81822204589844,18553900
2020-07-21,33.320156508640416,34.89542928437982,33.28926805629447,34.47844696044922,28821800
2020-07-22,34.09234300086101,34.09234300086101,33.49003008903874,33.675357818603516,21345400
2020-07-23,33.51318516461091,33.83750488603462,33.219750931644306,33.744842529296875,17934400
2020-07-24,33.88384548097422,34.30082765689299,33.351030177031745,33.53635787963867,16415300
2020-07-27,33.38191703005975,34.04600375975097,33.18114806199866,34.03055953979492,18547900
2020-07-28,33.907018468026216,34.16956439134643,33.559530783384076,33.6290283203125,19190500
2020-07-29,33.75257030202897,34.04600459704275,33.46685959002503,33.999671936035156,14143200
2020-07-30,33.30469501352312,33.34330408609375,32.30084439826956,32.331729888916016,29901100
2020-07-31,31.783480825911294,32.56339487852691,31.590432472268567,32.493900299072266,32116200
2020-08-03,32.47073238981941,32.818220014402854,32.02286174255506,32.62517166137695,23033600
2020-08-04,32.6946624675474,33.667624670753405,32.617444320478995,33.56724166870117,17724000
2020-08-05,34.09234000448124,34.21589083143741,33.61357797255249,33.860679626464844,17175100
2020-08-06,33.51318830019091,33.899284926019455,33.397358134168954,33.69851303100586,14434900
2020-08-07,33.38191513042208,33.60585188851573,33.057595366852176,33.54407501220703,18757900
2020-08-10,33.968781479111904,34.43981687497283,33.66762364507941,34.37031936645508,24367800
2020-08-11,35.13479402501532,35.84521042434026,34.540204849571495,34.72553253173828,28987500
2020-08-12,35.0089984726298,35.386963015748364,34.35543572217327,34.7176513671875,22503200
2020-08-13,34.25307767853888,34.54442485451188,33.79636853433633,33.86723709106445,17338700
2020-08-14,33.5443952423007,34.079845942271,33.39478516581931,34.01685333251953,13595700
2020-08-17,33.99321724661666,33.99321724661666,33.44202082913146,33.57588195800781,15554600
2020-08-18,33.53652595679147,34.00898109483577,33.300298387769324,33.41053771972656,13014000
2020-08-19,33.3475395369218,33.5916430416395,32.96957485476929,33.040443420410156,14473100
2020-08-20,32.827830916853614,32.985316919379216,32.52073486401631,32.53648376464844,15678500
2020-08-21,32.520743530341285,32.55224133999926,32.0561613511737,32.292388916015625,25517700
2020-08-24,32.50498725316013,33.473522151999234,32.355377196911995,33.24517059326172,18208900
2020-08-25,32.80420593246991,33.12705085508274,32.0482767971514,32.19001388549805,31285600
2020-08-26,32.00105261614775,32.158538714430655,31.497099504680467,31.504972457885742,26795000
2020-08-27,31.497074710948382,31.73330217052147,30.953751253550763,31.29234504699707,32034300
2020-08-28,31.37109722393496,32.22151696899123,31.30810161122168,32.040409088134766,33477100
2020-08-31,32.0010343510947,32.06402995597121,31.418340024965918,31.4498348236084,25259600
2020-09-01,31.300230470888238,31.300230470888238,30.74903084296868,31.048254013061523,22464100
2020-09-02,30.890771722520054,31.276612409998855,30.670293046130272,30.85927391052246,26413400
2020-09-03,30.86713892045084,31.520701766776714,30.615162521410067,30.7962703704834,28817200
2020-09-04,31.071871799487067,31.331724177237426,30.434057788274227,30.77265167236328,24632500
2020-09-08,30.119088318333986,30.457682231235946,29.410402685795894,30.063968658447266,38496400
2020-09-09,30.197825378527774,30.583665944636557,29.859231515553457,29.882856369018555,25886100
2020-09-10,30.134838559040034,30.21358007557373,29.056064162787592,29.13480567932129,34381200
2020-09-11,29.237172499538215,29.37890963449653,28.733219576929255,29.05606460571289,26838600
2020-09-14,29.063925964001083,29.142667450329544,28.73320811686735,28.867069244384766,26129900
2020-09-15,28.97731384608925,29.434022961258258,28.512731782360234,28.559978485107422,23724200
2020-09-16,28.7095908774733,30.04034457722771,28.559980812276677,29.772619247436523,30890900
2020-09-17,29.410406662792784,29.906486672651443,29.111186469744844,29.76474952697754,24696200
2020-09-18,29.552139639464162,29.78049423125712,28.89857667443141,29.284414291381836,46853800
2020-09-21,28.685977935791016,28.906456627464742,28.09540743698192,28.685977935791016,35351800
2020-09-22,28.7095909099886,29.008814044516686,27.930039774928638,27.977283477783203,27303200
2020-09-23,28.071782271945537,28.182021604798393,27.048124458205503,27.079622268676758,31251400
2020-09-24,27.087495507816012,27.418213473221872,26.583539602184434,27.024499893188477,26796000
2020-09-25,26.772521140515213,27.51270152597467,26.678030730493916,27.276473999023438,23486000
2020-09-28,27.670190080312967,28.268636407467312,27.638692272821423,27.804054260253906,23396500
2020-09-29,27.55994655640099,27.646564011899866,26.764646563157857,26.992998123168945,20770500
2020-09-30,27.276470054552597,27.496948647317375,26.874883617188814,27.03236961364746,22223700
2020-10-01,26.607167144184118,26.851267666004542,25.937852188316906,26.087465286254883,36890200
2020-10-02,25.394525542105157,26.260694204038327,25.363027735250373,25.96934700012207,32694300
2020-10-05,26.237075700546537,26.575669657974082,26.118960411659135,26.56779670715332,22965200
2020-10-06,26.86701587597122,27.10324344095373,26.22920175089809,26.292194366455078,26731800
2020-10-07,26.489048293314756,26.567792808951303,26.150454385567947,26.378808975219727,23779300
2020-10-08,26.678033523910685,27.82767647823445,26.583540100199144,27.764680862426758,34413700
2020-10-09,28.09540124194169,28.308006935089004,27.284352230295298,27.355220794677734,29228600
2020-10-12,27.19773571170815,27.347345795606422,26.953632202803917,27.268604278564453,17912800
2020-10-13,27.34734729188929,27.457586623298212,26.85126729675264,26.94576072692871,20995100
2020-10-14,26.81977359249196,27.426092943950678,26.79614873207897,26.890642166137695,17743000
2020-10-15,26.536293170205223,27.134736428736172,26.19769928584037,27.126863479614258,23251600
2020-10-16,27.063872569712785,27.27647827846366,26.67803491604362,26.851266860961914,22627200
2020-10-19,26.851257911179996,27.06386354906737,26.292185495140295,26.315807342529297,23645800
2020-10-20,26.504793320787662,26.717398976223944,26.24494396667378,26.536291122436523,23040600
2020-10-21,26.38667842839588,26.473295882220366,26.095331268637306,26.111080169677734,28619300
2020-10-22,26.126836628531787,27.528456184828805,26.00084838755898,27.44971466064453,31831500
2020-10-23,27.536328972807194,27.622946441726725,26.66228433741376,26.89851188659668,27429100
2020-10-26,26.46542724688094,26.591415471941936,25.945725443029797,26.26069450378418,30888700
2020-10-27,26.103213323097002,26.142584083003744,25.748870476343434,25.843360900878906,27100700
2020-10-28,25.276412925017215,25.49689459237859,24.819706692804772,24.85907745361328,42136400
2020-10-29,24.73308060818806,26.087455935933797,24.49685312176148,25.961467742919922,38622800
2020-10-30,25.52051404948431,26.09533551389252,25.205541985026773,25.68587303161621,47885700
2020-11-02,26.095337319853275,27.13474099918167,25.646504049406758,26.764652252197266,40130300
2020-11-03,27.158368153968066,27.158368153968066,26.087466574725497,26.307945251464844,36773000
2020-11-04,26.19770607945947,26.882766974961868,25.61500856806656,26.166208267211914,35410100
2020-11-05,26.276443552677314,26.70952789098181,26.095335665888026,26.11895751953125,30824100
2020-11-06,26.063835560154956,26.50479581332021,25.685870916211584,25.811859130859375,33985600
2020-11-09,28.678101321142176,29.930110869990198,28.39463001141917,29.07969093322754,76879400
2020-11-10,29.878050293878008,30.184492703018936,29.015175655424212,29.724830627441406,49055400
2020-11-11,29.910302370365415,29.934494135148917,29.18451866418902,29.41838264465332,34124500
2020-11-12,28.918397441181146,29.265160394701926,28.120035435658064,28.410348892211914,30933700
2020-11-13,28.547440794836117,29.23290068381194,28.53131192875512,29.095809936523438,29241500
2020-11-16,30.313510456771706,30.781235273541814,29.918360923817623,30.77317237854004,38596800
2020-11-17,30.49092916800361,31.216709793930526,30.14416618542947,31.184452056884766,26521100
2020-11-18,31.466702754480984,31.555409993541392,29.999009552573675,30.00707244873047,31068000
2020-11-19,29.72482525888914,30.240936753953875,29.482898380110942,30.160295486450195,26954400
2020-11-20,30.119973199970836,30.168359808520204,29.66031118568742,29.789339065551758,18351000
2020-11-23,30.240933964063537,31.797334278182024,30.063519500402297,31.74088478088379,29367600
2020-11-24,32.66827586716552,33.934365965574706,32.43441495175888,33.853721618652344,46979300
2020-11-25,33.60373266227623,33.63599040479346,32.781181761960454,32.91020965576172,28178200
2020-11-27,32.82150345416103,33.015043762933594,32.15216911867553,32.41022491455078,14971900
2020-11-30,32.0957155188546,32.16023099774254,30.619959316367442,30.748987197875977,45614300
2020-12-01,31.418319982417948,31.97475524941443,31.023173420909224,31.047365188598633,32472900
2020-12-02,30.958648844174665,32.59569027062754,30.918328217781234,32.2086067199707,29369500
2020-12-03,32.313435422504845,32.77309722609425,32.03925091893696,32.426334381103516,27038900
2020-12-04,32.877946907012294,33.6763059170101,32.78117677046317,33.611793518066406,28723600
2020-12-07,33.40212643419664,33.49889966188811,32.79730760432933,32.9827880859375,24899400
2020-12-08,32.684410900651606,34.3456478453451,32.61183251286723,34.06340026855469,32573800
2020-12-09,34.442405768856595,35.264959512799145,34.17628715902426,34.514984130859375,37824800
2020-12-10,34.83756230504741,35.86172247387631,34.48273331902542,35.49076461791992,38058700
2020-12-11,35.240773676731834,35.42625106053491,34.84562406687847,35.321414947509766,25478800
2020-12-14,35.75687620592952,35.85364632179514,34.01499873901585,34.04725646972656,30595000
2020-12-15,34.224669850981336,34.85368333180549,33.91823061998841,34.708526611328125,27138400
2020-12-16,35.28108906200612,35.57140251563332,34.64401265835385,35.24076843261719,34273000
2020-12-17,35.48269195152386,35.51494968251104,34.99883829178243,35.063350677490234,21204600
2020-12-18,34.89400440774964,35.30527973687508,34.20854142418493,34.458534240722656,46596800
2020-12-21,33.15213169668952,33.934364918223515,32.68440372777764,33.82952880859375,27869500
2020-12-22,33.531150237862974,33.78920597068421,33.24889966515619,33.25696563720703,21792900
2020-12-23,33.47470352066094,34.184358448248375,33.43438288215123,33.68437576293945,19085900
2020-12-24,33.58760688891375,33.74888944906845,33.36987174118372,33.54728317260742,8039000
2020-12-28,33.61985923935215,34.313385274808844,33.48276845741033,33.66018295288086,23877500
2020-12-29,33.902109921094734,33.966622325589405,33.22471275442977,33.28116226196289,20287700
2020-12-30,33.32955110114504,34.20855151329817,33.281164487338046,33.54728317260742,23807300
2020-12-31,33.44243565702239,33.611784117687606,33.03922327852448,33.24082946777344,22786500
2021-01-04,33.42631602398308,34.07145539249282,33.063424167862856,33.466636657714844,27764700
2021-01-05,33.7408214948965,36.12783871215317,33.73275859860419,35.07948684692383,44035100
2021-01-06,35.813331401415546,36.369763501612695,35.240770433293804,35.97461700439453,36484800
2021-01-07,36.28911655648221,36.748778453429665,35.91009591026478,36.256858825683594,29528100
2021-01-08,36.450407015620726,36.95038960489049,36.2488007855302,36.66007614135742,28628200
2021-01-11,36.321381085365,38.01487227778951,36.08751710770371,37.772945404052734,38246200
2021-01-12,38.27292182724718,38.84548272024411,37.8293887844505,38.61162185668945,36915100
2021-01-13,39.13579966952922,39.28095639858355,38.458402626031294,39.04709243774414,29000300
2021-01-14,39.11161291325412,41.19219091184583,39.11161291325412,40.57124328613281,35474800
2021-01-15,39.44225154246414,39.579345409208514,38.13584374100709,38.61969757080078,42411300
2021-01-19,39.07128656344425,39.86964548240064,38.990642228626996,39.38579177856445,24932600
2021-01-20,39.60354075778528,40.11158947838112,39.506770598332515,39.942237854003906,22342400
2021-01-21,39.78094328102733,39.82932680802561,38.45034091576903,38.79710388183594,29044500
2021-01-22,37.91003724139848,38.41808584397478,37.61166085790892,38.24873733520508,23264800
2021-01-25,37.821327209472656,37.94228909285645,37.22457145880582,37.821327209472656,26395800
2021-01-26,38.11164138884981,38.595498199600385,36.97458234417315,36.9907112121582,23976800
2021-01-27,36.2891216774911,37.62778693187676,35.91010097778743,36.57136917114258,32410300
2021-01-28,37.04715913872854,37.57133655904853,36.8455529118773,37.1439323425293,24967200
2021-01-29,36.732660071424355,37.12780969581565,35.893977288901844,36.160099029541016,38961100
2021-02-01,36.75684895529014,36.75684895529014,35.71656008079697,36.224605560302734,24412400
2021-02-02,36.942329288287034,37.89391100684814,36.51492195879515,36.79717254638672,31940400
2021-02-03,36.797163601719944,38.442267816252446,36.62781205982417,38.24066162109375,28459300
2021-02-04,38.61162599336552,39.01483845297298,38.103577432905375,38.974517822265625,25280300
2021-02-05,39.65997818729973,40.4180165118226,39.54707918963323,40.28092575073242,34980100
2021-02-08,41.063158273106616,42.22441220655996,40.89380976656705,42.014739990234375,36998700
2021-02-09,41.55546171052314,41.79329716299409,40.81735589291747,41.52265930175781,28977000
2021-02-10,41.52267301475997,42.1705653830861,41.32584285462303,41.924530029296875,25723800
2021-02-11,41.73590018091768,41.76870572695064,40.0054467340422,40.87477493286133,26972200
2021-02-12,40.53851870553972,41.58827096403124,40.522115935437235,41.43244934082031,19756700
2021-02-16,42.61342410101585,43.08089213721627,42.33458324358851,42.67903518676758,28060100
2021-02-17,42.933278038578955,43.6877900177779,42.482212692752825,43.34333801269531,25509700
2021-02-18,43.310523502923544,43.41713681390751,42.531409143879166,42.662628173828125,20627600
2021-02-19,42.736450520778575,43.105505119021174,42.58062573012655,42.94968032836914,22607200
2021-02-22,43.1301009118321,44.95076789025965,43.1301009118321,44.53250503540039,36435100
2021-02-23,45.09019012592023,45.319822688645566,44.07324323798599,45.14759826660156,33527900
2021-02-24,45.26241451561002,46.7468326071168,44.99997640739465,46.500797271728516,28728600
2021-02-25,46.73042850096241,46.951861235046586,45.393632274532294,45.729881286621094,29670900
2021-02-26,44.622721774723445,45.15580093891719,43.564766396959314,44.58991622924805,35291000
2021-03-01,46.3121688813457,47.247105008789475,46.033328007502035,46.2547607421875,36998300
2021-03-02,46.459786572459194,46.71402170083196,45.943110237478265,45.98411560058594,30302600
2021-03-03,46.271158443670835,47.534143709150435,45.82829612139972,46.353172302246094,35358900
2021-03-04,46.8452403972883,48.77252373434073,46.82883762646346,48.14923095703125,52137500
2021-03-05,49.06776772128475,50.06831172105769,48.477280481183,49.96989822387695,51429800
2021-03-08,50.502979892273025,50.527582485689294,49.059567260680986,49.920692443847656,38154600
2021-03-09,49.70745813437971,50.34715053293324,48.77252212772193,49.149776458740234,35645900
2021-03-10,49.6336559873706,50.7818219532382,49.231795865786026,50.65880584716797,31579100
2021-03-11,50.66700558030302,51.29849826824755,50.24054286395701,50.281551361083984,24802600
2021-03-12,50.47837443333155,51.15087243728979,50.43736906792119,50.82282638549805,20422700
2021-03-15,50.42917231060978,50.73261578729605,49.10057586531719,49.52703857421875,31243600
2021-03-16,48.829946781040306,48.92836030753702,47.92781288120667,48.477294921875,30624800
2021-03-17,48.13282810309543,48.98575341346268,48.07541996956192,48.69050979614258,25575500
2021-03-18,48.23125474010305,48.36247380520607,46.35317932890215,46.59101486206055,38622800
2021-03-19,46.50899938725402,47.13229227138198,45.77089334469304,46.328575134277344,84439400
2021-03-22,46.33677230351017,46.63201595503203,45.844701636646406,45.852901458740234,29315100
2021-03-23,45.05737834809623,46.16454189776027,44.65552141891004,45.28701400756836,33493300
2021-03-24,45.99232516622042,46.97646653640604,45.99232516622042,46.2055549621582,29781800
2021-03-25,45.2788084416413,46.33676361846237,44.69652419833981,46.07432556152344,31495900
2021-03-26,46.992864013025724,47.386521142431704,46.35317156880459,47.3291130065918,34226500
2021-03-29,47.0256779988202,47.41933519890251,46.533607280844656,47.074886322021484,21144400
2021-03-30,46.63201768143618,47.04207762850684,46.32857419658645,46.49259567260742,20303400
2021-03-31,46.2137481968559,46.4433838618729,45.76268294506797,45.787288665771484,23686500
2021-04-01,46.189152859000004,47.11588922883,46.04153102562853,47.066680908203125,23194500
2021-04-05,46.99286819273319,47.009270965647616,46.041529263259505,46.33677291870117,23264800
2021-04-06,46.61561490923859,47.18969946085295,46.13994386894097,46.2055549621582,18926300
2021-04-07,46.24657410150898,46.55822063006826,46.123557957861145,46.41059875488281,22385000
2021-04-08,45.869307706297285,45.99232694658713,45.36903405093212,45.92671585083008,21999300
2021-04-09,45.92670769497579,46.28755927203033,45.54125039712732,45.820091247558594,20020700
2021-04-12,46.550000776182536,46.57460649878674,45.36082951011276,45.51665115356445,20238800
2021-04-13,45.35263187152049,45.9103136787291,45.18040743566441,45.688880920410156,19370600
2021-04-14,46.26295701927789,47.57514742593271,46.131737978612406,47.0092658996582,28051100
2021-04-15,47.091282225632405,47.091282225632405,46.5664060005672,46.730430603027344,23250300
2021-04-16,47.042067675993465,47.304505736314916,46.28755590618794,46.46798324584961,22752000
2021-04-19,46.54180246000697,46.86164870762884,45.893907014126825,46.320369720458984,21123300
2021-04-20,46.312166830819116,46.312166830819116,44.926162344915134,45.344425201416016,21782100
2021-04-21,44.696535961968564,46.033332317180665,44.532511351085176,45.92671585083008,16625600
2021-04-22,45.91850926396702,45.91850926396702,45.12299205189939,45.32802200317383,21600100
2021-04-23,45.32801562212833,45.87749431250682,45.2542047249199,45.57405090332031,15337900
2021-04-26,45.49204029455962,46.16453819139665,45.467434576425745,45.66426467895508,16083800
2021-04-27,45.93491313765218,46.44338971617052,45.77089166433304,46.262962341308594,19278600
2021-04-28,46.673021070422905,47.944206226712375,46.57460756328352,47.65716552734375,24729800
2021-04-29,48.321464962731206,48.78073325158912,47.68997536725181,48.337867736816406,27318400
2021-04-30,47.83759536879231,48.296860511507546,46.87805345695956,46.94366455078125,30518400
2021-05-03,47.550547759352796,48.37887054643544,47.35372075049774,48.23944854736328,20509600
2021-05-04,48.387078416811015,48.79713840339416,47.98521825341539,48.54290008544922,23522200
2021-05-05,49.018571465059324,50.06832403587435,48.715127949153626,50.002716064453125,31526200
2021-05-06,49.91249670151338,50.55218921068858,49.23179569528104,50.47837829589844,26836800
2021-05-07,50.08472114178131,51.232890232531375,49.90429376590396,51.2000846862793,33610600
2021-05-10,51.864387722342215,52.5040771624398,51.28210017222859,51.3231086730957,31956600
2021-05-11,50.543992220982894,51.16728199196762,49.527042130049715,49.69106674194336,34563800
2021-05-12,49.9323569897578,51.321911023304956,49.71602088959705,49.95732116699219,34426500
2021-05-13,49.09197511839553,50.298473446800244,48.88395827467352,49.34159469604492,24268200
2021-05-14,49.86578739570412,50.656251868076296,49.86578739570412,50.56472396850586,20735400
2021-05-17,50.37336366683906,51.796198229928905,50.281835740426494,51.746273040771484,25282500
2021-05-18,51.58817139586861,51.83779094522521,50.25686501657688,50.28182601928711,25170800
2021-05-19,49.17517219140454,49.807545065852814,48.609366219144334,49.07532501220703,28889800
2021-05-20,49.05036732615641,49.21678141878962,48.45960031268908,48.958839416503906,20692500
2021-05-21,49.44143955153643,49.78259020621086,48.96716142423123,49.02540588378906,20792700
2021-05-24,49.15854220124974,49.7576285548545,48.834033257694266,49.59953689575195,18400300
2021-05-25,49.50800307271058,49.541286525632245,48.359749339591374,48.47623825073242,25616100
2021-05-26,48.46792783814551,49.19182561410868,48.17670550703543,49.04205322265625,21698700
2021-05-27,49.28334414443637,49.67441677802131,48.27654350699933,48.725860595703125,33556000
2021-05-28,48.867316675224785,48.92556113769382,48.35143579017684,48.567771911621094,19246800
2021-06-01,49.46640655268331,50.506490781402114,49.46640655268331,50.306793212890625,28474200
2021-06-02,50.54808892676739,51.01404776160239,50.065488364893476,50.706180572509766,22978300
2021-06-03,50.38167666287093,51.09725508114586,50.215262560514084,50.905879974365234,20272800
2021-06-04,51.138858217275015,51.33855577649809,50.57305216924217,51.13053894042969,20427800
2021-06-07,51.03069526422686,51.36352032041922,50.77275322705745,50.79771423339844,15477900
2021-06-08,51.17214673021262,51.987572427299746,50.48152924265041,51.69635009765625,28953400
2021-06-09,52.145651612875504,52.76970203336899,51.74625972464982,52.12901306152344,29133000
2021-06-10,52.92781303946552,53.23567711907083,51.7962007560578,52.21223449707031,27488700
2021-06-11,52.428554671416194,52.578327026473616,51.70465707136172,51.729618072509766,17631700
2021-06-14,51.83779463240171,52.23718657459762,51.23038585526511,51.646419525146484,16997200
2021-06-15,51.98756342411517,53.58513425686734,51.87939378865807,53.52688980102539,30717100
2021-06-16,53.51857755072377,53.91797271559541,52.88620769216689,53.33552169799805,24803200
2021-06-17,53.13582587164524,53.63506505328382,50.98077113002132,51.57986068725586,28491800
2021-06-18,50.75611327326406,51.21374972533708,50.123743422522594,50.256874084472656,39590700
2021-06-21,50.69786601583351,52.170625667995274,50.67290500999379,52.079097747802734,33145400
2021-06-22,52.295434121331425,53.26063533955138,51.77955322897108,53.077579498291016,25140400
2021-06-23,53.2939250369227,53.83476382448221,52.9028523026533,53.468658447265625,20701600
2021-06-24,53.37712144502022,53.718265755381125,53.094218420790554,53.68498229980469,19568400
2021-06-25,53.75987343171685,54.02613473692386,53.551856588643545,53.80147933959961,18438300
2021-06-28,53.71826200945391,53.71826200945391,52.212222251618314,52.428558349609375,20570000
2021-06-29,52.59497333184371,53.06093216305135,52.07909249399284,52.10405349731445,19579300
2021-06-30,52.17062988568265,52.611624619623775,51.96261302264092,52.48681640625,17875500
2021-07-01,53.526892564503406,53.601775576665,52.228866394258276,52.63657760620117,22530300
2021-07-02,52.428564444463284,52.68650647605204,51.9376445611719,52.56169509887695,14555300
2021-07-06,52.21223020744258,52.220549484981696,50.67290676179751,51.0639762878418,22110800
2021-07-07,50.90587852245963,51.43008181900294,49.60785236999973,50.26518630981445,21671400
2021-07-08,49.466409586352526,50.514813156599956,49.34992065344563,50.04053497314453,18935900
2021-07-09,50.50649216806432,51.13054272242899,50.123741923167785,50.947486877441406,20086000
2021-07-12,50.2735020486724,51.17213620808229,50.0571659588615,50.897552490234375,21809400
2021-07-13,50.75610481569806,51.18045773805166,50.34839044599103,50.65625762939453,17147300
2021-07-14,50.89756043242982,51.363519310842754,49.39152049653449,49.5329704284668,21573600
2021-07-15,49.233425744076,49.67442361737445,48.90060069387011,49.05037307739258,15851100
2021-07-16,49.241745178456085,49.308308914784924,47.552649502767636,47.69409942626953,27049500
2021-07-19,46.29622812587823,46.76218699742899,45.43087729617757,46.054927825927734,37969100
2021-07-20,46.17974211664439,47.095015015087895,45.78866941094027,46.56249237060547,26756100
2021-07-21,47.311348677779606,48.50952448489259,47.286387673699636,48.06020736694336,20908700
2021-07-22,48.03524423398104,48.043566684362155,47.14493248829043,47.51936340332031,13493800
2021-07-23,47.669137435078184,47.669137435078184,46.98684248788604,47.46112060546875,14088200
2021-07-26,47.56096930190375,48.80075104225575,47.42783865369887,48.659297943115234,18387600
2021-07-27,48.26822700145138,48.26822700145138,47.602573736622844,48.11845779418945,16861400
2021-07-28,48.2599068118357,48.784110136639114,47.94372032673847,48.442962646484375,16855300
2021-07-29,49.091974014227986,49.36655776532603,48.72586552018233,49.033729553222656,18607800
2021-07-30,48.99212028737725,48.99212028737725,47.694094242161455,47.9021110534668,28652800
2021-08-02,47.88547054653076,49.14189389628294,47.760662361021524,47.91043472290039,20873800
2021-08-03,47.902112043549344,48.6010486709449,47.36958950345458,48.42631530761719,18208200
2021-08-04,47.585934392704004,48.16006294133154,47.26975105987017,47.29471206665039,20868300
2021-08-05,47.53601288890102,48.01029106732304,47.28639329616606,47.59425735473633,15180200
2021-08-06,47.97700705516339,48.318154568586245,47.8688374023946,48.1434211730957,14888500
2021-08-09,47.53601288890102,47.860518676865,47.28639329616606,47.59425735473633,17828200
2021-08-10,47.77731020460704,48.55945561854479,47.677463001965,48.40968322753906,16340200
2021-08-11,48.41799773900526,48.67593975903142,48.02692824461821,48.55112838745117,18278600
2021-08-12,48.48356178569413,48.81297918990583,48.035889088317845,48.44132614135742,19225500
2021-08-13,48.171022674538065,48.20480989267087,47.554420443183396,47.951412200927734,20063000
2021-08-16,47.31792540132519,47.377051433291314,46.68442943986496,47.25035095214844,16959500
2021-08-17,46.87870148696978,47.55442987298717,46.45637084294303,46.92938232421875,16243700
2021-08-18,46.81112400159717,47.14054458916184,45.87355273924616,45.941123962402344,21890500
2021-08-19,45.16404853777142,45.366765480370844,44.0068600370995,44.538997650146484,30923500
2021-08-20,44.15044016105717,44.885294483727385,44.015294501461184,44.54743194580078,16918300
2021-08-23,45.56947794266939,46.507052504568414,45.56947794266939,46.38035202026367,21632600
2021-08-24,46.701326234512685,47.174334522473714,46.46481886840487,46.76045227050781,17915600
2021-08-25,46.65908639386745,47.10675580155135,46.34655942800624,46.84490966796875,13270300
2021-08-26,46.62531129717176,46.91249631051219,46.14385454276688,46.21142578125,11842600
2021-08-27,46.79423814796447,47.47841175107169,46.79423814796447,47.10676193237305,15822500
2021-08-30,47.503754176666,47.58821902003226,46.55773117590221,46.59151840209961,14086100
2021-08-31,46.3972371505383,46.71820928920292,46.00024537961434,46.050926208496094,27104100
2021-09-01,46.02559567442087,46.253651390046514,45.273844410512545,45.41743850708008,21644100
2021-09-02,45.856654150176134,46.99694540247064,45.83976054068916,46.5239372253418,23293300
2021-09-03,46.557722910241004,46.726655789109145,46.11849871403452,46.3465576171875,13840000
2021-09-07,46.177625682975346,46.68442432994733,46.00869602277808,46.07626724243164,14354400
2021-09-08,46.27899288087467,46.60841026863694,45.62015488322301,45.6539421081543,18756700
2021-09-09,45.29073704813211,46.45637051973187,45.02044569560565,45.68772888183594,19110800
2021-09-10,46.616857549172565,46.6506447756153,45.56947930646596,45.594818115234375,15123700
2021-09-13,46.16074026468899,47.24190567256666,46.135398235229495,46.76889419555664,22052300
2021-09-14,47.039183362204696,47.10675780812125,45.958018004555235,46.10161209106445,19940300
2021-09-15,46.76888722440004,47.74869403477542,46.71820961728897,47.65578079223633,23240900
2021-09-16,47.68957331457573,47.68957331457573,46.87869928936741,47.148990631103516,17907200
2021-09-17,46.74355769786067,47.93453003323752,46.54083756280351,46.59151840209961,30000400
2021-09-20,45.42588078605675,45.75529815650907,44.73325882199625,45.34986114501953,27555100
2021-09-21,45.92422708670237,46.04247913541529,44.978207474872356,45.30762481689453,19696800
2021-09-22,45.9749085924105,47.22500676050944,45.924227761306206,46.63374328613281,25690600
2021-09-23,46.81112002914052,48.34840630760538,46.69286798205706,48.213260650634766,23069400
2021-09-24,47.89229494934538,48.83831467539513,47.87540133718575,48.64404296875,22328600
2021-09-27,49.70831880400897,50.51074772520957,49.68297999477049,50.088417053222656,32972200
2021-09-28,50.59521593178838,51.08511783713198,50.26579530014724,50.61210632324219,37619300
2021-09-29,50.5445285120988,50.84015865597071,49.87724536207145,50.57831573486328,23422800
2021-09-30,50.781034778389355,50.82326719757055,49.67453057405754,49.68297576904297,31289600
2021-10-01,50.18132448075175,51.51589079564783,50.18132448075175,51.4652099609375,24407300
2021-10-04,51.79463765502923,52.42813371560652,51.48211383400682,52.132503509521484,33946700
2021-10-05,52.80822347748497,52.960262765267125,51.54123156071842,52.04802703857422,29641600
2021-10-06,51.076669467302686,51.62569737499787,50.46851230468438,51.093563079833984,25284900
2021-10-07,51.194923492425474,51.591915346788426,50.79793163806252,51.23715591430664,19513600
2021-10-08,51.73549905847284,52.72375112651995,51.73549905847284,52.521034240722656,22186900
2021-10-11,53.23899475174567,53.26433677895697,51.94666413840733,51.997344970703125,22121500
2021-10-12,52.005798793900084,52.35210981673149,51.39764159395134,51.7270622253418,20198600
2021-10-13,51.33850922812516,51.85375310098886,50.85705257823248,51.58346176147461,14991700
2021-10-14,52.124043139269496,52.554822166078544,51.66792530692821,52.368995666503906,18594500
2021-10-15,52.98559595340516,53.27278088630139,52.740643435496985,52.86734390258789,16092600
2021-10-18,53.28967994249663,53.331912361800505,52.59705795510653,52.842010498046875,18282800
2021-10-19,53.10385642235954,53.728907218498115,52.93492351350096,53.63599395751953,18933200
2021-10-20,53.120751251677184,53.94851897969631,52.97716037024253,53.93162536621094,14305200
2021-10-21,53.61065843626997,53.75424932322186,52.66463537750394,52.951820373535156,16564600
2021-10-22,53.019387548760356,53.399485759267435,52.66462814491142,53.31501770019531,14266800
2021-10-25,53.82182000682587,54.41308034944773,53.7035679383015,54.35395431518555,17939800
2021-10-26,54.47220772296631,55.6969705260157,54.36240406928101,55.61249923706055,25585100
2021-10-27,55.038123925581985,55.11414033625252,54.04142028328253,54.16811752319336,21764500
2021-10-28,53.90628151259111,54.455312622042584,53.74579703268894,54.32016372680664,16626400
2021-10-29,54.94522358221633,55.20706653944605,54.337066377065625,54.455318450927734,23966300
2021-11-01,54.96211135598691,55.81522108614877,54.919875712652946,55.43511962890625,19656400
2021-11-02,54.9283318014337,55.28308805566828,54.6158111964317,54.750953674316406,16300000
2021-11-03,54.09210835385919,54.43841612258514,53.771136169955184,53.99919509887695,17372800
2021-11-04,54.632692094211876,54.81007019050021,53.91473129182933,54.40463638305664,17720100
2021-11-05,54.94520990199077,55.18171399083035,54.5313213022684,54.919864654541016,18565100
2021-11-08,55.367548048752845,56.0686119953757,55.22395073723609,55.511138916015625,17696000
2021-11-09,55.55337753180562,56.060179528024136,55.16483406049181,56.05173110961914,18781300
2021-11-10,55.914759988706415,56.1972458010987,54.58794070322216,54.94746780395508,20177200
2021-11-11,54.94746879149954,55.495316511576924,54.801941638619624,55.05018615722656,13319300
2021-11-12,54.75057857568834,55.10154696280466,54.42529605880886,54.6307373046875,18158900
2021-11-15,54.57938319336525,55.443954819255644,54.117138691085245,55.10155487060547,18849200
2021-11-16,55.075866143918354,55.957564905518346,55.075866143918354,55.657955169677734,17028700
2021-11-17,55.11010679752066,55.846278395910886,54.938906834068966,55.05018615722656,15497000
2021-11-18,54.92178315253958,55.2385037016949,54.022967120329724,54.45097351074219,16948200
2021-11-19,52.97864400243751,53.09848529986664,51.71174515536751,51.93430709838867,32035500
2021-11-22,51.6347004189799,53.535050195848534,51.6347004189799,52.65335464477539,21994400
2021-11-23,53.23544205231829,54.254099511885954,53.00431817322555,54.040096282958984,21185900
2021-11-24,53.56928537601742,54.65641881495011,53.56928537601742,54.33969497680664,15869700
2021-11-26,51.8058933860121,52.576302922040945,50.96700126077381,52.430782318115234,24979600
2021-11-29,53.56073223867932,54.04865937915419,52.465036662234766,52.721839904785156,18946400
2021-11-30,51.754539187330835,52.37942821292638,51.06972951992682,51.223812103271484,34979800
2021-12-01,52.131189910697294,53.098482192150946,51.14677371297833,51.18101501464844,30630600
2021-12-02,51.13821307953439,52.713276976851475,50.624603370265476,52.45647048950195,29216000
2021-12-03,53.00431566003979,53.26968082688185,51.66037570733538,52.122623443603516,22014700
2021-12-06,52.8331095461245,53.20975399177079,52.576303101143814,52.7132682800293,19210500
2021-12-07,53.3638452033081,53.954492938567455,53.15840066710522,53.303924560546875,19800400
2021-12-08,53.59496974986528,54.091455548278105,53.36384586829322,53.4580078125,18214400
2021-12-09,53.11560228110522,53.73193264292634,52.91016100411833,53.594970703125,16910300
2021-12-10,54.15993164799007,54.228410975736956,53.26967752927216,53.9373664855957,17942400
2021-12-13,53.47513165792916,53.68913490193825,52.51639477365858,52.756080627441406,17793700
2021-12-14,52.43935314917219,53.47513132546362,52.405115112070675,52.679039001464844,22551100
2021-12-15,52.37942390032363,52.64478905321979,51.369328499531534,52.447906494140625,19961900
2021-12-16,52.59343657784007,53.45801152059126,52.47359528251148,52.53351593017578,21187800
2021-12-17,52.173981389213864,52.45646391830972,51.09540342066311,51.38644790649414,44338100
2021-12-20,50.32500735206268,50.71877256634275,49.61451496220764,50.64173126220703,21819300
2021-12-21,51.14677054034777,51.942862794929844,51.1210911984032,51.788780212402344,19798900
2021-12-22,51.65181936463427,52.53351162117223,51.33509550075474,52.208229064941406,14058300
2021-12-23,52.36230576365776,52.93583608538271,52.21678514296081,52.23390579223633,13543300
2021-12-27,52.15685858649534,53.029992007917976,51.72029024306923,52.97863006591797,12593700
2021-12-28,52.99575030642816,53.33815671960722,52.55918523178294,52.80742645263672,12781000
2021-12-29,52.62767068905081,52.730391318805054,52.14830230781442,52.34518814086914,12733600
2021-12-30,52.405103579907,52.730386086087584,52.01989717476724,52.037017822265625,11940300
2021-12-31,51.99422566580924,52.61911469916646,51.95998436565622,52.37942886352539,14072000
2022-01-03,52.42223087935953,54.44241855907084,52.39654827213822,54.39105987548828,24282400
2022-01-04,54.89610575450576,56.65949679610771,54.87042641205577,56.43693161010742,38584000
2022-01-05,56.924863179524735,57.875038109952584,56.9077457935006,57.13886642456055,34033300
2022-01-06,58.20888326412122,58.61977237250554,57.41279092295101,58.48280715942383,30668500
2022-01-07,58.65400825749558,59.21897997588311,58.19176698172881,58.96217346191406,23985400
2022-01-10,59.039216359997056,59.21041634389767,58.16607946186596,58.611209869384766,22760300
2022-01-11,58.97073174865172,61.11932608709834,58.70536982337181,61.07652282714844,32936100
2022-01-12,60.89675521850586,61.47028227559277,60.46874878231683,60.89675521850586,23045100
2022-01-13,60.879640849794285,61.27340600688682,60.186265947842855,60.46018981933594,21043200
2022-01-14,60.4773116421594,61.761330969887375,60.43450838555779,61.52164840698242,23012900
2022-01-18,62.334865063460605,63.24223673414787,61.64149663818907,62.557430267333984,32841200
2022-01-19,63.13093936515006,63.22510128870578,62.10372669290813,62.583091735839844,26431600
2022-01-20,62.06094652082621,63.66169328564587,61.855505216157056,62.72007369995117,26774600
2022-01-21,62.64302487805739,62.64302487805739,60.81115777713182,61.77845001220703,35995200
2022-01-24,60.67418968721539,62.55742191391861,59.758256180376875,62.30917739868164,41507000
2022-01-25,62.137956322384014,64.40639119463323,61.110743734994124,64.14102935791016,39278400
2022-01-26,64.56904889515408,65.05697595357148,62.908381892779914,63.49047088623047,35252400
2022-01-27,64.59472928534223,65.06553896816024,63.33638934295573,64.3036880493164,29174700
2022-01-28,64.17527383126772,64.7316833982253,63.30213721090753,64.44063568115234,30595700
2022-01-31,64.17528469901984,65.41650072477677,63.57607178280013,65.02273559570312,36085500
2022-02-01,65.44218741932302,69.77361738758398,65.28810482707878,69.1915283203125,61033100
2022-02-02,68.53239284625856,69.17440254151337,67.7534244787301,69.01176452636719,30299300
2022-02-03,68.55806943386584,68.74639331517639,67.64213590001363,68.20710754394531,28529400
2022-02-04,69.22577101280858,70.64674914239995,69.22577101280858,69.68801879882812,32197500
2022-02-07,69.45689264989434,71.11755992037595,69.02888616004739,70.52690887451172,34949200
2022-02-08,70.42417927027371,70.62106511325887,68.41255023685595,68.70359802246094,34356300
2022-02-09,68.87669552476412,69.26616903667669,68.12370591803787,68.37470245361328,40106100
2022-02-10,68.1323554064126,68.96323698414204,67.32743784622785,67.71691131591797,28527700
2022-02-11,68.04580555667448,69.51715709249031,67.70826012665485,69.42195129394531,42002100
2022-02-14,68.87669923173563,69.10172515580207,66.68697868676465,68.3573989868164,34652800
2022-02-15,66.55713955904336,67.67363850913966,66.14169547864908,67.50053405761719,25075100
2022-02-16,68.19294173756559,69.0065161883225,67.54381487236847,67.81211853027344,21733800
2022-02-17,67.92465815639042,68.47857938348893,67.46593615599338,67.70828247070312,23738800
2022-02-18,66.78218623361138,67.65633913730758,66.54849682521895,66.95528411865234,23394800
2022-02-22,68.95457732821357,69.0584399974613,65.1809861879199,66.17631530761719,35947800
2022-02-23,66.17633738229996,67.05049698110128,65.89071989903888,66.44464111328125,25385000
2022-02-24,68.37470833671355,68.40067235930698,64.07315917343904,65.6051025390625,46199900
2022-02-25,66.37539719200537,67.50054662165988,66.00323080603435,67.37071990966797,28310300
2022-02-28,66.21959723317764,68.31411167022142,65.95128697156991,67.8727035522461,32204600
2022-03-01,68.17563298635271,69.8027820071145,67.79481635441178,68.52183532714844,40002300
2022-03-02,69.75950611964193,71.10103775018258,69.0844151686769,69.69892120361328,44321400
2022-03-03,69.11903418034859,70.77214061737052,68.91996568838783,70.14032745361328,30196600
2022-03-04,70.14899102745832,72.94456083348503,69.81144552893821,72.78011322021484,42802200
2022-03-07,73.4984856706171,75.49780134265272,72.61567584641826,75.40259552001953,55207900
2022-03-08,77.07300789965898,79.20214346813859,73.93988616217919,75.97381591796875,72082300
2022-03-09,72.72818974487421,74.92656736263208,70.62501795096401,71.65496826171875,65466700
2022-03-10,72.7108682723017,74.15625589031725,71.75015995056437,73.8792953491211,44644200
2022-03-11,72.76279828265497,74.6322869388508,72.67624934929636,73.49847412109375,35303400
2022-03-14,71.88864100915693,72.22618648159026,69.6729565535411,70.86734771728516,37462600
2022-03-15,68.21892474807142,68.52184938218018,66.09844570604837,66.83412170410156,47957900
2022-03-16,67.34476996065486,68.04583171060453,65.99458772162359,66.5831298828125,37812300
2022-03-17,67.66499425808352,68.50453284561236,66.70428583351557,68.3573989868164,34041900
2022-03-18,68.4266339280736,68.7122513728811,67.59575221857428,68.0890884399414,41461500
2022-03-21,69.34407707173379,71.42127822031466,69.01518182737473,71.14431762695312,33089300
2022-03-22,70.65097839160498,71.144314634129,69.92395934083743,70.83273315429688,23132200
2022-03-23,72.13098112698736,72.93589878247602,71.87999119216434,71.94922637939453,27716300
2022-03-24,72.2348454297361,73.2647956257454,71.62033938271078,72.16560363769531,19871600
2022-03-25,71.76746946247015,73.99181073948107,71.65495650876903,73.74081420898438,22398300
2022-03-28,71.98383788302293,72.10500769894266,70.98850873517397,71.67225646972656,21552400
2022-03-29,69.94125448904114,71.39529894437933,69.03248083149228,71.29144287109375,27036300
2022-03-30,71.88863221620943,72.71086351518417,71.58570767585442,72.51179504394531,22079000
2022-03-31,71.7241959217763,73.04841371554116,71.44723538061803,71.48184967041016,27861500
2022-04-01,70.96254500848266,72.82337662238258,70.96254500848266,71.94056701660156,18671100
2022-04-04,72.32139258351847,72.40794812306393,71.0144884581173,71.9751968383789,20869400
2022-04-05,72.26946908804254,73.62830794329207,71.45589450861867,71.60303497314453,21753100
2022-04-06,72.2002387105864,73.30808118772634,71.78480108328993,72.39930725097656,24768200
2022-04-07,72.5550782940583,73.94853788830903,71.5857130883699,73.61099243164062,26122000
2022-04-08,73.71486742841765,75.48049382591567,73.71486742841765,75.1602554321289,24866500
2022-04-11,74.24281569051361,74.37264240766916,72.26947072018483,72.57239532470703,21800100
2022-04-12,74.18222668781483,75.14293509733844,73.89660924644063,74.08702087402344,22444200
2022-04-13,74.96117946793231,75.39393076073725,73.73216738114884,75.13427734375,19306800
2022-04-14,75.01311125415991,76.56236175212072,74.63229458770111,76.01709747314453,24566400
2022-04-18,76.59698864232624,76.93453416570947,75.94786161993365,76.64026641845703,19032300
2022-04-19,76.1728881080835,76.73546613670594,75.53241140927715,75.95651245117188,20382600
2022-04-20,76.13825739897632,76.59697267599455,75.55837229796309,76.12960052490234,20689400
2022-04-21,76.98644741618591,77.72212984942782,75.11696538474153,75.3246841430664,29010900
2022-04-22,75.00446139246749,76.26809444505005,73.56772385121954,73.68023681640625,23591600
2022-04-25,71.29145673672926,71.54245330141964,68.62570694959824,71.19625091552734,37698300
2022-04-26,71.60303702354172,73.32538544532885,71.12700792551105,71.22221374511719,28941500
2022-04-27,72.17425586446694,73.9831595962892,71.2135475223684,73.25613403320312,32773000
2022-04-28,73.46385886303321,76.28539920915496,72.76280386480704,75.4718246459961,33683800
2022-04-29,76.28539771986907,76.28539771986907,73.30806669857097,73.78409576416016,34656500
2022-05-02,73.57638843237503,75.33335790596051,73.247493171095,74.78809356689453,36335200
2022-05-03,74.65825408002851,76.83931766685458,74.53708424760822,76.32867431640625,33908100
2022-05-04,77.46248916950418,79.5223831523683,76.9518457624215,79.36659240722656,46188400
2022-05-05,79.660850668611,79.6695075424995,76.50176523183339,78.16352844238281,41013400
2022-05-06,78.74342700989405,79.47044600176824,77.33265358958579,79.3579330444336,29619300
2022-05-09,77.41056339566363,77.51441949330068,72.71953375563074,73.10035705566406,45851600
2022-05-10,74.12163591680732,75.20351407603589,72.28676818158196,73.58502197265625,34483200
2022-05-11,74.80538480486223,76.9777980294229,74.67555810319536,75.1169662475586,33020600
2022-05-12,75.15194309239321,75.52792168007998,72.92230821546926,75.45797729492188,29491500
2022-05-13,76.38479794431417,77.77504002482515,75.50168429321207,77.69635009765625,25798400
2022-05-16,77.80127370128409,80.42437790782786,77.7925281527439,79.52377319335938,26101200
2022-05-17,80.20580550343051,80.8353450633879,79.67244031733698,80.5380630493164,23120700
2022-05-18,80.88780769778668,81.24629520708602,78.54450054927058,79.26148223876953,25451200
2022-05-19,77.81875617261886,80.70417339569346,77.81875617261886,79.68990325927734,24387400
2022-05-20,80.3806558756701,81.83210338374889,79.0428738136599,80.31945037841797,28795000
2022-05-23,81.01896740506565,82.86387832447866,80.92278636133173,82.09443664550781,27239300
2022-05-24,81.15884863696795,82.88135490082654,80.72166457693884,82.54035186767578,24293300
2022-05-25,82.69773829485308,84.40275345851896,82.6015572680925,84.20165252685547,29947800
2022-05-26,84.4639639868112,85.18969116977767,84.11421538422135,84.49893951416016,24314800
2022-05-27,83.89561902138662,85.62687084606331,83.32728507620583,85.32958221435547,25588800
2022-05-31,86.17771891430311,87.24444907742387,83.68577113129928,83.93933868408203,44888100
2022-06-01,84.83119798488539,86.30888234545395,84.48145604920747,85.54817962646484,25815400
2022-06-02,85.06729383472312,85.77553003241962,84.63010967893005,85.39955139160156,19089100
2022-06-03,85.60065015226674,87.13954008875854,85.60065015226674,86.64114379882812,21038200
2022-06-06,86.7198350322375,87.24445459802973,86.27390539940923,86.42254638671875,20682100
2022-06-07,87.17450192842959,90.43589806468884,86.99088541734952,90.38343811035156,37810200
2022-06-08,90.48837622887672,92.30706394875656,90.04245318547324,91.45018005371094,31613200
2022-06-09,90.42715632767167,91.43268107722575,89.32545721474446,89.4740982055664,26607000
2022-06-10,89.1330797752073,90.36593523780097,87.25318716255869,87.8390121459961,30950500
2022-06-13,85.26837490108252,85.48696692793928,82.12065104852529,83.80818176269531,33421000
2022-06-14,85.17219827175954,86.27389725464647,83.30104443461228,84.02677154541016,31264000
2022-06-15,83.93060715466075,84.43774234493675,81.55232442733924,82.96880340576172,29620800
2022-06-16,80.80035987518484,81.42989930793149,78.9379515400825,79.90850067138672,35696700
2022-06-17,79.53252127153708,79.87352429556191,74.89837436178723,75.30058288574219,64610200
2022-06-21,77.45152901525249,80.9052803916685,77.39906239228488,79.98719787597656,35951500
2022-06-22,76.54217820503057,78.4832763004534,76.53343265687226,76.82197570800781,29727200
2022-06-23,77.52150349145896,77.86250662474914,73.02724389734219,74.50492858886719,35757200
2022-06-24,76.02631939199416,77.29415740244151,75.02954008496691,75.98260498046875,26639000
2022-06-27,76.77826340475143,78.72810727096814,76.65585240015301,77.8449935913086,25478700
2022-06-28,79.67243455577822,81.52609091158892,78.99916729111482,80.00469207763672,33096900
2022-06-29,81.29875379244208,81.49110918252585,76.73455096692622,77.04932403564453,25400900
2022-06-30,75.31808165354461,76.59465851722668,74.03275923937899,74.88089752197266,39948100
2022-07-01,75.84269866234509,76.83947791429014,74.06773221670434,76.55094146728516,26327900
2022-07-05,75.49293340157544,75.80770642977245,72.58129289710116,74.1551513671875,34591100
2022-07-06,73.2370824847556,74.52240480934469,70.83256992868488,72.8173828125,33375700
2022-07-07,74.65355301696175,75.86018537813327,74.58360863224877,75.14320373535156,23817400
2022-07-08,76.02630573998088,76.33233992020723,74.26008506408003,75.26560974121094,17673800
2022-07-11,74.46994337095094,75.30059722347794,73.76170721249252,74.88089752197266,15603800
2022-07-12,73.2545709191083,74.36502233233452,72.45015373010844,73.88411712646484,21013000
2022-07-13,72.90480468917345,75.46670331023994,72.83486031593756,74.18138122558594,19928600
2022-07-14,71.56703343655188,72.84361016524696,70.55276982742282,72.6949691772461,26343000
2022-07-15,74.14642022365597,74.21636460429625,72.4851194395343,73.91908264160156,17243700
2022-07-18,75.70279596029694,76.89193717690517,74.97706879543023,75.28309631347656,19395800
2022-07-19,75.5628935913936,77.39906536418037,75.41425260755982,77.18047332763672,18248900
2022-07-20,76.57715511180685,78.38709670118622,76.28861205545246,78.02860260009766,16584400
2022-07-21,76.00881043863164,76.76951299947248,74.50489641263738,76.72579193115234,21375700
2022-07-22,76.55094592101602,77.35536314115858,75.74652202997288,76.1399917602539,15479500
2022-07-25,77.0843166841591,78.80681672442921,76.4372793042413,78.67566680908203,17536400
2022-07-26,79.68116585178402,79.81232240639622,77.81876412316906,78.36961364746094,15141200
2022-07-27,78.93795931229442,80.4418736699904,78.16851770480109,80.0658950805664,18047000
2022-07-28,80.59927906998303,81.53485298756189,79.57626964691951,81.0014877319336,20353100
2022-07-29,82.58406656085889,85.26837643201868,82.27803905194477,84.75250244140625,29825800
2022-08-01,82.88136543249998,83.3710095072635,81.51735312657293,82.61031341552734,20793200
2022-08-02,82.79392647805274,83.23984945423297,82.03322374725717,82.25181579589844,16722500
2022-08-03,82.5578367857368,82.5578367857368,79.38388289257819,79.5849838256836,23580800
2022-08-04,78.9642004111616,78.99043039327351,75.57165374970397,76.23617553710938,31821500
2022-08-05,75.51044132723949,78.42208915153692,75.44049026740586,77.3378677368164,17408000
2022-08-08,77.47776532170346,78.34338795605387,77.13676226359877,77.7750473022461,14458500
2022-08-09,78.73685433402541,80.10086650914808,78.64941218257431,79.2090072631836,19083400
2022-08-10,79.28770744891214,80.2582566699695,77.98490071838195,79.96096801757812,18302000
2022-08-11,81.08219935064972,83.25404999014526,80.7290592575854,82.2740707397461,18797900
2022-08-12,81.64723175984159,83.00683582750362,81.32056979070903,82.98918151855469,15058200
2022-08-15,79.92565451842405,81.86795881735392,79.15756736381618,81.5059814453125,20755200
2022-08-16,81.24995143835484,82.00921481719712,80.59663413646125,80.74671936035156,14038200
2022-08-17,80.57896096447378,82.29171857098929,80.26996003951349,81.4000244140625,13678000
2022-08-18,82.23875789645471,84.14574005299701,82.18578149230373,83.32467651367188,17770400
2022-08-19,83.1304680698915,84.04864059860134,82.81263652698541,83.0598373413086,16128600
2022-08-22,82.47712328418574,83.42178715138537,81.09985810023142,82.99801635742188,16019900
2022-08-23,84.3576391460077,86.88263016369203,84.2693473770561,86.5206527709961,23764700
2022-08-24,86.52947516292046,87.37702352661545,85.95561239724863,87.03270721435547,17050300
2022-08-25,87.3328783448447,88.16277240447643,86.60893035741566,87.48296356201172,15305700
2022-08-26,87.2004635316127,88.20693456399597,86.00859862616225,86.40589141845703,15531400
2022-08-29,86.67955345911666,89.66363017238456,86.64423810481753,88.3923110961914,23059200
2022-08-30,86.83848370966892,87.06803018314822,84.59600885447506,85.02861022949219,17086800
2022-08-31,83.01566400374513,85.49650858743051,82.6272018606971,84.39292907714844,18340900
2022-09-01,83.35998349851018,83.93384621321093,81.47948636506294,82.8744125366211,16423000
2022-09-02,85.06390730540008,85.45236944844811,83.9691583172004,84.39292907714844,18206800
2022-09-06,84.89619018135872,85.27581516669034,83.43946349660565,83.82791900634766,19201500
2022-09-07,82.27407509970273,83.51007896235852,81.48832690027902,83.11279296875,16274700
2022-09-08,83.57187899017444,84.24285053571974,82.74198497744985,83.79259490966797,18759200
2022-09-09,85.21402730149943,85.63780497022243,84.15459323326823,85.19637298583984,17158000
2022-09-12,86.2116459244422,87.57125689810485,85.53183706975295,86.17633056640625,16118900
2022-09-13,85.29345547725141,86.32640430346962,83.79259000680008,84.16339111328125,18229100
2022-09-14,84.92265935165798,87.01504195789201,84.88734399624823,86.22929382324219,22655700
2022-09-15,84.9491573984784,85.23167354998765,83.03334453556522,83.72197723388672,21092300
2022-09-16,83.93384440768742,84.17221462229222,81.22345335326257,82.29171752929688,37874700
2022-09-19,80.34944583737239,82.53894454860786,80.34061531232629,82.28291320800781,15342100
2022-09-20,81.86794684772003,82.04451687829982,80.90562199462994,81.6119155883789,14712500
2022-09-21,82.60956083359311,82.88324644071545,80.22583140243158,80.29645538330078,17332400
2022-09-22,81.40002571061453,81.80614891641967,79.9168145114654,79.9609603881836,16139400
2022-09-23,77.25057796556122,77.25057796556122,74.91098768574676,75.70556640625,27738800
2022-09-26,74.95513928264809,76.12051924967253,74.0634449429978,74.14290618896484,22043400
2022-09-27,75.58196932934729,76.77383409442415,74.87567560559708,75.69673919677734,17307300
2022-09-28,76.03221894511513,78.83972558396339,75.85564217604967,78.45126342773438,19543300
2022-09-29,77.85092651904526,78.8927060238396,76.92391687803517,78.2923583984375,17896000
2022-09-30,77.84208800046086,78.61018181657182,77.08282470703125,77.08282470703125,21357600
2022-10-03,79.49304317881642,81.54128655998345,79.21052708264563,81.15282440185547,23881300
2022-10-04,82.31822295955956,84.18989673440238,81.850306199778,84.11043548583984,22133700
2022-10-05,84.53419971063414,88.27753993192454,84.45474521036812,87.50945281982422,34857700
2022-10-06,86.93560911939278,90.2110333728984,86.81200871252214,90.10508728027344,29124700
2022-10-07,90.21984968081082,91.21748330354758,88.44529163935466,89.19572448730469,24507600
2022-10-10,89.60184317244573,90.0785904220713,87.15631346484446,87.26225280761719,16786100
2022-10-11,85.83202008175788,88.07449495165943,85.417073016264,86.5206527709961,17804100
2022-10-12,86.07921265547807,87.32405373317772,85.84084241491624,86.90027618408203,12635800
2022-10-13,86.1233537374206,90.44938033358811,85.99092283972429,89.93732452392578,22019100
2022-10-14,89.27517809398903,90.26398110858044,87.43882001586874,87.57125091552734,15222000
2022-10-17,89.23104149775199,90.02562024264392,88.72780941527311,88.83375549316406,14283200
2022-10-18,89.6459854368729,90.36110291458503,87.60657234223268,88.99266815185547,14065400
2022-10-19,89.38995625759935,91.80900108908847,89.37230194600424,91.63243103027344,20921700
2022-10-20,92.10032821957324,92.7006757222507,91.29692586588531,91.75601196289062,17649000
2022-10-21,92.21511976592733,93.93670819029063,91.73837924885284,93.4599609375,22814100
2022-10-24,93.28337872067131,95.06676037256142,92.80663152999607,94.11326599121094,17024200
2022-10-25,93.94554648921087,94.75777962309071,92.76250541532788,93.47762298583984,15719800
2022-10-26,93.81311670418768,95.1992127105406,93.58357021200659,94.59003448486328,17383800
2022-10-27,95.71125918822095,96.74420812480334,94.83721925506757,94.95199584960938,18214000
2022-10-28,96.63827531928962,98.18328704250594,95.4552410043708,97.73302459716797,28169400
2022-10-31,96.67357461618244,99.68414304970194,96.62060494990388,97.83012390136719,26401800
2022-11-01,99.2074089646075,99.38397903269482,97.68888213047775,98.8012924194336,22213100
2022-11-02,98.50994902170778,98.96903525543533,96.50584433010033,96.77070617675781,20654200
2022-11-03,95.86134512343845,98.72182171378958,95.62296814507505,98.0861587524414,17103700
2022-11-04,99.763604723581,100.20503660288888,97.8213071489127,99.15442657470703,17541500
2022-11-07,99.24272507403809,100.63764478817015,98.99551754684808,100.32864379882812,16008000
2022-11-08,100.18739051714778,101.22917010727657,99.41046603491965,100.64647674560547,14661000
2022-11-09,99.85187684652745,100.0107925719672,95.852505614628,96.14385223388672,19522800
2022-11-10,97.28276426759358,97.73301995583236,94.9696586869696,97.55644989013672,20146700
2022-11-11,99.39279882920134,101.0878955484641,99.31333759213697,100.6023178100586,20518900
2022-11-14,100.23744310491588,102.02628692702693,100.11284769341965,100.89602661132812,20858300
2022-11-15,101.27871003326291,101.92838510911791,100.45103667023228,101.57239532470703,19373800
2022-11-16,100.95830919998596,101.68808512516472,99.55215343514845,100.48662567138672,13591000
2022-11-17,99.04487904476787,100.74472022079425,98.5642938626088,100.62012481689453,12425900
2022-11-18,98.69778167935098,100.1039374379514,97.54971831618529,99.7479476928711,15415000
2022-11-21,97.88791146459182,98.96477559363561,95.65408907315872,98.76008605957031,20973000
2022-11-22,99.863660977182,101.87499765824127,99.16948457317294,101.61690521240234,17719100
2022-11-23,99.96152541389627,101.41217545231173,99.76573074087138,101.10958862304688,11546700
2022-11-25,101.34990294937631,101.99958481767929,100.62012694399046,100.75362396240234,7136000
2022-11-28,98.48418764137408,99.19616032058015,97.55861704746069,97.72770690917969,23015500
2022-11-29,98.4397085970378,99.49877642919935,97.70993253191948,98.37741088867188,14453200
2022-11-30,99.2673842928157,99.58777445455222,97.70103314543064,99.08938598632812,23158100
2022-12-01,99.35636758967853,99.73905541320319,98.05701067002138,98.60879516601562,14398300
2022-12-02,97.46072829787423,99.41866182582771,97.18483266452493,97.772216796875,15248400
2022-12-05,98.51978600584377,99.10717011918292,94.28352897666132,95.09339904785156,19287700
2022-12-06,94.24793295695359,95.26249938281241,91.80051263686714,92.45018768310547,21197000
2022-12-07,92.36119244679797,93.3134611777106,91.10633682472624,92.24549865722656,20061700
2022-12-08,94.586109724101,95.0488984118778,92.29888469664924,92.9307632446289,21128800
2022-12-09,93.08206374377149,94.29242484843529,91.93400712752556,92.14759826660156,21298200
2022-12-12,92.40569307899659,94.55051971670585,92.1920951444162,94.41702270507812,20413200
2022-12-13,95.93888101500453,96.59745768470515,95.24469789890149,95.44939422607422,24305300
2022-12-14,96.10796185238446,96.38385746652092,94.11442880766522,94.74630737304688,17597300
2022-12-15,93.74064939729313,94.48822179676498,92.28999228555507,93.83854675292969,15365100
2022-12-16,92.28108876983592,93.96313330011395,91.78270042720358,93.1799545288086,54596600
2022-12-19,93.67833699417854,94.51490500657937,92.89515827200884,93.59823608398438,13611100
2022-12-20,93.59825188555645,95.68078763297866,93.5092561402687,94.95101165771484,14680000
2022-12-21,96.37496916332474,96.64195641362454,95.36930428630853,96.17027282714844,13565400
2022-12-22,96.01898455635471,96.28597861100809,92.64599316294196,94.23014068603516,13213000
2022-12-23,95.18240063104518,96.77544961779844,95.13790615271992,96.72205352783203,11539400
2022-12-27,97.24714695969381,98.31511643986994,96.85556426124296,98.06592559814453,11962100
2022-12-28,97.81671658026471,97.89681071167583,96.02787295607727,96.4550552368164,10702100
2022-12-29,96.10795808040584,97.64761076487837,96.10795808040584,97.18482208251953,10534000
2022-12-30,96.65975746432859,98.3418022261784,96.65975746432859,98.16381072998047,11799600
2023-01-03,97.70101957056555,97.91461071873253,93.88304299863717,94.79081726074219,15146200
2023-01-04,93.26896532901436,95.36929747303752,93.23336567352956,95.06670379638672,18058400
2023-01-05,94.63952140041373,97.85231754282941,94.6128233544007,97.19374084472656,15946600
2023-01-06,97.96802309487686,99.66786441329644,97.60313167436105,98.3685073852539,16348100
2023-01-09,99.35637056596835,99.35637056596835,95.94777970897223,96.53516387939453,17964600
2023-01-10,97.70991859210734,98.19050375519916,96.12577127114169,97.9769058227539,15104600
2023-01-11,98.77787267642411,99.18725849381175,97.0869265333434,99.1160659790039,16710400
2023-01-12,99.5165515170446,101.22529411420025,99.44535221134491,100.76251220703125,15357300
2023-01-13,100.6646261732271,101.00281272840137,99.81915639032133,100.70022583007812,12011400
2023-01-17,100.93162177715018,101.52790076132911,100.27303830005606,100.50443267822266,16542200
2023-01-18,100.79812187932625,101.56349751682839,98.25280416204055,98.439697265625,16399700
2023-01-19,97.9591000574766,99.79243800169331,97.52301620267482,99.07156372070312,12928000
2023-01-20,99.10717157779966,100.95831289624998,98.43969332460324,100.87821197509766,16515600
2023-01-23,101.13629851986298,101.98176820893737,100.24632756717855,100.3531265258789,16584400
2023-01-24,97.14924524284352,101.47449839551795,93.33126853843952,101.28760528564453,13583000
2023-01-25,100.77142718615882,101.14521340575978,99.13387688752442,100.75362396240234,11914700
2023-01-26,102.09748094115467,104.82079020801444,101.75928759328454,104.80299377441406,21019700
2023-01-27,104.08211487027636,104.72289513291396,102.69376216118852,102.88955688476562,15179200
2023-01-30,102.42676385940062,102.782753633823,100.7002246568534,101.06510925292969,18672100
2023-01-31,99.76573958997344,103.5926172932483,98.27948977100316,103.24552917480469,27861800
2023-02-01,103.08532905688685,104.46477985223466,100.86929666839858,102.1152572631836,19464900
2023-02-02,102.21315475534676,102.40894943638162,97.7455039014838,98.9202651977539,24562100
2023-02-03,99.58777149697923,101.554606893153,99.28517777990739,99.6055679321289,20226600
2023-02-06,99.99714168562409,100.64681671054483,98.1816000384127,99.43646240234375,13855200
2023-02-07,100.0238488097203,102.62256272520544,99.69455706682248,102.27547454833984,16013300
2023-02-08,102.39117736080287,103.08535372963154,101.32320797111672,101.38550567626953,18459700
2023-02-09,102.00846152083223,103.45020995579713,101.61687217309422,101.7681655883789,17439300
2023-02-10,103.69053411820211,106.46723958739506,103.37904559312476,106.05785369873047,24918600
2023-02-13,105.5735698909677,105.98610595103203,103.94135902628355,105.64531707763672,14536200
2023-02-14,104.9368188533308,105.65427012405458,104.04896289911069,104.4076919555664,12079000
2023-02-15,103.77992566319499,104.1117444097592,102.36294959298361,104.09381103515625,13663400
2023-02-16,103.41222536883726,104.73055075905827,102.95485247841647,103.78889465332031,11360600
2023-02-17,102.40779735616081,102.40779735616081,99.52900824391067,99.79804992675781,20758300
2023-02-21,99.37653114451051,100.78453698339766,99.37653114451051,99.69938659667969,14469400
2023-02-22,99.08059632755264,99.52003585566943,97.43044530669613,98.4079818725586,13973800
2023-02-23,99.3047955842418,100.29129536121243,98.56043398694513,99.31375885009766,11289400
2023-02-24,98.04925686855323,99.51106988162151,97.77123822958333,99.32273864746094,14351000
2023-02-27,99.36758404289242,99.78012011172844,98.61425225122649,99.14337921142578,11710500
2023-02-28,99.76216897484477,99.86978974535776,97.9505971454296,98.56940460205078,18107000
2023-03-01,98.03131187997309,100.3182037475514,97.96853480497464,99.44828796386719,13200000
2023-03-02,99.20615221532488,100.17471184741073,98.80257942994994,99.90567016601562,10339900
2023-03-03,98.69495753333706,101.67239705905213,98.60527013791821,101.17017364501953,13006700
2023-03-06,100.43479050646414,102.09390482675954,100.32717657051974,102.06700134277344,14347400
2023-03-07,101.17017447257798,101.49302994060142,99.69939149255465,100.093994140625,11525300
2023-03-08,99.75321098356422,100.82042126828415,97.81607806502748,98.63218688964844,13509800
2023-03-09,99.43034332088573,100.6500179330796,97.78019249878164,97.869873046875,12961200
2023-03-10,98.25551689106504,99.582812419328,96.09418601139637,96.6591796875,15795700
2023-03-13,94.47093198684733,96.73092022024915,93.01808925041945,95.547119140625,20745600
2023-03-14,95.37672635335991,97.76226885472325,94.13014813690516,95.90585327148438,18263500
2023-03-15,92.21095360106054,93.44856168394521,89.879224955159,91.13477325439453,25733800
2023-03-16,88.88376794364841,91.18859344141099,87.90623127641817,90.60565948486328,27465200
2023-03-17,90.22001379559596,91.12580313999376,88.91065853177292,89.5384292602539,43199500
2023-03-20,89.35009012467502,91.90603019518686,89.23350609748378,91.87911987304688,32042100
2023-03-21,93.42165557582456,96.21076386965078,93.38578198631895,95.99552917480469,31592300
2023-03-22,95.78030899226431,96.12109788092143,93.77142872869683,93.79833221435547,14952700
2023-03-23,94.48889213162427,95.36777130828017,91.87018113682852,92.74009704589844,14385900
2023-03-24,91.00025643812668,93.13468393174618,90.49803981426052,92.84770202636719,13401600
2023-03-27,93.93285078394727,95.49332127932776,93.18849597120908,94.88348388671875,14805900
2023-03-28,94.56062696795253,96.54259675349448,94.3364221482009,96.0672836303711,11047600
2023-03-29,96.91029137624395,97.8967980800734,96.39910464889063,97.7174301147461,14219100
2023-03-30,98.24654757014291,98.26448094384932,97.3228180328535,98.19273376464844,11578200
2023-03-31,98.36313295891425,98.80257246374138,97.7981393098508,98.34519958496094,14418000
2023-04-03,101.6903307791115,104.79332445835452,101.44819260034387,104.14761352539062,28087700
2023-04-04,104.26421387501834,104.65880971486472,102.389857977542,103.15215301513672,16365500
2023-04-05,103.44809370233705,104.92784675579213,102.51540091011195,104.91887664794922,16479500
2023-04-06,104.80231811134831,105.0893000524517,102.92796196305649,103.1790771484375,15778000
2023-04-10,102.93690675043763,104.19245499971903,102.38984649069494,102.72167205810547,13006600
2023-04-11,103.09834587886871,104.21039989475325,102.57818904288516,103.44810485839844,11758500
2023-04-12,104.17452679073648,104.56015249761312,103.07143610874667,103.34048461914062,10919000
2023-04-13,102.77547601571545,103.93237357173044,102.35396990900604,103.82475280761719,12399700
2023-04-14,103.94136531480622,104.62294994502149,103.24184730793289,104.07588958740234,11530800
2023-04-17,103.57366142420722,104.4884209628794,102.61406502481638,102.86517333984375,13260400
2023-04-18,102.587169404659,105.11619980904413,102.50645894386481,104.87406158447266,17436100
2023-04-19,104.10278914421224,104.83818071883373,103.82477050009018,104.54222869873047,10682600
2023-04-20,103.25079593408535,103.74404924959765,101.54684486345252,103.70817565917969,17038700
2023-04-21,104.4704703148294,104.82022926758272,103.36738649220361,104.04000091552734,14315300
2023-04-24,103.95927412563942,106.6228280933212,103.92340053861156,106.00402069091797,15831300
2023-04-25,105.42108966502781,105.59148064412594,103.69919176482072,104.49736022949219,12179800
2023-04-26,104.05794524202355,105.0085715375442,102.84724052104778,103.53778839111328,15566100
2023-04-27,103.69024774531206,104.93682599868215,103.02659655091402,104.77539825439453,16279200
2023-04-28,105.15206314075247,107.54656903454037,104.77540067610481,106.12959289550781,24381900
2023-05-01,104.02206563283961,105.19690353398629,102.64096313038276,102.83826446533203,17355000
2023-05-02,102.18358113228763,102.18358113228763,98.01337051263053,98.73979187011719,24324100
2023-05-03,97.82505238046157,98.4797266478367,96.64125116006583,96.79370880126953,16212300
2023-05-04,96.76681666104244,97.5291117986168,94.98214793336808,95.0987319946289,17177200
2023-05-05,97.34973980426894,98.13893834171958,96.43498026735791,97.46632385253906,14968200
2023-05-08,99.09852984344182,99.52003599725452,97.78917452358652,97.8519515991211,11187800
2023-05-09,97.16139470408943,98.8563893891364,97.0448106642451,97.87885284423828,11370800
2023-05-10,98.41693704414394,98.65908205965073,95.69957596422046,96.62329864501953,14884800
2023-05-11,95.50228247302121,95.79823447525823,94.1032465965379,94.87451171875,17165900
2023-05-12,95.34086032805855,95.96863796137738,93.96872785445328,94.86554718017578,12613300
2023-05-15,95.4444821515232,95.82441302943008,94.60320269240944,95.04645538330078,13715600
2023-05-16,94.64841694774238,94.81124543271055,92.28740736648344,92.73970794677734,14795200
2023-05-17,93.52672477809836,95.19119470415309,93.03823926398098,94.82030487060547,14064700
2023-05-18,94.57607958402053,95.80633804604325,94.19614174901278,95.6796875,12005600
2023-05-19,96.4033642696264,96.83757594835045,95.72491326644288,96.12294006347656,13359600
2023-05-22,95.74299231733885,96.82851795067934,94.87457595160232,94.95599365234375,12882000
2023-05-23,95.87869053492004,97.89595448492108,95.66158815381634,96.24958038330078,14394400
2023-05-24,97.13609197584088,98.15829593409747,96.54810661052527,97.32605743408203,16340300
2023-05-25,95.83345691895326,96.27670959108633,94.72079436467347,95.58016967773438,14316500
2023-05-26,96.31289551784953,96.7471002499379,94.82935003035466,94.95599365234375,12370300
2023-05-30,93.4362797824323,94.1871006036053,92.82115055207721,94.11473083496094,11938000
2023-05-31,92.53167375474551,93.21012477336824,92.03414024713125,92.43216705322266,24926100
2023-06-01,92.04318692341272,95.50781173375945,91.5999341964642,93.49959564208984,13551900
2023-06-02,95.1278720317629,96.00532945865801,94.55796881966207,95.6706314086914,14112000
2023-06-05,96.96421192561886,96.96421192561886,95.06454374548527,95.24546813964844,10628000
2023-06-06,94.2142197756264,96.1319699721478,94.06043922242606,96.02342224121094,12209800
2023-06-07,96.60237954661207,98.50204101215341,96.54810567380137,98.17638397216797,16027100
2023-06-08,98.39346837653243,98.72817330131528,95.79726737883945,97.86880493164062,13517100
2023-06-09,98.11306480165655,98.24875638890654,96.93708714913188,97.1451416015625,12251600
2023-06-12,95.71586232694571,96.84661396355195,95.48971199962446,96.26766967773438,14112000
2023-06-13,97.13608714835,98.00450358639107,96.14102707777548,96.2857666015625,13533800
2023-06-14,97.19940719104868,97.79644736343559,94.43132941395355,95.12787628173828,16627700
2023-06-15,95.43543694189023,96.81947582362251,95.38116307250785,95.7882308959961,16224100
2023-06-16,96.21340895392237,96.58429195259396,94.94696556756917,95.10074615478516,43128900
2023-06-20,94.69366438781283,94.77507519208778,92.37788726763345,92.92064666748047,17514100
2023-06-21,92.72163126102275,94.64842950412921,92.56785069969597,93.9609375,13285700
2023-06-22,93.02919744431144,93.97903160122998,92.85732788470973,93.44532012939453,12455300
2023-06-23,92.80303408625977,93.01109539959836,91.92557671681821,92.63116455078125,17933600
2023-06-26,92.45026082255447,94.90173670327077,92.45026082255447,94.34088134765625,14283400
2023-06-27,94.12377202365901,94.63034656467718,93.41817718237733,94.5760726928711,13227500
2023-06-28,94.35896687790374,95.7249168816711,93.35485880314532,95.34498596191406,13084100
2023-06-29,95.58015598358692,96.54807888902938,95.10071160104626,96.52093505859375,11364400
2023-06-30,97.0818002012923,97.58837466319319,96.62045165831289,97.01847839355469,13544700
2023-07-03,97.23558725086231,98.11305157501886,96.85565637902954,97.20845031738281,7397000
2023-07-05,97.36223701990089,97.62457222936003,95.9781981126126,96.71092987060547,12491200
2023-07-06,95.06455342031029,95.63445669297404,92.65831739631436,93.10157012939453,17961400
2023-07-07,92.19696915165194,94.07854164084338,91.87131210923187,93.31867980957031,21929200
2023-07-10,93.14679015677919,94.75697924883441,92.94777678107624,94.70270538330078,14877600
2023-07-11,95.21832964289847,96.03247214936866,94.81125493888344,95.860595703125,12576500
2023-07-12,96.79234226285597,97.38033450738166,96.00533662157753,96.33099365234375,13238200
2023-07-13,95.8606044139064,96.09580269305005,93.46340949985277,94.56702423095703,26826800
2023-07-14,94.12376585243494,94.12376585243494,90.93956548508007,91.31045532226562,28181900
2023-07-17,91.11144754282067,91.97081605023304,90.65914687543301,91.70848083496094,18051300
2023-07-18,91.29236602783203,92.45025464450768,90.76769559166321,91.29236602783203,24617800
2023-07-19,91.40997561478595,92.63118614296576,91.1838252613615,91.92559814453125,15556500
2023-07-20,92.75782465137479,93.77098066316475,92.594996129865,93.54483032226562,15740200
2023-07-21,94.22328065508488,94.42228715630804,93.4091380534968,93.97903442382812,17121500
2023-07-24,94.40417276676838,96.03245753186064,94.04233094101912,95.45350646972656,15090900
2023-07-25,95.03741889011168,95.96915720839736,94.56702920862524,95.59827423095703,14116100
2023-07-26,95.08263293726131,95.63444022285513,94.65746926787989,95.06453704833984,15159600
2023-07-27,95.88773036726322,96.78328365240756,94.74793088517791,95.3630599975586,17677900
2023-07-28,95.08264270086578,95.12787552625473,92.55880425879798,94.22327423095703,17566400
2023-07-31,95.1550091118777,97.57029282894206,95.1550091118777,97.00943756103516,24197000
2023-08-01,96.7471063236146,97.08181128934662,95.4625741333353,96.44859313964844,14177400
2023-08-02,96.12293247204997,96.23148020698791,94.59415412378091,95.24546813964844,13484100
2023-08-03,95.78823906626867,97.58839387045082,95.2545275676584,96.9009017944336,16280400
2023-08-04,97.66076493519179,98.81865360657308,97.09086854581032,97.17227935791016,14279600
2023-08-07,97.6064763593845,98.07686597319973,96.3490811726686,96.97325134277344,12410800
2023-08-08,95.92391940067392,97.47078674260132,94.83839373685049,97.45269775390625,14065600
2023-08-09,98.3392139959578,99.88608150876296,97.9773720680451,99.10812377929688,19919600
2023-08-10,99.67801449977769,100.98063561395394,98.99956355850844,99.61469268798828,15837200
2023-08-11,99.84085811333304,101.37867771901212,99.55138594397366,101.16157531738281,14047000
2023-08-14,101.02586334042591,101.29724646386589,100.21172087166553,101.24296569824219,12973400
2023-08-15,101.00584227779177,101.10616466424442,98.4704371470097,98.64372253417969,14909600
2023-08-16,98.75317866118269,99.71079909093883,96.92914504879842,96.9838638305664,13695100
2023-08-17,97.96883045205033,100.45863905908747,97.96883045205033,98.86260986328125,16709500
2023-08-18,98.16948059252567,100.5042412026177,98.1512433194436,100.35832214355469,16224000
2023-08-21,100.650161248362,101.21561409425529,98.62548310773528,99.14533233642578,11092400
2023-08-22,99.56486211359349,100.06647408509482,98.4522006190889,98.58900451660156,10518800
2023-08-23,97.62226519509501,97.85939147758087,96.41840346897948,97.72258758544922,11435600
2023-08-24,97.05682948627113,98.28805081650914,96.73762498704441,96.99298858642578,10818500
2023-08-25,97.97795377869866,99.34597882059161,97.23922248267972,98.7258071899414,13579300
2023-08-28,98.90820241502227,100.35831249950648,98.8990872584249,99.55574035644531,10382100
2023-08-29,100.01174738298778,100.34006696960807,98.88084174743844,100.14854431152344,9665000
2023-08-30,100.72312230775769,101.36153118745925,100.30359547850597,101.12440490722656,11922100
2023-08-31,101.34330937084869,101.61691023610186,100.88730097062407,101.40715026855469,17479800
2023-09-01,102.328273217494,103.80574280906455,102.328273217494,103.53213500976562,14843500
2023-09-05,104.06110903104123,105.63890105871391,103.5139003766245,103.541259765625,18304000
2023-09-06,103.49565960491289,104.50799175438979,103.26765542676843,104.4350357055664,13325500
2023-09-07,104.56270934201198,105.6571265285833,103.69628935768615,103.9242935180664,13248500
2023-09-08,104.4532831242412,105.83955255856968,104.26176043097264,105.43826293945312,14283200
2023-09-11,105.95810789849708,106.4141162804052,103.57774358828581,104.11583709716797,14383600
2023-09-12,105.19200237269284,107.31700294424363,105.1281614823007,107.15283966064453,20145800
2023-09-13,107.07988590397379,107.58149092260453,105.70273871532673,106.19522857666016,13472800
2023-09-14,107.20755856837508,108.21989759309463,107.00691379473557,108.09220886230469,15210700
2023-09-15,107.52676670739176,108.08309743234295,106.24994197868189,106.43234252929688,34568400
2023-09-18,107.18932756418127,107.83685862200694,106.43235199137575,107.2896499633789,14045300
2023-09-19,108.18342222540137,108.38406005228008,106.35026673102549,107.00691986083984,12562900
2023-09-20,106.28643423137885,107.63621514198499,106.085789430526,106.15875244140625,11879900
2023-09-21,106.68771838172393,107.04340434392125,104.51711414682862,104.66304016113281,14400600
2023-09-22,105.52944396097239,106.41410120988945,104.7086275981558,104.82719421386719,13197300
2023-09-25,104.96400996371567,106.38676090042364,104.72689060604432,106.00371551513672,11316000
2023-09-26,105.33791587440946,106.45969933880697,105.2193562229424,106.16785430908203,11805400
2023-09-27,107.51764855009432,109.89801270135541,107.07076231394343,109.62440490722656,23976200
2023-09-28,109.42376387600818,110.08041003806247,107.791253190575,108.95863342285156,16808100
2023-09-29,108.62119435470322,108.69415736520747,106.45971909406619,107.23493194580078,18813600
2023-10-02,107.18932270181799,107.42644899444991,104.47151680539275,105.45648956298828,14395000
2023-10-03,105.28322238828109,106.19523919494843,104.90929215764218,105.63890838623047,13297100
2023-10-04,104.01551055059363,104.05198509653303,100.77784838484007,101.68986511230469,19622200
2023-10-05,100.13943404159593,101.1426509959086,99.13621012914821,99.40069580078125,20128800
2023-10-06,96.42754518627495,98.74406187590905,95.86209223097876,97.7408447265625,25367500
2023-10-09,100.72312456118148,102.20970924753647,99.88406392577126,101.160888671875,22369900
2023-10-10,101.25210333245387,101.64427083965191,100.43129376876429,100.73225402832031,13892000
2023-10-11,97.54930784758155,97.74083052441661,95.60671473270992,97.12065887451172,57939000
2023-10-12,98.12386351050198,98.35186766249194,96.75583859856211,97.10240936279297,31183000
2023-10-13,98.52517073903148,100.50424546378002,98.35188532579522,100.20328521728516,30276500
2023-10-16,100.77784180902768,100.94200508758497,99.52837646900073,100.27622985839844,18452000
2023-10-17,100.07559448657558,101.96346875714056,100.02999086880726,101.58953857421875,19775400
2023-10-18,101.98170696069019,103.41357289918874,101.87226245192784,103.01228332519531,23380300
2023-10-19,102.80253286807536,103.94255384654826,101.53483009666434,103.07613372802734,20972500
2023-10-20,102.9849157233773,103.34972376535255,101.042322815201,101.30680847167969,22445300
2023-10-23,100.89640088755552,101.19736805619287,99.11797117858004,99.82022094726562,18185000
2023-10-24,100.04824014725526,100.15768466815196,98.60725889186335,98.85350036621094,16786100
2023-10-25,98.97205540660589,99.86583489003245,98.61636942803197,99.03589630126953,22047300
2023-10-26,97.99619170873423,98.8078860157211,97.12977862630764,98.13299560546875,18768300
2023-10-27,99.3094913054491,100.19414855894937,95.72526563435989,96.26335906982422,23092000
2023-10-30,96.43665688555289,97.0568286033242,95.953289082816,96.56433868408203,19379900
2023-10-31,96.2907305838302,96.81970197124865,95.34223232443232,96.53697204589844,22185200
2023-11-01,97.15712264538723,97.74081268486492,96.18126520831039,96.34542846679688,28984900
2023-11-02,96.5643299618612,99.58311010390598,96.21776610546226,99.51014709472656,25212700
2023-11-03,98.86261781103572,99.2091816736288,97.16626608704078,98.29716491699219,30555600
2023-11-06,98.65284044194064,98.74404071631338,96.46399906632047,96.55520629882812,19097300
2023-11-07,95.2783860566354,95.63407201408336,94.20220606898545,95.041259765625,20272500
2023-11-08,94.6035023052742,95.67056025274303,93.83740460274107,93.87388610839844,19184100
2023-11-09,94.54876850216763,94.82237629218966,93.81003721049734,93.90123748779297,18380500
2023-11-10,94.78590554955684,95.22367667166,93.85565148252455,94.62174224853516,17825500
2023-11-13,94.8953499549204,95.88944491791874,94.67646091506543,95.61583709716797,15308400
2023-11-14,95.99317617226411,96.47175841489444,95.59742263591588,95.98397064208984,18260500
2023-11-15,95.68026993832453,96.77549652377782,95.256906750932,95.40416717529297,20137600
2023-11-16,94.70467218584855,95.04519954993022,93.09404853310201,94.29971313476562,22469100
2023-11-17,94.85193771778339,97.0331851293406,94.5666294525306,96.60061645507812,22984900
2023-11-20,96.98715721723137,97.44733542820626,96.11282142508401,96.17724609375,17458800
2023-11-21,95.91034515182122,96.3613178478261,94.99919422918533,96.14043426513672,14989000
2023-11-22,94.4101701546621,95.82751998774873,93.82114256451736,95.72628021240234,18072000
2023-11-24,95.73548504976903,97.07000625765535,95.63425228949386,96.24168395996094,9480800
2023-11-27,95.80910141157374,96.08521114482019,94.96237519486917,95.68025207519531,18013500
2023-11-28,95.93794832036139,96.5545924394401,95.60661945755439,95.62503051757812,20629500
2023-11-29,95.96556591462516,96.25088119475895,93.54503092945454,94.18927764892578,26802100
2023-11-30,94.8979685481356,96.15885960415746,93.70150217253742,94.55743408203125,29254700
2023-12-01,94.33654101512656,95.91955531466732,94.07884231925021,94.78751373291016,17845300
2023-12-04,93.99600024594913,95.12804175138429,93.49900692808215,94.27210998535156,21523900
2023-12-05,94.12485215018678,94.189276821568,92.30255029011089,92.44060516357422,22250300
2023-12-06,92.03563884073849,92.69829656387373,90.50784386553647,91.21652221679688,31154800
2023-12-07,91.90679749503752,92.8087429018714,90.27776261380245,90.58148193359375,29990700
2023-12-08,91.13370323415357,91.84238171561663,90.8852100532042,91.62149810791016,22074900
2023-12-11,91.85159281599101,91.90681196582459,90.72875662428348,91.68592834472656,22252300
2023-12-12,90.82077356608535,90.82077356608535,89.71634864939247,90.24095153808594,26084000
2023-12-13,90.231737800951,91.14288862544069,89.88200491421802,91.0416488647461,19915400
2023-12-14,91.89758742762017,94.00520447879666,91.77794362047054,93.48980712890625,26165700
2023-12-15,92.57866022505516,92.9560097737911,92.3209615194614,92.86397552490234,55527000
2023-12-18,93.9960045428465,94.89795698059861,93.4345865296895,93.55423736572266,21610400
2023-12-19,93.87636276627228,94.97158924550956,93.68308874436502,94.78751373291016,18904700
2023-12-20,95.25689634532628,95.6618554463188,93.07564894465669,93.20449829101562,20988900
2023-12-21,93.38856638937644,93.8855596952143,92.78112778609831,93.62786102294922,19250900
2023-12-22,94.16166264467638,94.74149168050366,93.71068996707022,93.79352569580078,12927800
2023-12-26,94.55741568925485,94.82431989102585,93.98679920842777,94.00520324707031,16835100
2023-12-27,93.91318664830597,94.38257047211147,93.26893282662394,93.5634536743164,14558800
2023-12-28,93.31495057023292,93.51743013585958,92.15529934458415,92.21052551269531,16329300
2023-12-29,92.37618089113792,92.57865341509435,91.68591354260273,92.01724243164062,17746400
2024-01-02,92.8823793566707,94.88875687368201,92.81795468041744,94.20769500732422,23483000
2024-01-03,94.12486358598015,95.36735057634482,93.5634525367418,94.99920654296875,23490800
2024-01-04,95.79072045516689,96.24169324116056,93.92239760571498,94.17089080810547,19395200
2024-01-05,94.95317773624089,95.1648628192927,93.9960061405197,94.45618438720703,15827400
2024-01-08,92.70751466180705,92.99282293392751,91.02326055747163,92.88237762451172,23370100
2024-01-09,93.22291369910991,93.22291369910991,91.29016639185578,91.73193359375,19496600
2024-01-10,91.85157514887652,91.85157514887652,90.34219115512771,90.8299789428711,18206100
2024-01-11,91.15210362811764,91.57546675240167,90.71032944265117,90.81156921386719,15833400
2024-01-12,92.16449399524497,92.63387774907625,91.27174711861463,91.9896240234375,18041700
2024-01-16,91.8699866627046,92.04485664678835,89.7623694095462,89.90962982177734,20235700
2024-01-17,88.90644743201517,90.15813298772584,88.88804338932694,89.25618743896484,18384000
2024-01-18,89.27456834416135,89.35739704743703,88.18854754116603,89.09049987792969,20940300
2024-01-19,89.0168833349127,89.29298607660502,88.73157506196843,89.22856140136719,20088400
2024-01-22,88.9984643070837,89.36660828482101,88.14253254309341,89.1089096069336,19955900
2024-01-23,89.09971612155628,90.65512095134049,89.02609293346586,90.11211395263672,15863400
2024-01-24,90.4894481943268,91.713523989314,89.95563975446977,91.6675033569336,17330600
2024-01-25,92.3209687173357,94.04203809496866,91.68592743525763,93.99601745605469,22089500
2024-01-26,93.8487487583697,94.87034498427393,93.13087184757482,94.79671478271484,20817200
2024-01-29,94.77831109651912,94.98078361891764,93.74750933613677,94.9163589477539,18317500
2024-01-30,94.25370192778801,96.52697632866456,93.9683866700997,96.4993667602539,19610900
2024-01-31,96.39813737733174,96.52698672496707,94.58503395762524,94.6218490600586,22415300
2024-02-01,95.32131906938734,95.7262781620993,93.52662676625495,94.23529815673828,19240700
2024-02-02,95.48698059214337,95.71706970200395,93.51741837347774,93.84874725341797,21973400
2024-02-05,93.37016271346478,94.22609452647544,92.49582686030628,93.46220397949219,17190900
2024-02-06,93.94078087362217,94.83352773747701,93.48060265693513,94.1064453125,13347900
2024-02-07,94.10644410285576,94.54821827477218,93.12166301267436,94.0788345336914,13826800
2024-02-08,94.18929027398981,96.10363367096241,93.97761218997435,95.6894760131836,19636900
2024-02-09,95.80910506584958,96.49016687293523,93.60024818091605,93.6646728515625,20410500
2024-02-12,94.02361584186248,95.16485584390291,93.87635544327027,94.95317077636719,18173100
2024-02-13,95.45479212406188,95.76132703323654,93.44834315298729,94.13573455810547,18917400
2024-02-14,94.62805544185711,95.32473787699894,93.28113181503745,93.67127227783203,17651300
2024-02-15,93.4483421993936,96.55090520552014,93.4483421993936,96.3558349609375,23196300
2024-02-16,96.61592862038103,97.19184827000005,96.16075762933417,96.3558349609375,20151400
2024-02-20,96.4580040305599,96.718104764869,95.35260602958283,95.44549560546875,17650000
2024-02-21,95.69629526096867,97.51696491070253,95.66842909775174,97.39620208740234,20991300
2024-02-22,96.75526226771814,97.91639968690434,96.09572997704242,97.31260681152344,20470700
2024-02-23,96.49516506171531,96.6902353048302,95.56625509239453,96.4580078125,15975900
2024-02-26,96.34654602301207,97.47981735327832,95.72417802590546,96.8388671875,13360800
2024-02-27,97.23829146629733,97.67488026602038,96.46729452580854,96.6344985961914,16360000
2024-02-28,97.04323043679548,97.93498320108213,96.60664159566096,96.90389251708984,14810500
2024-02-29,97.23829727292836,97.60057159922124,96.81099953132704,97.08966827392578,17566100
2024-03-01,98.20436175690404,98.82672972701226,97.88852868637323,98.31582641601562,18460100
2024-03-04,98.14863349705556,98.32512157697379,96.63450566914837,96.94104766845703,18138000
2024-03-05,97.09894490609318,98.71524605106498,96.90387468920173,98.13003540039062,19952700
2024-03-06,99.04037956790599,99.9228411690925,98.60379076564854,99.1797103881836,20472800
2024-03-07,99.02180351524763,100.30370383712348,99.02180351524763,99.73706817626953,15195400
2024-03-08,99.60701408080979,100.69383698895363,99.17970927999843,100.67525482177734,16281500
2024-03-11,100.55451016059449,101.36266443330514,99.70919863645818,101.26976776123047,17577300
2024-03-12,101.30691345009384,101.51127476609985,100.35013736790229,100.61952209472656,14957200
2024-03-13,101.3812330656778,102.50521327346782,101.35336690063666,101.7435073852539,17122200
2024-03-14,102.02217399351406,103.61990012373447,101.89212717705612,103.54558563232422,22121000
2024-03-15,102.96966178599143,104.31658540351633,102.96966178599143,103.35980224609375,38264400
2024-03-18,103.84284330052836,104.83677665531206,103.20189317249253,104.31658935546875,16770500
2024-03-19,104.2422755489985,105.42198806524118,104.09364655547665,105.05042266845703,14878800
2024-03-20,104.70673982935023,105.33839893391776,104.15867922580347,104.9575424194336,16119700
2024-03-21,104.89251104687291,105.81213701049371,104.56739397807692,105.42198944091797,14878000
2024-03-22,105.41270544396706,105.60777568524465,104.79962146821985,105.42198944091797,14701900
2024-03-25,105.737821103503,107.54919266766788,105.737821103503,106.49952697753906,14011700
2024-03-26,106.50882257546613,106.80607348800469,105.34768509101539,105.70066833496094,13152300
2024-03-27,105.41270953664251,106.88038194519294,105.34768612035876,106.79678344726562,12415700
2024-03-28,107.3169534360639,108.17154879398977,106.88036467427013,107.97647857666016,18482100
2024-04-01,108.13440961750592,108.9053994822858,107.177626425321,108.67317199707031,13817000
2024-04-02,109.53705880236348,111.09762779043602,108.98900533763975,110.80037689208984,19919600
2024-04-03,110.98616617500943,111.23696874826132,110.28948369850676,110.81896209716797,16504300
2024-04-04,110.58673085887656,111.35772072061991,110.20587438285337,111.20909881591797,18467400
2024-04-05,111.45063681816107,113.46637003250109,111.1348036991879,112.7418212890625,21720600
2024-04-08,112.47241603870346,113.08549290732601,111.66426184817972,111.98009490966797,17513900
2024-04-09,112.39811116137352,113.00190408501649,111.7850271532687,112.56531524658203,14132300
2024-04-10,112.60247426902647,113.76361179929275,112.14731034152798,113.51280212402344,17409200
2024-04-11,113.96796311468866,113.96796311468866,111.78501908016825,113.13194274902344,17555900
2024-04-12,114.20947129538423,114.95260206271898,111.16264790594812,111.8128890991211,21556200
2024-04-15,112.48170301545744,113.03905465790676,110.9582912566758,111.17194366455078,15029500
2024-04-16,111.0604664208465,111.67355036238314,109.53705473747809,110.2523193359375,18082200
2024-04-17,110.1222715735642,110.86539524198483,108.79393013195248,110.19657897949219,14538600
2024-04-18,110.54027070961932,111.20908692682755,109.58349471050963,110.09439086914062,13821400
2024-04-19,110.68891781107325,112.33308537509753,110.49384047659336,111.35772705078125,21572400
2024-04-22,110.78180876247804,112.92758859808129,110.01081176035343,111.98938751220703,16340700
2024-04-23,111.46919585436991,112.45383814990358,110.95829253856247,112.42597198486328,13929800
2024-04-24,111.74787469703476,112.63962743751277,110.90256320387137,112.4445571899414,12101200
2024-04-25,112.42596743634219,113.10407480197719,110.91184680523926,112.70464324951172,16041000
2024-04-26,110.5402936618397,110.63318324751265,107.95792491021757,109.57422637939453,27289500
2024-04-29,109.38844031667858,111.51564500357654,109.38844031667858,111.1347885131836,17309900
2024-04-30,110.64246301910859,111.65497144735173,109.59279734299133,109.86217498779297,21083300
2024-05-01,109.871472962694,110.04796812941079,107.43773331396784,107.78142547607422,27777700
2024-05-02,107.99506074232185,108.92397058885511,107.6606526306083,107.97647857666016,25513600
2024-05-03,107.75355529785156,107.81857871153323,106.01649112232603,107.75355529785156,28023300
2024-05-06,108.37592658894914,109.92720456787922,108.12512401050172,108.45024108886719,31401300
2024-05-07,108.94255912988814,109.22123495309287,107.68853209950792,107.91146850585938,30122000
2024-05-08,107.48417588929097,108.63602231178078,107.20550713984488,107.89289855957031,18957200
2024-05-09,107.93933993705548,110.10370195341763,107.9300559396441,110.02010345458984,17564000
2024-05-10,110.11299589812722,110.22446765314743,109.22124311902886,109.57422637939453,13648100
2024-05-13,110.00152527278635,110.57745204910702,108.7939464725943,109.52778625488281,15060600
2024-05-14,109.36857964772379,110.25820903452438,109.07828088574175,110.19265747070312,15079100
2024-05-15,110.13646030543994,111.28829582043817,108.7036854652996,111.0448226928711,18244300
2024-05-16,111.00736692853305,111.71907466728297,110.07091200976146,110.37994384765625,15745200
2024-05-17,110.7826293158141,112.2154043221371,110.46423090075085,112.0374755859375,15104500
2024-05-20,112.12175169646221,112.27158076978976,111.01673459540818,111.12910461425781,11551300
2024-05-21,110.8762744259419,111.85954789803293,110.29566974867049,110.36122131347656,14495000
2024-05-22,109.99599965004292,109.99599965004292,107.65486223076417,108.1418228149414,17879300
2024-05-23,108.25419214019797,110.04282454638921,106.15653502653957,106.29700469970703,15979800
2024-05-24,107.5424794185877,107.76723374314378,105.85686485192139,106.21271514892578,12212900
2024-05-28,106.3063648886487,107.79533200386169,105.88496301062519,107.56121826171875,13978300
2024-05-29,107.25218128272401,107.27091438216762,105.64147767060885,106.40937042236328,13902000
2024-05-30,106.07224939851609,106.87760122978297,105.78195064930976,106.74649810791016,14683700
2024-05-31,106.86825510305313,110.02410411472364,106.74651137148399,109.80872344970703,29037400
2024-06-03,108.9097164005594,108.9659014127667,106.53111990779634,107.1772689819336,19589300
2024-06-04,105.81941547203587,105.90369299301118,103.87158734864674,105.51038360595703,19412200
2024-06-05,105.71640541715708,105.99734477775132,104.39600756936743,105.93179321289062,14863500
2024-06-06,105.58530689886838,106.79333477084865,104.98597623837065,106.727783203125,13154100
2024-06-07,106.55921834537051,107.59868399657262,105.51038614341766,105.5853042602539,13289200
2024-06-10,105.87559215677041,106.96188330555805,105.53846781022143,105.89432525634766,15239700
2024-06-11,105.34183301210521,105.51039521719049,104.23681569978739,105.04216766357422,12462400
2024-06-12,106.10035179620077,106.10035179620077,103.51573405811875,103.88095092773438,13606800
2024-06-13,103.79666794705129,103.81540104787005,102.7478429279071,103.0475082397461,14466900
2024-06-14,103.02878324913965,103.2067119980012,101.68965221856763,102.1766128540039,13313400
2024-06-17,102.23278464211747,102.50435743354724,101.30569624694978,101.47425842285156,21147900
2024-06-18,102.10168554459105,103.6842967504422,101.88630489969782,102.429443359375,17762900
2024-06-20,102.92576585166152,105.46355788089433,102.62609341215718,104.63947296142578,17433200
2024-06-21,104.78931409115606,105.53847379126674,103.72175598144531,103.72175598144531,52212500
2024-06-24,104.54583623552134,107.25219062967011,104.54583623552134,106.80269622802734,16266700
2024-06-25,106.85887566783474,107.27091813500049,106.25017851713561,107.10235595703125,14188900
2024-06-26,107.12107555579783,107.5237514490186,105.95050692952626,107.13980865478516,15771800
2024-06-27,107.682963743004,107.682963743004,106.8588858745444,107.59868621826172,16812700
2024-06-28,108.49766978364025,109.13445942782349,107.39265267004532,107.80469512939453,24565900
2024-07-01,108.35719499171775,109.32174238997695,107.25217793035839,107.65485382080078,11972900
2024-07-02,108.53512682581338,108.57258588002176,106.27826703570103,106.92442321777344,13326700
2024-07-03,107.00869939396776,108.31037829154302,107.00869939396776,107.46756744384766,7732900
2024-07-05,107.32711104461818,107.34583700151093,105.52911911035022,106.16590881347656,12631000
2024-07-08,105.24816834858694,106.33445948994903,104.3398059290717,105.051513671875,13350500
2024-07-09,104.0495231003555,105.38865413239188,103.59066211785756,103.89032745361328,11727000
2024-07-10,103.87157428837237,104.84548822761204,103.40334684515621,104.80802917480469,10004100
2024-07-11,104.34918753935227,106.11908702979072,103.88096000972125,106.05353546142578,13082700
2024-07-12,106.74649908175616,106.89633530502593,105.47291976230059,106.07225036621094,11684900
2024-07-15,107.00869951892322,108.77860587344219,106.36255048875557,107.88896942138672,13032500
2024-07-16,107.08362567292242,108.95653563535075,106.48429505651212,108.6662368774414,13614100
2024-07-17,109.32175510797316,110.67025259927861,109.14383351562596,110.16456604003906,13602800
2024-07-18,110.45486961825254,112.29968719867219,109.97728268975683,111.25086212158203,13033600
2024-07-19,111.05419948883115,111.32577230710794,108.50704778779838,108.6943359375,16157700
2024-07-22,107.86087477181518,108.57258249038672,107.29900326539925,107.94515228271484,12065900
2024-07-23,107.51439275274979,107.85151711330745,105.97860717446908,106.20336151123047,11251700
2024-07-24,106.54046624490594,107.87959698006598,105.88495070094658,107.70167541503906,14925200
2024-07-25,107.85151298681103,110.52977466844393,107.28027490575465,109.96790313720703,17021700
2024-07-26,109.34984032342219,110.52977554963557,109.06890812785609,109.87425994873047,11252500
2024-07-29,109.86491135550965,109.93046292631412,108.04818618666384,108.7224349975586,8861800
2024-07-30,108.9658923365594,111.0635493043948,108.84415577205537,110.66087341308594,12483900
2024-07-31,112.03747986375454,112.14985704005318,111.02610671082157,111.05419921875,15137700
2024-08-01,110.82944044122755,111.89699849857475,108.96589711579995,109.51840209960938,15051500
2024-08-02,108.60068763526019,111.3164085677312,108.08563452675227,109.4528579711914,20403800
2024-08-05,108.19801068548901,108.6568716313078,106.05352789541912,107.47693634033203,18025900
2024-08-06,107.1772663322716,108.28228346073146,106.40937355788995,106.90570068359375,13647800
2024-08-07,108.11372140920064,109.67760660977285,107.93579982654146,108.32910919189453,13660700
2024-08-08,108.7036928299017,110.60469524434798,108.37593502475309,110.39867401123047,13851000
2024-08-09,110.39868013759397,111.72844453203783,109.90236012731455,111.29767608642578,12151900
2024-08-12,111.95319395788218,112.53379146382603,110.52041185954234,111.43814086914062,13228900
2024-08-13,110.76389195057497,110.97927973581834,110.0334582221064,110.3705825805664,11585100
2024-08-14,110.59532637978117,112.28094812038924,110.15519141725662,111.39131164550781,12194500
2024-08-15,111.62731631283768,112.93002574132085,111.5045996572175,112.08043670654297,11579400
2024-08-16,111.38186909293292,111.84443141755837,111.07035649325327,111.55178833007812,10056000
2024-08-19,111.7689230470879,113.75130957435277,111.55180119598671,111.89163970947266,12417500
2024-08-20,112.00492105811223,112.00492105811223,108.09678537454828,108.1628646850586,15632000
2024-08-21,108.56876866011177,109.09740307677039,107.38877597856754,107.4737319946289,11752400
2024-08-22,107.40765979958803,108.56877584398295,107.2755011866786,108.30445861816406,10609500
2024-08-23,108.5876588299737,110.18301143778642,108.5876588299737,109.80541229248047,10381400
2024-08-26,111.16476283079547,112.2786763131796,110.37180393043678,112.15595245361328,13671000
2024-08-27,112.29754477483348,112.72234646947837,110.82491618511388,111.0892333984375,9991600
2024-08-28,110.44732970856327,110.99484811425616,109.74877596460271,109.99420928955078,10742900
2024-08-29,110.63612314593436,112.13707774753534,109.83372947438633,111.5140380859375,10753900
2024-08-30,110.24909898561292,111.41020798171111,109.77710181924012,111.3346939086914,13284700
2024-09-03,109.35227920865182,109.58827774686327,107.65309405479161,109.00300598144531,15725100
2024-09-04,108.8330901958624,109.64492576921333,107.59646012110635,107.6719741821289,12620600
2024-09-05,108.62541573336145,108.82365365736392,106.73742727378996,106.83182525634766,17200800
2024-09-06,107.2283041137957,107.7852644700951,105.47248142305179,106.33151245117188,13467700
2024-09-09,106.54863190482318,109.64493184350778,106.35039397971155,108.56877899169922,21645300
2024-09-10,108.65373566518288,108.93693681823737,103.99984377040342,104.61344146728516,20913400
2024-09-11,104.57568195521604,104.73615924935297,101.734257243612,103.5750503540039,19571900
2024-09-12,103.74496660605926,105.09487863378732,103.6128079909338,105.00048065185547,15919500
2024-09-13,105.22702748140078,106.1710216173034,104.71726978376093,104.9249496459961,10035400
2024-09-16,105.77455817973761,106.75630585804672,105.43471967489809,106.39759063720703,11729000
2024-09-17,106.02944069673178,107.96463191463641,105.84064471542135,107.78527069091797,12202600
2024-09-18,107.719186227873,109.1540543427134,107.43598506734037,108.1628646850586,12569900
2024-09-19,109.65437658386233,110.99484670315448,108.7387010002838,109.50333404541016,12660600
2024-09-20,108.99357018823397,109.04077277938768,107.85133806293591,108.814208984375,36206200
2024-09-23,108.87084815963723,111.19307292809599,108.67261025036557,110.78715515136719,16066300
2024-09-24,111.24027884296443,111.54236391665887,110.28684983700845,110.4945297241211,11984900
2024-09-25,109.96588000413088,110.49452164232567,107.65309714412982,108.34220886230469,13816000
2024-09-26,104.91551770252124,107.12446793647763,104.91551770252124,106.48255157470703,16887900
2024-09-27,107.38879384182026,109.58829509248902,106.90735473107767,109.33341979980469,15964000
2024-09-30,108.99356700819956,110.81547606117054,108.52156991885064,110.65499877929688,13247600
2024-10-01,109.54109678577407,113.84570838494524,109.43725683911822,113.2132339477539,23235900
2024-10-02,115.10122109860191,115.94137541886066,113.46810785010399,114.71417999267578,17129700
2024-10-03,115.07289687464718,116.27176636529033,114.15722132878138,115.71481323242188,16524300
2024-10-04,116.30009088681749,118.17864466484619,115.57321846969568,117.83880615234375,19752300
2024-10-07,118.23527462077126,119.26422485107972,117.86711745560547,118.34855651855469,15714400
2024-10-08,116.9420011410446,117.07415975540525,114.46874089906296,115.2050552368164,14818500
2024-10-09,114.1288948938514,115.71480536391871,114.03449691867793,115.25224304199219,11144900
2024-10-10,116.26233026746091,116.77208080260075,115.44105271266139,116.24344635009766,10243300
2024-10-11,116.20569468859178,117.08360965904788,116.05465934854703,116.6871337890625,8294800
2024-10-14,116.337839491965,117.30071757852464,115.75256771592284,117.13079833984375,9808100
2024-10-15,114.05338915938852,115.12010010806138,113.07163423930602,113.60971069335938,15771300
2024-10-16,114.11945838305229,114.63865807444547,113.84569920050899,113.90234375,8426800
2024-10-17,113.99675180699495,114.77082683216128,113.00555492747858,113.60971069335938,11204900
2024-10-18,113.69466750229546,113.88346346768023,112.47691407988174,113.28874969482422,12898600
2024-10-21,114.20441643431288,114.67641351343912,113.01498177832563,113.35482025146484,10177800
2024-10-22,113.52474905632721,114.40266398558016,113.2226711883103,113.94010162353516,9201400
2024-10-23,113.25099335807299,113.98730773395557,112.71291691399689,113.53418731689453,8320300
2024-10-24,113.27931406260966,113.69467385217943,112.45803644289799,112.89227294921875,9905600
2024-10-25,113.46810952493435,113.68523137816436,112.63739715165977,112.7978744506836,10714600
2024-10-28,110.24908502507142,112.34475333073475,110.23020110762883,112.24091339111328,11844500
2024-10-29,111.93883475379157,112.49578787870867,110.51340148515159,110.71163940429688,14731000
2024-10-30,111.07036150437673,111.64619134290537,109.95644805552517,110.1546859741211,12303700
2024-10-31,110.58891972188236,112.0237877077822,110.14524130456674,110.23963928222656,20512000
2024-11-01,113.21322503644689,113.23210175157813,108.40829079882234,108.51213073730469,20939300
2024-11-04,109.56940926393574,112.05211147967142,109.43725064877746,111.96715545654297,14965400
2024-11-05,112.41083591776164,112.53355257630234,111.40076236823663,112.29755401611328,10436700
2024-11-06,114.36491296592665,115.08235066356754,112.61852491957767,114.22331237792969,20807700
2024-11-07,114.50650689079238,114.69530286239892,112.91115428292997,114.36490631103516,12184400
2024-11-08,114.20443177320239,114.6197843611892,112.95835960503229,114.3271484375,12836000
2024-11-11,114.22330009593264,114.80857910240489,113.34538518727643,113.72298431396484,11969700
2024-11-12,114.34602508289505,114.51594434218057,113.12827159169959,113.60971069335938,11972800
2024-11-13,113.81738070604973,115.21449529465973,112.14651413656954,114.66697692871094,15127900
2024-11-14,115.79004267909038,115.99942182227613,114.52421196936261,114.74311065673828,13041800
2024-11-15,114.59084888994177,115.3903164331597,113.38212076842366,113.55343627929688,19051700
2024-11-18,114.0102729479599,114.80022815776562,113.51535827574796,114.50518035888672,14239700
2024-11-19,113.972206329883,113.972206329883,112.49698906368766,112.90624237060547,11584400
2024-11-20,113.42018653251256,114.6574659727134,112.91575956823054,114.51470184326172,11360900
2024-11-21,115.2380329196694,116.63710829546686,114.46710953755101,116.0470199584961,14675400
2024-11-22,115.9423239554936,117.26525746342568,115.77100845929381,115.91377258300781,13323400
2024-11-25,115.57114303408773,115.999428149294,113.83895622255923,114.18158721923828,26580300
2024-11-26,113.76281326470219,113.90557738879032,112.16387104974203,112.27808380126953,14827300
2024-11-27,112.39229352250659,113.00142095896551,111.76414151867107,111.98304748535156,11079100
2024-11-29,111.77365492472957,112.78250879796094,111.30729164334709,112.26856231689453,9426500
2024-12-02,112.35422635223,112.49698321594367,111.18356924078267,112.16387176513672,12687300
2024-12-03,112.99188760435759,112.99188760435759,111.60233192074097,111.99254608154297,11756600
2024-12-04,111.83076863814104,111.87835910377788,108.36639476931765,108.76612854003906,19520600
2024-12-05,109.17537447452098,110.0414715138106,108.5567347694977,109.24199676513672,15751200
2024-12-06,109.01356989030214,109.23246857301685,108.02374789288108,108.09037017822266,16171100
2024-12-09,109.10875808418695,109.39428635157209,107.30994887900273,107.45271301269531,17412600
2024-12-10,108.10940443915915,108.38541313072747,106.35818589287211,107.23379516601562,20990900
2024-12-11,106.59613084984449,106.96731322457951,105.74907289095835,106.51998901367188,32392200
2024-12-12,106.2059139731581,106.95779829994989,105.43499781714362,106.42481994628906,14543300
2024-12-13,106.50094942039023,106.50094942039023,104.93055865493027,105.4920883178711,13106100
2024-12-16,104.88297564708968,105.07333023716676,102.94140965729945,103.2364501953125,20256100
2024-12-17,102.06580013362758,102.95092907024753,101.63751498354416,102.79865264892578,17554000
2024-12-18,102.37986987792723,103.5790783479389,101.18066140791557,101.28535461425781,17114500
2024-12-19,102.20854752748684,102.4750366671093,100.13372989020347,100.41925811767578,20565600
2024-12-20,100.3621608340923,101.01887148373147,99.78159202293294,100.76190185546875,40141200
2024-12-23,100.22891889869366,101.45667884683812,99.85773650289251,101.17115783691406,12285100
2024-12-24,101.38053239856158,102.01821120710892,100.60009672218335,101.26632690429688,7807000
2024-12-26,101.38053349057293,101.86592863028206,100.82852331934868,101.35198211669922,9652400
2024-12-27,101.17115275984722,102.77960730717339,100.6667185378528,101.34246826171875,11943900
2024-12-30,101.17115016675821,101.41860023767516,100.41926588677585,100.6572036743164,11080800
2024-12-31,101.04741453520106,102.69394716560747,100.67623217979052,102.37986755371094,12387800
2025-01-02,103.05561556857323,103.74087757306332,101.7231624777631,102.13241577148438,12685400
2025-01-03,102.78912837457116,103.25548442385146,102.27518186134407,102.6558837890625,14237900
2025-01-06,103.01753968579938,104.48323728892737,102.33227771433333,102.54166412353516,15623700
2025-01-07,103.68377235857663,104.74972899682477,103.0556131156504,103.50293731689453,12625900
2025-01-08,102.13242243680969,102.51312438206998,100.89515019132084,101.77075958251953,17858100
2025-01-10,103.45534532320578,104.7877983625723,100.6762337556571,101.39956665039062,19304500
2025-01-13,101.9611053633351,104.3404834081731,101.9611053633351,104.01689147949219,17073400
2025-01-14,103.54100338574445,104.46420311762958,102.62732319805076,104.42613220214844,11191200
2025-01-15,104.74022015102318,106.33916242215733,104.18820272450759,106.12977600097656,14521100
2025-01-16,105.82521142844236,106.3010869977599,105.21609128061873,105.94893646240234,10366600
2025-01-17,105.67292832464283,107.42415420494282,105.4730614558173,106.90068817138672,19298500
2025-01-21,106.64371508093708,106.76744011152371,105.76809853868993,106.0916976928711,20416300
2025-01-22,105.8347229401944,106.18687347298486,104.1215752599107,104.24530029296875,15718000
2025-01-23,104.98766458817968,105.77761976699344,104.32144170320714,104.83538818359375,13726800
2025-01-24,104.92103564310072,105.36835980661017,103.17933670823386,103.41727447509766,14235900
2025-01-27,103.7504035026131,105.12092033464819,103.1603151265921,104.85443115234375,15926700
2025-01-28,105.08283923685504,105.5206438581706,102.58924881671739,102.82718658447266,15862000
2025-01-29,102.51312328677605,103.53149680422732,102.28470502657466,103.42680358886719,12345500
2025-01-30,103.96929896264425,104.54986777503224,103.45535244374574,104.28337860107422,14346300
2025-01-31,105.21609063205138,105.21609063205138,100.98079373446143,101.67557525634766,20376500
2025-02-03,101.4947495234679,102.12290881410706,100.23843820347513,101.92303466796875,14623200
2025-02-04,101.56135761256942,104.95910870237863,101.39004212647464,104.65454864501953,14835700
2025-02-05,104.44517033540548,104.70214721509777,103.83605017349909,104.57841491699219,13364400
2025-02-06,105.42547376602921,105.6919701927551,102.77960667874605,103.19837951660156,13411400
2025-02-07,103.53149148240422,104.43565945392069,103.093686813987,103.63618469238281,10051600
2025-02-10,104.70214920752697,105.6729322148872,104.57841690706682,105.61582946777344,12142200
2025-02-11,106.21542879518077,107.08152584265112,105.47306404665484,106.28205108642578,12713100
2025-02-12,105.67707589600565,105.84992374138389,102.92111506309543,103.08435821533203,18244100
2025-02-13,102.89231913114472,104.10225417604192,102.28734794557859,103.8333740234375,15460000
2025-02-14,104.20788346443844,105.84994194098066,103.80457419795657,103.93901062011719,15733500
2025-02-18,104.31351048263407,106.57973486476887,104.01583088771959,105.76351165771484,20060300
2025-02-19,106.3588730918942,107.6744304591308,105.68668370402261,105.91715240478516,10964700
2025-02-20,106.17642802088709,107.95291558865782,105.58106149129577,107.54960632324219,16325800
2025-02-21,106.89662803158548,107.40556696909005,106.1668250682136,106.29166412353516,14710000
2025-02-24,106.52212356519927,107.41516969475008,105.93636173150273,106.8486099243164,13153500
2025-02-25,106.8774190334039,107.67443283083279,104.56317856435808,105.36980438232422,14497000
2025-02-26,105.37939986433899,105.50423890932623,104.20787627244815,105.11052703857422,10446400
2025-02-27,105.63866540637719,106.86780239520542,104.93766932537409,105.77310180664062,15293200
2025-02-28,105.73469593868535,107.14628554216347,104.9952883719898,106.90621948242188,18821700
2025-03-03,107.26150911833489,107.70323710116396,102.27774285994677,103.47807312011719,18706900
2025-03-04,102.1337031119363,104.63038862080725,101.73039389749049,103.26681518554688,19394900
2025-03-05,101.63436687603159,102.10490164347922,99.55059516728343,101.2502670288086,24822200
2025-03-06,101.24066957071479,103.81417829271368,100.21318702086273,103.3436508178711,17150200
2025-03-07,104.10225668429284,106.01318059737575,103.9966270247834,104.6880111694336,19625000
2025-03-10,104.93768143817438,108.09695186150383,104.74563150883981,107.35755157470703,22749100
2025-03-11,107.47277277758683,107.64562063511494,104.46714832159573,104.82244873046875,19904700
2025-03-12,104.71683218466835,105.75391213341427,104.11186094447785,104.79364776611328,14051500
2025-03-13,104.02544233740886,106.4164985990139,103.35325287376948,104.3519287109375,17767800
2025-03-14,104.6112011527099,107.72245561080894,104.0062299204159,107.45358276367188,15890100
2025-03-17,107.35754513611452,109.95025565781361,107.29032693225521,109.23966217041016,19908800
2025-03-18,109.55654377350196,109.98866707782851,108.09694535026688,109.12442779541016,15998700
2025-03-19,109.66217808070316,111.2178088550842,109.30688498513157,110.82410430908203,17315000
2025-03-20,110.16152736178913,111.8419899736422,109.67179049213169,111.29463958740234,16230800
2025-03-21,110.9105224609375,111.38104989881994,109.80621709239979,110.9105224609375,41102800
2025-03-24,111.08338166697025,112.26451005553749,110.98735669603661,111.19861602783203,14207500
2025-03-25,111.80357587280882,112.96549482919703,111.35225046697303,111.95721435546875,12081800
2025-03-26,113.00389743717089,114.44429381477272,113.00389743717089,113.57044982910156,14110800
2025-03-27,113.40721340255261,114.3386709542741,112.60059489976406,113.20555877685547,12740800
2025-03-28,113.40721878149215,113.75291453515091,112.58139085066682,113.05192565917969,10233400
2025-03-31,113.10953056767993,115.14529348137624,113.10953056767993,114.20423126220703,21652300
2025-04-01,114.48271573305469,114.54032924903218,113.24397385589012,114.30986785888672,12425400
2025-04-02,113.68568650238353,114.1178024940098,112.98469768696893,113.95455932617188,12614600
2025-04-03,109.82543189250487,110.86251178050262,107.7704668529516,107.96251678466797,21204600
2025-04-04,105.50424529095325,106.42609817486469,99.70424781922111,100.19397735595703,30841300
2025-04-07,96.4009324797882,101.59596585878221,94.54762208795243,98.849609375,35068500
2025-04-08,101.26948092239431,101.4039173498761,95.07577858435128,96.76583862304688,27147800
2025-04-09,95.42146298572283,102.34496748154783,94.23073001805048,101.59596252441406,30063300
2025-04-10,99.58900327605843,99.6562214796908,93.91384543728404,95.9592056274414,33999300
2025-04-11,96.3145094764317,99.80026614867558,94.8645083733973,99.04165649414062,22884600
2025-04-14,100.8565558507933,100.91416936302362,98.6383477151056,99.28172302246094,18020000
2025-04-15,99.52178606568698,101.22145788715173,98.90721753313329,99.00324249267578,13164900
2025-04-16,99.81947330451726,101.39430620591645,99.57940722410598,100.04994201660156,13607000
2025-04-17,100.5300701348349,104.23669085343057,100.30920612619451,102.67145538330078,17916500
2025-04-21,101.41350436549158,101.43270642625467,99.98271273601824,101.16383361816406,16926500
2025-04-22,101.92245337934756,104.61119638053368,101.92245337934756,103.99662780761719,13147000
2025-04-23,104.48635995015299,104.95689474920692,102.23934492277724,103.10358428955078,14235700
2025-04-24,103.67972887591827,104.55356550538333,102.70985996358567,104.3134994506836,9849600
2025-04-25,103.84298356897611,104.43835008820508,103.15159208244837,104.25589752197266,11245800
2025-04-28,104.42873379438392,104.90886590378338,103.40125137331844,104.3134994506836,13890900
2025-04-29,103.45887087811779,104.50556274691272,103.24761156554074,104.05423736572266,9483100
2025-04-30,103.15159036269044,103.15159036269044,100.01152929433648,101.4327163696289,20379300
2025-05-01,100.9237868833156,102.67146779668276,100.80855984421102,101.57676696777344,18610300
2025-05-02,103.43967093527839,104.66880805955999,100.39563488120046,101.98966979980469,16581900
2025-05-05,100.49166576966049,100.5012704645138,98.9744463372027,99.16649627685547,19624000
2025-05-06,99.76185422311934,101.76881035301628,99.36814968285509,100.54927062988281,16303400
2025-05-07,100.81814485982517,101.10622707475915,99.93470347917237,100.4532470703125,12332200
2025-05-08,101.15423608840204,103.12278079970336,101.15423608840204,101.85523223876953,19196500
2025-05-09,102.88272391760302,103.46848576884335,102.15292094575287,103.04596710205078,10992100
2025-05-12,105.88833530461821,106.05158579456435,104.01582295325927,104.82244873046875,14244600
2025-05-13,104.97609062569182,106.11880746142715,104.68800841166669,105.11052703857422,13350800
2025-05-14,104.5343771837758,104.5343771837758,103.64133104986804,104.16947937011719,15494900
2025-05-15,103.20036649387336,105.29364449208465,102.69643330562512,105.2258071899414,15004300
2025-05-16,105.2936436524603,105.52622763028089,104.13070897593472,104.84785461425781,14042500
2025-05-19,104.24700238195618,104.24700238195618,102.45415311277843,103.18098449707031,16802700
2025-05-20,103.10345008888231,103.42325766020087,101.54318485225515,101.70793151855469,12429300
2025-05-21,101.30091388210847,101.72732400308172,100.4384078782936,100.45779418945312,16716100
2025-05-22,99.87632449662337,100.27366254990984,98.74246927102432,99.78910827636719,13417400
2025-05-23,99.43052732575842,100.27365435455003,98.9169010207757,99.84724426269531,12061600
2025-05-27,100.29303333665305,100.6516061317405,99.72126288920884,100.32210540771484,13043600
2025-05-28,101.06832233005039,101.2039969231541,98.64555117646891,98.9556655883789,14292400
2025-05-29,99.12041556960791,99.67280711536301,98.60678925085277,99.51775360107422,13825300
2025-05-30,99.00413404786934,99.22702487621179,98.06409756158732,99.13980865478516,28645800
2025-06-02,100.54500352410645,100.6419128921345,99.06226875151577,99.86663055419922,17290500
2025-06-03,99.72126099913108,101.42689394163328,99.05257380254045,100.59346008300781,19194300
2025-06-04,100.70975979015704,101.67886835024795,99.13980865478516,99.13980865478516,15648500
2025-06-05,99.79879477604136,99.8666320740645,98.58740917297756,98.68431854248047,13924800
2025-06-06,99.58559401783626,101.27184077971873,99.50806356140893,101.04894256591797,15487800
2025-06-09,101.10709656039528,102.58013829972981,100.62254228652436,101.72732543945312,17087300
2025-06-10,102.80303093298025,104.32453097451338,102.65766317997547,103.9078140258789,17634800
2025-06-11,104.43113665077948,106.01078088368226,103.17129261168118,105.9332504272461,22648200
2025-06-12,105.55529571522099,106.78606764684805,104.87692272482809,106.34027862548828,17469400
2025-06-13,108.87933918017968,109.05377900702386,107.26092974950436,108.65644836425781,28540200
2025-06-16,108.36571775485719,109.6643270564626,107.69703048943366,109.00533294677734,22986100
2025-06-17,110.4299122832885,111.37964188084752,109.61586467999037,110.4783706665039,19451700
2025-06-18,111.0695298681772,111.68006558393269,109.45112038804743,109.69339752197266,17968900
2025-06-20,109.94536024294479,111.48624665698877,109.68370419195463,111.15674591064453,36273300
2025-06-23,113.09495457524564,113.33723169078277,107.72610020140846,108.28817749023438,26631100
2025-06-24,105.87510211023117,107.51289781778655,104.57650028779175,104.99320983886719,24828300
2025-06-25,104.77032280510122,105.86541277218186,104.37298476247835,105.02229309082031,17483200
2025-06-26,105.57468747120208,107.0283502916337,105.19673572938677,106.59224700927734,18304800
2025-06-27,106.543804489984,106.69885802509583,105.02230424603196,106.0010986328125,22002100
2025-06-30,105.28394965126363,105.47776839893884,104.39237158201962,104.46990203857422,19199000
2025-07-01,104.78969883086388,106.253054727551,103.83997664689235,105.86540985107422,15536900
2025-07-02,106.60193234936017,107.9199204680855,105.46807720704395,107.61949920654297,11892200
2025-07-03,107.43536880227055,108.99563407732639,107.20278483272446,108.73397064208984,11223600
2025-07-07,108.09435976061357,108.58860715114504,106.81513687442865,107.67764282226562,15415900
2025-07-08,107.4644449768933,110.92416215503026,107.42567974820385,110.66250610351562,17913400
2025-07-09,110.40084945674458,110.74003598652514,109.77092739074534,110.28456115722656,10652100
2025-07-10,110.1973326835177,111.70913966033532,109.57710380104322,111.37964630126953,14901700
2025-07-11,111.30210447010357,112.18399671227975,110.97261114470416,111.86418914794922,11683900
2025-07-14,111.67037023033019,111.67037023033019,109.7224601706443,110.40083312988281,13220300
2025-07-15,110.14887421213247,110.53651169207183,109.1216141879024,109.42204284667969,10959300
2025-07-16,109.39296085183982,109.99381076178989,108.6370574322415,108.76304626464844,11158900
2025-07-17,108.04590877120798,108.76305441240078,107.65826387748159,108.21066284179688,13151400
2025-07-18,107.67765285604386,108.27850282588928,104.02410943883655,104.44082641601562,32366600
2025-07-21,104.27607021285094,105.40992535173547,104.12101670190538,104.71217346191406,17010400
2025-07-22,104.64434381776182,106.05924140453212,104.28577099480256,105.18704223632812,13970900
2025-07-23,105.56498728177672,106.60193306217856,105.48745682869541,106.53409576416016,12002700
2025-07-24,106.27244843901917,107.52259197731087,105.75881469053272,107.36753845214844,15647200
2025-07-25,107.30938582168368,107.55166294298876,106.31119787118948,106.98957824707031,10548900
2025-07-28,107.57104168343983,108.64675269177111,107.41598077707704,107.99745178222656,12353000
2025-07-29,108.44324501371226,109.50926290841475,107.96838390850783,109.3929672241211,15928000
2025-07-30,108.9375000139948,109.13131877426656,107.82302365815286,108.44325256347656,12996900
2025-07-31,106.95081126319111,109.02470279599133,106.95081126319111,108.19126892089844,17233700
2025-08-01,108.54014833201978,109.06346779158018,105.49714833635109,106.2530517578125,19652000
2025-08-04,105.84603379348519,106.52440680036018,103.7818279128161,104.05318450927734,19129500
2025-08-05,103.90782139933883,104.48928505890846,102.7933450721653,103.92720031738281,21314300
2025-08-06,104.96414033212473,105.68128595286021,103.08407485080633,103.2197494506836,15321800
2025-08-07,103.83028155281022,104.72185957646,102.61889595751077,102.67704010009766,13468300
2025-08-08,103.21005794196374,104.18885962273232,102.67704529557706,103.50079345703125,14417700
2025-08-11,103.80120282631897,104.2082265857527,102.27000975754204,102.56074523925781,13570700
2025-08-12,103.05499811125478,103.96596250056969,102.51229969738787,102.85148620605469,14109400
2025-08-13,102.7254975716048,104.27606964111328,102.47352729977504,104.27606964111328,17958700
2025-08-14,104.2276279136909,104.26638574937492,103.1519168275274,104.06287384033203,13683500
2025-08-15,103.86724922324527,105.20727767225166,103.63249350424832,104.16068267822266,19271900
2025-08-18,103.77921716514152,104.88450485428011,103.35862248376837,104.38565826416016,13040000
2025-08-19,103.87702753697705,105.10946897165667,103.8281256912634,105.07034301757812,16113600
2025-08-20,105.52027559905606,106.93856338685328,105.32465329988311,106.15605926513672,18959700
2025-08-21,106.0484717497085,107.17331870035365,105.59853446195301,106.84075927734375,12194900
2025-08-22,107.20266391411643,108.97307797024921,107.20266391411643,108.84591674804688,13586700
2025-08-25,108.47421484175817,109.47190044568522,108.12208875507524,109.29583740234375,9744900
2025-08-26,108.93393728899466,109.36430782035067,107.94602755875756,109.05130767822266,18143900
2025-08-27,108.98284252847807,110.50872479862804,108.98284252847807,110.28375244140625,15262600
2025-08-28,110.40113185373734,111.16406926831552,109.61862773172712,110.8706283569336,14189800
2025-08-29,111.23253022712217,112.27912512793087,111.09559313449388,111.7900619506836,14597900
2025-09-02,111.68247363253984,112.71928523765276,110.8510676777316,112.18132019042969,15206700
2025-09-03,111.47706565723645,111.92700290030731,109.02196633334928,109.46212768554688,14920100
2025-09-04,109.65775631492329,110.65544200503547,108.9437207267698,109.94141387939453,12864400
2025-09-05,109.15891427159457,109.33497733745654,106.63534614841075,106.84075927734375,16826700
2025-09-08,107.32981893274481,107.64281909909218,105.97999965208031,107.44718933105469,15440500
2025-09-09,108.1123126941091,110.04900630149459,108.1123126941091,108.22969055175781,14899500
2025-09-10,108.72853689092521,110.09790791473041,108.41552927118416,110.03922271728516,15837600
2025-09-11,108.96328418409082,110.30331259737805,108.44487837785454,109.68709564208984,11534500
2025-09-12,110.39135056172458,110.74347667695436,109.43278336748516,109.7066650390625,11105700
2025-09-15,109.72622974845274,110.00010397115585,108.88504037157152,109.89250946044922,12880500
2025-09-16,110.48916065280257,112.79753962492748,110.31309759687737,112.17153930664062,17208000
2025-09-17,112.02481035651354,112.96381076275398,111.55531388464927,112.7681884765625,13302000
2025-09-18,112.65082487964047,112.8268879444926,110.91954429402186,111.43795013427734,14628700
2025-09-19,111.40860461879606,111.48685652613011,110.17616319707892,110.35222625732422,38746500
2025-09-22,109.99031206295804,110.33266227722565,109.1197801531321,109.56971740722656,15611500
2025-09-23,110.25440538949279,112.24000072243238,110.01965715068778,111.4574966430664,25369100
2025-09-24,112.0639444255493,113.22791726150317,111.96613327536691,112.05416107177734,14756100
2025-09-25,112.13241312727628,113.36485451626152,111.90744822780641,113.06163024902344,15012600
2025-09-26,113.42354156212417,115.77104652046233,113.38441560885875,114.6559829711914,18568900
2025-09-29,113.52134471243885,113.95172270551072,111.18362327282033,111.72159576416016,19189300
2025-09-30,110.87062679338135,111.00756389342513,109.49147243936548,110.28375244140625,18076200
2025-10-01,110.0979065120232,110.54784376589994,108.85568925268005,109.54037475585938,16614000
2025-10-02,109.52081626547348,110.61631307810582,108.60137504414647,108.8556900024414,13062600
2025-10-03,109.45234787482161,111.26188025905991,109.45234787482161,110.78260040283203,12950100
2025-10-06,110.811942836342,112.25956575657106,110.70434833331672,111.70203399658203,12036800
2025-10-07,111.57488052075732,112.00525853390788,109.29584416931891,111.76072692871094,11945000
2025-10-08,111.87809656508286,112.49432098201136,110.92932021185828,111.52597045898438,12301000
2025-10-09,111.92700303983895,112.98338133141553,110.27396705371515,110.44025421142578,10976200
2025-10-10,109.80446979335335,110.15659588806842,108.28837091541277,108.30793762207031,13811600
2025-10-13,109.10021898851849,109.8435971381859,108.88502998762696,109.78490447998047,10296500
2025-10-14,108.33728430066219,110.48915943830576,108.28837499468796,109.83381652832031,11167200
2025-10-15,110.33265869376197,111.08581272316219,108.54268562663296,109.16868591308594,12182900
2025-10-16,109.43278437463806,109.73600864818982,107.97537805583714,108.21990966796875,11782200
2025-10-17,109.18824678205839,110.44025483610798,108.74809288933457,109.78490447998047,13460100
2025-10-20,109.55015490988445,110.67500174297943,109.53059566572729,110.2348403930664,9523600
2025-10-21,110.42069196195318,110.88041257753997,109.54037668343724,110.24462890625,9202300
2025-10-22,110.9684405659551,112.66060257438927,110.60653856264305,112.20088195800781,12938800
2025-10-23,114.07888381990718,114.2940728303493,112.8366665266902,113.44310760498047,15001100
2025-10-24,113.80500539438323,113.92238324914227,112.66059929490352,112.86600494384766,9919400
2025-10-27,113.16922834660261,113.45288591527756,112.58235396357391,113.40398406982422,10975400
2025-10-28,112.96381511423425,113.63872471386321,112.4747519174045,112.51387786865234,9535200
2025-10-29,112.40629209734401,114.48970625363566,112.29869758868516,113.90282440185547,12570600
2025-10-30,113.88325805189164,113.97128584665982,112.02481638304766,112.18132019042969,16172900
2025-10-31,111.48685042088799,112.70950842160502,110.15659791910687,111.85853576660156,20213400
2025-11-03,111.99547896682066,112.47475883970789,111.15428961950117,111.27166748046875,12290300
2025-11-04,110.89997810565566,111.84876198944777,110.0490128403058,111.64335632324219,16860700
2025-11-05,111.59444073626622,112.6606024247043,111.18362942696528,111.19341278076172,12400900
2025-11-06,111.15428644574173,112.42585378445636,111.15428644574173,111.99547576904297,14219700
2025-11-07,112.68994672905053,114.93964053548139,112.38672991938411,114.6559829711914,17181100
2025-11-10,114.87117206413615,115.85907440036497,112.93447841994653,115.63410949707031,13048000
2025-11-11,116.23076366484545,118.1674497871952,116.23076366484545,117.15998077392578,16077100
2025-11-12,116.49485272257324,116.67091577303606,115.2135095268513,115.53629302978516,13790900
2025-11-13,116.03513894605227,117.1404266188385,115.69279617849078,116.19164276123047,17291900
2025-11-14,116.87244686746136,117.8887353636572,115.1062932109266,117.70126342773438,17064300
2025-11-17,117.38552169764868,117.90846178816332,115.55029315462276,116.11270141601562,16034900
2025-11-18,115.69830168794815,117.888736331486,114.92869114352331,117.4447250366211,15808500
2025-11-19,115.29375327419233,116.60604172062995,114.3860079315462,115.78709411621094,15919200
2025-11-20,116.408707853123,117.42498877850575,115.1852171506071,115.46148681640625,14401000
2025-11-21,115.43188565384565,115.81669090021714,114.10973583867872,115.52069091796875,15667600
2025-11-24,115.63909032972836,115.63909032972836,113.21185429092529,114.42547607421875,18034900
2025-11-25,113.64599157904323,114.35640356418065,112.66917886337103,112.98491668701172,14434600
2025-11-26,112.88625659268574,114.1985375288773,112.78758240073623,113.241455078125,11650600
2025-11-28,113.41906192601292,117.15858658847456,113.29079601103197,114.37614440917969,7240800
2025-12-01,114.55374295204415,115.84630108764226,114.55374295204415,115.0766830444336,12658100
2025-12-02,114.88921809084783,115.04708324638574,113.16252513788129,113.84333038330078,14607700
2025-12-03,114.40573490546087,116.40870498878743,114.33666749071055,116.2311019897461,16819100
2025-12-04,115.93510103769927,116.76391006156861,115.10629201382993,115.57989501953125,13686900
2025-12-05,115.19508677208725,117.1980493890323,114.85961861238273,114.98788452148438,12516900
2025-12-08,114.28734474807399,115.44176054687456,113.50786529061997,114.43534851074219,14904200
2025-12-09,115.34309108710077,118.86554441991682,115.33322216241953,116.67510986328125,23790800
2025-12-10,117.14871962735373,118.27353614463954,116.79351361897044,117.94792938232422,19845200
2025-12-11,117.52365595718771,118.75700806191198,117.48418778650247,117.94792938232422,14781800
2025-12-12,117.84926366942325,118.32286666589587,116.7343085399838,117.23751831054688,14459500
2025-12-15,117.42499492509607,117.44472524749287,115.29375877259989,116.19164276123047,16358700
2025-12-16,115.21481767475714,115.28388509197318,113.08358913795975,113.15265655517578,17638700
2025-12-17,113.67560151860383,116.05350810769643,113.63613334596256,115.84630584716797,18502200
2025-12-18,115.43188826880714,115.43188826880714,114.09000057442135,114.98788452148438,13705600
2025-12-19,115.19508563764711,116.00416431060746,114.41560621051228,115.1358871459961,45412800
2025-12-22,115.77722164532553,116.88230780760051,115.77722164532553,116.5764389038086,11768600
2025-12-23,116.89217662008511,118.43139758967328,116.74417286659772,117.82952117919922,12567600
2025-12-24,117.74073010922581,118.45114214395569,117.53352785372694,117.63219451904297,6137400
2025-12-26,117.30658757240157,117.95780111252107,116.95138155556984,117.5236587524414,8066100
2025-12-29,118.54980731774646,119.68449277406494,117.80979604551057,118.92474365234375,14782500
2025-12-30,119.48715192182848,120.17783362594038,119.02341032010088,119.37861633300781,11150500
2025-12-31,119.56609072636675,119.645027070368,118.27354008642878,118.73727416992188,10559900
